Journal name,JCR Abbreviation,Publisher,ISSN,eISSN,Category,Edition,Total Citations,2024 JIF,JIF Quartile,2024 JCI,% of Citable OA,JIF Rank,5 Year JIF,5 Year JIF Quartile,JIF Without Self Cites,Immediacy Index,JCI Rank,JCI Quartile,JCI Percentile,Eigenfactor,Normalized Eigenfactor,Article Influence Score,JIF Percentile,AIS Quartile,AIS Rank,Citable Items,% of Articles in Citable items,Cited Half-Life,Citing Half-Life,Total Articles
AMERICAN ECONOMIC REVIEW,AM ECON REV,AMER ECONOMIC ASSOC,2227-9032,1944-7981,ECONOMICS,SSCI,74985,11.6,Q1,3.27,0.00%,4/617,16.6,Q1,11.4,2.5,5/617,Q1,99.27,0.08957,19.93081,20.098,99.4,Q1,3/575,111,100.00%,16.1,9.7,111
Energy Policy,ENERG POLICY,ELSEVIER SCI LTD,0301-4215,1873-6777,ECONOMICS,SSCI,68208,9.2,Q1,2.09,34.76%,10/617,8.8,Q1,8.8,1.8,23/617,Q1,96.35,0.04191,9.32669,1.732,98.5,Q1,80/575,406,99.51%,7.4,5.2,404
JOURNAL OF FINANCIAL ECONOMICS,J FINANC ECON,ELSEVIER SCIENCE SA,1999-4907,,ECONOMICS,SSCI,54554,12,Q1,3.17,21.72%,3/617,13.7,Q1,11.7,1.3,6/617,Q1,99.11,0.06292,14.00001,10.003,99.6,Q1,12/575,118,100.00%,13.4,9.5,118
Energy Economics,ENERG ECON,ELSEVIER,1478-4491,1873-6181,ECONOMICS,SSCI,53243,14.2,Q1,4.59,22.75%,1/617,13.2,Q1,12.3,2.6,2/617,Q1,99.76,0.04641,10.32656,2.28,99.9,Q1,53/575,747,100.00%,3.8,5,747
JOURNAL OF FINANCE,J FINANC,WILEY,1471-2288,1540-6261,ECONOMICS,SSCI,50071,9.5,Q1,2.7,30.25%,9/617,10.3,Q1,9.2,2.2,10/617,Q1,98.46,0.04027,8.96015,13.446,98.6,Q1,6/575,92,100.00%,19.9,10.6,92
ECONOMETRICA,ECONOMETRICA,WILEY,2227-9032,1468-0262,ECONOMICS,SSCI,43246,7.1,Q1,2.73,0.46%,17/617,8.3,Q1,7,1.2,9/617,Q1,98.62,0.04301,9.57023,14.064,97.3,Q1,5/575,55,100.00%,33.5,10.5,55
QUARTERLY JOURNAL OF ECONOMICS,Q J ECON,OXFORD UNIV PRESS INC,1477-7525,1531-4650,ECONOMICS,SSCI,40723,12.7,Q1,4.49,25.53%,2/617,20.9,Q1,12.4,3.9,3/617,Q1,99.59,0.05575,12.4044,28.678,99.8,Q1,1/575,41,100.00%,19.7,8.4,41
ECOLOGICAL ECONOMICS,ECOL ECON,ELSEVIER,0921-8009,1873-6106,ECONOMICS,SSCI,35499,6.3,Q1,1.56,46.84%,30/617,7.3,Q1,6,1.3,59/617,Q1,90.52,0.01907,4.24466,1.616,95.2,Q1,88/575,299,99.00%,9.3,7.5,296
JOURNAL OF POLITICAL ECONOMY,J POLIT ECON,UNIV CHICAGO PRESS,0022-3808,1537-534X,ECONOMICS,SSCI,32443,6.3,Q1,2.06,5.71%,30/617,11,Q1,6.1,2.2,25/617,Q1,96.03,0.04654,10.35733,14.126,95.2,Q1,4/575,93,100.00%,28.7,11.2,93
WORLD DEVELOPMENT,WORLD DEV,PERGAMON-ELSEVIER SCIENCE LTD,0305-750X,1873-5991,ECONOMICS,SSCI,31381,4.8,Q1,1.74,44.60%,52/617,6.7,Q1,4.5,0.8,43/617,Q1,93.11,0.02446,5.44442,1.911,91.7,Q1,72/575,289,97.58%,7.9,8.4,282
Journal of Econometrics,J ECONOMETRICS,ELSEVIER SCIENCE SA,2073-445X,1872-6895,ECONOMICS,SSCI,30272,4,Q1,2.49,22.26%,73/617,7.8,Q1,3.7,1.2,13/617,Q1,97.97,0.04397,9.78439,6.232,88.2,Q1,18/575,179,100.00%,16.9,13.1,179
REVIEW OF FINANCIAL STUDIES,REV FINANC STUD,OXFORD UNIV PRESS INC,1542-4278,1465-7368,ECONOMICS,SSCI,29654,5.4,Q1,2.03,21.00%,45/617,10.8,Q1,5.2,1.8,26/617,Q1,95.87,0.05442,12.10875,9.981,92.8,Q1,13/575,90,100.00%,11.3,9.7,90
TRANSPORTATION RESEARCH PART A-POLICY AND PRACTICE,TRANSPORT RES A-POL,PERGAMON-ELSEVIER SCIENCE LTD,1520-6688,1879-2375,ECONOMICS,SSCI,24017,6.8,Q1,1.69,37.21%,22/617,7.8,Q1,6.1,1.1,50/617,Q1,91.98,0.01799,4.0048,1.615,96.5,Q1,89/575,310,99.35%,6.3,6.3,308
JOURNAL OF BANKING & FINANCE,J BANK FINANC,ELSEVIER,0378-4266,1872-6372,ECONOMICS,SSCI,23919,3.8,Q1,1.15,23.40%,80/617,4.8,Q1,3.7,0.7,108/617,Q1,82.58,0.01259,2.80128,1.462,87.1,Q1,97/575,178,99.44%,11.1,11.9,177
REVIEW OF ECONOMICS AND STATISTICS,REV ECON STAT,MIT PRESS,2193-7532,1530-9142,ECONOMICS,SSCI,21497,6.8,Q1,2.43,7.10%,22/617,7.8,Q1,6.7,3.4,15/617,Q1,97.65,0.02345,5.21877,7.79,96.5,Q1,16/575,113,100.00%,16.1,11.2,113
REVIEW OF ECONOMIC STUDIES,REV ECON STUD,OXFORD UNIV PRESS,1477-7525,1467-937X,ECONOMICS,SSCI,20521,6.4,Q1,1.93,22.47%,27/617,8.2,Q1,6.3,3.6,30/617,Q1,95.22,0.04918,10.94308,12.276,95.7,Q1,8/575,114,100.00%,18.3,10.2,114
TRANSPORTATION RESEARCH PART E-LOGISTICS AND TRANSPORTATION REVIEW,TRANSPORT RES E-LOG,PERGAMON-ELSEVIER SCIENCE LTD,2214-594X,1878-5794,ECONOMICS,SSCI,20266,8.8,Q1,2.03,13.49%,12/617,9.8,Q1,7.3,1.6,26/617,Q1,95.87,0.02029,4.51467,1.986,98.1,Q1,70/575,415,98.80%,4.5,5.2,410
JOURNAL OF ECONOMIC PERSPECTIVES,J ECON PERSPECT,AMER ECONOMIC ASSOC,2624-893X,1944-7965,ECONOMICS,SSCI,20002,8.8,Q1,2.47,68.00%,12/617,14.4,Q1,8.7,1.2,14/617,Q1,97.81,0.01854,4.12657,11.176,98.1,Q1,10/575,44,100.00%,16.4,6.2,44
TRANSPORTATION RESEARCH PART B-METHODOLOGICAL,TRANSPORT RES B-METH,PERGAMON-ELSEVIER SCIENCE LTD,0191-2615,1879-2367,ECONOMICS,SSCI,19133,6.3,Q1,1.43,22.41%,30/617,8.1,Q1,5.7,0.9,74/617,Q1,88.09,0.0134,2.98248,2.295,95.2,Q1,51/575,150,100.00%,8.3,8.6,150
Journal of Transport Geography,J TRANSP GEOGR,ELSEVIER SCI LTD,0966-6923,1873-1236,ECONOMICS,SSCI,16756,6.3,Q1,1.88,33.28%,30/617,7.1,Q1,5.7,0.9,33/617,Q1,94.73,0.01245,2.77052,1.448,95.2,Q1,98/575,244,97.54%,6.4,6.6,238
JOURNAL OF ACCOUNTING & ECONOMICS,J ACCOUNT ECON,ELSEVIER,0165-4101,1879-1980,ECONOMICS,SSCI,16521,6.8,Q1,1.85,15.75%,22/617,9.3,Q1,6.5,2.4,34/617,Q1,94.57,0.01071,2.38491,6.165,96.5,Q1,19/575,52,98.08%,14.9,11.5,51
JOURNAL OF PUBLIC ECONOMICS,J PUBLIC ECON,ELSEVIER SCIENCE SA,0047-2727,0047-2727,ECONOMICS,SSCI,16489,3.4,Q1,1.4,36.53%,97/617,5.9,Q1,3.2,0.5,78/617,Q1,87.44,0.02292,5.10043,4.21,84.4,Q1,29/575,151,100.00%,13.3,8.5,151
ECONOMIC JOURNAL,ECON J,OXFORD UNIV PRESS,2035-5556,1468-0297,ECONOMICS,SSCI,16013,3.6,Q1,1.12,31.45%,88/617,4.5,Q1,3.5,0.8,111/617,Q1,82.09,0.01716,3.81929,3.865,85.8,Q1,31/575,131,100.00%,16.3,10,131
ECONOMIC MODELLING,ECON MODEL,ELSEVIER,1478-4491,1873-6122,ECONOMICS,SSCI,15660,4.7,Q1,1.54,21.62%,55/617,4.8,Q1,4.2,0.9,62/617,Q1,90.03,0.01201,2.67297,0.897,91.2,Q2,164/575,252,100.00%,5.4,8.5,252
JOURNAL OF DEVELOPMENT ECONOMICS,J DEV ECON,ELSEVIER,2413-8851,1872-6089,ECONOMICS,SSCI,15605,4.6,Q1,1.49,32.72%,58/617,6.4,Q1,4.3,0.8,68/617,Q1,89.06,0.01626,3.61792,3.118,90.7,Q1,39/575,141,100.00%,10.6,8.9,141
VALUE IN HEALTH,VALUE HEALTH,ELSEVIER SCIENCE INC,1098-3015,1524-4733,ECONOMICS,SSCI,14950,6,Q1,1.5,40.34%,37/617,5.7,Q1,5.5,1.4,66/617,Q1,89.38,0.01598,3.55667,2.116,94.1,Q1,63/575,179,87.71%,7.7,7.7,157
SMALL BUSINESS ECONOMICS,SMALL BUS ECON,SPRINGER,0921-898X,1573-0913,ECONOMICS,SSCI,14548,4.8,Q1,1.37,58.42%,52/617,7.9,Q1,4.4,1.1,81/617,Q1,86.95,0.01194,2.65832,1.802,91.7,Q1,78/575,127,100.00%,6.6,10.4,127
ECONOMICS LETTERS,ECON LETT,ELSEVIER SCIENCE SA,0165-1765,1873-7374,ECONOMICS,SSCI,14401,1.8,Q2,0.62,24.32%,234/617,1.8,Q2,1.7,0.3,245/617,Q2,60.37,0.00999,2.2244,0.618,62.2,Q2,233/575,517,100.00%,10.6,8.4,517
JOURNAL OF ECONOMIC BEHAVIOR & ORGANIZATION,J ECON BEHAV ORGAN,ELSEVIER,0167-2681,1879-1751,ECONOMICS,SSCI,13912,2.3,Q2,0.75,35.30%,175/617,2.6,Q2,2.2,0.4,196/617,Q2,68.31,0.02051,4.56555,1.272,71.7,Q1,109/575,381,100.00%,8.4,10.1,381
Transport Policy,TRANSPORT POLICY,ELSEVIER SCI LTD,2056-6085,1879-310X,ECONOMICS,SSCI,13783,5.3,Q1,1.71,28.59%,47/617,6.2,Q1,4.8,1.1,48/617,Q1,92.3,0.01138,2.53368,1.236,92.5,Q1,113/575,290,97.59%,5.5,6,283
APPLIED ECONOMICS,APPL ECON,"ROUTLEDGE JOURNALS, TAYLOR & FRANCIS LTD",2673-2726,1466-4283,ECONOMICS,SSCI,13675,2.1,Q2,0.63,10.41%,202/617,2.2,Q2,1.8,0.5,243/617,Q2,60.7,0.00877,1.95188,0.425,67.3,Q3,305/575,682,100.00%,6.8,7.4,682
JOURNAL OF ECONOMIC LITERATURE,J ECON LIT,AMER ECONOMIC ASSOC,0022-0515,2328-8175,ECONOMICS,SSCI,12794,10.6,Q1,3.52,0.00%,8/617,15.9,Q1,10.5,3.1,4/617,Q1,99.43,0.01322,2.94184,12.675,98.8,Q1,7/575,32,87.50%,15.1,12.2,28
JOURNAL OF ENVIRONMENTAL ECONOMICS AND MANAGEMENT,J ENVIRON ECON MANAG,ACADEMIC PRESS INC ELSEVIER SCIENCE,1179-1594,1096-0449,ECONOMICS,SSCI,12038,5.9,Q1,1.46,40.00%,40/617,7.5,Q1,5.6,1.1,72/617,Q1,88.41,0.00991,2.2061,2.681,93.6,Q1,47/575,136,99.26%,8.5,8.3,135
REGIONAL STUDIES,REG STUD,"ROUTLEDGE JOURNALS, TAYLOR & FRANCIS LTD",2624-9634,1360-0591,ECONOMICS,SSCI,11305,4.2,Q1,1.12,40.79%,68/617,5.1,Q1,3.6,0.9,111/617,Q1,82.09,0.0092,2.04706,1.343,89.1,Q1,105/575,106,100.00%,7.7,7.6,106
JOURNAL OF INTERNATIONAL ECONOMICS,J INT ECON,ELSEVIER,2322-5939,1873-0353,ECONOMICS,SSCI,11240,4,Q1,1.18,24.52%,73/617,5.2,Q1,3.7,0.6,104/617,Q1,83.23,0.01095,2.43717,3.053,88.2,Q1,41/575,125,100.00%,11.6,9.7,125
JOURNAL OF MONETARY ECONOMICS,J MONETARY ECON,ELSEVIER,0304-3932,1873-1295,ECONOMICS,SSCI,11043,4.1,Q1,1.25,25.97%,72/617,5.1,Q1,3.9,1.2,96/617,Q1,84.52,0.01857,4.13186,5.305,88.4,Q1,25/575,83,100.00%,15.9,7.3,83
International Review of Economics & Finance,INT REV ECON FINANC,ELSEVIER,2300-1682,1873-8036,ECONOMICS,SSCI,10982,5.6,Q1,1.72,14.04%,42/617,5.5,Q1,5.1,1.4,45/617,Q1,92.79,0.00956,2.12749,0.881,93.3,Q2,169/575,744,99.60%,3.3,7,741
FOOD POLICY,FOOD POLICY,ELSEVIER SCI LTD,2297-900X,1873-5657,ECONOMICS,SSCI,10970,6,Q1,1.89,46.11%,37/617,7,Q1,5.6,0.9,31/617,Q1,95.06,0.00792,1.76234,1.63,94.1,Q1,87/575,126,99.21%,7.5,6.5,125
JOURNAL OF FINANCIAL AND QUANTITATIVE ANALYSIS,J FINANC QUANT ANAL,CAMBRIDGE UNIV PRESS,2561-326X,1756-6916,ECONOMICS,SSCI,10492,2.8,Q1,0.94,25.90%,136/617,4.4,Q1,2.8,1.6,144/617,Q1,76.74,0.01313,2.92203,2.841,78,Q1,44/575,47,100.00%,10.9,12.2,47
EUROPEAN ECONOMIC REVIEW,EUR ECON REV,ELSEVIER,2666-7193,1873-572X,ECONOMICS,SSCI,10299,2.4,Q2,0.79,46.49%,160/617,3.2,Q1,2.2,0.6,183/617,Q2,70.42,0.01334,2.97036,1.844,74.1,Q1,77/575,170,100.00%,10.5,9.4,170
INTERNATIONAL JOURNAL OF FORECASTING,INT J FORECASTING,ELSEVIER,0169-2070,1872-8200,ECONOMICS,SSCI,9948,7.1,Q1,2.16,35.02%,17/617,7.5,Q1,6.7,1.6,20/617,Q1,96.84,0.00898,1.99934,2.067,97.3,Q1,65/575,97,98.97%,8.3,9.8,96
CHINA ECONOMIC REVIEW,CHINA ECON REV,ELSEVIER SCIENCE INC,1043-951X,1873-7781,ECONOMICS,SSCI,9158,5.5,Q1,1.75,5.59%,43/617,6.7,Q1,5.2,1,39/617,Q1,93.76,0.00779,1.73454,1.424,93.1,Q1,100/575,173,98.84%,5.7,8.3,171
JOURNAL OF BUSINESS & ECONOMIC STATISTICS,J BUS ECON STAT,TAYLOR & FRANCIS INC,0735-0015,1537-2707,ECONOMICS,SSCI,9056,2.5,Q1,0.76,25.10%,153/617,5.1,Q1,2.4,0.6,192/617,Q2,68.96,0.01699,3.78223,4.234,75.3,Q1,28/575,84,100.00%,12.9,11.2,84
AMERICAN JOURNAL OF AGRICULTURAL ECONOMICS,AM J AGR ECON,WILEY,0002-9092,1467-8276,ECONOMICS,SSCI,8859,3.3,Q1,1.48,53.33%,104/617,4.7,Q1,3.1,0.8,70/617,Q1,88.74,0.00522,1.16355,1.518,83.2,Q1,95/575,49,100.00%,13.7,8.6,49
Economic Analysis and Policy,ECON ANAL POLICY,ELSEVIER,0313-5926,0313-5926,ECONOMICS,SSCI,8852,8.7,Q1,2.97,13.33%,14/617,7.6,Q1,8,1.9,7/617,Q1,98.95,0.00923,2.05543,1.198,97.8,Q1,122/575,370,99.46%,2.3,5,368
JOURNAL OF HEALTH ECONOMICS,J HEALTH ECON,ELSEVIER,2393-6401,1879-1646,ECONOMICS,SSCI,8558,3.6,Q1,1.27,38.06%,88/617,4.1,Q1,3.4,0.6,91/617,Q1,85.33,0.00798,1.77626,2.211,85.8,Q1,57/575,68,100.00%,11.4,8.2,68
JOURNAL OF APPLIED ECONOMETRICS,J APPL ECONOMET,WILEY,2351-9894,1099-1255,ECONOMICS,SSCI,7995,3.1,Q1,0.82,38.17%,117/617,2.9,Q2,2.9,0.6,165/617,Q2,73.34,0.00537,1.19644,2.12,81.1,Q1,62/575,73,100.00%,17.4,10,73
JOURNAL OF ECONOMIC THEORY,J ECON THEORY,ACADEMIC PRESS INC ELSEVIER SCIENCE,2666-6065,1095-7235,ECONOMICS,SSCI,7947,1.2,Q3,0.41,25.65%,349/617,1.6,Q3,1.2,0.2,343/617,Q3,44.49,0.01123,2.49871,2.163,43.5,Q1,61/575,111,100.00%,20.7,15,111
HEALTH ECONOMICS,HEALTH ECON,WILEY,1057-9230,1099-1050,ECONOMICS,SSCI,7354,2.4,Q2,0.78,43.48%,160/617,2.5,Q2,2.3,0.3,187/617,Q2,69.77,0.0069,1.53627,1.163,74.1,Q1,126/575,120,100.00%,10,8.5,120
PHARMACOECONOMICS,PHARMACOECONOMICS,ADIS INT LTD,1170-7690,1179-2027,ECONOMICS,SSCI,7336,4.6,Q1,1.32,67.01%,58/617,5.1,Q1,4,0.6,88/617,Q1,85.82,0.00752,1.67401,1.852,90.7,Q1,76/575,103,80.58%,8.1,6.2,83
JOURNAL OF URBAN ECONOMICS,J URBAN ECON,ACADEMIC PRESS INC ELSEVIER SCIENCE,2664-3731,1095-9068,ECONOMICS,SSCI,7274,4.8,Q1,1.79,30.06%,52/617,6.5,Q1,4.6,1.2,36/617,Q1,94.25,0.00656,1.46052,3.296,91.7,Q1,36/575,65,100.00%,13.8,9.1,65
Forest Policy and Economics,FOREST POLICY ECON,ELSEVIER,1178-203X,1872-7050,ECONOMICS,SSCI,7125,3.8,Q1,1.17,38.85%,80/617,4,Q1,2.9,0.9,105/617,Q1,83.06,0.00499,1.11111,0.721,87.1,Q2,200/575,167,96.41%,5.8,7.8,161
American Economic Journal-Applied Economics,AM ECON J-APPL ECON,AMER ECONOMIC ASSOC,1424-2818,1945-7790,ECONOMICS,SSCI,6816,6.2,Q1,1.94,0.00%,34/617,8.5,Q1,6.1,1.9,29/617,Q1,95.38,0.01779,3.95921,9.422,94.6,Q1,14/575,64,100.00%,8.8,9.6,64
Futures,FUTURES,ELSEVIER SCI LTD,1179-1594,1873-6378,ECONOMICS,SSCI,6568,3.8,Q1,0.83,58.85%,80/617,3.9,Q1,3.1,0.8,164/617,Q2,73.5,0.00444,0.98975,0.923,87.1,Q2,157/575,144,97.92%,8.4,7.2,141
Journal of the European Economic Association,J EUR ECON ASSOC,OXFORD UNIV PRESS,1542-4766,1542-4774,ECONOMICS,SSCI,6568,3.3,Q1,1.15,28.64%,104/617,4.6,Q1,3.3,0.7,108/617,Q1,82.58,0.01758,3.91326,5.766,83.2,Q1,21/575,57,100.00%,11.2,11.2,57
JOURNAL OF HUMAN RESOURCES,J HUM RESOUR,UNIV WISCONSIN PRESS,2662-2211,1548-8004,ECONOMICS,SSCI,6561,6,Q1,2.4,26.24%,37/617,5.8,Q1,5.9,2.2,16/617,Q1,97.49,0.01025,2.28279,5.278,94.1,Q1,26/575,70,100.00%,13,10.8,70
ENVIRONMENTAL & RESOURCE ECONOMICS,ENVIRON RESOUR ECON,SPRINGER,2322-5939,1573-1502,ECONOMICS,SSCI,6498,3.4,Q1,0.9,51.04%,97/617,3.9,Q1,3.3,0.6,155/617,Q2,74.96,0.00493,1.09728,1.087,84.4,Q1,137/575,104,100.00%,8.8,8.4,104
SOCIO-ECONOMIC PLANNING SCIENCES,SOCIO-ECON PLAN SCI,ELSEVIER SCIENCE INC,0038-0121,1873-6041,ECONOMICS,SSCI,6421,5.4,Q1,1.69,25.65%,45/617,5.3,Q1,4.8,1,50/617,Q1,91.98,0.0064,1.42611,0.901,92.8,Q2,161/575,287,97.56%,2.9,6.5,280
APPLIED ECONOMICS LETTERS,APPL ECON LETT,"ROUTLEDGE JOURNALS, TAYLOR & FRANCIS LTD",2148-9386,1466-4291,ECONOMICS,SSCI,6139,1.3,Q3,0.37,6.87%,332/617,1.3,Q3,1.1,0.4,373/617,Q3,39.63,0.00507,1.13018,0.279,46.3,Q3,394/575,587,100.00%,5.2,5.7,587
JOURNAL OF LABOR ECONOMICS,J LABOR ECON,UNIV CHICAGO PRESS,2052-3211,1537-5307,ECONOMICS,SSCI,6076,5,Q1,1.5,2.46%,50/617,5,Q1,4.9,2.1,66/617,Q1,89.38,0.00946,2.10574,5.649,92,Q1,22/575,45,100.00%,13.3,11.2,45
JOURNAL OF ECONOMIC SURVEYS,J ECON SURV,WILEY,0950-0804,1467-6419,ECONOMICS,SSCI,5920,5,Q1,1.66,50.00%,50/617,7.1,Q1,4.8,0.8,54/617,Q1,91.33,0.00548,1.22137,2.255,92,Q1,55/575,79,94.94%,8.3,8.5,75
EMERGING MARKETS FINANCE AND TRADE,EMERG MARK FINANC TR,"ROUTLEDGE JOURNALS, TAYLOR & FRANCIS LTD",2632-3249,1558-0938,ECONOMICS,SSCI,5871,3.1,Q1,1.09,4.52%,117/617,3.2,Q1,2.9,0.4,117/617,Q1,81.12,0.00518,1.15397,0.507,81.1,Q2,279/575,206,99.03%,4.3,6.8,204
JOURNAL OF MONEY CREDIT AND BANKING,J MONEY CREDIT BANK,WILEY,2624-9553,1538-4616,ECONOMICS,SSCI,5856,1.6,Q2,0.41,29.50%,276/617,2.1,Q2,1.5,0.4,343/617,Q3,44.49,0.00595,1.32538,1.577,55.3,Q1,92/575,95,100.00%,14.9,11.1,95
JOURNAL OF DEVELOPMENT STUDIES,J DEV STUD,"ROUTLEDGE JOURNALS, TAYLOR & FRANCIS LTD",0022-0388,1743-9140,ECONOMICS,SSCI,5852,1.8,Q2,0.55,37.99%,234/617,2.8,Q2,1.7,0.3,272/617,Q2,56,0.00437,0.97388,0.892,62.2,Q2,166/575,104,99.04%,9.8,8.9,103
Journal of International Financial Markets Institutions & Money,J INT FINANC MARK I,ELSEVIER,2673-253X,1873-0612,ECONOMICS,SSCI,5789,6.1,Q1,1.7,28.81%,36/617,5.6,Q1,5.7,2.1,49/617,Q1,92.14,0.00449,0.99927,0.952,94.2,Q2,154/575,134,99.25%,3.9,8.2,133
JOURNAL OF ECONOMIC PSYCHOLOGY,J ECON PSYCHOL,ELSEVIER,0167-4870,1872-7719,ECONOMICS,SSCI,5733,2.3,Q2,0.87,41.28%,175/617,3,Q2,1.7,0.6,159/617,Q2,74.31,0.00333,0.74109,1.243,71.7,Q1,112/575,49,100.00%,12.7,10.5,49
JOURNAL OF ECONOMIC DYNAMICS & CONTROL,J ECON DYN CONTROL,ELSEVIER,0165-1889,1879-1743,ECONOMICS,SSCI,5658,2.3,Q2,0.66,26.54%,175/617,2.1,Q2,2.2,0.4,231/617,Q2,62.64,0.00609,1.35617,1.153,71.7,Q1,128/575,113,100.00%,11.6,10.9,113
American Economic Journal-Economic Policy,AM ECON J-ECON POLIC,AMER ECONOMIC ASSOC,2214-7829,1945-774X,ECONOMICS,SSCI,5588,5.3,Q1,1.75,0.00%,47/617,7.6,Q1,5.3,1.1,39/617,Q1,93.76,0.01655,3.68238,7.247,92.5,Q1,17/575,64,100.00%,7.3,9.4,64
RAND JOURNAL OF ECONOMICS,RAND J ECON,WILEY,0741-6261,1756-2171,ECONOMICS,SSCI,5381,2.8,Q1,0.88,51.28%,136/617,3,Q2,2.7,0.4,158/617,Q2,74.47,0.0047,1.04669,3.565,78,Q1,35/575,28,100.00%,20.9,14.3,28
Empirical Economics,EMPIR ECON,PHYSICA-VERLAG GMBH & CO,2227-9091,1435-8921,ECONOMICS,SSCI,5377,1.9,Q2,0.65,35.67%,225/617,2.6,Q2,1.8,0.4,236/617,Q2,61.83,0.00518,1.15464,0.578,63.6,Q2,245/575,160,100.00%,5,11.1,160
AGRICULTURAL ECONOMICS,AGR ECON-BLACKWELL,WILEY,2214-7160,1574-0862,ECONOMICS,SSCI,5306,4,Q1,1.05,51.57%,73/617,4.5,Q1,3.9,0.9,121/617,Q1,80.47,0.00244,0.54512,0.981,88.2,Q2,151/575,55,98.18%,9.9,9.4,54
GAMES AND ECONOMIC BEHAVIOR,GAME ECON BEHAV,ACADEMIC PRESS INC ELSEVIER SCIENCE,0899-8256,1090-2473,ECONOMICS,SSCI,5296,1,Q3,0.33,32.96%,391/617,1.2,Q3,0.9,0.2,405/617,Q3,34.44,0.0074,1.64656,1.223,36.7,Q1,117/575,142,100.00%,14.8,14.4,142
Structural Change and Economic Dynamics,STRUCT CHANGE ECON D,ELSEVIER,0954-349X,1873-6017,ECONOMICS,SSCI,5278,5.5,Q1,1.78,23.00%,43/617,5.4,Q1,5.1,1.1,37/617,Q1,94.08,0.00571,1.27195,1.025,93.1,Q1,143/575,176,99.43%,3.7,7.7,175
INTERNATIONAL ECONOMIC REVIEW,INT ECON REV,WILEY,0020-6598,1468-2354,ECONOMICS,SSCI,5241,1.3,Q3,0.39,35.63%,332/617,1.9,Q2,1.3,0.4,360/617,Q3,41.73,0.0057,1.26885,2.298,46.3,Q1,50/575,61,100.00%,21,11.2,61
ECONOMICS OF EDUCATION REVIEW,ECON EDUC REV,PERGAMON-ELSEVIER SCIENCE LTD,2767-3812,1873-7382,ECONOMICS,SSCI,5080,1.8,Q2,0.8,36.92%,234/617,2.5,Q2,1.7,0.4,175/617,Q2,71.72,0.00456,1.01601,1.307,62.2,Q1,107/575,66,96.97%,11.3,9.8,64
PUBLIC CHOICE,PUBLIC CHOICE,SPRINGER,0048-5829,1573-7101,ECONOMICS,SSCI,4988,2.2,Q2,0.92,31.50%,189/617,2,Q2,1.7,0.4,149/617,Q1,75.93,0.00301,0.67123,0.823,69.4,Q2,181/575,96,100.00%,15.1,12.6,96
ECONOMIC GEOGRAPHY,ECON GEOGR,TAYLOR & FRANCIS LTD,1477-8947,1944-8287,ECONOMICS,SSCI,4944,8.9,Q1,2.07,58.49%,11/617,8.4,Q1,8.8,0.9,24/617,Q1,96.19,0.00223,0.49721,2.668,98.3,Q1,48/575,10,100.00%,11.6,6.9,10
WORLD ECONOMY,WORLD ECON,WILEY,2767-3170,1467-9701,ECONOMICS,SSCI,4848,2.4,Q2,0.8,32.20%,160/617,2.6,Q2,2.3,0.4,175/617,Q2,71.72,0.00388,0.86525,0.639,74.1,Q2,225/575,101,96.04%,7.4,9.8,97
JOURNAL OF LAW & ECONOMICS,J LAW ECON,UNIV CHICAGO PRESS,2773-1391,1537-5285,ECONOMICS,SSCI,4829,1.5,Q2,1.27,0.00%,293/617,2.5,Q2,1.5,0.2,91/617,Q1,85.33,0.00275,0.61351,2.281,52.6,Q1,52/575,27,100.00%,31,12.9,27
WORK EMPLOYMENT AND SOCIETY,WORK EMPLOY SOC,SAGE PUBLICATIONS LTD,2624-893X,1469-8722,ECONOMICS,SSCI,4823,3.8,Q1,1.22,53.67%,80/617,5.1,Q1,3.5,0.7,99/617,Q1,84.04,0.00596,1.32721,1.873,87.1,Q1,75/575,48,100.00%,7.1,9.5,48
JCMS-Journal of Common Market Studies,JCMS-J COMMON MARK S,WILEY,0021-9886,1468-5965,ECONOMICS,SSCI,4815,3.3,Q1,1.42,72.59%,104/617,3.1,Q1,2.9,1.7,76/617,Q1,87.76,0.00538,1.19705,1.194,83.2,Q1,123/575,121,89.26%,7.4,6,108
REGIONAL SCIENCE AND URBAN ECONOMICS,REG SCI URBAN ECON,ELSEVIER,2413-8851,1879-2308,ECONOMICS,SSCI,4813,2.9,Q1,0.96,22.44%,129/617,3.7,Q1,2.7,0.7,138/617,Q1,77.71,0.00407,0.90576,1.427,79.2,Q1,99/575,60,100.00%,10.2,9.8,60
JOURNAL OF ECONOMIC GEOGRAPHY,J ECON GEOGR,OXFORD UNIV PRESS,1468-2702,1468-2710,ECONOMICS,SSCI,4794,2.9,Q1,1.05,45.97%,129/617,4.5,Q1,2.6,0.6,121/617,Q1,80.47,0.00355,0.79127,1.891,79.2,Q1,73/575,49,100.00%,10.5,9.6,49
Review of Finance,REV FINANC,OXFORD UNIV PRESS,1572-3097,1573-692X,ECONOMICS,SSCI,4778,8.4,Q1,2.02,31.01%,15/617,7.8,Q1,8.4,0.5,28/617,Q1,95.54,0.01072,2.3866,5.408,97.6,Q1,23/575,46,100.00%,7.2,12.1,46
North American Journal of Economics and Finance,N AM J ECON FINANC,ELSEVIER SCIENCE INC,1062-9408,1879-0860,ECONOMICS,SSCI,4765,3.9,Q1,1.22,10.62%,77/617,3.7,Q1,3.4,0.7,99/617,Q1,84.04,0.00484,1.07696,0.601,87.6,Q2,239/575,222,98.65%,3.9,6.9,219
LABOUR ECONOMICS,LABOUR ECON,ELSEVIER,2509-8020,1879-1034,ECONOMICS,SSCI,4750,2.6,Q1,0.75,43.56%,145/617,3.1,Q1,2.5,0.3,196/617,Q2,68.31,0.00783,1.74234,1.785,76.6,Q1,79/575,132,100.00%,8.4,9.4,132
OXFORD BULLETIN OF ECONOMICS AND STATISTICS,OXFORD B ECON STAT,WILEY,0305-9049,1468-0084,ECONOMICS,SSCI,4733,1.4,Q3,0.56,48.37%,309/617,2.3,Q2,1.4,0.3,267/617,Q2,56.81,0.00302,0.67223,1.233,50,Q1,114/575,53,100.00%,17.1,10.7,53
INSURANCE MATHEMATICS & ECONOMICS,INSUR MATH ECON,ELSEVIER,2399-6641,1873-5959,ECONOMICS,SSCI,4713,2.2,Q2,0.8,26.32%,189/617,2.3,Q2,1.9,0.4,175/617,Q2,71.72,0.0035,0.77978,0.9,69.4,Q2,162/575,84,98.81%,11,11.6,83
JOURNAL OF COMPARATIVE ECONOMICS,J COMP ECON,ACADEMIC PRESS INC ELSEVIER SCIENCE,0147-5967,1095-7227,ECONOMICS,SSCI,4649,3.1,Q1,1.01,20.83%,117/617,3.8,Q1,3,0.6,130/617,Q1,79.01,0.00323,0.71921,1.493,81.1,Q1,96/575,48,100.00%,10.5,10.6,48
Journal of Financial Stability,J FINANC STABIL,ELSEVIER SCIENCE INC,1572-3089,1878-0962,ECONOMICS,SSCI,4488,4.2,Q1,1.59,19.05%,68/617,6,Q1,3.8,1.2,58/617,Q1,90.68,0.00372,0.828,1.423,89.1,Q1,101/575,119,100.00%,6.3,9.2,119
Annual Review of Economics,ANNU REV ECON,ANNUAL REVIEWS,2624-9634,1941-1391,ECONOMICS,SSCI,4469,11.4,Q1,2.36,41.67%,5/617,12.2,Q1,11.4,1.5,17/617,Q1,97.33,0.01438,3.20099,12.056,99.3,Q1,9/575,23,47.83%,7.6,8.2,11
American Economic Journal-Macroeconomics,AM ECON J-MACROECON,AMER ECONOMIC ASSOC,2188-5729,1945-7715,ECONOMICS,SSCI,4410,5.7,Q1,2.21,0.00%,41/617,7.4,Q1,5.7,1.5,18/617,Q1,97.16,0.01496,3.33014,8.199,93.4,Q1,15/575,50,100.00%,7.8,10.9,50
REVIEW OF INTERNATIONAL POLITICAL ECONOMY,REV INT POLIT ECON,"ROUTLEDGE JOURNALS, TAYLOR & FRANCIS LTD",2575-8314,1466-4526,ECONOMICS,SSCI,4393,3.5,Q1,1.66,57.46%,93/617,5.3,Q1,3.1,0.5,54/617,Q1,91.33,0.00736,1.63802,2.229,85,Q1,56/575,51,100.00%,5.9,6.9,51
European Journal of Political Economy,EUR J POLIT ECON,ELSEVIER SCIENCE INC,1365-2907,1873-5703,ECONOMICS,SSCI,4380,2.4,Q2,0.98,35.78%,160/617,3,Q2,1.9,0.7,133/617,Q1,78.53,0.00399,0.88848,1.066,74.1,Q1,138/575,113,98.23%,9.6,9.6,111
INDUSTRIAL AND CORPORATE CHANGE,IND CORP CHANGE,OXFORD UNIV PRESS,2213-5383,1464-3650,ECONOMICS,SSCI,4338,1.8,Q2,0.64,27.42%,234/617,3,Q2,1.7,0.6,238/617,Q2,61.51,0.00307,0.68322,1.012,62.2,Q2,145/575,44,100.00%,11.5,12.5,44
Tourism Economics,TOURISM ECON,SAGE PUBLICATIONS LTD,1354-8166,2044-0375,ECONOMICS,SSCI,4226,3.2,Q1,0.96,11.86%,111/617,4.6,Q1,2.6,0.6,138/617,Q1,77.71,0.00315,0.70102,0.742,82.1,Q2,195/575,89,97.75%,4.9,7,87
MANAGERIAL AND DECISION ECONOMICS,MANAG DECIS ECON,JOHN WILEY & SONS LTD,0143-6570,1099-1468,ECONOMICS,SSCI,4177,2.7,Q1,0.75,9.12%,139/617,2.6,Q2,2.1,0.7,196/617,Q2,68.31,0.00325,0.72529,0.399,77.6,Q3,318/575,385,100.00%,3.5,6,385
European Journal of Health Economics,EUR J HEALTH ECON,SPRINGER,2572-3170,1618-7601,ECONOMICS,SSCI,4070,3,Q1,1.02,66.45%,125/617,3.8,Q1,2.9,0.4,129/617,Q1,79.17,0.00584,1.30083,1.254,79.8,Q1,111/575,94,98.94%,5.5,7.6,93
Journal of Empirical Finance,J EMPIR FINANC,ELSEVIER,2574-2531,1879-1727,ECONOMICS,SSCI,3931,2.4,Q2,0.76,21.20%,160/617,3.3,Q1,2.3,0.4,192/617,Q2,68.96,0.00281,0.62686,0.966,74.1,Q2,153/575,79,100.00%,9.1,12.9,79
International Journal of Emerging Markets,INT J EMERG MARK,EMERALD GROUP PUBLISHING LTD,2661-8001,1746-8817,ECONOMICS,SSCI,3851,3,Q1,0.77,4.20%,125/617,3.4,Q1,2.9,0.5,189/617,Q2,69.45,0.00342,0.76225,0.458,79.8,Q3,293/575,98,97.96%,3.5,6,96
Cogent Economics & Finance,COGENT ECON FINANC,TAYLOR & FRANCIS LTD,2332-2039,2332-2039,ECONOMICS,ESCI,3830,2.5,Q1,0.76,97.92%,153/617,2.5,Q2,2.3,0.6,192/617,Q2,68.96,0.00301,0.67086,0.319,75.3,Q3,369/575,310,95.16%,2.9,7,295
BROOKINGS PAPERS ON ECONOMIC ACTIVITY,BROOKINGS PAP ECO AC,JOHNS HOPKINS UNIV PRESS,0007-2303,1533-4465,ECONOMICS,SSCI,3790,2.8,Q1,0.55,0.00%,136/617,5.4,Q1,2.8,0.7,272/617,Q2,56,0.00479,1.06683,5.322,78,Q1,24/575,6,100.00%,15.2,6.5,6
QUARTERLY REVIEW OF ECONOMICS AND FINANCE,Q REV ECON FINANC,ELSEVIER SCIENCE INC,2192-1709,1878-4259,ECONOMICS,SSCI,3785,3.1,Q1,1.26,13.13%,117/617,3.2,Q1,3,0.6,95/617,Q1,84.68,0.00284,0.63206,0.547,81.1,Q2,260/575,108,99.07%,4.9,10.7,107
ECONOMIC INQUIRY,ECON INQ,WILEY,2381-4683,1465-7295,ECONOMICS,SSCI,3755,1.3,Q3,0.46,44.10%,332/617,1.7,Q2,1.2,0.3,314/617,Q3,49.19,0.00353,0.78607,0.941,46.3,Q2,156/575,70,100.00%,11.7,10,70
QUANTITATIVE FINANCE,QUANT FINANC,"ROUTLEDGE JOURNALS, TAYLOR & FRANCIS LTD",1469-7688,1469-7696,ECONOMICS,SSCI,3747,1.4,Q3,0.44,23.89%,309/617,2.1,Q2,1.2,0.4,325/617,Q3,47.41,0.00395,0.88056,0.847,50,Q2,173/575,99,100.00%,8.4,12.1,99
CAMBRIDGE JOURNAL OF ECONOMICS,CAMB J ECON,OXFORD UNIV PRESS,0309-166X,1464-3545,ECONOMICS,SSCI,3713,2.1,Q2,0.67,24.12%,202/617,2.2,Q2,1.9,0.4,221/617,Q2,64.26,0.00206,0.45979,0.815,67.3,Q2,184/575,47,100.00%,13.4,18.3,47
JOURNAL OF POPULATION ECONOMICS,J POPUL ECON,SPRINGER,0933-1433,1432-1475,ECONOMICS,SSCI,3324,3,Q1,1.44,47.95%,125/617,4.3,Q1,2.6,0.4,73/617,Q1,88.25,0.00343,0.76411,1.652,79.8,Q1,85/575,78,100.00%,9.3,8.9,78
Journal of Behavioral and Experimental Finance,J BEHAV EXP FINANC,ELSEVIER,2214-6350,2214-6369,ECONOMICS,SSCI,3296,4.7,Q1,1.21,34.06%,55/617,5,Q1,4.4,0.7,101/617,Q1,83.71,0.00336,0.74785,0.998,91.2,Q2,148/575,99,100.00%,4.4,9.3,99
JOURNAL OF ECONOMIC HISTORY,J ECON HIST,CAMBRIDGE UNIV PRESS,2673-4524,1471-6372,ECONOMICS,SSCI,3287,2.9,Q1,5.12,51.04%,129/617,3.1,Q1,2.7,0.5,1/617,Q1,99.92,0.0034,0.75805,2.782,79.2,Q1,45/575,35,100.00%,21.8,16.3,35
Emerging Markets Review,EMERG MARK REV,ELSEVIER,1566-0141,1873-6173,ECONOMICS,SSCI,3273,4.6,Q1,1.67,13.55%,58/617,5.1,Q1,4.3,0.9,52/617,Q1,91.65,0.00252,0.56221,0.908,90.7,Q2,160/575,98,98.98%,5.1,9.2,97
ENERGY JOURNAL,ENERG J,SAGE PUBLICATIONS INC,2730-6151,1944-9089,ECONOMICS,SSCI,3266,2.4,Q2,0.67,10.73%,160/617,2.6,Q2,2.1,0.9,221/617,Q2,64.26,0.00202,0.45106,0.673,74.1,Q2,211/575,88,100.00%,8.6,7.7,88
NEW POLITICAL ECONOMY,NEW POLIT ECON,"ROUTLEDGE JOURNALS, TAYLOR & FRANCIS LTD",1356-3467,1469-9923,ECONOMICS,SSCI,3257,4.6,Q1,1.72,67.53%,58/617,5,Q1,4.4,0.7,45/617,Q1,92.79,0.00528,1.17552,1.961,90.7,Q1,71/575,51,100.00%,5.1,7,51
ECONOMY AND SOCIETY,ECON SOC,"ROUTLEDGE JOURNALS, TAYLOR & FRANCIS LTD",2590-2296,1469-5766,ECONOMICS,SSCI,3221,4.3,Q1,1.37,61.45%,65/617,4.9,Q1,4.1,1.1,81/617,Q1,86.95,0.00257,0.57233,2.17,89.5,Q1,60/575,31,100.00%,14.6,7.3,31
JOURNAL OF REGIONAL SCIENCE,J REGIONAL SCI,WILEY,2976-5390,1467-9787,ECONOMICS,SSCI,3212,2.7,Q1,0.7,38.56%,139/617,3.1,Q1,2.3,0.3,212/617,Q2,65.72,0.00179,0.40048,0.982,77.6,Q2,150/575,66,100.00%,12.7,9.7,66
JOURNAL OF ECONOMIC GROWTH,J ECON GROWTH,SPRINGER,1381-4338,1573-7020,ECONOMICS,SSCI,3192,2.9,Q1,0.77,61.70%,129/617,3.8,Q1,2.8,0.6,189/617,Q2,69.45,0.00133,0.29745,2.256,79.2,Q1,54/575,10,100.00%,17.4,11.4,10
WORLD BANK ECONOMIC REVIEW,WORLD BANK ECON REV,OXFORD UNIV PRESS,2204-3136,1564-698X,ECONOMICS,SSCI,3177,1.8,Q2,0.68,27.07%,234/617,3.2,Q1,1.7,0.3,218/617,Q2,64.75,0.00346,0.77041,1.889,62.2,Q1,74/575,61,100.00%,13.8,9,61
OXFORD REVIEW OF ECONOMIC POLICY,OXFORD REV ECON POL,OXFORD UNIV PRESS,2572-2611,1460-2121,ECONOMICS,SSCI,3157,1.8,Q2,0.73,35.90%,234/617,3.9,Q1,1.8,1.6,204/617,Q2,67.02,0.00335,0.74723,1.707,62.2,Q1,83/575,48,100.00%,10,7.1,48
ECONOMETRIC THEORY,ECONOMET THEOR,CAMBRIDGE UNIV PRESS,2639-5916,1469-4360,ECONOMICS,SSCI,3089,1,Q3,0.36,26.96%,391/617,1.4,Q3,0.9,0.2,384/617,Q3,37.84,0.00353,0.78702,2.053,36.7,Q1,67/575,33,100.00%,20.2,16.9,33
Research in Transportation Economics,RES TRANSP ECON,ELSEVIER SCI LTD,2056-3485,1875-7979,ECONOMICS,SSCI,3088,3.4,Q1,1.16,31.92%,97/617,3.6,Q1,3.3,1,106/617,Q1,82.9,0.00248,0.55326,0.715,84.4,Q2,201/575,49,100.00%,5.3,6.8,49
JOURNAL OF POLICY ANALYSIS AND MANAGEMENT,J POLICY ANAL MANAG,WILEY,1520-6688,1520-6688,ECONOMICS,SSCI,3075,2.4,Q2,0.93,29.19%,160/617,4.1,Q1,2.3,0.4,147/617,Q1,76.26,0.00484,1.07837,2.935,74.1,Q1,42/575,65,98.46%,11.1,7.9,64
Socio-Economic Review,SOCIO-ECON REV,OXFORD UNIV PRESS,2642-0007,1475-147X,ECONOMICS,SSCI,3055,2.6,Q1,1.36,45.02%,145/617,3.7,Q1,2.3,0.6,83/617,Q1,86.63,0.00466,1.03863,1.727,76.6,Q1,81/575,80,97.50%,7.2,9.6,78
JOURNAL OF FORECASTING,J FORECASTING,WILEY,0277-6693,1099-131X,ECONOMICS,SSCI,3044,2.7,Q1,0.81,24.15%,139/617,2.9,Q2,2.3,0.4,170/617,Q2,72.53,0.00225,0.50276,0.615,77.6,Q2,235/575,183,100.00%,6.8,9.4,183
JOURNAL OF POLICY MODELING,J POLICY MODEL,ELSEVIER SCIENCE INC,2767-3200,1873-8060,ECONOMICS,SSCI,3043,3.1,Q1,1.04,21.18%,117/617,3.3,Q1,2.6,1,125/617,Q1,79.82,0.00194,0.43249,0.681,81.1,Q2,208/575,68,100.00%,7.3,8.3,68
JOURNAL OF AGRICULTURAL ECONOMICS,J AGR ECON,WILEY,0021-857X,1477-9552,ECONOMICS,SSCI,2985,4.2,Q1,1.28,63.16%,68/617,4.4,Q1,4.1,1.1,89/617,Q1,85.66,0.00194,0.432,1.007,89.1,Q2,146/575,33,100.00%,8.9,7.9,33
Borsa Istanbul Review,BORSA ISTANB REV,ELSEVIER,2214-8450,2214-8469,ECONOMICS,SSCI,2947,7.1,Q1,2.15,99.71%,17/617,6.3,Q1,6.7,1.8,21/617,Q1,96.68,0.00228,0.50767,0.834,97.3,Q2,178/575,124,94.35%,2.7,7.8,117
INTERNATIONAL JOURNAL OF INDUSTRIAL ORGANIZATION,INT J IND ORGAN,ELSEVIER,0167-7187,1873-7986,ECONOMICS,SSCI,2910,1.4,Q3,0.44,25.64%,309/617,1.7,Q2,1.4,0.3,325/617,Q3,47.41,0.00221,0.49232,0.9,50,Q2,162/575,40,97.50%,14.9,11.5,39
JOURNAL OF RISK AND UNCERTAINTY,J RISK UNCERTAINTY,SPRINGER,0895-5646,1573-0476,ECONOMICS,SSCI,2882,2.3,Q2,0.55,56.58%,175/617,2.8,Q2,2,0.6,272/617,Q2,56,0.00149,0.33325,1.606,71.7,Q1,90/575,27,88.89%,22.8,13,24
PAPERS IN REGIONAL SCIENCE,PAP REG SCI,ELSEVIER SCI LTD,2673-7086,1435-5957,ECONOMICS,SSCI,2881,2.3,Q2,0.64,93.08%,175/617,2.7,Q2,1.9,0.7,238/617,Q2,61.51,0.00178,0.3961,0.64,71.7,Q2,224/575,44,100.00%,9.2,9.6,44
Economies,ECONOMIES,MDPI,2227-7099,2227-7099,ECONOMICS,ESCI,2881,2.1,Q2,0.72,100.00%,202/617,2.3,Q2,1.9,0.5,208/617,Q2,66.37,0.00284,0.63316,0.343,67.3,Q3,354/575,352,96.59%,3,6.6,340
ECONOMIC DEVELOPMENT AND CULTURAL CHANGE,ECON DEV CULT CHANGE,UNIV CHICAGO PRESS,0013-0079,1539-2988,ECONOMICS,SSCI,2872,1.8,Q2,1.28,4.51%,234/617,2.1,Q2,1.7,0.7,89/617,Q1,85.66,0.00188,0.42003,1.2,62.2,Q1,121/575,63,100.00%,19.3,11.2,63
ECONOMICA,ECONOMICA,WILEY,2076-3387,1468-0335,ECONOMICS,SSCI,2867,1.6,Q2,0.49,53.85%,276/617,1.9,Q2,1.6,0.6,298/617,Q2,51.78,0.00201,0.44745,1.173,55.3,Q1,125/575,51,100.00%,16,9.8,51
ECONOMIC HISTORY REVIEW,ECON HIST REV,WILEY,2399-4908,1468-0289,ECONOMICS,SSCI,2808,1.6,Q2,2.57,58.43%,276/617,2.3,Q2,1.2,0.4,11/617,Q1,98.3,0.00293,0.65212,1.379,55.3,Q1,104/575,61,85.25%,15.2,18,52
OXFORD ECONOMIC PAPERS-NEW SERIES,OXFORD ECON PAP,OXFORD UNIV PRESS,2673-5172,1464-3812,ECONOMICS,SSCI,2806,1.1,Q3,0.33,27.95%,372/617,1.3,Q3,1.1,0.4,405/617,Q3,34.44,0.00139,0.30941,0.54,39.8,Q2,264/575,50,100.00%,18.4,9.9,50
JOURNAL OF CONSUMER AFFAIRS,J CONSUM AFF,WILEY,0022-0078,1745-6606,ECONOMICS,SSCI,2755,3.2,Q1,0.73,37.58%,111/617,3.1,Q1,2.8,0.3,204/617,Q2,67.02,0.00179,0.39893,0.681,82.1,Q2,208/575,37,100.00%,9.2,7.7,37
LAND ECONOMICS,LAND ECON,UNIV WISCONSIN PRESS,2730-7182,1543-8325,ECONOMICS,SSCI,2728,1.6,Q2,0.42,14.02%,276/617,1.7,Q2,1.5,0.9,335/617,Q3,45.79,0.00087,0.19391,0.577,55.3,Q2,246/575,35,100.00%,16.7,10.4,35
Econometric Reviews,ECONOMET REV,TAYLOR & FRANCIS INC,0747-4938,1532-4168,ECONOMICS,SSCI,2724,1,Q3,0.39,22.32%,391/617,1.6,Q3,0.9,0.1,360/617,Q3,41.73,0.00208,0.46312,1.126,36.7,Q1,131/575,50,100.00%,14.1,16.4,50
Applied Economic Perspectives and Policy,APPL ECON PERSPECT P,WILEY,2040-5790,2040-5804,ECONOMICS,SSCI,2699,3.4,Q1,1.39,47.31%,97/617,4.4,Q1,3.1,0.7,79/617,Q1,87.28,0.00373,0.83162,1.105,84.4,Q1,133/575,75,100.00%,4.3,6.7,75
JOURNAL OF PRODUCTIVITY ANALYSIS,J PROD ANAL,SPRINGER,2590-051X,1573-0441,ECONOMICS,SSCI,2692,1.8,Q2,0.55,40.17%,234/617,1.9,Q2,1.6,0.3,272/617,Q2,56,0.00058,0.12929,0.451,62.2,Q3,296/575,26,100.00%,16.2,13.4,26
REVIEW OF ECONOMIC DYNAMICS,REV ECON DYNAM,ACADEMIC PRESS INC ELSEVIER SCIENCE,2572-3170,1096-6099,ECONOMICS,SSCI,2668,2.1,Q2,0.73,12.57%,202/617,2.2,Q2,2.1,0.2,204/617,Q2,67.02,0.00561,1.2492,2.096,67.3,Q1,64/575,30,100.00%,10.5,11.3,30
Cambridge Journal of Regions Economy and Society,CAMB J REG ECON SOC,OXFORD UNIV PRESS,1752-1378,1752-1386,ECONOMICS,SSCI,2627,4.7,Q1,1.35,51.38%,55/617,5.7,Q1,4.5,1.5,85/617,Q1,86.3,0.00251,0.55956,1.989,91.2,Q1,69/575,34,100.00%,6.9,5.8,34
Industry and Innovation,IND INNOV,"ROUTLEDGE JOURNALS, TAYLOR & FRANCIS LTD",2639-5916,1469-8390,ECONOMICS,SSCI,2568,4.2,Q1,1.03,39.07%,68/617,4.5,Q1,3.8,0.4,127/617,Q1,79.5,0.00243,0.54139,1.162,89.1,Q1,127/575,60,100.00%,6.6,9.8,60
ANNALS OF REGIONAL SCIENCE,ANN REGIONAL SCI,SPRINGER,2050-3385,1432-0592,ECONOMICS,SSCI,2558,2.1,Q2,0.59,40.45%,202/617,2.2,Q2,1.9,0.3,258/617,Q2,58.27,0.00139,0.3112,0.521,67.3,Q2,274/575,69,100.00%,9.9,11.4,69
EXPERIMENTAL ECONOMICS,EXP ECON,CAMBRIDGE UNIV PRESS,1386-4157,1573-6938,ECONOMICS,SSCI,2531,1.7,Q2,0.56,58.42%,260/617,2.6,Q2,1.7,0.6,267/617,Q2,56.81,0.005,1.11363,2.661,57.9,Q1,49/575,29,100.00%,12.9,12.6,29
RESOURCE AND ENERGY ECONOMICS,RESOUR ENERGY ECON,ELSEVIER,2405-9188,1873-0221,ECONOMICS,SSCI,2512,3.1,Q1,0.67,41.41%,117/617,3.5,Q1,3.1,1.1,221/617,Q2,64.26,0.00166,0.36966,1.036,81.1,Q1,142/575,24,95.83%,10.8,10.4,23
Technological and Economic Development of Economy,TECHNOL ECON DEV ECO,VILNIUS GEDIMINAS TECH UNIV,2029-4913,2029-4921,ECONOMICS,SSCI,2453,3.9,Q1,1.49,99.21%,77/617,3.8,Q1,3.5,0.6,68/617,Q1,89.06,0.00149,0.33173,0.541,87.6,Q2,263/575,90,100.00%,5.2,5,90
Review of Environmental Economics and Policy,REV ENV ECON POLICY,UNIV CHICAGO PRESS,2398-631X,1750-6824,ECONOMICS,SSCI,2428,6.6,Q1,1.89,5.26%,26/617,9.5,Q1,6.5,1.4,31/617,Q1,95.06,0.00293,0.65275,3.676,95.9,Q1,34/575,18,100.00%,7.3,8.4,18
MATHEMATICAL FINANCE,MATH FINANC,WILEY,0960-1627,1467-9965,ECONOMICS,SSCI,2414,2.4,Q2,0.73,44.33%,160/617,2.4,Q2,2.4,0.4,204/617,Q2,67.02,0.00266,0.59257,1.575,74.1,Q1,93/575,21,100.00%,17.8,9.7,21
FEMINIST ECONOMICS,FEM ECON,"ROUTLEDGE JOURNALS, TAYLOR & FRANCIS LTD",1354-5701,1466-4372,ECONOMICS,SSCI,2407,2,Q2,1.33,24.24%,212/617,3.8,Q1,1.9,0.4,87/617,Q1,85.98,0.0018,0.40064,1.232,65.7,Q1,115/575,32,100.00%,10.4,9.6,32
JOURNAL OF ECONOMICS & MANAGEMENT STRATEGY,J ECON MANAGE STRAT,WILEY,2634-4505,1530-9134,ECONOMICS,SSCI,2403,1.4,Q3,0.36,44.09%,309/617,1.9,Q2,1.3,0.6,384/617,Q3,37.84,0.0021,0.46739,1.141,50,Q1,130/575,46,97.83%,13.5,12.2,45
INTERNATIONAL JOURNAL OF SOCIAL ECONOMICS,INT J SOC ECON,EMERALD GROUP PUBLISHING LTD,1947-2579,1758-6712,ECONOMICS,ESCI,2402,1.7,Q2,0.57,2.72%,260/617,2,Q2,1.5,0.3,262/617,Q2,57.62,0.0013,0.29047,0.298,57.9,Q3,377/575,116,99.14%,6.3,7.2,115
Review of Development Economics,REV DEV ECON,WILEY,2673-611X,1467-9361,ECONOMICS,SSCI,2380,2.2,Q2,0.66,26.18%,189/617,2.2,Q2,2,0.4,231/617,Q2,62.64,0.00191,0.4255,0.465,69.4,Q3,290/575,97,100.00%,6.2,8.5,97
Applied Health Economics and Health Policy,APPL HEALTH ECON HEA,SPRINGER INT PUBL AG,2381-4683,1179-1896,ECONOMICS,SSCI,2326,3.3,Q1,1,52.91%,104/617,3.3,Q1,3.1,0.5,131/617,Q1,78.85,0.00327,0.72937,1.143,83.2,Q1,129/575,74,74.32%,5.5,6.6,55
Annual Review of Resource Economics,ANNU REV RESOUR ECON,ANNUAL REVIEWS,2373-7492,1941-1359,ECONOMICS,SSCI,2316,8.4,Q1,1.54,41.10%,15/617,8.8,Q1,8.2,0.5,62/617,Q1,90.03,0.0031,0.69182,3.173,97.6,Q1,38/575,18,33.33%,6.2,7.6,6
ECONOMIC THEORY,ECON THEOR,SPRINGER,0938-2259,1432-0479,ECONOMICS,SSCI,2299,1.1,Q3,0.43,37.50%,372/617,1.2,Q3,0.7,0.3,332/617,Q3,46.27,0.00288,0.64222,0.832,39.8,Q2,180/575,83,100.00%,14.1,15.1,83
Computational Economics,COMPUT ECON,SPRINGER,2564-1891,1572-9974,ECONOMICS,SSCI,2293,2.2,Q2,0.64,20.00%,189/617,2.1,Q2,1.8,0.3,238/617,Q2,61.51,0.00253,0.56359,0.417,69.4,Q3,309/575,288,100.00%,4.2,7.9,288
Econometrics Journal,ECONOMET J,OXFORD UNIV PRESS,2368-7460,1368-423X,ECONOMICS,SSCI,2274,7,Q1,1.43,20.78%,20/617,4.6,Q1,6.9,0.9,74/617,Q1,88.09,0.00463,1.03029,3.933,96.8,Q1,30/575,22,95.45%,7,11.4,21
SOUTHERN ECONOMIC JOURNAL,SOUTH ECON J,WILEY,2192-4007,2325-8012,ECONOMICS,SSCI,2244,1.4,Q3,0.53,28.57%,309/617,1.4,Q3,1.3,0.2,288/617,Q2,53.4,0.0014,0.31345,0.628,50,Q2,230/575,64,100.00%,17.2,10.8,64
CANADIAN JOURNAL OF ECONOMICS-REVUE CANADIENNE D ECONOMIQUE,CAN J ECON,WILEY,2688-8319,1540-5982,ECONOMICS,SSCI,2243,1.1,Q3,0.36,26.42%,372/617,1.4,Q3,1.1,0.4,384/617,Q3,37.84,0.0021,0.46756,0.872,39.8,Q2,171/575,45,100.00%,13.6,11.3,45
Journal of Family and Economic Issues,J FAM ECON ISS,SPRINGER INT PUBL AG,1058-0476,1573-3475,ECONOMICS,SSCI,2241,2.9,Q1,0.96,28.06%,129/617,3.1,Q1,2.6,0.2,138/617,Q1,77.71,0.00199,0.44335,0.762,79.2,Q2,189/575,69,100.00%,6.5,8.5,69
Journal of Asian Economics,J ASIAN ECON,ELSEVIER,2590-2296,1873-7927,ECONOMICS,SSCI,2233,3.4,Q1,1.04,4.25%,97/617,3.5,Q1,3.2,0.6,125/617,Q1,79.82,0.00181,0.40329,0.652,84.4,Q2,219/575,120,100.00%,4.4,7.7,120
EUROPEAN REVIEW OF AGRICULTURAL ECONOMICS,EUR REV AGRIC ECON,OXFORD UNIV PRESS,2976-5390,1464-3618,ECONOMICS,SSCI,2230,3.5,Q1,1.27,27.78%,93/617,4.3,Q1,3.3,0.3,91/617,Q1,85.33,0.00222,0.49607,1.176,85,Q1,124/575,34,94.12%,6.7,8.7,32
Economics & Human Biology,ECON HUM BIOL,ELSEVIER,1570-677X,1873-6130,ECONOMICS,SSCI,2224,1.8,Q2,0.67,42.12%,234/617,2.2,Q2,1.7,0.3,221/617,Q2,64.26,0.00313,0.69801,0.845,62.2,Q2,175/575,82,97.56%,6.2,9.3,80
Economics of Innovation and New Technology,ECON INNOV NEW TECH,"ROUTLEDGE JOURNALS, TAYLOR & FRANCIS LTD",2692-4366,1476-8364,ECONOMICS,SSCI,2217,2.6,Q1,0.8,20.90%,145/617,3.3,Q1,2.4,0.5,175/617,Q2,71.72,0.00142,0.31662,0.669,76.6,Q2,213/575,55,100.00%,7.8,9.5,55
REVIEW OF INCOME AND WEALTH,REV INCOME WEALTH,WILEY,2603-6479,1475-4991,ECONOMICS,SSCI,2213,1.8,Q2,0.59,51.91%,234/617,2.2,Q2,1.7,0.3,258/617,Q2,58.27,0.00216,0.48137,1.041,62.2,Q1,141/575,46,97.83%,10.6,8.4,45
JOURNAL OF MACROECONOMICS,J MACROECON,ELSEVIER,0164-0704,1873-152X,ECONOMICS,SSCI,2191,1.5,Q2,0.48,18.75%,293/617,1.8,Q2,1.4,0.6,302/617,Q2,51.13,0.00154,0.34272,0.575,52.6,Q2,249/575,34,100.00%,9.2,10.9,34
JOURNAL OF LAW ECONOMICS & ORGANIZATION,J LAW ECON ORGAN,OXFORD UNIV PRESS INC,8756-6222,1465-7341,ECONOMICS,SSCI,2148,1.3,Q3,1,12.94%,332/617,1.7,Q2,1.3,0.3,131/617,Q1,78.85,0.00153,0.34198,1.314,46.3,Q1,106/575,27,100.00%,21.1,10.5,27
SCANDINAVIAN JOURNAL OF ECONOMICS,SCAND J ECON,WILEY,0347-0520,1467-9442,ECONOMICS,SSCI,2118,1.6,Q2,0.55,68.52%,276/617,1.4,Q3,1.6,0.3,272/617,Q2,56,0.00157,0.3505,0.838,55.3,Q2,177/575,34,100.00%,14.6,11.3,34
JOURNAL OF REAL ESTATE FINANCE AND ECONOMICS,J REAL ESTATE FINANC,SPRINGER,0895-5638,1573-045X,ECONOMICS,SSCI,2108,1.8,Q2,0.54,28.93%,234/617,1.9,Q2,1.5,0.5,283/617,Q2,54.21,0.00129,0.28742,0.505,62.2,Q2,281/575,28,100.00%,12,10.5,28
JOURNAL OF ECONOMIC STUDIES,J ECON STUD,EMERALD GROUP PUBLISHING LTD,2767-3197,,ECONOMICS,ESCI,2090,2.4,Q2,0.57,9.15%,160/617,2.4,Q2,2.2,0.3,262/617,Q2,57.62,0.00152,0.33912,0.377,74.1,Q3,336/575,119,100.00%,5.1,8.6,119
JOURNAL OF RISK AND INSURANCE,J RISK INSUR,WILEY,0022-4367,1539-6975,ECONOMICS,SSCI,2058,1.7,Q2,0.62,38.04%,260/617,2,Q2,1.4,1.1,245/617,Q2,60.37,0.00098,0.21829,0.66,57.9,Q2,215/575,27,100.00%,13.8,9.6,27
ECONOMIC POLICY,ECON POLICY,OXFORD UNIV PRESS,2817-1705,1468-0327,ECONOMICS,SSCI,2055,6.4,Q1,1.56,32.26%,27/617,6.8,Q1,6.2,0.9,59/617,Q1,90.52,0.00258,0.57605,3.81,95.7,Q1,32/575,29,100.00%,10.2,6.7,29
Review of International Organizations,REV INT ORGAN,SPRINGER,1559-7431,1559-744X,ECONOMICS,SSCI,2053,4,Q1,1.61,67.68%,73/617,7.4,Q1,3.1,1.9,57/617,Q1,90.84,0.00387,0.8623,3.104,88.2,Q1,40/575,47,100.00%,5.5,9.3,47
Journal of Business Economics and Management,J BUS ECON MANAG,VILNIUS GEDIMINAS TECH UNIV,1611-1699,2029-4433,ECONOMICS,SSCI,2033,2.7,Q1,0.67,99.47%,139/617,2.8,Q2,2.6,0.4,221/617,Q2,64.26,0.00108,0.24073,0.387,77.6,Q3,324/575,63,100.00%,6.1,5.7,63
Journal of Cultural Economy,J CULT ECON-UK,"ROUTLEDGE JOURNALS, TAYLOR & FRANCIS LTD",2534-9708,1753-0369,ECONOMICS,SSCI,1979,1.9,Q2,0.96,45.56%,225/617,5.2,Q1,1.6,0.5,138/617,Q1,77.71,0.00472,1.05163,2.191,63.6,Q1,58/575,43,88.37%,5.5,8.7,38
Economic Systems,ECON SYST,ELSEVIER,0939-3625,1878-5433,ECONOMICS,SSCI,1969,3.3,Q1,1.08,18.52%,104/617,3.4,Q1,3.2,1.2,119/617,Q1,80.79,0.00127,0.2846,0.632,83.2,Q2,228/575,68,100.00%,6.2,10.4,68
ENVIRONMENT AND DEVELOPMENT ECONOMICS,ENVIRON DEV ECON,CAMBRIDGE UNIV PRESS,2367-8194,1469-4395,ECONOMICS,SSCI,1965,1.5,Q2,0.55,35.62%,293/617,2.6,Q2,1.5,0.6,272/617,Q2,56,0.00079,0.17712,0.65,52.6,Q2,220/575,25,100.00%,11.8,9.3,25
JOURNAL OF INDUSTRIAL ECONOMICS,J IND ECON,WILEY,0022-1821,1467-6451,ECONOMICS,SSCI,1965,1,Q3,0.34,45.69%,391/617,,,1,0.5,399/617,Q3,35.41,0.00131,0.29179,,36.7,,,20,100.00%,21.4,10.3,20
EUROPE-ASIA STUDIES,EUROPE-ASIA STUD,"ROUTLEDGE JOURNALS, TAYLOR & FRANCIS LTD",2752-8499,1465-3427,ECONOMICS,SSCI,1952,1.2,Q3,0.8,27.84%,349/617,1.6,Q3,1.2,0.2,175/617,Q2,71.72,0.00199,0.44324,0.655,43.5,Q2,218/575,49,97.96%,9,10.6,48
Journal of Financial Econometrics,J FINANC ECONOMET,OXFORD UNIV PRESS,1479-8409,1479-8417,ECONOMICS,SSCI,1922,2.2,Q2,0.6,26.02%,189/617,2.9,Q2,2,<0.1,255/617,Q2,58.75,0.00253,0.56388,1.645,69.4,Q1,86/575,30,100.00%,8.4,12.7,30
China Agricultural Economic Review,CHINA AGR ECON REV,EMERALD GROUP PUBLISHING LTD,2672-7080,1756-1388,ECONOMICS,SSCI,1905,4.6,Q1,1.67,3.85%,58/617,5.4,Q1,4.4,0.3,52/617,Q1,91.65,0.00149,0.33237,0.883,90.7,Q2,168/575,58,100.00%,4.9,6.4,58
Economic Change and Restructuring,ECON CHANG RESTRUCT,SPRINGER,1573-9414,1574-0277,ECONOMICS,SSCI,1870,4.3,Q1,1.48,9.38%,65/617,4.2,Q1,3.9,1.2,70/617,Q1,88.74,0.00167,0.37219,0.607,89.5,Q2,237/575,189,100.00%,2.7,4.9,189
JOURNAL OF EVOLUTIONARY ECONOMICS,J EVOL ECON,SPRINGER,1989-9882,1432-1386,ECONOMICS,SSCI,1868,1.8,Q2,0.47,52.29%,234/617,2.1,Q2,1.6,0.7,307/617,Q2,50.32,0.00106,0.23745,0.54,62.2,Q2,264/575,29,100.00%,11.3,13.3,29
WORLD BANK RESEARCH OBSERVER,WORLD BANK RES OBSER,OXFORD UNIV PRESS,2752-3349,1564-6971,ECONOMICS,SSCI,1867,3.3,Q1,2.13,32.35%,104/617,7.3,Q1,3.2,0.6,22/617,Q1,96.52,0.00131,0.29219,3.196,83.2,Q1,37/575,14,100.00%,13.3,6.8,14
Journal of the Association of Environmental and Resource Economists,J ASSOC ENVIRON RESO,UNIV CHICAGO PRESS,2752-5082,2333-5963,ECONOMICS,SSCI,1867,3.2,Q1,0.96,1.46%,111/617,4.4,Q1,3,1.2,138/617,Q1,77.71,0.00422,0.93972,2.699,82.1,Q1,46/575,54,100.00%,6,8.9,54
JOURNAL OF ECONOMIC ISSUES,J ECON ISSUES,"ROUTLEDGE JOURNALS, TAYLOR & FRANCIS LTD",2376-6808,1946-326X,ECONOMICS,SSCI,1844,0.8,Q3,0.27,15.50%,442/617,0.9,Q3,0.6,0.1,453/617,Q3,26.66,0.00065,0.14587,0.204,28.4,Q4,446/575,84,97.62%,16.4,14.6,82
Journal of Agrarian Change,J AGRAR CHANGE,WILEY,2236-3777,1471-0366,ECONOMICS,SSCI,1790,2.9,Q1,0.82,50.00%,129/617,2.9,Q2,2.6,0.3,165/617,Q2,73.34,0.00145,0.32304,0.892,79.2,Q2,166/575,29,100.00%,8.1,10.5,29
TIJDSCHRIFT VOOR ECONOMISCHE EN SOCIALE GEOGRAFIE,TIJDSCHR ECON SOC GE,WILEY,0040-747X,1467-9663,ECONOMICS,SSCI,1789,1.8,Q2,0.69,61.95%,234/617,2.8,Q2,1.4,1.1,217/617,Q2,64.91,0.00126,0.28099,0.754,62.2,Q2,192/575,38,100.00%,10.5,8.2,38
JOURNAL OF MATHEMATICAL ECONOMICS,J MATH ECON,ELSEVIER SCIENCE SA,0304-4068,1873-1538,ECONOMICS,SSCI,1779,0.7,Q3,0.3,30.74%,460/617,0.8,Q4,0.5,0.3,422/617,Q3,31.69,0.00192,0.42828,0.561,25.5,Q2,256/575,89,100.00%,14.5,17.2,89
American Economic Journal-Microeconomics,AM ECON J-MICROECON,AMER ECONOMIC ASSOC,2673-4133,1945-7685,ECONOMICS,SSCI,1767,2.1,Q2,0.68,0.00%,202/617,2.4,Q2,2.1,0.7,218/617,Q2,64.75,0.0078,1.73755,3.687,67.3,Q1,33/575,52,100.00%,8.4,12.3,52
Annual Review of Financial Economics,ANNU REV FINANC ECON,ANNUAL REVIEWS,2673-7159,1941-1375,ECONOMICS,SSCI,1746,5.2,Q1,1.15,38.16%,49/617,6.5,Q1,5.1,0.2,108/617,Q1,82.58,0.00462,1.02976,5.857,92.1,Q1,20/575,21,47.62%,7.5,7.9,10
Journal of Behavioral and Experimental Economics,J BEHAV EXP ECON,ELSEVIER SCIENCE INC,2214-8043,2214-8051,ECONOMICS,SSCI,1743,1.4,Q3,0.46,41.94%,309/617,1.8,Q2,1.3,0.3,314/617,Q3,49.19,0.00307,0.68367,0.686,50,Q2,207/575,123,100.00%,5.2,10.2,123
Review of International Economics,REV INT ECON,WILEY,2588-3526,1467-9396,ECONOMICS,SSCI,1737,1.4,Q3,0.39,30.11%,309/617,1.5,Q3,1.2,0.2,360/617,Q3,41.73,0.00128,0.28585,0.494,50,Q2,284/575,54,100.00%,10.3,10.9,54
Review of Economics of the Household,REV ECON HOUSEHOLD,SPRINGER,2950-5097,1573-7152,ECONOMICS,SSCI,1649,2.2,Q2,1.09,39.22%,189/617,3.3,Q1,2,0.2,117/617,Q1,81.12,0.00267,0.59488,1.226,69.4,Q1,116/575,63,100.00%,5,9.3,63
NATIONAL TAX JOURNAL,NATL TAX J,UNIV CHICAGO PRESS,0028-0283,1944-7477,ECONOMICS,SSCI,1645,1.3,Q3,0.41,1.05%,332/617,1.6,Q3,1.2,0.1,343/617,Q3,44.49,0.00204,0.45575,1.534,46.3,Q1,94/575,31,100.00%,18,6.8,31
KYKLOS,KYKLOS,WILEY,0023-5962,1467-6435,ECONOMICS,SSCI,1625,1.3,Q3,0.48,48.87%,332/617,1.8,Q2,1,0.3,302/617,Q2,51.13,0.00064,0.14319,0.536,46.3,Q2,267/575,59,100.00%,16,12,59
AUSTRALIAN JOURNAL OF AGRICULTURAL AND RESOURCE ECONOMICS,AUST J AGR RESOUR EC,WILEY,1467-8489,1467-8489,ECONOMICS,SSCI,1592,2.1,Q2,0.81,44.83%,202/617,3.4,Q1,2.1,0.4,170/617,Q2,72.53,0.00122,0.27353,0.71,67.3,Q2,203/575,44,100.00%,6.4,8.5,44
SOCIAL CHOICE AND WELFARE,SOC CHOICE WELFARE,SPRINGER,2305-6290,1432-217X,ECONOMICS,SSCI,1555,0.8,Q3,0.25,43.48%,442/617,0.8,Q4,0.8,0.2,463/617,Q4,25.04,0.00119,0.26605,0.445,28.4,Q3,299/575,72,100.00%,13,15.3,72
JOURNAL OF HOUSING ECONOMICS,J HOUS ECON,ACADEMIC PRESS INC ELSEVIER SCIENCE,1051-1377,1096-0791,ECONOMICS,SSCI,1536,2.4,Q2,0.7,26.47%,160/617,2.6,Q2,2.2,0.3,212/617,Q2,65.72,0.00139,0.30946,0.921,74.1,Q2,158/575,29,96.55%,8.6,8.8,28
Agribusiness,AGRIBUSINESS,WILEY,0742-4477,1520-6297,ECONOMICS,SSCI,1531,2,Q2,0.66,40.53%,212/617,2.6,Q2,1.8,0.4,231/617,Q2,62.64,0.00106,0.23722,0.451,65.7,Q3,296/575,113,100.00%,5.4,7.7,113
Journal of International Trade & Economic Development,J INT TRADE ECON DEV,"ROUTLEDGE JOURNALS, TAYLOR & FRANCIS LTD",2769-2140,1469-9559,ECONOMICS,SSCI,1526,2.2,Q2,0.67,3.81%,189/617,2.5,Q2,1.8,0.5,221/617,Q2,64.26,0.00102,0.22757,0.381,69.4,Q3,330/575,86,100.00%,5.2,8.7,86
China & World Economy,CHINA WORLD ECON,WILEY,1671-2234,1749-124X,ECONOMICS,SSCI,1499,3.6,Q1,1.21,11.56%,88/617,3.8,Q1,3.3,0.4,101/617,Q1,83.71,0.00114,0.25441,0.702,85.8,Q2,205/575,48,100.00%,5.6,8.8,48
EXPLORATIONS IN ECONOMIC HISTORY,EXPLOR ECON HIST,ACADEMIC PRESS INC ELSEVIER SCIENCE,2689-3010,1090-2457,ECONOMICS,SSCI,1488,1.7,Q2,1.56,40.71%,260/617,2.3,Q2,1.5,0.5,59/617,Q1,90.52,0.00204,0.45609,1.995,57.9,Q1,68/575,55,100.00%,12.9,16.1,55
REAL ESTATE ECONOMICS,REAL ESTATE ECON,WILEY,2658-7734,1540-6229,ECONOMICS,SSCI,1479,2,Q2,0.6,34.33%,212/617,2.1,Q2,1.7,0.4,255/617,Q2,58.75,0.00184,0.41046,0.949,65.7,Q2,155/575,45,100.00%,10.9,8.4,45
DEFENCE AND PEACE ECONOMICS,DEFENCE PEACE ECON,TAYLOR & FRANCIS LTD,1695-5498,1476-8267,ECONOMICS,SSCI,1468,1.6,Q2,0.45,22.60%,276/617,2.1,Q2,1.2,0.4,319/617,Q3,48.38,0.00152,0.33917,0.567,55.3,Q2,253/575,44,90.91%,5.9,9.6,40
INTERNATIONAL TAX AND PUBLIC FINANCE,INT TAX PUBLIC FINAN,SPRINGER,0927-5940,1573-6970,ECONOMICS,SSCI,1440,1.4,Q3,0.37,42.95%,309/617,1.5,Q3,1.2,0.3,373/617,Q3,39.63,0.0013,0.28961,0.553,50,Q2,258/575,54,98.15%,10.7,9.5,53
Journal of Institutional Economics,J I ECON,CAMBRIDGE UNIV PRESS,1744-1374,1744-1382,ECONOMICS,SSCI,1438,2.5,Q1,0.75,50.00%,153/617,2.4,Q2,2.3,0.6,196/617,Q2,68.31,0.00178,0.39751,0.819,75.3,Q2,182/575,34,94.12%,6.3,13.7,32
Economics Bulletin,ECON BULL,ECONOMICS BULLETIN,1545-2921,1545-2921,ECONOMICS,ESCI,1419,0.2,Q4,0.06,0.00%,575/617,0.4,Q4,0.2,0.1,591/617,Q4,4.29,0.00067,0.1492,0.074,6.9,Q4,529/575,97,100.00%,8.8,11.2,97
Health Economics Review,HEALTH ECON REV,BMC,2191-1991,2191-1991,ECONOMICS,SSCI,1408,3.3,Q1,0.89,99.53%,104/617,3,Q2,3.2,0.6,156/617,Q2,74.8,0.0016,0.35767,0.873,83.2,Q2,170/575,100,83.00%,5.4,7.5,83
American Economic Review-Insights,AM ECON REV INSIGHTS,AMER ECONOMIC ASSOC,2640-205X,2640-2068,ECONOMICS,SSCI,1400,6.7,Q1,2.18,0.00%,25/617,8.9,Q1,6.7,0.9,19/617,Q1,97,0.01271,2.82922,10.449,96,Q1,11/575,34,100.00%,3.6,7.4,34
Economic Systems Research,ECON SYST RES,"ROUTLEDGE JOURNALS, TAYLOR & FRANCIS LTD",0953-5314,1469-5758,ECONOMICS,SSCI,1398,1.6,Q2,0.64,24.19%,276/617,2.1,Q2,1.4,0.7,238/617,Q2,61.51,0.00072,0.16232,0.577,55.3,Q2,246/575,21,100.00%,11.3,8.5,21
Journal of Economic Inequality,J ECON INEQUAL,SPRINGERNATURE,2168-1007,1573-8701,ECONOMICS,SSCI,1335,2.4,Q2,0.92,51.08%,160/617,2.7,Q2,2.3,0.3,149/617,Q1,75.93,0.00163,0.36336,1.105,74.1,Q1,133/575,50,100.00%,8.6,10.6,50
International Environmental Agreements-Politics Law and Economics,INT ENVIRON AGREEM-P,SPRINGER,1567-9764,1573-1553,ECONOMICS,SSCI,1323,3.1,Q1,1.65,68.18%,117/617,2.9,Q2,2.9,0.8,56/617,Q1,91,0.00106,0.23711,0.762,81.1,Q2,189/575,32,100.00%,7.4,6.4,32
Journal of Sports Economics,J SPORT ECON,SAGE PUBLICATIONS INC,2719-3454,1552-7794,ECONOMICS,SSCI,1321,1.5,Q2,0.47,14.16%,293/617,1.9,Q2,1.3,0.2,307/617,Q2,50.32,0.00093,0.20879,0.53,52.6,Q2,271/575,39,100.00%,8.7,8.9,39
JOURNAL OF AFRICAN ECONOMIES,J AFR ECON,OXFORD UNIV PRESS,0963-8024,1464-3723,ECONOMICS,SSCI,1315,1.5,Q2,0.41,48.60%,293/617,1.7,Q2,1.3,0.4,343/617,Q3,44.49,0.00079,0.17792,0.625,52.6,Q2,232/575,33,100.00%,11,8.3,33
INTERNATIONAL JOURNAL OF GAME THEORY,INT J GAME THEORY,SPRINGER HEIDELBERG,0020-7276,1432-1270,ECONOMICS,SSCI,1305,0.4,Q4,0.19,38.10%,530/617,0.5,Q4,0.3,0.2,499/617,Q4,19.21,0.00052,0.11586,0.272,14.2,Q3,402/575,30,100.00%,25.9,19,30
IMF Economic Review,IMF ECON REV,PALGRAVE MACMILLAN LTD,2630-5488,2041-417X,ECONOMICS,SSCI,1301,2.2,Q2,0.8,0.00%,189/617,3.7,Q1,2.2,0.4,175/617,Q2,71.72,0.00246,0.54742,2.177,69.4,Q1,59/575,42,100.00%,7.1,9,42
Journal of Choice Modelling,J CHOICE MODEL,ELSEVIER SCI LTD,2245-408X,1755-5345,ECONOMICS,SSCI,1297,2.4,Q2,0.81,45.87%,160/617,3.7,Q1,2.1,1.1,170/617,Q2,72.53,0.0014,0.3131,1.048,74.1,Q1,139/575,39,92.31%,5.9,9.9,36
THEORY AND DECISION,THEOR DECIS,SPRINGER,0040-5833,1573-7187,ECONOMICS,SSCI,1296,0.6,Q4,0.26,41.56%,480/617,1,Q3,0.6,0.1,461/617,Q3,25.36,0.00143,0.31953,0.647,22.3,Q2,222/575,46,100.00%,13.4,17,46
SINGAPORE ECONOMIC REVIEW,SINGAP ECON REV,WORLD SCIENTIFIC PUBL CO PTE LTD,0217-5908,1793-6837,ECONOMICS,SSCI,1261,1.2,Q3,0.58,1.00%,349/617,1.3,Q3,1.2,0.7,260/617,Q2,57.94,0.00094,0.21046,0.186,43.5,Q4,454/575,129,100.00%,3.9,8.8,129
MACROECONOMIC DYNAMICS,MACROECON DYN,CAMBRIDGE UNIV PRESS,2636-8943,1469-8056,ECONOMICS,SSCI,1260,0.8,Q3,0.28,32.35%,442/617,0.9,Q3,0.8,0.2,442/617,Q3,28.44,0.0013,0.29133,0.333,28.4,Q3,360/575,77,100.00%,8.3,12,77
INFORMATION ECONOMICS AND POLICY,INF ECON POLICY,ELSEVIER,0167-6245,1873-5975,ECONOMICS,SSCI,1259,3.2,Q1,1.1,33.80%,111/617,4.1,Q1,3.1,0.2,115/617,Q1,81.44,0.00122,0.27163,1.266,82.1,Q1,110/575,20,100.00%,7.9,7.2,20
MANCHESTER SCHOOL,MANCH SCH,WILEY,2630-6220,1467-9957,ECONOMICS,SSCI,1240,1.1,Q3,0.28,38.78%,372/617,1.1,Q3,1,0.2,442/617,Q3,28.44,0.00054,0.121,0.36,39.8,Q3,344/575,38,97.37%,19.6,12.5,37
Oeconomia Copernicana,OECON COPERNIC,INST BADAN GOSPODARCZYCH,2368-9587,2353-1827,ECONOMICS,SSCI,1237,10.8,Q1,2.96,97.27%,6/617,5.9,Q1,10,2.2,8/617,Q1,98.78,0.00096,0.21395,0.691,99.1,Q2,206/575,37,94.59%,2.1,3.4,35
INTERNATIONAL LABOUR REVIEW,INT LABOUR REV,OPEN LIBRARY HUMANITIES,0020-7780,1564-913X,ECONOMICS,SSCI,1220,2.6,Q1,0.98,18.18%,145/617,2.1,Q2,2.4,0.7,133/617,Q1,78.53,0.00078,0.17367,0.637,76.6,Q2,226/575,30,96.67%,11.9,8,29
European Research on Management and Business Economics,EUR RES MANAG BUS EC,ELSEVIER SCI LTD,2444-8834,2444-8842,ECONOMICS,SSCI,1212,6.4,Q1,1.72,96.43%,27/617,6.7,Q1,5.8,1.2,45/617,Q1,92.79,0.00092,0.20688,0.912,95.7,Q2,159/575,32,93.75%,3.9,7.2,30
Competition & Change,COMPET CHANG,SAGE PUBLICATIONS LTD,2666-7215,1477-2221,ECONOMICS,SSCI,1209,3.4,Q1,0.87,55.45%,97/617,4.3,Q1,2.9,0.7,159/617,Q2,74.31,0.00211,0.47149,1.587,84.4,Q1,91/575,39,100.00%,4.8,6.7,39
Journal of Economics,J ECON,SPRINGER WIEN,0931-8658,1617-7134,ECONOMICS,SSCI,1206,1.7,Q2,0.27,28.13%,260/617,1.7,Q2,1.4,0.5,453/617,Q3,26.66,0.00061,0.13776,0.456,57.9,Q3,294/575,39,100.00%,12.7,14.8,39
REVIEW OF INDUSTRIAL ORGANIZATION,REV IND ORGAN,SPRINGER,0889-938X,1573-7160,ECONOMICS,SSCI,1198,0.7,Q3,0.24,36.30%,460/617,1.2,Q3,0.6,0.7,467/617,Q4,24.39,0.00142,0.31798,0.662,25.5,Q2,214/575,67,100.00%,11.7,13.4,67
AMERICAN JOURNAL OF ECONOMICS AND SOCIOLOGY,AM J ECON SOCIOL,WILEY,0002-9246,1536-7150,ECONOMICS,SSCI,1193,1,Q3,0.4,16.31%,391/617,1.2,Q3,0.9,0.6,353/617,Q3,42.87,0.00067,0.15022,0.356,36.7,Q3,346/575,42,100.00%,13.3,7.1,42
CONTEMPORARY ECONOMIC POLICY,CONTEMP ECON POLICY,WILEY,1074-3529,1465-7287,ECONOMICS,SSCI,1192,1.9,Q2,0.56,24.53%,225/617,1.4,Q3,1.9,0.2,267/617,Q2,56.81,0.00094,0.21084,0.535,63.6,Q2,268/575,42,100.00%,10.6,8.3,42
Journal of the Asia Pacific Economy,J ASIA PAC ECON,"ROUTLEDGE JOURNALS, TAYLOR & FRANCIS LTD",1354-7860,1469-9648,ECONOMICS,SSCI,1161,1.5,Q2,0.46,5.43%,293/617,1.9,Q2,1.3,0.4,314/617,Q3,49.19,0.00082,0.18267,0.33,52.6,Q3,361/575,84,92.86%,4.8,7.2,78
REVIEW OF WORLD ECONOMICS,REV WORLD ECON,SPRINGER,1610-2878,1610-2886,ECONOMICS,SSCI,1151,1.2,Q3,0.57,36.29%,349/617,1.8,Q2,1.2,0.2,262/617,Q2,57.62,0.00073,0.16444,0.517,43.5,Q2,276/575,53,100.00%,10.2,9.3,53
Agricultural and Food Economics,AGR FOOD ECON,SPRINGERNATURE,2193-7532,2193-7532,ECONOMICS,SSCI,1132,4.5,Q1,1.54,100.00%,63/617,4.7,Q1,4.3,0.8,62/617,Q1,90.03,0.00091,0.20286,0.749,89.9,Q2,193/575,48,85.42%,4.1,6,41
Journal of Contemporary Accounting & Economics,J CONTEMP ACCOUNT EC,ELSEVIER SCI LTD,1815-5669,1815-5669,ECONOMICS,SSCI,1130,2.9,Q1,0.87,13.41%,129/617,3.9,Q1,2.8,1,159/617,Q2,74.31,0.00066,0.148,0.633,79.2,Q2,227/575,33,100.00%,6.1,12,33
B E Journal of Economic Analysis & Policy,BE J ECON ANAL POLI,WALTER DE GRUYTER GMBH,2194-6108,1935-1682,ECONOMICS,SSCI,1127,0.8,Q3,0.24,21.50%,442/617,0.8,Q4,0.7,0.1,467/617,Q4,24.39,0.00061,0.13772,0.353,28.4,Q3,347/575,31,100.00%,13.9,11.7,31
Annals of Public and Cooperative Economics,ANN PUBLIC COOP ECON,WILEY,2631-7877,1467-8292,ECONOMICS,SSCI,1118,2.5,Q1,0.8,39.66%,153/617,2.3,Q2,2.2,0.3,175/617,Q2,71.72,0.00072,0.16085,0.414,75.3,Q3,310/575,25,100.00%,6.6,9.9,25
CANADIAN JOURNAL OF AGRICULTURAL ECONOMICS-REVUE CANADIENNE D AGROECONOMIE,CAN J AGR ECON,WILEY,0008-3976,1744-7976,ECONOMICS,SSCI,1110,2.1,Q2,0.91,45.45%,202/617,3.6,Q1,2,0.7,151/617,Q1,75.61,0.00069,0.1546,0.628,67.3,Q2,230/575,30,100.00%,6.8,9.5,30
REVIEW OF POLITICAL ECONOMY,REV POLIT ECON,TAYLOR & FRANCIS LTD,0953-8259,1465-3982,ECONOMICS,ESCI,1102,1.5,Q2,0.44,21.12%,293/617,1.5,Q3,1,0.7,325/617,Q3,47.41,0.00101,0.22634,0.441,52.6,Q3,302/575,86,100.00%,6.8,9.9,86
Journal of Behavioral Finance,J BEHAV FINANC,"ROUTLEDGE JOURNALS, TAYLOR & FRANCIS LTD",1542-7560,1542-7579,ECONOMICS,SSCI,1096,1.2,Q3,0.42,15.79%,349/617,2.3,Q2,1,0.3,335/617,Q3,45.79,0.00081,0.18049,0.491,43.5,Q2,285/575,34,100.00%,7.1,12.4,34
Quantitative Economics,QUANT ECON,WILEY,1759-7323,1759-7331,ECONOMICS,SSCI,1093,2.2,Q2,0.84,100.00%,189/617,2.6,Q2,2.1,0.5,163/617,Q2,73.66,0.00731,1.62794,4.326,69.4,Q1,27/575,33,100.00%,5.8,11.5,33
JOURNAL OF THE JAPANESE AND INTERNATIONAL ECONOMIES,J JPN INT ECON,ACADEMIC PRESS INC ELSEVIER SCIENCE,0889-1583,1095-8681,ECONOMICS,SSCI,1072,3.1,Q1,1.39,25.97%,117/617,2.8,Q2,2.9,0.3,79/617,Q1,87.28,0.00101,0.22534,0.816,81.1,Q2,183/575,21,100.00%,8,9.9,21
Journal of Cultural Economics,J CULT ECON,SPRINGER,0885-2545,1573-6997,ECONOMICS,SSCI,1072,2,Q2,0.96,48.48%,212/617,2.9,Q2,1.9,0.7,138/617,Q1,77.71,0.00093,0.207,0.872,65.7,Q2,171/575,21,100.00%,7.6,11.3,21
Economics & Politics,ECON POLIT-OXFORD,"WILEY PERIODICALS, INC",0954-1985,1468-0343,ECONOMICS,SSCI,1072,1.4,Q3,0.61,34.48%,309/617,1.7,Q2,1.2,0.4,249/617,Q2,59.72,0.00082,0.18269,0.742,50,Q2,195/575,53,100.00%,14.1,10.5,53
Astin Bulletin-The Journal of the International Actuarial Association,ASTIN BULL,CAMBRIDGE UNIV PRESS,0515-0361,1783-1350,ECONOMICS,SSCI,1071,1.8,Q2,0.75,45.88%,234/617,2.2,Q2,1.7,0.3,196/617,Q2,68.31,0.00127,0.28368,0.996,62.2,Q2,149/575,32,100.00%,9.2,10.4,32
FISCAL STUDIES,FISC STUD,WILEY,0143-5671,1475-5890,ECONOMICS,SSCI,1065,1.3,Q3,0.56,75.32%,332/617,3.4,Q1,1.2,0.4,267/617,Q2,56.81,0.00146,0.32669,1.418,46.3,Q1,102/575,34,97.06%,7.8,7.6,33
HISTORY OF POLITICAL ECONOMY,HIST POLIT ECON,DUKE UNIV PRESS,0018-2702,1527-1919,ECONOMICS,SSCI,1060,0.9,Q3,0.67,0.00%,421/617,1,Q3,0.8,0.3,221/617,Q2,64.26,0.00084,0.187,0.514,31.8,Q2,277/575,45,95.56%,16.7,38.7,43
Agricultural Economics-Zemedelska Ekonomika,AGR ECON-CZECH,CZECH ACADEMY AGRICULTURAL SCIENCES,0139-570X,1805-9295,ECONOMICS,SSCI,1058,1.8,Q2,1.05,100.00%,234/617,1.9,Q2,1.7,0.2,121/617,Q1,80.47,0.00056,0.12676,0.27,62.2,Q3,403/575,48,100.00%,6,5.7,48
Journal of Competitiveness,J COMPETITIVENESS,"UNIV TOMASE BATI & ZLINE, FAK MANAGEMENTU EKONOMIKY",1804-171X,1804-1728,ECONOMICS,SSCI,1055,2.6,Q1,1.05,78.03%,145/617,3.5,Q1,2.4,0.7,121/617,Q1,80.47,0.00067,0.15058,0.42,76.6,Q3,307/575,48,100.00%,4.3,5.6,48
JOURNAL OF ECONOMIC EDUCATION,J ECON EDUC,"ROUTLEDGE JOURNALS, TAYLOR & FRANCIS LTD",0022-0485,2152-4068,ECONOMICS,SSCI,1054,0.9,Q3,0.42,15.09%,421/617,1.4,Q3,0.7,0.2,335/617,Q3,45.79,0.0006,0.13528,0.45,31.8,Q3,298/575,35,94.29%,13.1,9.5,33
JOURNAL OF AGRICULTURAL AND RESOURCE ECONOMICS,J AGR RESOUR ECON,WESTERN AGRICULTURAL ECONOMICS ASSOC,2515-964X,2327-8285,ECONOMICS,SSCI,1051,1.4,Q3,0.45,0.00%,309/617,1.6,Q3,1.4,0.5,319/617,Q3,48.38,0.00057,0.1286,0.435,50,Q3,304/575,29,100.00%,12.4,11.4,29
JOURNAL OF POST KEYNESIAN ECONOMICS,J POST KEYNESIAN EC,"ROUTLEDGE JOURNALS, TAYLOR & FRANCIS LTD",0160-3477,1557-7821,ECONOMICS,SSCI,1034,1,Q3,0.29,13.64%,391/617,1.1,Q3,0.9,0.3,434/617,Q3,29.74,0.00037,0.08292,0.293,36.7,Q3,385/575,23,73.91%,17,14.4,17
International Review of Applied Economics,INT REV APPL ECON,"ROUTLEDGE JOURNALS, TAYLOR & FRANCIS LTD",0269-2171,1465-3486,ECONOMICS,ESCI,1030,1.6,Q2,0.44,22.96%,276/617,1.6,Q3,1.5,0.1,325/617,Q3,47.41,0.00056,0.12594,0.323,55.3,Q3,365/575,67,89.55%,8.8,10.6,60
ECONOMIC RECORD,ECON REC,WILEY,0013-0249,1475-4932,ECONOMICS,SSCI,1029,1.2,Q3,0.36,59.21%,349/617,1.2,Q3,1.1,<0.1,384/617,Q3,37.84,0.00051,0.11564,0.53,43.5,Q2,271/575,34,97.06%,14.9,9.5,33
CANADIAN PUBLIC POLICY-ANALYSE DE POLITIQUES,CAN PUBLIC POL,UNIV TORONTO PRESS INC,0317-0861,1911-9917,ECONOMICS,SSCI,1008,1.4,Q3,0.54,4.26%,309/617,1.9,Q2,0.9,0.3,283/617,Q2,54.21,0.00079,0.17786,0.565,50,Q2,254/575,31,100.00%,9.4,8.1,31
POST-SOVIET AFFAIRS,POST-SOV AFF,"ROUTLEDGE JOURNALS, TAYLOR & FRANCIS LTD",1060-586X,1938-2855,ECONOMICS,SSCI,1005,3,Q1,1.82,37.50%,125/617,2.8,Q2,2.9,0.8,35/617,Q1,94.41,0.00168,0.37382,1.408,79.8,Q1,103/575,28,100.00%,6.6,7.3,28
MATHEMATICAL SOCIAL SCIENCES,MATH SOC SCI,ELSEVIER,0165-4896,1879-3118,ECONOMICS,SSCI,1000,0.7,Q3,0.24,33.14%,460/617,0.6,Q4,0.6,0.1,467/617,Q4,24.39,0.00086,0.19144,0.357,25.5,Q3,345/575,59,100.00%,15.1,15.9,59
Theoretical Economics,THEOR ECON,ECONOMETRIC SOCIETY,1933-6837,1555-7561,ECONOMICS,SSCI,967,1.3,Q3,0.42,100.00%,332/617,1.4,Q3,1.2,0.5,335/617,Q3,45.79,0.00542,1.2071,2.872,46.3,Q1,43/575,48,100.00%,7.6,16,48
Amfiteatru Economic,AMFITEATRU ECON,EDITURA ASE,1582-9146,2247-9104,ECONOMICS,SSCI,966,2,Q2,0.54,91.40%,212/617,1.9,Q2,1.9,0.8,283/617,Q2,54.21,0.00057,0.12891,0.249,65.7,Q3,415/575,72,95.83%,4.5,4.3,69
Local Economy,LOCAL ECON,SAGE PUBLICATIONS LTD,0269-0942,1470-9325,ECONOMICS,ESCI,957,1.6,Q2,0.49,48.54%,276/617,1.8,Q2,1.4,0.3,298/617,Q2,51.78,0.00071,0.15996,0.442,55.3,Q3,301/575,25,92.00%,7.7,6.6,23
INTERNATIONAL REVIEW OF LAW AND ECONOMICS,INT REV LAW ECON,ELSEVIER SCIENCE INC,1805-4862,1873-6394,ECONOMICS,SSCI,955,1,Q3,0.75,22.00%,391/617,1.1,Q3,1,0.1,196/617,Q2,68.31,0.00066,0.14819,0.38,36.7,Q3,331/575,35,97.14%,10.7,12.4,34
Spatial Economic Analysis,SPAT ECON ANAL,"ROUTLEDGE JOURNALS, TAYLOR & FRANCIS LTD",1742-1772,1742-1780,ECONOMICS,SSCI,953,2.2,Q2,0.72,20.22%,189/617,2.4,Q2,1.6,1,208/617,Q2,66.37,0.00073,0.16267,0.656,69.4,Q2,217/575,35,100.00%,8.2,9.6,35
Economics & Sociology,ECON SOCIOL,CENTER SOCIOLOGICAL RESEARCH,2071-789X,2306-3459,ECONOMICS,ESCI,946,1.8,Q2,0.54,98.04%,234/617,1.6,Q3,1.4,0.4,283/617,Q2,54.21,0.0006,0.13554,0.209,62.2,Q4,442/575,63,100.00%,4.4,6.3,63
Journal of Commodity Markets,J COMMOD MARK,ELSEVIER,2405-8513,2405-8505,ECONOMICS,SSCI,943,4.5,Q1,1.36,30.32%,63/617,4,Q1,4.1,1.1,83/617,Q1,86.63,0.00104,0.23203,0.758,89.9,Q2,191/575,45,100.00%,2.7,6.7,45
Entrepreneurial Business and Economics Review,ENTREPR BUS ECON REV,CRACOW UNIV ECONOMICS,2353-883X,2353-8821,ECONOMICS,ESCI,941,3.4,Q1,1.19,91.54%,97/617,2.8,Q2,3.2,0.3,103/617,Q1,83.39,0.0007,0.15634,0.382,84.4,Q3,329/575,44,93.18%,4,6.1,41
Inzinerine Ekonomika-Engineering Economics,INZ EKON,KAUNAS UNIV TECHNOL,1392-2785,2029-5839,ECONOMICS,SSCI,938,2,Q2,0.81,98.33%,212/617,1.8,Q2,1.7,0.3,170/617,Q2,72.53,0.00037,0.08362,0.21,65.7,Q4,441/575,40,100.00%,7.1,6.5,40
Journal of Economic and Administrative Sciences,J ECONOM ADM SCI,EMERALD GROUP PUBLISHING LTD,1026-4116,2054-6246,ECONOMICS,ESCI,936,1.7,Q2,0.54,0.41%,260/617,2.2,Q2,1.6,0.5,283/617,Q2,54.21,0.00084,0.1887,0.296,57.9,Q3,379/575,71,97.18%,3.5,7.1,69
Journal of Agribusiness in Developing and Emerging Economies,J AGRIBUS DEV EMERG,EMERALD GROUP PUBLISHING LTD,2044-0839,2044-0847,ECONOMICS,ESCI,928,1.8,Q2,0.79,6.95%,234/617,2.3,Q2,1.5,0.4,183/617,Q2,70.42,0.0007,0.15654,0.288,62.2,Q3,390/575,43,100.00%,3.9,6.6,43
REVIEW OF RADICAL POLITICAL ECONOMICS,REV RADICAL POL ECON,SAGE PUBLICATIONS INC,0486-6134,1552-8502,ECONOMICS,SSCI,911,1.1,Q3,0.3,10.48%,372/617,1.4,Q3,0.9,0.2,422/617,Q3,31.69,0.00093,0.20904,0.577,39.8,Q2,246/575,45,97.78%,10.9,10.1,44
Asia-Pacific Journal of Accounting & Economics,ASIA-PAC J ACCOUNT E,"ROUTLEDGE JOURNALS, TAYLOR & FRANCIS LTD",1608-1625,2164-2257,ECONOMICS,SSCI,901,1.6,Q2,0.37,4.88%,276/617,1.7,Q2,1.5,0.3,373/617,Q3,39.63,0.00076,0.17115,0.293,55.3,Q3,385/575,51,100.00%,4.7,9.9,51
ECONOMIC DEVELOPMENT QUARTERLY,ECON DEV Q,SAGE PUBLICATIONS INC,0891-2424,1552-3543,ECONOMICS,SSCI,888,1.6,Q2,0.41,1.96%,276/617,1.7,Q2,1.5,<0.1,343/617,Q3,44.49,0.00048,0.10793,0.543,55.3,Q2,261/575,17,100.00%,12.1,12.3,17
NBER Macroeconomics Annual,NBER MACROECON ANNU,UNIV CHICAGO PRESS,0889-3365,1537-2642,ECONOMICS,SSCI,876,10.7,Q1,2.54,0.00%,7/617,11,Q1,10.4,1.2,12/617,Q1,98.14,0.00527,1.17266,22.998,98.9,Q1,2/575,5,100.00%,7.8,6.2,5
Journal of Agricultural and Applied Economics,J AGRIC APPL ECON,CAMBRIDGE UNIV PRESS,1074-0708,2056-7405,ECONOMICS,ESCI,876,1.1,Q3,0.48,100.00%,372/617,1.6,Q3,1,0.2,302/617,Q2,51.13,0.00046,0.10452,0.325,39.8,Q3,364/575,34,94.12%,10.4,9.6,32
Pharmacoeconomics-Open,PHARMACOECON-OPEN,SPRINGER INT PUBL AG,2509-4262,2509-4254,ECONOMICS,ESCI,871,2.1,Q2,0.64,100.00%,202/617,2,Q2,2,0.6,238/617,Q2,61.51,0.00192,0.42773,0.713,67.3,Q2,202/575,77,87.01%,3.6,6.4,67
European Journal of Management and Business Economics,EUR J MANAG BUS ECON,EMERALD GROUP PUBLISHING LTD,2691-1361,2444-8494,ECONOMICS,ESCI,861,3.7,Q1,1.16,99.19%,84/617,4.1,Q1,3.4,1.6,106/617,Q1,82.9,0.00058,0.12982,0.543,86.5,Q2,261/575,47,100.00%,4,7,47
World Development Perspectives,WORLD DEV PERSPECT,ELSEVIER,2452-2929,2452-2929,ECONOMICS,ESCI,859,2.3,Q2,0.66,30.98%,175/617,2.6,Q2,2.2,0.3,231/617,Q2,62.64,0.00124,0.27802,0.571,71.7,Q2,252/575,69,100.00%,4.1,7.7,69
Eurasian Business Review,EURASIAN BUS REV,SPRINGER HEIDELBERG,1309-4297,2147-4281,ECONOMICS,SSCI,856,3.5,Q1,1.03,43.68%,93/617,3.7,Q1,3.1,1.1,127/617,Q1,79.5,0.00068,0.1526,0.616,85,Q2,234/575,32,100.00%,4.6,10.8,32
Mineral Economics,MINER ECON,SPRINGER HEIDELBERG,2191-2203,2191-2211,ECONOMICS,ESCI,856,3.5,Q1,0.98,42.04%,93/617,3.5,Q1,3.1,1,133/617,Q1,78.53,0.00104,0.23178,0.659,85,Q2,216/575,58,98.28%,3.1,4.9,57
JOURNAL OF TRANSPORT ECONOMICS AND POLICY,J TRANSP ECON POLICY,UNIV BATH,0022-5258,1754-5951,ECONOMICS,SSCI,852,0.9,Q3,0.24,0.00%,421/617,0.8,Q4,0.9,<0.1,467/617,Q4,24.39,0.00012,0.0278,0.19,31.8,Q4,451/575,15,100.00%,19.6,11.9,15
Journal of Applied Economics,J APPL ECON,"ROUTLEDGE JOURNALS, TAYLOR & FRANCIS LTD",1514-0326,1667-6726,ECONOMICS,SSCI,851,2,Q2,0.55,98.66%,212/617,2.2,Q2,1.9,1,272/617,Q2,56,0.00061,0.1371,0.396,65.7,Q3,319/575,53,94.34%,4.9,9.2,50
International Journal of Ethics and Systems,INT J ETHICS SYST,EMERALD GROUP PUBLISHING LTD,2514-9369,2514-9377,ECONOMICS,ESCI,825,3.2,Q1,0.82,1.06%,111/617,3,Q2,2.6,0.4,165/617,Q2,73.34,0.0006,0.1353,0.322,82.1,Q3,367/575,76,89.47%,3.1,7.6,68
Environmental Economics and Policy Studies,ENVIRON ECON POLICY,SPRINGER,1432-847X,1867-383X,ECONOMICS,ESCI,825,2.1,Q2,0.62,28.89%,202/617,2.2,Q2,1.9,0.7,245/617,Q2,60.37,0.00061,0.1358,0.489,67.3,Q2,286/575,40,100.00%,6.6,7.3,40
Marine Resource Economics,MAR RESOUR ECON,UNIV CHICAGO PRESS,0738-1360,2334-5985,ECONOMICS,SSCI,821,1.7,Q2,0.57,0.00%,260/617,2.1,Q2,1.7,0.3,262/617,Q2,57.62,0.00043,0.09679,0.534,57.9,Q2,269/575,17,100.00%,11.6,9.9,17
OPEN ECONOMIES REVIEW,OPEN ECON REV,SPRINGER,0923-7992,1573-708X,ECONOMICS,SSCI,819,1,Q3,0.38,35.29%,391/617,1.5,Q3,0.9,0.2,366/617,Q3,40.76,0.00067,0.14927,0.377,36.7,Q3,336/575,50,100.00%,7.4,11.1,50
Education Finance and Policy,EDUC FINANC POLICY,MIT PRESS,1557-3060,1557-3079,ECONOMICS,SSCI,818,2,Q2,0.91,1.11%,212/617,2,Q2,1.9,0.6,151/617,Q1,75.61,0.00156,0.34919,1.298,65.7,Q1,108/575,22,100.00%,7.4,9.5,22
POST-COMMUNIST ECONOMIES,POST-COMMUNIST ECON,"ROUTLEDGE JOURNALS, TAYLOR & FRANCIS LTD",1463-1377,1465-3958,ECONOMICS,SSCI,818,1.8,Q2,0.71,22.00%,234/617,2,Q2,1.6,0.6,211/617,Q2,65.88,0.0007,0.1566,0.386,62.2,Q3,326/575,34,100.00%,5,7.7,34
Journal of Real Estate Research,J REAL ESTATE RES,TAYLOR & FRANCIS INC,0896-5803,2691-1175,ECONOMICS,SSCI,805,1.2,Q3,0.3,17.39%,349/617,1.2,Q3,1,0.6,422/617,Q3,31.69,0.00027,0.06208,0.292,43.5,Q3,388/575,22,100.00%,15.2,9.4,22
Journal of Pension Economics & Finance,J PENSION ECON FINAN,CAMBRIDGE UNIV PRESS,1474-7472,1475-3022,ECONOMICS,SSCI,796,0.9,Q3,0.38,47.22%,421/617,1.3,Q3,0.9,0.6,366/617,Q3,40.76,0.00068,0.15228,0.525,31.8,Q2,273/575,16,100.00%,9.9,11,16
Journal of Financial Counseling and Planning,J FINANC COUNS PLAN,SPRINGER PUBLISHING CO,1052-3073,1947-7910,ECONOMICS,ESCI,784,1.9,Q2,0.52,0.00%,225/617,2.2,Q2,0.9,0.3,291/617,Q2,52.92,0.00039,0.08752,0.341,63.6,Q3,355/575,27,96.30%,7.6,7.5,26
JOURNAL OF REGULATORY ECONOMICS,J REGUL ECON,SPRINGER,0922-680X,1573-0468,ECONOMICS,SSCI,781,1.4,Q3,0.44,27.91%,309/617,1.4,Q3,1.3,0.4,325/617,Q3,47.41,0.00028,0.06258,0.387,50,Q3,324/575,17,100.00%,14.4,11.6,17
Equilibrium-Quarterly Journal of Economics and Economic Policy,EQUILIBRIUM,INST ECONOMIC RESEARCH-POLAND,2245-408X,2353-3293,ECONOMICS,ESCI,779,6.2,Q1,1.75,95.33%,34/617,3.7,Q1,5.5,0.9,39/617,Q1,93.76,0.00058,0.12988,0.42,94.6,Q3,307/575,36,94.44%,2.5,4.2,34
JOURNAL OF ECONOMICS AND FINANCE,J ECON FINANC-US,SPRINGERNATURE,1055-0925,1938-9744,ECONOMICS,ESCI,775,1.5,Q2,0.51,18.88%,293/617,,,1.4,0.3,293/617,Q2,52.59,0.00049,0.11045,,52.6,,,43,97.67%,7.2,9.3,42
Transformations in Business & Economics,TRANSFORM BUS ECON,VILNIUS UNIV,1648-4460,,ECONOMICS,SSCI,771,1.6,Q2,0.37,0.00%,276/617,1.1,Q3,1.6,0.2,373/617,Q3,39.63,0.00049,0.10916,0.131,55.3,Q4,488/575,105,98.10%,3.6,5.6,103
SCOTTISH JOURNAL OF POLITICAL ECONOMY,SCOT J POLIT ECON,WILEY,0036-9292,1467-9485,ECONOMICS,SSCI,764,1.2,Q3,0.4,44.16%,349/617,1.1,Q3,1.2,0.1,353/617,Q3,42.87,0.00044,0.0982,0.367,43.5,Q3,341/575,33,100.00%,16.1,11.2,33
World Trade Review,WORLD TRADE REV,CAMBRIDGE UNIV PRESS,1474-7456,1475-3138,ECONOMICS,SSCI,763,2.3,Q2,1.35,43.24%,175/617,2.1,Q2,2.2,0.4,85/617,Q1,86.3,0.00112,0.25124,0.74,71.7,Q2,197/575,32,100.00%,5.7,6.8,32
Economic and Labour Relations Review,ECON LABOUR RELAT RE,CAMBRIDGE UNIV PRESS,2683-1007,1838-2673,ECONOMICS,SSCI,761,1.3,Q3,0.57,44.00%,332/617,1.9,Q2,1.3,0.3,262/617,Q2,57.62,0.0008,0.1796,0.58,46.3,Q2,244/575,46,100.00%,6.9,7.8,46
Research in Globalization,RES GLOB,ELSEVIER,2590-051X,2590-051X,ECONOMICS,ESCI,760,3.7,Q1,1.24,98.37%,84/617,,,3.5,1.5,98/617,Q1,84.2,0.00081,0.1803,,86.5,,,80,95.00%,1.9,6.1,76
European Review of Economic History,EUR REV ECON HIST,OXFORD UNIV PRESS,1361-4916,1474-0044,ECONOMICS,SSCI,757,1,Q3,0.98,33.33%,391/617,1.5,Q3,1,0.1,133/617,Q1,78.53,0.0015,0.33518,1.222,36.7,Q1,118/575,16,100.00%,11.3,17.5,16
Journal of Public Economic Theory,J PUBLIC ECON THEORY,WILEY,1097-3923,1467-9779,ECONOMICS,SSCI,733,0.9,Q3,0.34,30.60%,421/617,0.9,Q3,0.7,<0.1,399/617,Q3,35.41,0.00096,0.21404,0.393,31.8,Q3,321/575,36,100.00%,8,15.7,36
Metroeconomica,METROECONOMICA,WILEY,0026-1386,1467-999X,ECONOMICS,SSCI,730,0.9,Q3,0.29,20.59%,421/617,1.2,Q3,0.8,0.1,434/617,Q3,29.74,0.00064,0.14446,0.393,31.8,Q3,321/575,32,100.00%,9.2,13.4,32
Asian Journal of Technology Innovation,ASIAN J TECHNOL INNO,"ROUTLEDGE JOURNALS, TAYLOR & FRANCIS LTD",1976-1597,2158-6721,ECONOMICS,SSCI,723,1.7,Q2,0.42,8.16%,260/617,2.7,Q2,1.5,0.7,335/617,Q3,45.79,0.00046,0.10434,0.393,57.9,Q3,321/575,46,100.00%,4.8,9.2,46
Economics & Philosophy,ECON PHILOS,CAMBRIDGE UNIV PRESS,2666-7215,1474-0028,ECONOMICS,SSCI,721,1.5,Q2,0.46,65.38%,293/617,1.5,Q3,1.4,0.3,314/617,Q3,49.19,0.00101,0.22618,1.09,52.6,Q1,135/575,33,100.00%,14.7,14.3,33
Econometrics,ECONOMETRICS,MDPI,2225-1146,2225-1146,ECONOMICS,ESCI,719,1.4,Q3,0.38,100.00%,309/617,1.2,Q3,1.3,0.1,366/617,Q3,40.76,0.00092,0.20546,0.602,50,Q2,238/575,39,100.00%,7,11.3,39
PUBLIC FINANCE REVIEW,PUBLIC FINANC REV,SAGE PUBLICATIONS INC,1091-1421,1552-7530,ECONOMICS,ESCI,718,1,Q3,0.21,6.90%,391/617,0.9,Q3,0.9,0.1,485/617,Q4,21.47,0.0005,0.11256,0.424,36.7,Q3,306/575,21,100.00%,11.4,10.8,21
BULLETIN OF ECONOMIC RESEARCH,B ECON RES,WILEY,0307-3378,1467-8586,ECONOMICS,SSCI,708,1.2,Q3,0.32,28.38%,349/617,1.1,Q3,1.2,0.3,412/617,Q3,33.31,0.00049,0.10925,0.249,43.5,Q3,415/575,51,100.00%,10.6,12.7,51
Journal of the Economics of Ageing,J ECON AGEING,ELSEVIER,2212-828X,2212-8298,ECONOMICS,SSCI,707,2,Q2,0.74,37.76%,212/617,2.1,Q2,2,0.3,203/617,Q2,67.18,0.00119,0.26562,0.733,65.7,Q2,198/575,22,100.00%,4.8,9.1,22
South African Journal of Economic and Management Sciences,S AFR J ECON MANAG S,AOSIS,1015-8812,2222-3436,ECONOMICS,SSCI,702,1.4,Q3,0.35,99.02%,309/617,1.5,Q3,1.3,0.1,393/617,Q3,36.39,0.00026,0.0599,0.226,50,Q4,434/575,48,100.00%,6.8,8,48
European Journal of Law and Economics,EUR J LAW ECON,SPRINGER,0929-1261,1572-9990,ECONOMICS,SSCI,695,1.1,Q3,0.81,46.15%,372/617,1.2,Q3,1,0.3,170/617,Q2,72.53,0.00052,0.11778,0.366,39.8,Q3,342/575,37,97.30%,8.9,10.8,36
African Journal of Economic and Management Studies,AFR J ECON MANAG STU,EMERALD GROUP PUBLISHING LTD,2040-0705,2040-0713,ECONOMICS,ESCI,686,1.9,Q2,0.56,9.40%,225/617,1.9,Q2,1.6,0.3,267/617,Q2,56.81,0.00037,0.0833,0.225,63.6,Q4,436/575,54,100.00%,4.9,6.2,54
REVIEW OF SOCIAL ECONOMY,REV SOC ECON,"ROUTLEDGE JOURNALS, TAYLOR & FRANCIS LTD",0034-6764,1470-1162,ECONOMICS,ESCI,686,1.2,Q3,0.41,27.27%,349/617,1.1,Q3,1.2,0.5,343/617,Q3,44.49,0.0007,0.15648,0.582,43.5,Q2,243/575,11,100.00%,14.3,12.1,11
Journal of Management Science and Engineering,J MANAGE SCI ENG,KEAI PUBLISHING LTD,2032-5355,2589-5532,ECONOMICS,ESCI,680,3.7,Q1,1.25,94.95%,84/617,,,3.5,0.7,96/617,Q1,84.52,0.0009,0.20203,,86.5,,,32,96.88%,3.3,6.6,31
Journal of Financial Economic Policy,J FINAN ECON POLICY,EMERALD GROUP PUBLISHING LTD,1757-6385,1757-6393,ECONOMICS,ESCI,673,1.8,Q2,0.5,3.54%,234/617,1.7,Q2,1.5,0.3,296/617,Q2,52.11,0.00034,0.07744,0.231,62.2,Q4,432/575,58,100.00%,6,7.4,58
JAPAN AND THE WORLD ECONOMY,JPN WORLD ECON,ELSEVIER,0922-1425,1879-2006,ECONOMICS,SSCI,662,1.2,Q3,0.45,21.79%,349/617,1.6,Q3,1.1,0.3,319/617,Q3,48.38,0.00052,0.11677,0.461,43.5,Q3,291/575,25,100.00%,10.7,9.8,25
Journal of Finance and Data Science,J FINANCE DATA SCI,KEAI PUBLISHING LTD,2405-9188,2405-9188,ECONOMICS,ESCI,642,3.9,Q1,0.82,100.00%,77/617,,,3.8,0.6,165/617,Q2,73.34,0.00089,0.20002,,87.6,,,19,100.00%,4.5,6.9,19
Research in Economics,RES ECON,ELSEVIER SCI LTD,1090-9443,1090-9451,ECONOMICS,ESCI,636,1.3,Q3,0.33,20.87%,332/617,1.1,Q3,1.3,0.3,405/617,Q3,34.44,0.00045,0.10124,0.379,46.3,Q3,332/575,53,100.00%,8.3,12.5,53
Journal of Forest Economics,J FOREST ECON,NOW PUBLISHERS INC,1104-6899,1618-1530,ECONOMICS,SSCI,632,0.7,Q3,0.36,0.00%,460/617,1,Q3,0.7,0.1,384/617,Q3,37.84,0.00014,0.03227,0.255,25.5,Q3,412/575,14,100.00%,10.7,9,14
JOURNAL OF INSTITUTIONAL AND THEORETICAL ECONOMICS-ZEITSCHRIFT FUR DIE GESAMTE STAATSWISSENSCHAFT,J INST THEOR ECON,J C B MOHR,0932-4569,1614-0559,ECONOMICS,SSCI,632,0.2,Q4,0.18,0.00%,575/617,0.4,Q4,0.2,0.9,508/617,Q4,17.75,0.00019,0.04422,0.18,6.9,Q4,459/575,28,100.00%,22.4,11.8,28
Empirica,EMPIRICA,SPRINGER,0340-8744,1573-6911,ECONOMICS,SSCI,629,1.8,Q2,0.58,51.43%,234/617,1.6,Q3,1.7,0.2,260/617,Q2,57.94,0.0005,0.11298,0.349,62.2,Q3,352/575,38,100.00%,6.4,10.7,38
SOUTH AFRICAN JOURNAL OF ECONOMICS,S AFR J ECON,WILEY,0038-2280,1813-6982,ECONOMICS,SSCI,626,0.9,Q3,0.4,49.25%,421/617,1.3,Q3,0.9,0.2,353/617,Q3,42.87,0.00029,0.0656,0.294,31.8,Q3,382/575,21,100.00%,8.9,9,21
China Economic Journal,CHINA ECON J,"ROUTLEDGE JOURNALS, TAYLOR & FRANCIS LTD",1753-8963,1753-8971,ECONOMICS,ESCI,618,2.3,Q2,0.94,6.45%,175/617,3.5,Q1,2.2,0.3,144/617,Q1,76.74,0.00053,0.11963,0.709,71.7,Q2,204/575,29,100.00%,5,7.4,29
Economic Computation and Economic Cybernetics Studies and Research,ECON COMPUT ECON CYB,EDITURA ASE,0424-267X,1842-3264,ECONOMICS,SSCI,617,1,Q3,0.34,96.15%,391/617,0.9,Q3,0.8,0.1,399/617,Q3,35.41,0.00032,0.07126,0.106,36.7,Q4,502/575,79,100.00%,5.3,5.8,79
Journal of Economic Methodology,J ECON METHODOL,"ROUTLEDGE JOURNALS, TAYLOR & FRANCIS LTD",1350-178X,1469-9427,ECONOMICS,SSCI,614,1.8,Q2,0.52,38.46%,234/617,1.6,Q3,1.5,<0.1,291/617,Q2,52.92,0.00067,0.14916,0.725,62.2,Q2,199/575,17,100.00%,8.8,15.5,17
Climate Change Economics,CLIM CHANG ECON,WORLD SCIENTIFIC PUBL CO PTE LTD,2010-0078,2010-0086,ECONOMICS,SSCI,606,2.4,Q2,0.89,10.23%,160/617,2.2,Q2,2.3,0.5,156/617,Q2,74.8,0.00047,0.10574,0.51,74.1,Q2,278/575,34,100.00%,6.7,5.9,34
Asian Economic Policy Review,ASIAN ECON POLICY R,WILEY,1832-8105,1748-3131,ECONOMICS,SSCI,605,7,Q1,1.42,25.71%,20/617,5.3,Q1,6.9,3.8,76/617,Q1,87.76,0.00063,0.14082,1.214,96.8,Q1,119/575,13,7.69%,4.3,2.9,1
FEDERAL RESERVE BANK OF ST LOUIS REVIEW,FED RESERVE BANK ST,FEDERAL RESERVE BANK ST LOUIS,0014-9187,2163-4505,ECONOMICS,SSCI,603,1.4,Q3,0.68,3.92%,309/617,2,Q2,1.4,0.3,218/617,Q2,64.75,0.00057,0.12903,0.844,50,Q2,176/575,16,100.00%,12.1,10.5,16
International Review of Economics Education,INT REV ECON EDUC,ELSEVIER SCI LTD,1477-3880,2352-4421,ECONOMICS,SSCI,602,1.4,Q3,0.61,26.32%,309/617,1.5,Q3,1,0.1,249/617,Q2,59.72,0.00028,0.06347,0.322,50,Q3,367/575,19,100.00%,14.1,8.2,19
Eastern Economic Journal,EAST ECON J,PALGRAVE MACMILLAN LTD,0094-5056,1939-4632,ECONOMICS,ESCI,597,0.5,Q4,0.28,13.16%,495/617,0.9,Q3,0.5,0.2,442/617,Q3,28.44,0.00035,0.08004,0.337,19.9,Q3,359/575,25,100.00%,15.1,14.3,25
Journal of Wine Economics,J WINE ECON,CAMBRIDGE UNIV PRESS,1931-4361,1931-437X,ECONOMICS,SSCI,596,1.5,Q2,0.49,80.70%,293/617,1.6,Q3,1,0.5,298/617,Q2,51.78,0.00024,0.05363,0.299,52.6,Q3,376/575,21,100.00%,8.4,9.7,21
AUSTRALIAN ECONOMIC PAPERS,AUST ECON PAP,WILEY,0004-900X,1467-8454,ECONOMICS,SSCI,594,1.7,Q2,0.48,29.91%,260/617,1.8,Q2,1.7,0.5,302/617,Q2,51.13,0.00039,0.08683,0.307,57.9,Q3,374/575,50,100.00%,5.6,7.3,50
Journal of Economic Policy Reform,J ECON POLICY REFORM,"ROUTLEDGE JOURNALS, TAYLOR & FRANCIS LTD",1748-7870,1748-7889,ECONOMICS,SSCI,588,3.2,Q1,0.91,29.63%,111/617,2.4,Q2,2.8,0.9,151/617,Q1,75.61,0.00088,0.19634,0.833,82.1,Q2,179/575,22,95.45%,4.7,5.9,21
JOURNAL OF WORLD TRADE,J WORLD TRADE,KLUWER LAW INT,1011-6702,2210-2795,ECONOMICS,SSCI,582,1.2,Q3,0.76,0.00%,349/617,1.1,Q3,1.1,0.3,192/617,Q2,68.96,0.00058,0.13075,0.352,43.5,Q3,351/575,42,100.00%,7.6,6.5,42
Economics-The Open Access Open-Assessment E-Journal,ECONOMICS-KIEL,DE GRUYTER POLAND SP Z O O,1864-6042,1864-6042,ECONOMICS,SSCI,580,1.2,Q3,0.29,100.00%,349/617,1.2,Q3,1,0.8,434/617,Q3,29.74,0.00027,0.06216,0.274,43.5,Q3,401/575,72,93.06%,6.7,7,67
ECONOMIST-NETHERLANDS,ECONOMIST-NETHERLAND,SPRINGER,0013-063X,1572-9982,ECONOMICS,SSCI,576,2.3,Q2,0.35,61.70%,175/617,2,Q2,2.2,0.5,393/617,Q3,36.39,0.00054,0.12055,0.788,71.7,Q2,186/575,17,100.00%,12.3,8.1,17
Comparative Economic Studies,COMP ECON STUD,PALGRAVE MACMILLAN LTD,0888-7233,1478-3320,ECONOMICS,ESCI,570,1.5,Q2,0.44,25.76%,293/617,1.5,Q3,1.4,0.8,325/617,Q3,47.41,0.00045,0.10126,0.408,52.6,Q3,316/575,19,100.00%,7.9,11.6,19
BULLETIN OF INDONESIAN ECONOMIC STUDIES,B INDONES ECON STUD,"ROUTLEDGE JOURNALS, TAYLOR & FRANCIS LTD",0007-4918,1472-7234,ECONOMICS,SSCI,568,2.3,Q2,1.78,23.08%,175/617,2.9,Q2,2,0.4,37/617,Q1,94.08,0.00056,0.12651,1.09,71.7,Q1,135/575,12,91.67%,8.3,5.8,11
Econometrics and Statistics,ECONOMET STAT,ELSEVIER,2468-0389,2452-3062,ECONOMICS,ESCI,567,2.5,Q1,0.97,17.29%,153/617,2,Q2,2.4,1.2,137/617,Q1,77.88,0.00165,0.36817,1.016,75.3,Q2,144/575,39,100.00%,3,14.2,39
INTERNATIONAL ECONOMIC JOURNAL,INT ECON J,TAYLOR & FRANCIS LTD,1016-8737,1743-517X,ECONOMICS,ESCI,566,1.2,Q3,0.39,3.16%,349/617,1.3,Q3,1.2,0.2,360/617,Q3,41.73,0.00033,0.07352,0.257,43.5,Q3,409/575,33,100.00%,8.3,10.4,33
Cepal Review,CEPAL REV,COMISION ECONOMICA PARA AMERICA LATINA Y EL CARIBE,0251-2920,1684-0348,ECONOMICS,SSCI,565,0.4,Q4,0.03,0.00%,530/617,0.7,Q4,0.3,0.1,605/617,Q4,2.03,0.00028,0.06313,0.233,14.2,Q3,431/575,40,97.50%,13.9,12.2,39
Journal of Chinese Economic and Business Studies,J CHIN ECON BUS STUD,"ROUTLEDGE JOURNALS, TAYLOR & FRANCIS LTD",1476-5284,1476-5292,ECONOMICS,ESCI,563,3.7,Q1,0.93,20.00%,84/617,2.6,Q2,3.6,0.1,147/617,Q1,76.26,0.00054,0.12068,0.52,86.5,Q2,275/575,19,100.00%,4,6.8,19
Journal of Economics Finance and Administrative Science,J ECON FINANC ADM SC,EMERALD GROUP PUBLISHING LTD,2077-1886,2218-0648,ECONOMICS,ESCI,560,1.9,Q2,0.67,100.00%,225/617,,,1.5,0.9,221/617,Q2,64.26,0.00034,0.07662,,63.6,,,19,100.00%,4.8,8.7,19
Banks and Bank Systems,BANKS BANK SYST,LLC CPC BUSINESS PERSPECTIVES,1816-7403,1991-7074,ECONOMICS,ESCI,554,1,Q3,0.32,97.78%,391/617,,,0.8,0.3,412/617,Q3,33.31,0.00023,0.05266,,36.7,,,78,100.00%,4.4,5.3,78
STUDIES IN NONLINEAR DYNAMICS AND ECONOMETRICS,STUD NONLINEAR DYN E,WALTER DE GRUYTER GMBH,1081-1826,1558-3708,ECONOMICS,SSCI,554,0.9,Q3,0.26,16.67%,421/617,0.8,Q4,0.7,0.4,461/617,Q3,25.36,0.00043,0.09775,0.278,31.8,Q3,396/575,34,94.12%,9.4,10.8,32
JAHRBUCHER FUR NATIONALOKONOMIE UND STATISTIK,JAHRB NATL STAT,WALTER DE GRUYTER GMBH,0021-4027,2366-049X,ECONOMICS,SSCI,552,1.1,Q3,0.41,54.84%,372/617,2,Q2,1,0.2,343/617,Q3,44.49,0.00144,0.32054,1.118,39.8,Q1,132/575,34,94.12%,5.6,9.5,32
Economia Politica,ECON POLIT-ITALY,SPRINGER INT PUBL AG,1120-2890,1973-820X,ECONOMICS,SSCI,545,2,Q2,0.61,58.00%,212/617,2,Q2,1.9,0.3,249/617,Q2,59.72,0.00075,0.16736,0.496,65.7,Q2,283/575,35,100.00%,4.3,10.9,35
Indian Journal of Labour Economics,INDIAN J LABOUR ECON,INDIAN SOC LABOUR ECONOMICS,0971-7927,0019-5308,ECONOMICS,ESCI,544,1.1,Q3,0.39,8.28%,372/617,1.4,Q3,0.9,0.1,360/617,Q3,41.73,0.00067,0.14931,0.312,39.8,Q3,372/575,71,100.00%,4.6,10.9,71
Australian Economic Review,AUST ECON REV,WILEY,0004-9018,1467-8462,ECONOMICS,SSCI,538,1,Q3,0.33,65.09%,391/617,1,Q3,1,0.3,405/617,Q3,34.44,0.00062,0.13834,0.414,36.7,Q3,310/575,33,100.00%,7.8,4.9,33
Transnational Corporations Review,TRANSNATL CORP REV,ELSEVIER SCIENCE INC,1918-6444,1925-2099,ECONOMICS,ESCI,531,1.8,Q2,0.48,63.22%,234/617,2.1,Q2,1.6,1,302/617,Q2,51.13,0.00042,0.09425,0.317,62.2,Q3,370/575,32,90.63%,4.3,10.3,29
Journal of Human Capital,J HUM CAPITAL,UNIV CHICAGO PRESS,1932-8575,1932-8664,ECONOMICS,SSCI,523,0.8,Q3,0.36,3.92%,442/617,1.3,Q3,0.8,0.4,384/617,Q3,37.84,0.00043,0.09658,0.646,28.4,Q2,223/575,18,100.00%,8.5,13.4,18
Pacific Economic Review,PAC ECON REV,WILEY,1361-374X,1468-0106,ECONOMICS,SSCI,523,0.7,Q3,0.3,15.52%,460/617,1.2,Q3,0.7,<0.1,422/617,Q3,31.69,0.00032,0.07339,0.276,25.5,Q3,397/575,11,100.00%,9.3,12,11
Journal of Benefit-Cost Analysis,J BENEFIT-COST ANAL,CAMBRIDGE UNIV PRESS,2194-5888,2152-2812,ECONOMICS,SSCI,522,1.8,Q2,0.67,58.33%,234/617,2.2,Q2,1.5,0.5,221/617,Q2,64.26,0.00091,0.20392,0.967,62.2,Q2,152/575,31,100.00%,5.6,8.4,31
JOURNAL OF ECONOMIC INTEGRATION,J ECON INTEGR,Center Economic Integration,1225-651X,1976-5525,ECONOMICS,ESCI,522,1,Q3,0.35,89.89%,391/617,1.2,Q3,1,0.2,393/617,Q3,36.39,0.00042,0.09487,0.409,36.7,Q3,315/575,38,100.00%,9.2,13.5,38
Review of Keynesian Economics,REV KEYNES ECON,EDWARD ELGAR PUBLISHING LTD,2049-5323,2049-5331,ECONOMICS,SSCI,517,2.7,Q1,0.79,0.00%,139/617,1.9,Q2,2.5,0.6,183/617,Q2,70.42,0.00066,0.14715,0.589,77.6,Q2,242/575,27,92.59%,5.3,10.7,25
International Journal of the Economics of Business,INT J ECON BUS,"ROUTLEDGE JOURNALS, TAYLOR & FRANCIS LTD",1357-1516,1466-1829,ECONOMICS,ESCI,513,0.9,Q3,0.3,26.32%,421/617,1.7,Q2,0.9,<0.1,422/617,Q3,31.69,0.0005,0.11341,0.672,31.8,Q2,212/575,15,86.67%,13.1,10.9,13
CHINESE ECONOMY,CHIN ECON,"ROUTLEDGE JOURNALS, TAYLOR & FRANCIS LTD",1097-1475,1558-0954,ECONOMICS,ESCI,508,1.8,Q2,0.45,12.05%,234/617,1.8,Q2,1.5,0.1,319/617,Q3,48.38,0.00033,0.074,0.288,62.2,Q3,390/575,43,100.00%,5.8,7.2,43
E & M Ekonomie a Management,E M EKON MANAG,TECHNICAL UNIV LIBEREC,1212-3609,2336-5064,ECONOMICS,SSCI,506,1.2,Q3,0.38,100.00%,349/617,1.1,Q3,1,0.4,366/617,Q3,40.76,0.00027,0.0609,0.137,43.5,Q4,486/575,54,100.00%,5.2,6.2,54
QME-Quantitative Marketing and Economics,QME-QUANT MARK ECON,SPRINGER,1570-7156,1573-711X,ECONOMICS,SSCI,503,1.1,Q3,0.51,41.86%,372/617,1.5,Q3,1.1,0.5,293/617,Q2,52.59,0.00088,0.19731,1.726,39.8,Q1,82/575,13,100.00%,12.5,9.9,13
Asia-Pacific Financial Markets,ASIA-PAC FINANC MARK,SPRINGER,1387-2834,1573-6946,ECONOMICS,ESCI,501,2.6,Q1,0.77,8.00%,145/617,2,Q2,1.8,0.5,189/617,Q2,69.45,0.00034,0.07567,0.239,76.6,Q3,425/575,66,98.48%,3,7.4,65
Journal of Industrial and Business Economics,J IND BUS ECON,SPRINGERNATURE,0391-2078,1972-4977,ECONOMICS,ESCI,501,2.5,Q1,0.65,40.87%,153/617,3,Q2,2.4,0.5,236/617,Q2,61.83,0.00096,0.21364,0.764,75.3,Q2,188/575,45,95.56%,4.1,9.5,43
EASTERN EUROPEAN ECONOMICS,EASTERN EUR ECON,"ROUTLEDGE JOURNALS, TAYLOR & FRANCIS LTD",0012-8775,1557-9298,ECONOMICS,SSCI,498,1.2,Q3,0.4,17.32%,349/617,1.3,Q3,1.1,0.1,353/617,Q3,42.87,0.00032,0.07319,0.249,43.5,Q3,415/575,37,100.00%,7.3,9.1,37
German Economic Review,GER ECON REV,WALTER DE GRUYTER GMBH,1465-6485,1468-0475,ECONOMICS,SSCI,497,1.4,Q3,0.38,15.91%,309/617,1.2,Q3,1.4,0.1,366/617,Q3,40.76,0.00056,0.12597,0.592,50,Q2,240/575,14,100.00%,10.6,11.2,14
CESifo Economic Studies,CESIFO ECON STUD,OXFORD UNIV PRESS,1610-241X,1612-7501,ECONOMICS,SSCI,496,0.9,Q3,0.31,21.15%,421/617,1.4,Q3,0.9,0.7,418/617,Q3,32.33,0.00042,0.09417,0.63,31.8,Q2,229/575,29,93.10%,8,8.9,27
INTERNATIONAL ECONOMICS AND ECONOMIC POLICY,INT ECON ECON POL,SPRINGER HEIDELBERG,1612-4804,1612-4812,ECONOMICS,ESCI,495,1.5,Q2,0.42,27.91%,293/617,1.4,Q3,1.5,0.4,335/617,Q3,45.79,0.00059,0.13247,0.486,52.6,Q2,287/575,34,100.00%,6.4,10.6,34
Journal of Economics and Development,J ECON DEV-VIETNAM,EMERALD GROUP PUBLISHING LTD,1859-0020,2632-5330,ECONOMICS,ESCI,494,4.3,Q1,1.54,100.00%,65/617,,,4.2,1.8,62/617,Q1,90.03,0.00044,0.09929,,89.5,,,26,100.00%,3.2,9.2,26
ECONOMIC AFFAIRS,ECON AFFA,WILEY,0265-0665,1468-0270,ECONOMICS,ESCI,490,1.8,Q2,0.21,35.44%,234/617,1.6,Q3,1.6,0.8,485/617,Q4,21.47,0.00039,0.08829,0.386,62.2,Q3,326/575,25,80.00%,6.3,7.9,20
Eurasian Economic Review,EURASIAN ECON REV,SPRINGER HEIDELBERG,1309-422X,2147-429X,ECONOMICS,ESCI,488,2.3,Q2,0.87,31.18%,175/617,2.7,Q2,1.9,0.9,159/617,Q2,74.31,0.00043,0.09718,0.395,71.7,Q3,320/575,43,100.00%,3.8,6.1,43
Innovation and Development,INNOV DEV,TAYLOR & FRANCIS LTD,2157-930X,2157-9318,ECONOMICS,ESCI,484,1.7,Q2,0.62,28.26%,260/617,1.8,Q2,1.6,0.3,245/617,Q2,60.37,0.00039,0.08896,0.34,57.9,Q3,356/575,14,100.00%,4.7,8.6,14
Economics of Transportation,ECON TRANSP,ELSEVIER,2212-0122,2212-0130,ECONOMICS,SSCI,484,1.7,Q2,0.61,30.00%,260/617,2.9,Q2,1.6,0.8,249/617,Q2,59.72,0.0006,0.13506,0.893,57.9,Q2,165/575,20,95.00%,5.5,8.9,19
Games,GAMES-BASEL,MDPI,2073-4336,2073-4336,ECONOMICS,ESCI,478,0.5,Q4,0.23,100.00%,495/617,0.7,Q4,0.4,0.1,474/617,Q4,23.26,0.00077,0.17334,0.281,19.9,Q3,392/575,45,97.78%,5.7,11.6,44
International Advances in Economic Research,INT ADV ECON RES,SPRINGER,1339-5629,1573-966X,ECONOMICS,ESCI,477,0.7,Q3,0.3,29.73%,460/617,1.2,Q3,0.7,0.3,422/617,Q3,31.69,0.00021,0.04846,0.226,25.5,Q4,434/575,34,100.00%,11,8.8,34
JAPANESE ECONOMIC REVIEW,JPN ECON REV,SPRINGER HEIDELBERG,1352-4739,1468-5876,ECONOMICS,SSCI,475,0.5,Q4,0.36,28.81%,495/617,1.2,Q3,0.5,0.9,384/617,Q3,37.84,0.00042,0.09412,0.369,19.9,Q3,339/575,31,100.00%,8.5,9.3,31
DEVELOPING ECONOMIES,DEV ECON,WILEY,0012-1533,1746-1049,ECONOMICS,SSCI,474,1.4,Q3,0.53,11.11%,309/617,1.6,Q3,1.3,0.1,288/617,Q2,53.4,0.00013,0.03029,0.302,50,Q3,375/575,15,100.00%,15.9,10.2,15
Contemporary Economics,CONTEMP ECON,UNIV ECONOMICS & HUMAN SCIENCES WARSAW,2084-0845,2300-8814,ECONOMICS,ESCI,467,2.3,Q2,0.72,81.40%,175/617,1.7,Q2,2.1,0.2,208/617,Q2,66.37,0.00024,0.05398,0.185,71.7,Q4,456/575,28,96.43%,4.5,7.2,27
Water Resources and Economics,WATER RESOUR ECON,ELSEVIER,2212-4284,2212-4284,ECONOMICS,SSCI,463,1.9,Q2,0.53,35.00%,225/617,2.4,Q2,1.9,0.4,288/617,Q2,53.4,0.00044,0.10001,0.537,63.6,Q2,266/575,18,100.00%,5.2,7.6,18
INTERNATIONAL JOURNAL OF POLITICAL ECONOMY,INT J POLIT ECON,"ROUTLEDGE JOURNALS, TAYLOR & FRANCIS LTD",0891-1916,1558-0970,ECONOMICS,ESCI,461,1.3,Q3,0.42,9.68%,332/617,1.7,Q2,1.2,0.5,335/617,Q3,45.79,0.00034,0.0757,0.439,46.3,Q3,303/575,24,100.00%,8.1,10.2,24
European Journal of the History of Economic Thought,EUR J HIST ECON THOU,"ROUTLEDGE JOURNALS, TAYLOR & FRANCIS LTD",0967-2567,1469-5936,ECONOMICS,SSCI,460,0.7,Q3,0.66,15.86%,460/617,0.7,Q4,0.5,0.1,231/617,Q2,62.64,0.00058,0.1297,0.315,25.5,Q3,371/575,52,98.08%,8.4,32.3,51
Global Economic Review,GLOBAL ECON REV,"ROUTLEDGE JOURNALS, TAYLOR & FRANCIS LTD",1226-508X,1744-3873,ECONOMICS,SSCI,458,2.6,Q1,0.7,0.00%,145/617,1.9,Q2,2.6,0.1,212/617,Q2,65.72,0.00026,0.05957,0.346,76.6,Q3,353/575,15,100.00%,7.9,9.8,15
International Finance,INT FINANC,WILEY,1367-0271,1468-2362,ECONOMICS,SSCI,453,1.5,Q2,0.4,4.08%,293/617,1.4,Q3,1.5,0.2,353/617,Q3,42.87,0.00031,0.06996,0.379,52.6,Q3,332/575,10,100.00%,10.2,9.5,10
Economics of Governance,ECON GOV,SPRINGER HEIDELBERG,1435-6104,1435-8131,ECONOMICS,SSCI,453,0.8,Q3,0.31,23.53%,442/617,1.1,Q3,0.8,0.3,418/617,Q3,32.33,0.00025,0.05712,0.378,28.4,Q3,334/575,14,100.00%,12.6,12.4,14
American Journal of Health Economics,AM J HEALTH ECON,UNIV CHICAGO PRESS,2332-3493,2332-3507,ECONOMICS,SSCI,451,2,Q2,1.08,3.03%,212/617,2.9,Q2,1.9,0.5,119/617,Q1,80.79,0.00157,0.35114,2.059,65.7,Q1,66/575,23,100.00%,4.3,8.8,23
Asian Economic Papers,ASIAN ECON PAP,MIT PRESS,1535-3516,1536-0083,ECONOMICS,SSCI,451,1.1,Q3,1.75,1.54%,372/617,2.1,Q2,0.9,0.3,39/617,Q1,93.76,0.00035,0.07868,0.461,39.8,Q3,291/575,32,100.00%,6.3,4.7,32
National Institute Economic Review,NATL INST ECON REV,CAMBRIDGE UNIV PRESS,0027-9501,1741-3036,ECONOMICS,ESCI,444,1,Q3,0.34,34.48%,391/617,1.1,Q3,0.9,0.1,399/617,Q3,35.41,0.00059,0.13332,0.506,36.7,Q2,280/575,9,100.00%,8.1,4.1,9
Baltic Journal of Economic Studies,BALT J ECON STUD,Baltija Publishing,2256-0742,2256-0963,ECONOMICS,ESCI,443,0.6,Q4,0.18,99.08%,480/617,0.5,Q4,0.3,0.2,508/617,Q4,17.75,0.00029,0.06501,0.057,22.3,Q4,547/575,180,100.00%,3.7,6,180
Montenegrin Journal of Economics,MONTENEGRIN J ECON,ECONOMIC LABORATORY TRANSITION RESEARCH PODGORICA-ELIT,1800-5845,1800-6698,ECONOMICS,ESCI,426,1,Q3,0.47,81.31%,391/617,0.9,Q3,1,0.3,307/617,Q2,50.32,0.00029,0.06534,0.111,36.7,Q4,498/575,80,100.00%,3.6,8.1,80
Journal of Entrepreneurship and Public Policy,J ENTREP PUBLIC POLI,EMERALD GROUP PUBLISHING LTD,2045-2101,2045-211X,ECONOMICS,ESCI,422,1.7,Q2,0.46,2.74%,260/617,2.1,Q2,1.5,0.5,314/617,Q3,49.19,0.00034,0.07664,0.369,57.9,Q3,339/575,35,97.14%,5.2,7.5,34
International Trade Journal,INT TRADE J,TAYLOR & FRANCIS LTD,0885-3908,1521-0545,ECONOMICS,ESCI,416,1.1,Q3,0.4,9.18%,372/617,,,1,0.6,353/617,Q3,42.87,0.00017,0.03918,,39.8,,,39,100.00%,6.7,12.3,39
Voprosy Ekonomiki,VOPR EKON,"VOPROSY EKONOMIKI, NP",0042-8736,0042-8736,ECONOMICS,ESCI,413,0.5,Q4,0.23,0.00%,495/617,0.5,Q4,0.4,0.1,474/617,Q4,23.26,0.00044,0.09849,0.12,19.9,Q4,494/575,88,98.86%,5.3,9.5,87
Journal of Competition Law & Economics,J COMPET LAW ECON,OXFORD UNIV PRESS,1744-6414,1744-6422,ECONOMICS,SSCI,412,1.2,Q3,0.91,26.42%,349/617,1.2,Q3,1.2,0.3,151/617,Q1,75.61,0.00051,0.11459,0.572,43.5,Q2,251/575,20,100.00%,7.7,10.6,20
CIRIEC-Espana Revista de Economia Publica Social y Cooperativa,CIRIEC,CIRIEC-ESPANA,0213-8093,1989-6816,ECONOMICS,ESCI,408,1.4,Q3,0.21,97.03%,309/617,1.3,Q3,1.1,0.5,485/617,Q4,21.47,0.00023,0.05155,0.186,50,Q4,454/575,35,100.00%,5.4,7.7,35
Economics of Energy & Environmental Policy,ECON ENERGY ENV POL,INT ASSOC ENERGY ECONOMICS,2160-5882,2160-5890,ECONOMICS,SSCI,407,1.2,Q3,0.35,9.09%,349/617,1.6,Q3,0.9,0.4,393/617,Q3,36.39,0.00032,0.07126,0.401,43.5,Q3,317/575,19,94.74%,7.4,6.3,18
American Law and Economics Review,AM LAW ECON REV,OXFORD UNIV PRESS INC,1465-7252,1465-7260,ECONOMICS,SSCI,404,0.8,Q3,0.75,6.45%,442/617,1.1,Q3,0.8,0.2,196/617,Q2,68.31,0.00056,0.12477,1.203,28.4,Q1,120/575,10,100.00%,13.9,15,10
Mathematics and Financial Economics,MATH FINANC ECON,SPRINGER HEIDELBERG,1862-9679,1862-9660,ECONOMICS,SSCI,398,1,Q3,0.34,40.00%,391/617,1.1,Q3,0.9,0.3,399/617,Q3,35.41,0.0006,0.13482,0.59,36.7,Q2,241/575,29,100.00%,7.2,12.4,29
REVUE ECONOMIQUE,REV ECON-FR,PRESSES FOND NAT SCI POLIT,0035-2764,1950-6694,ECONOMICS,ESCI,398,0.5,Q4,0.09,0.92%,495/617,0.6,Q4,0.5,0.1,570/617,Q4,7.7,0.00045,0.101,0.276,19.9,Q3,397/575,33,100.00%,10.2,13.3,33
Estudios Gerenciales,ESTUD GERENC,UNIV ICESI,0123-5923,0123-5923,ECONOMICS,ESCI,393,0.8,Q3,0.23,82.91%,442/617,0.9,Q3,0.6,0.1,474/617,Q4,23.26,0.00019,0.04393,0.116,28.4,Q4,495/575,37,97.30%,6.5,7.6,36
ATLANTIC ECONOMIC JOURNAL,ATLANTIC ECON J,SPRINGER,0197-4254,1573-9678,ECONOMICS,ESCI,393,0.8,Q3,0.19,18.03%,442/617,0.6,Q4,0.8,0.1,499/617,Q4,19.21,0.00015,0.03362,0.149,28.4,Q4,478/575,25,100.00%,12,8.6,25
Asia-Pacific Journal of Regional Science,ASIA-PAC J REG SCI,SPRINGERNATURE,2683-1007,2509-7954,ECONOMICS,ESCI,391,1.7,Q2,0.47,9.63%,260/617,1.6,Q3,1.6,0.1,307/617,Q2,50.32,0.00051,0.11491,0.294,57.9,Q3,382/575,41,100.00%,3.2,6.1,41
International Review of Environmental and Resource Economics,INT REV ENVIRON RESO,NOW PUBLISHERS INC,1932-1465,1932-1473,ECONOMICS,ESCI,388,1.1,Q3,0.3,0.00%,372/617,2.4,Q2,1.1,0.9,422/617,Q3,31.69,0.00031,0.06998,0.847,39.8,Q2,173/575,10,80.00%,9.5,10.3,8
Asian Economic Journal,ASIAN ECON J,WILEY,1351-3958,1467-8381,ECONOMICS,SSCI,378,1.1,Q3,0.28,12.73%,372/617,1.2,Q3,1.1,0.1,442/617,Q3,28.44,0.00017,0.04004,0.245,39.8,Q3,420/575,16,100.00%,11,8.5,16
Studies in Business and Economics,STUD BUS ECON-ROM,SCIENDO,1842-4120,2344-5416,ECONOMICS,ESCI,374,0.9,Q3,0.24,89.01%,421/617,0.8,Q4,0.9,0.1,467/617,Q4,24.39,0.00023,0.05337,0.101,31.8,Q4,505/575,60,100.00%,4.3,6.5,60
OPEC Energy Review,OPEC ENERGY REV,WILEY,1753-0229,1753-0237,ECONOMICS,ESCI,371,2.3,Q2,0.7,7.14%,175/617,2.1,Q2,2.2,0.2,212/617,Q2,65.72,0.00024,0.0549,0.269,71.7,Q3,404/575,22,100.00%,4.6,5.5,22
Asian Development Review,ASIAN DEVELOP REV,WORLD SCIENTIFIC PUBL CO PTE LTD,0116-1105,1996-7241,ECONOMICS,ESCI,369,1.1,Q3,0.36,56.25%,372/617,,,1,0.8,384/617,Q3,37.84,0.00036,0.08214,,39.8,,,25,100.00%,6.7,9.6,25
Journal of Economic Interaction and Coordination,J ECON INTERACT COOR,SPRINGER HEIDELBERG,1860-711X,1860-7128,ECONOMICS,SSCI,362,1,Q3,0.35,49.44%,391/617,1.1,Q3,0.8,0.3,393/617,Q3,36.39,0.00038,0.08669,0.275,36.7,Q3,399/575,38,100.00%,5.5,11.3,38
Annals of Economics and Finance,ANN ECON FINANC,WUHAN UNIV JOURNALS PRESS,1529-7373,1529-7373,ECONOMICS,SSCI,361,0.5,Q4,0.1,0.00%,495/617,0.4,Q4,0.4,0.1,559/617,Q4,9.48,0.00008,0.01809,0.098,19.9,Q4,507/575,24,100.00%,11.5,13.6,24
RISK MANAGEMENT AND INSURANCE REVIEW,RISK MANAG INSUR REV,WILEY,1098-1616,1540-6296,ECONOMICS,ESCI,358,1.4,Q3,0.38,42.62%,309/617,1.5,Q3,1.2,0.3,366/617,Q3,40.76,0.00024,0.05517,0.353,50,Q3,347/575,23,100.00%,8,10.6,23
World,WORLD-BASEL,MDPI,2673-4060,2673-4060,ECONOMICS,ESCI,356,1.9,Q2,0.94,100.00%,225/617,2,Q2,1.8,0.4,144/617,Q1,76.74,0.00048,0.10862,0.386,63.6,Q3,326/575,71,81.69%,2.5,5.8,58
B E Journal of Macroeconomics,BE J MACROECON,WALTER DE GRUYTER GMBH,2194-6116,1935-1690,ECONOMICS,SSCI,352,0.5,Q4,0.15,3.57%,495/617,0.5,Q4,0.4,0.2,526/617,Q4,14.83,0.0003,0.0682,0.262,19.9,Q3,407/575,18,100.00%,11.8,11.3,18
Journal of Social and Economic Development,J SOCIAL EC DEV,SPRINGER INDIA,0972-5792,2199-6873,ECONOMICS,ESCI,350,1,Q3,0.37,16.75%,391/617,1.3,Q3,0.9,0.2,373/617,Q3,39.63,0.00041,0.0923,0.248,36.7,Q3,419/575,92,100.00%,3.4,10.5,92
Journal of Asian Business and Economic Studies,J ASIAN BUS ECON ST,EMERALD GROUP PUBLISHING LTD,2515-964X,2515-964X,ECONOMICS,ESCI,348,3.6,Q1,1.1,96.88%,88/617,3.4,Q1,3.6,0.7,115/617,Q1,81.44,0.00033,0.07517,0.475,85.8,Q3,288/575,30,100.00%,3.4,9.3,30
Bio-based and Applied Economics,BIO-BASED APPL ECON,FIRENZE UNIV PRESS,2280-6180,2280-6172,ECONOMICS,ESCI,348,1.7,Q2,0.55,98.36%,260/617,2,Q2,1.4,1,272/617,Q2,56,0.00028,0.06398,0.414,57.9,Q3,310/575,21,95.24%,5,6.6,20
Journal of Health Economics and Outcomes Research,J HEALTH ECON OUTCOM,"COLUMBIA DATA ANALYTICS, LLC",2327-2236,2327-2236,ECONOMICS,ESCI,346,2.3,Q2,0.79,96.12%,175/617,,,2.2,0.2,183/617,Q2,70.42,0.00082,0.18425,,71.7,,,39,97.44%,3.2,6.5,38
Journal of Neuroscience Psychology and Economics,J NEUROSCI PSYCHOL E,EDUCATIONAL PUBLISHING FOUNDATION-AMERICAN PSYCHOLOGICAL ASSOC,1923-6530,2151-318X,ECONOMICS,SSCI,345,0.9,Q3,0.37,4.88%,421/617,0.8,Q4,0.9,0.5,373/617,Q3,39.63,0.00014,0.03221,0.254,31.8,Q3,413/575,10,100.00%,10.9,9,10
Portuguese Economic Journal,PORT ECON J,SPRINGER HEIDELBERG,1617-982X,1617-9838,ECONOMICS,SSCI,339,2.2,Q2,0.63,22.64%,189/617,1.7,Q2,2.1,0.1,243/617,Q2,60.7,0.00021,0.0476,0.308,69.4,Q3,373/575,15,100.00%,7.9,8,15
Journal of the Economic Science Association-JESA,J ECON SCI ASSOC-JES,CAMBRIDGE UNIV PRESS,2199-6784,2199-6776,ECONOMICS,ESCI,334,0.6,Q4,0.36,48.44%,480/617,1.2,Q3,0.5,0.2,384/617,Q3,37.84,0.00068,0.15199,1.005,22.3,Q2,147/575,28,100.00%,9,12.4,28
International Journal of Health Economics and Management,INT J HEALTH ECON MA,SPRINGER,2199-9023,2199-9031,ECONOMICS,SSCI,333,1.7,Q2,0.49,36.23%,260/617,1.9,Q2,1.7,0.2,298/617,Q2,51.78,0.00059,0.13241,0.649,57.9,Q2,221/575,25,100.00%,4.5,9.2,25
Romanian Journal of Economic Forecasting,ROM J ECON FORECAST,INST ECONOMIC FORECASTING,1582-6163,2537-6071,ECONOMICS,SSCI,333,1,Q3,0.29,0.00%,391/617,0.8,Q4,0.8,0.1,434/617,Q3,29.74,0.00014,0.03119,0.088,36.7,Q4,518/575,35,100.00%,6.3,8.7,35
Foresight and STI Governance,FORESIGHT STI GOV,NATL RESEARCH UNIV HIGHER SCH ECONOMICS,1995-459X,2500-2597,ECONOMICS,ESCI,332,1,Q3,0.29,84.09%,391/617,1.3,Q3,1,<0.1,434/617,Q3,29.74,0.00031,0.06913,0.267,36.7,Q3,405/575,29,96.55%,5.4,6.7,28
Investigaciones Regionales-Journal of Regional Research,INVESTIG REG,ASOC ESPANOLA CIENCIA REGIONAL-AECR,1695-7253,2340-2717,ECONOMICS,ESCI,327,1.3,Q3,0.28,88.24%,332/617,1,Q3,1.2,0.5,442/617,Q3,28.44,0.00026,0.05945,0.297,46.3,Q3,378/575,28,100.00%,6.9,10.5,28
Economic Papers,ECON PAP,WILEY,0812-0439,1759-3441,ECONOMICS,ESCI,326,0.9,Q3,0.28,36.36%,421/617,0.9,Q3,0.9,<0.1,442/617,Q3,28.44,0.0002,0.04635,0.208,31.8,Q4,443/575,16,100.00%,8.4,9.5,16
REVESCO-Revista de Estudios Cooperativos,REVESCO-REV ESTUD CO,"UNIV COMPLUTENSE MADRID, SERVICIO PUBLICACIONES",2956-7602,1135-6618,ECONOMICS,ESCI,326,0.9,Q3,0.23,97.65%,421/617,1,Q3,0.7,0.5,474/617,Q4,23.26,0.0002,0.04517,0.161,31.8,Q4,471/575,26,100.00%,5.4,7.2,26
Forum for Social Economics,FORUM SOC ECON,"ROUTLEDGE JOURNALS, TAYLOR & FRANCIS LTD",0736-0932,1874-6381,ECONOMICS,ESCI,325,1.2,Q3,0.31,17.59%,349/617,1.2,Q3,1,0.1,418/617,Q3,32.33,0.00031,0.06991,0.245,43.5,Q3,420/575,46,91.30%,4.6,9,42
International Journal of Management and Economics,INT J MANAG ECON,SCIENDO,2981-0795,2543-5361,ECONOMICS,ESCI,325,0.8,Q3,0.13,100.00%,442/617,1.2,Q3,0.8,0.1,537/617,Q4,13.05,0.00015,0.03508,0.162,28.4,Q4,469/575,34,100.00%,6.3,8.5,34
Annals of Financial Economics,ANN FINANC ECON,WORLD SCIENTIFIC PUBL CO PTE LTD,2010-4952,2010-4960,ECONOMICS,ESCI,322,3.6,Q1,1.27,0.00%,88/617,2.5,Q2,3.1,0.3,91/617,Q1,85.33,0.00015,0.0347,0.178,85.8,Q4,460/575,16,100.00%,2.9,6.7,16
Annals of Actuarial Science,ANN ACTUAR SCI,CAMBRIDGE UNIV PRESS,1748-4995,1748-5002,ECONOMICS,ESCI,322,1,Q3,0.55,64.79%,391/617,1.8,Q2,0.9,0.7,272/617,Q2,56,0.00072,0.1609,0.744,36.7,Q2,194/575,30,96.67%,3.9,9.7,29
Economic Notes,ECON NOTES,WILEY,0391-5026,1468-0300,ECONOMICS,ESCI,318,1.4,Q3,0.32,11.90%,309/617,1.2,Q3,1.4,<0.1,412/617,Q3,33.31,0.0002,0.04492,0.275,50,Q3,399/575,17,100.00%,9.1,8.2,17
Italian Economic Journal,ITAL ECON J,SPRINGER HEIDELBERG,2199-322X,2199-3238,ECONOMICS,ESCI,314,1.2,Q3,0.4,53.97%,349/617,1.4,Q3,1.1,0.5,353/617,Q3,42.87,0.00074,0.16559,0.564,43.5,Q2,255/575,48,97.92%,3.5,9.8,47
Cliometrica,CLIOMETRICA,SPRINGER HEIDELBERG,1863-2505,1863-2513,ECONOMICS,SSCI,313,0.7,Q3,1.73,57.14%,460/617,1.3,Q3,0.7,0.3,44/617,Q1,92.95,0.00086,0.19249,1.043,25.5,Q1,140/575,19,100.00%,6.9,18.7,19
ECONOMIC AND SOCIAL REVIEW,ECON SOC REV,ECONOMIC & SOCIAL STUDIES,0012-9984,0012-9984,ECONOMICS,SSCI,308,0.4,Q4,0.17,0.00%,530/617,0.6,Q4,0.4,0.2,515/617,Q4,16.61,0.00012,0.02723,0.178,14.2,Q4,460/575,19,100.00%,11.3,6.8,19
JOURNAL OF QUANTITATIVE ECONOMICS,J QUANT ECON,SPRINGER,0971-1554,2364-1045,ECONOMICS,ESCI,307,0.6,Q4,0.19,8.33%,480/617,0.8,Q4,0.6,0.2,499/617,Q4,19.21,0.00028,0.06392,0.155,22.3,Q4,477/575,67,100.00%,5.1,12.2,67
Prague Economic Papers,PRAGUE ECON PAP,Prague Univ Economics and Business,1210-0455,2336-730X,ECONOMICS,SSCI,305,1,Q3,0.25,98.77%,391/617,0.8,Q4,1,<0.1,463/617,Q4,25.04,0.00016,0.03697,0.131,36.7,Q4,488/575,29,96.55%,7,10.8,28
Series-Journal of the Spanish Economic Association,SERIES-J SPAN ECON,SPRINGER HEIDELBERG,1869-4187,1869-4195,ECONOMICS,SSCI,301,0.5,Q4,0.27,100.00%,495/617,1.2,Q3,0.5,0.4,453/617,Q3,26.66,0.00044,0.09981,0.573,19.9,Q2,250/575,9,100.00%,7.4,10.1,9
Panoeconomicus,PANOECONOMICUS,SAVEZ EKONOMISTA VOJVODINE,1452-595X,2217-2386,ECONOMICS,SSCI,299,0.8,Q3,0.3,98.70%,442/617,0.9,Q3,0.8,0.5,422/617,Q3,31.69,0.00021,0.0473,0.181,28.4,Q4,458/575,23,100.00%,6,14,23
ACTA OECONOMICA,ACTA OECON,AKADEMIAI KIADO ZRT,0001-6373,1588-2659,ECONOMICS,SSCI,299,0.7,Q3,0.2,28.85%,460/617,0.7,Q4,0.6,0.1,491/617,Q4,20.5,0.00022,0.05079,0.143,25.5,Q4,480/575,27,96.30%,6,8.8,26
SCANDINAVIAN ECONOMIC HISTORY REVIEW,SCAND ECON HIST REV,"ROUTLEDGE JOURNALS, TAYLOR & FRANCIS LTD",0358-5522,1750-2837,ECONOMICS,ESCI,292,1,Q3,0.22,76.67%,391/617,1,Q3,0.9,<0.1,481/617,Q4,22.12,0.00035,0.07932,0.501,36.7,Q2,282/575,12,100.00%,11.8,22.4,12
Review of Regional Studies,REV REG STUD,SOUTHERN REGIONAL SCIENCE ASSOC,0048-749X,1553-0892,ECONOMICS,ESCI,289,0.4,Q4,0.19,0.00%,530/617,0.7,Q4,0.4,<0.1,499/617,Q4,19.21,0.00014,0.03257,0.215,14.2,Q4,439/575,12,100.00%,10.6,7.2,12
Journal of Korea Trade,J KOREA TRADE,KOREA TRADE RESEARCH ASSOC,1229-828X,1229-828X,ECONOMICS,SSCI,285,1.2,Q3,0.27,0.00%,349/617,0.7,Q4,0.2,0.1,453/617,Q3,26.66,0.0001,0.02309,0.046,43.5,Q4,554/575,66,100.00%,3.2,8.7,66
Independent Review,INDEP REV,INDEPENDENT INST,1086-1653,2169-3420,ECONOMICS,SSCI,281,0.2,Q4,0.08,0.00%,575/617,0.2,Q4,0.2,0.2,576/617,Q4,6.73,0.00013,0.02981,0.104,6.9,Q4,504/575,15,93.33%,13.8,20.5,14
Journal of Demographic Economics,J DEMOGR ECON,CAMBRIDGE UNIV PRESS,2054-0892,2054-0906,ECONOMICS,SSCI,278,0.7,Q3,0.45,28.36%,460/617,1.4,Q3,0.7,0.2,319/617,Q3,48.38,0.0005,0.11151,0.561,25.5,Q2,256/575,25,100.00%,4.4,11.9,25
Review of Network Economics,REV NETW ECON,WALTER DE GRUYTER GMBH,2194-5993,1446-9022,ECONOMICS,SSCI,277,0.2,Q4,0.19,6.90%,575/617,0.6,Q4,0.2,<0.1,499/617,Q4,19.21,0.00004,0.01062,0.168,6.9,Q4,465/575,12,100.00%,16.6,14.2,12
Central Bank Review,CENT BANK REV,CENTRAL BANK REPUBLIC TURKEY,1303-0701,1305-8800,ECONOMICS,ESCI,275,1.2,Q3,0.44,97.62%,349/617,2.7,Q2,1.2,0.1,325/617,Q3,47.41,0.0002,0.04655,0.414,43.5,Q3,310/575,17,100.00%,4.8,7.5,17
Economic Annals-XXI,ECON ANN-XXI,INST SOC TRANSFORMATION,1728-6220,1728-6239,ECONOMICS,ESCI,274,0.3,Q4,0.12,84.38%,552/617,0.5,Q4,0.2,<0.1,542/617,Q4,12.24,0.00018,0.04146,0.063,10.6,Q4,540/575,10,100.00%,5.1,4.3,10
TRIMESTRE ECONOMICO,TRIMEST ECON,FONDO CULTURA ECONOMICA,0041-3011,0041-3011,ECONOMICS,SSCI,272,0.5,Q4,0.09,95.92%,495/617,0.5,Q4,0.4,0.1,570/617,Q4,7.7,0.00023,0.05194,0.167,19.9,Q4,466/575,29,96.55%,10.5,10.7,28
Review of Economics and Political Science,REV ECON POLIT SCI-R,EMERALD GROUP PUBLISHING LTD,2356-9980,2631-3561,ECONOMICS,ESCI,271,2.4,Q2,1.12,97.92%,160/617,,,2.4,0.4,111/617,Q1,82.09,0.00031,0.07077,,74.1,,,33,100.00%,2.5,10.3,33
Revista de Historia Economica-Journal of Iberian and Latin American Economic History,REV HIST ECON,CAMBRIDGE UNIV PRESS,0212-6109,2041-3335,ECONOMICS,SSCI,270,0.5,Q4,1.12,31.71%,495/617,0.9,Q3,0.5,0.1,111/617,Q1,82.09,0.00054,0.1204,0.778,19.9,Q2,187/575,14,100.00%,12,16.5,14
European Journal of Economics and Economic Policies-Intervention,EUR J ECON ECON POLI,EDWARD ELGAR PUBLISHING LTD,2052-7764,2052-7772,ECONOMICS,ESCI,269,1.4,Q3,0.37,50.77%,309/617,0.9,Q3,1.1,0.8,373/617,Q3,39.63,0.00023,0.05289,0.266,50,Q3,406/575,20,100.00%,6.9,8.5,20
Margin-Journal of Applied Economic Research,MARGIN,SAGE PUBLICATIONS INDIA PVT LTD,0973-8010,0973-8029,ECONOMICS,ESCI,269,0.3,Q4,0.19,9.38%,552/617,1.3,Q3,0.3,0.1,499/617,Q4,19.21,0.00014,0.03124,0.225,10.6,Q4,436/575,9,100.00%,7.7,7.6,9
Journal of Global Economic Analysis,J GLOB ECON ANAL,CENTER GLOBAL TRADE ANALYSIS,2377-2999,2377-2999,ECONOMICS,ESCI,263,2.6,Q1,0.61,0.00%,145/617,4,Q1,2.4,<0.1,249/617,Q2,59.72,0.00049,0.111,1.661,76.6,Q1,84/575,5,100.00%,5.8,6.6,5
REVUE D ECONOMIE POLITIQUE,REV ECON POLIT,EDITIONS DALLOZ,0373-2630,2105-2883,ECONOMICS,SSCI,261,0.5,Q4,0.2,0.00%,495/617,0.5,Q4,0.5,0.1,491/617,Q4,20.5,0.00026,0.05956,0.2,19.9,Q4,447/575,20,100.00%,8.9,18.9,20
Comparative Economic Research-Central and Eastern Europe,COMP ECON RES,LODZ UNIV PRESS,1508-2008,2082-6737,ECONOMICS,ESCI,257,0.5,Q4,0.18,100.00%,495/617,0.7,Q4,0.5,0.1,508/617,Q4,17.75,0.00015,0.03379,0.108,19.9,Q4,499/575,36,100.00%,6.1,8.1,36
Foreign Trade Review,FOREIGN TRADE REV,SAGE PUBLICATIONS INDIA PVT LTD,0015-7325,0971-7625,ECONOMICS,ESCI,256,1,Q3,0.27,5.49%,391/617,1.3,Q3,0.9,0.3,453/617,Q3,26.66,0.00026,0.05876,0.239,36.7,Q3,425/575,30,100.00%,4.4,11.1,30
Macroeconomics and Finance in Emerging Market Economies,MACROECON FINANC EME,"ROUTLEDGE JOURNALS, TAYLOR & FRANCIS LTD",1752-0843,1752-0851,ECONOMICS,ESCI,251,1.1,Q3,0.28,0.99%,372/617,0.9,Q3,1.1,0.4,442/617,Q3,28.44,0.00021,0.04705,0.187,39.8,Q4,453/575,37,97.30%,4.6,10.7,36
Water Economics and Policy,WATER ECON POLICY,WORLD SCIENTIFIC PUBL CO PTE LTD,2382-624X,2382-6258,ECONOMICS,SSCI,250,1.3,Q3,0.32,5.00%,332/617,1.2,Q3,1.2,0.3,412/617,Q3,33.31,0.00024,0.05419,0.241,46.3,Q3,424/575,22,90.91%,4.6,7.5,20
FinanzArchiv-European Journal of Public Finance,FINANZARCHIV,MOHR SIEBECK,0015-2218,1614-0974,ECONOMICS,SSCI,249,0.3,Q4,0.1,2.50%,552/617,0.4,Q4,0.3,0.3,559/617,Q4,9.48,0.00016,0.03634,0.295,10.6,Q3,380/575,12,100.00%,12.3,13.1,12
Indian Journal of Economics and Development,INDIAN J ECON DEV,SOC ECONOMICS & DEVELOPMENT,2277-5412,2322-0430,ECONOMICS,ESCI,249,0.2,Q4,0.06,0.00%,575/617,0.2,Q4,0.1,<0.1,591/617,Q4,4.29,0.0001,0.02227,0.025,6.9,Q4,566/575,82,95.12%,6.2,8.3,78
South East European Journal of Economics and Business,S E EUR J ECON BUS,WALTER DE GRUYTER GMBH,1840-118X,2233-1999,ECONOMICS,ESCI,244,1,Q3,0.33,98.51%,391/617,1.1,Q3,0.8,0.5,405/617,Q3,34.44,0.00013,0.02994,0.161,36.7,Q4,471/575,19,100.00%,5.8,10.8,19
Journal of International Commerce Economics and Policy,J INT COMMERCE E POL,WORLD SCIENTIFIC PUBL CO PTE LTD,1793-9933,1793-9941,ECONOMICS,ESCI,243,1.5,Q2,0.43,0.00%,293/617,1.2,Q3,1.1,0.3,332/617,Q3,46.27,0.00008,0.01907,0.122,52.6,Q4,493/575,30,100.00%,6.4,9,30
JOURNAL OF MEDIA ECONOMICS,J MEDIA ECON,"ROUTLEDGE JOURNALS, TAYLOR & FRANCIS LTD",0899-7764,1532-7736,ECONOMICS,SSCI,242,1.9,Q2,0.42,17.39%,225/617,1.3,Q3,1.7,0.1,335/617,Q3,45.79,0.00008,0.01907,0.452,63.6,Q3,295/575,9,100.00%,12.8,7.7,9
B E Journal of Theoretical Economics,BE J THEOR ECON,WALTER DE GRUYTER GMBH,2194-6124,1935-1704,ECONOMICS,SSCI,242,0.5,Q4,0.14,8.06%,495/617,0.6,Q4,0.5,0.2,533/617,Q4,13.7,0.00046,0.10371,0.353,19.9,Q3,347/575,12,100.00%,9,16.8,12
Indian Economic Review,INDIAN ECON REV,SPRINGERNATURE,0019-4670,2520-1778,ECONOMICS,ESCI,239,0.6,Q4,0.17,10.75%,480/617,,,0.5,0.1,515/617,Q4,16.61,0.00027,0.06068,,22.3,,,27,100.00%,7,11.6,27
Sosyoekonomi,SOSYOEKONOMI,SOSYOEKONOMI SOC,1305-5577,1305-5577,ECONOMICS,ESCI,238,0.4,Q4,0.13,98.90%,530/617,0.4,Q4,0.3,0.1,537/617,Q4,13.05,0.00018,0.04163,0.057,14.2,Q4,547/575,85,100.00%,4,9.9,85
Economia-Journal of the Latin American and Caribbean Economic Association,ECONOMIA,LSE Press,1533-6239,1533-6239,ECONOMICS,ESCI,227,1.4,Q3,0.2,96.30%,309/617,1.1,Q3,1.3,0.3,491/617,Q4,20.5,0.00008,0.01912,0.259,50,Q3,408/575,15,100.00%,11.7,9.2,15
EGE ACADEMIC REVIEW,EGE ACAD REV,"EGE UNIV, FAC ECONOMICS & ADMIN SCIENCES",1303-099X,1303-099X,ECONOMICS,ESCI,227,0.6,Q4,0.15,0.00%,480/617,0.5,Q4,0.6,<0.1,526/617,Q4,14.83,0.00011,0.02572,0.089,22.3,Q4,516/575,38,84.21%,8,10.4,32
Journal of Australian Political Economy,J AUST POLIT ECON,AUSTRALIAN POLITICAL ECONOMY MOVEMENT,0156-5826,1839-3675,ECONOMICS,SSCI,227,0.5,Q4,0.21,0.00%,495/617,1.8,Q2,0.5,0.3,485/617,Q4,21.47,0.00052,0.11574,0.793,19.9,Q2,185/575,19,100.00%,5.6,2.4,19
Global Economy Journal,GLOB ECON J,WORLD SCIENTIFIC PUBL CO PTE LTD,2194-5659,1553-5304,ECONOMICS,ESCI,225,1,Q3,0.33,0.00%,391/617,0.7,Q4,0.9,<0.1,405/617,Q3,34.44,0.00007,0.0177,0.113,36.7,Q4,496/575,5,80.00%,10.3,9.7,4
Economics and Business Review,ECON BUS REV-POL,SCIENDO,2392-1641,2450-0097,ECONOMICS,ESCI,220,1.6,Q2,0.41,96.55%,276/617,1.3,Q3,1.5,0.3,343/617,Q3,44.49,0.0002,0.04542,0.205,55.3,Q4,445/575,32,100.00%,3.6,6.5,32
Review of Regional Research-Jahrbuch fur Regionalwissenschaft,REV REG RES,SPRINGER HEIDELBERG,0173-7600,1613-9836,ECONOMICS,ESCI,220,1.5,Q2,0.51,68.89%,293/617,1.9,Q2,1.4,0.8,293/617,Q2,52.59,0.00024,0.05522,0.532,52.6,Q2,270/575,17,100.00%,4.9,7.8,17
Zbornik Radova Ekonomskog Fakulteta u Rijeci-Proceedings of Rijeka Faculty of Economics,ZB RAD EKON FAK RIJE,"UNIV RIJEKA, FAC ECOMOMICS",1331-8004,1846-7520,ECONOMICS,ESCI,220,0.7,Q3,0.19,96.49%,460/617,0.9,Q3,0.7,<0.1,499/617,Q4,19.21,0.00012,0.02777,0.141,25.5,Q4,482/575,19,94.74%,6.2,7.8,18
Hacienda Publica Espanola-Review of Public Economics,HACIENDA PUBLICA ESP,INST ESTUDIOS FISCALES,0210-1173,2386-4176,ECONOMICS,SSCI,219,0.5,Q4,0.18,97.01%,495/617,0.7,Q4,0.4,0.2,508/617,Q4,17.75,0.00013,0.03039,0.16,19.9,Q4,473/575,24,100.00%,8.2,11.5,24
Journal of Chinese Economic and Foreign Trade Studies,J CHIN ECON FOREIGN,EMERALD GROUP PUBLISHING LTD,1754-4408,1754-4416,ECONOMICS,ESCI,217,1.6,Q2,0.5,2.38%,276/617,1.6,Q3,1.6,0.4,296/617,Q2,52.11,0.00012,0.02833,0.237,55.3,Q3,429/575,14,100.00%,5,6.4,14
Review of Derivatives Research,REV DERIV RES,SPRINGER,1380-6645,1573-7144,ECONOMICS,SSCI,217,0.9,Q3,0.27,57.14%,421/617,0.8,Q4,0.9,0.4,453/617,Q3,26.66,0.00014,0.03122,0.329,31.8,Q3,362/575,8,100.00%,14.9,14.9,8
Journal of Southeast Asian Economies,J SOUTHEAST ASIAN EC,INST SOUTHEAST ASIAN STUDIES-ISEAS,2339-5095,2339-5206,ECONOMICS,ESCI,214,0.8,Q3,0.27,0.00%,442/617,1,Q3,0.8,0.1,453/617,Q3,26.66,0.00019,0.04242,0.257,28.4,Q3,409/575,15,100.00%,6.4,5.9,15
Investigacion Economica,INVEST ECON-MEX,"UNIV NACIONAL AUTONOMA MEXICO, FAC ECONOMIA",0185-1667,,ECONOMICS,SSCI,213,0.6,Q4,0.22,97.33%,480/617,0.7,Q4,0.5,0.1,481/617,Q4,22.12,0.00015,0.03537,0.185,22.3,Q4,456/575,28,100.00%,8.1,13.6,28
EKONOMICKY CASOPIS,EKON CAS,INST ECONOMICS RESEARCH SAS & INST FORECASTING CSPS SAS,0013-3035,0013-3035,ECONOMICS,SSCI,213,0.6,Q4,0.15,98.81%,480/617,0.4,Q4,0.6,<0.1,526/617,Q4,14.83,0.00012,0.02817,0.073,22.3,Q4,531/575,19,100.00%,6.4,10.3,19
PSL Quarterly Review,PSL Q REV,ASSOC PAOLO SYLOS LABINI,2037-3635,2037-3643,ECONOMICS,ESCI,211,0.8,Q3,0.29,0.00%,442/617,0.7,Q4,0.7,0.4,434/617,Q3,29.74,0.00021,0.04759,0.294,28.4,Q3,382/575,28,85.71%,7.9,12.3,24
Economics of Transition and Institutional Change,ECON TRANSIT I CHANG,WILEY,2577-6975,2577-6983,ECONOMICS,SSCI,209,1.3,Q3,0.38,15.04%,332/617,1.3,Q3,1.3,0.3,366/617,Q3,40.76,0.0004,0.09111,0.339,46.3,Q3,358/575,40,100.00%,2.8,11.7,40
Organizations and Markets in Emerging Economies,ORGAN MARKET EMERG E,VILNIUS UNIV,2029-4581,2345-0037,ECONOMICS,ESCI,209,1,Q3,0.28,93.24%,391/617,1.2,Q3,0.8,0.3,442/617,Q3,28.44,0.00015,0.03554,0.164,36.7,Q4,468/575,18,100.00%,4.3,6.7,18
Agricultural and Resource Economics-International Scientific E-Journal,AGR RESOUR EC INT SC,INST EASTERN EUROPEAN RESEARCH & CONSULTING,2414-584X,2414-584X,ECONOMICS,ESCI,205,1.1,Q3,0.47,92.41%,372/617,0.8,Q4,0.9,0.2,307/617,Q2,50.32,0.00016,0.03754,0.093,39.8,Q4,512/575,47,100.00%,2.7,5.2,47
Scientific Annals of Economics and Business,SCI ANN ECON BUS,ALEXANDRU IOAN CUZA UNIV IASI FAC ECONOMICS & BUSINESS ADM,2501-1960,2501-3165,ECONOMICS,ESCI,205,0.8,Q3,0.33,97.98%,442/617,0.8,Q4,0.7,0.2,405/617,Q3,34.44,0.00013,0.03078,0.098,28.4,Q4,507/575,30,100.00%,4.1,5.9,30
Terra Economicus,TERRA ECON,SOUTHERN FEDERAL UNIV,2073-6606,2073-6606,ECONOMICS,ESCI,204,0.9,Q3,0.29,99.07%,421/617,0.7,Q4,0.7,0.2,434/617,Q3,29.74,0.00034,0.07747,0.242,31.8,Q3,422/575,37,100.00%,4.2,7.5,37
Revista de Historia Industrial,REV HIST INDUST,"UNIV BARCELONA, DEPT HISTORIA, INST ECONOMIQUES",1132-7200,2385-3247,ECONOMICS,SSCI,201,0.5,Q4,0.55,95.35%,495/617,0.4,Q4,0.4,0.3,272/617,Q2,56,0.00018,0.04151,0.328,19.9,Q3,363/575,15,100.00%,10.2,15.1,15
AUSTRALIAN ECONOMIC HISTORY REVIEW,AUST ECON HIST REV,WILEY,0004-8992,1467-8446,ECONOMICS,SSCI,196,1.3,Q3,0.6,33.33%,332/617,0.9,Q3,1.3,,255/617,Q2,58.75,0.00018,0.04125,0.378,46.3,Q3,334/575,0,,11.1,,0
Economics and Business Letters,ECON BUS LETT,UNIV OVIEDO,2254-4380,2254-4380,ECONOMICS,ESCI,196,0.7,Q3,0.27,82.89%,460/617,0.8,Q4,0.6,0.2,453/617,Q3,26.66,0.00018,0.04033,0.141,25.5,Q4,482/575,20,100.00%,4.1,9.8,20
Custos e Agronegocio On Line,CUST AGRONEGOCIO,"UNIV FED RURAL PERNAMBUCO, DEPT ADMINISTRACAO",1808-2882,1808-2882,ECONOMICS,SSCI,196,0.1,Q4,0.07,0.00%,601/617,0.2,Q4,0.1,<0.1,587/617,Q4,4.94,0.00013,0.02896,0.034,2.7,Q4,563/575,12,100.00%,5.7,9.7,12
China Economic Quarterly International,CHINA ECON Q INT,KEAI PUBLISHING LTD,2666-9331,2666-9331,ECONOMICS,ESCI,194,2.7,Q1,0.82,95.52%,139/617,2.6,Q2,2.6,0.3,165/617,Q2,73.34,0.00031,0.07062,0.55,77.6,Q2,259/575,20,100.00%,2.4,7.6,20
Asian-Pacific Economic Literature,ASIAN-PAC ECON LIT,WILEY,0818-9935,1467-8411,ECONOMICS,SSCI,193,0.9,Q3,0.25,11.67%,421/617,0.9,Q3,0.7,0.1,463/617,Q4,25.04,0.0001,0.02395,0.172,31.8,Q4,462/575,33,100.00%,7.4,7.8,33
International Productivity Monitor,INT PRODUCT MONIT,CENTRE STUDY LIVING STANDARDS,1492-9759,1492-9767,ECONOMICS,ESCI,193,0.4,Q4,0.11,0.00%,530/617,0.9,Q3,0.4,0.3,549/617,Q4,11.1,0.00023,0.05313,0.414,14.2,Q3,310/575,11,100.00%,7.4,4.2,11
New Zealand Economic Papers,NEW ZEAL ECON PAP,TAYLOR & FRANCIS LTD,0077-9954,1943-4863,ECONOMICS,ESCI,188,0.7,Q3,0.37,30.77%,460/617,,,0.7,0.4,373/617,Q3,39.63,0.00016,0.03604,,25.5,,,31,100.00%,5.7,9,31
Review of Economic Design,REV ECON DES,SPRINGER HEIDELBERG,1434-4742,1434-4750,ECONOMICS,SSCI,188,0.5,Q4,0.16,27.66%,495/617,0.5,Q4,0.5,0.8,520/617,Q4,15.8,0.00042,0.09419,0.443,19.9,Q3,300/575,28,100.00%,9.4,7.6,28
Economic and Social Changes-Facts Trends Forecast,ECON SOC CHANG,INST SOCIO-ECONOMIC DEVELOPMENT TERRITORIES RUSSIAN ACAD SCIENCES-ISEDT RAS,2307-0331,2312-9824,ECONOMICS,ESCI,188,0.3,Q4,0.13,99.20%,552/617,0.3,Q4,0.2,0.1,537/617,Q4,13.05,0.00028,0.06295,0.083,10.6,Q4,522/575,77,100.00%,4.3,5.4,77
Zagreb International Review of Economics & Business,ZAGREB INT REV ECON,WALTER DE GRUYTER GMBH,1331-5609,1849-1162,ECONOMICS,ESCI,187,0.5,Q4,0.13,77.92%,495/617,0.5,Q4,0.4,<0.1,537/617,Q4,13.05,0.00006,0.01393,0.067,19.9,Q4,535/575,31,100.00%,6.4,11.3,31
Cuadernos de Economia,CUAD ECON-BOGOTA,"UNIV NAC COLOMBIA, FAC CIENCIAS ECONOMICAS, CUADERNOS ECONOMIA",0121-4772,2248-4337,ECONOMICS,ESCI,185,0.1,Q4,0.03,37.17%,601/617,0.3,Q4,0.1,0.2,605/617,Q4,2.03,0.00012,0.02675,0.091,2.7,Q4,513/575,51,96.08%,9.2,6.1,49
International Journal of Economic Sciences,INT J ECON SCI,Scientific Oasis Publisher,1804-9796,1804-9796,ECONOMICS,ESCI,184,2.4,Q2,0.7,2.08%,160/617,1.1,Q3,2.2,0.4,212/617,Q2,65.72,0.00011,0.02661,0.166,74.1,Q4,467/575,14,85.71%,3.8,4.8,12
Review of Behavioral Economics,REV BEHAV ECON,NOW PUBLISHERS INC,2326-6198,2326-6201,ECONOMICS,ESCI,184,0.5,Q4,0.21,0.00%,495/617,0.5,Q4,0.4,0.2,485/617,Q4,21.47,0.00014,0.03279,0.239,19.9,Q3,425/575,22,95.45%,6.8,11.5,21
Basic Income Studies,BASIC INCOME STUD,WALTER DE GRUYTER GMBH,2194-6094,1932-0183,ECONOMICS,ESCI,180,1.6,Q2,0.37,19.35%,276/617,1.7,Q2,1.4,0.5,373/617,Q3,39.63,0.00023,0.05214,0.674,55.3,Q2,210/575,15,100.00%,6.2,7,15
International Journal of Economic Theory,INT J ECON THEORY,WILEY,1742-7355,1742-7363,ECONOMICS,SSCI,179,0.7,Q3,0.21,20.55%,460/617,0.6,Q4,0.6,0.2,485/617,Q4,21.47,0.0002,0.04479,0.162,25.5,Q4,469/575,24,100.00%,5.7,14.5,24
African Review of Economics and Finance-AREF,AFR REV ECON FINANC,PORTHOLOGOS PRESS,2042-1478,2410-4906,ECONOMICS,ESCI,179,0.4,Q4,0.17,0.00%,530/617,0.6,Q4,0.4,<0.1,515/617,Q4,16.61,0.00007,0.01735,0.098,14.2,Q4,507/575,24,95.83%,7.9,11.4,23
Econ Journal Watch,ECON J WATCH,INST SPONTANEOUS ORDER ECONOMICS,1933-527X,1933-527X,ECONOMICS,SSCI,175,0.6,Q4,0.17,0.00%,480/617,0.5,Q4,0.4,0.2,515/617,Q4,16.61,0.0001,0.02408,0.199,22.3,Q4,449/575,17,94.12%,11.8,14,16
International Journal of Transport Economics,INT J TRANSP ECON,FABRIZIO SERRA EDITORE,0391-8440,,ECONOMICS,SSCI,175,0.5,Q4,0.12,0.00%,495/617,0.4,Q4,0.5,<0.1,542/617,Q4,12.24,0.00006,0.01367,0.09,19.9,Q4,514/575,9,100.00%,9,8.1,9
Environmental Economics,ENVIRON ECON,LLC CPC BUSINESS PERSPECTIVES,1998-6041,1998-605X,ECONOMICS,ESCI,173,1.3,Q3,0.37,100.00%,332/617,,,1,0.4,373/617,Q3,39.63,0.00006,0.01511,,46.3,,,32,96.88%,5.9,4.9,31
Applied Economic Analysis,APPL ECON ANAL,EMERALD GROUP PUBLISHING LTD,2632-7627,2632-7627,ECONOMICS,SSCI,172,2.5,Q1,0.78,100.00%,153/617,2.5,Q2,2.5,0.5,187/617,Q2,69.77,0.00024,0.05502,0.474,75.3,Q3,289/575,17,100.00%,3.2,10.8,17
International Review,INT REV,FAC BUSINESS ECONOMICS & ENTREPRENEURSHIP,2217-9739,2217-9739,ECONOMICS,ESCI,170,0.6,Q4,0.11,99.14%,480/617,0.6,Q4,0.4,<0.1,549/617,Q4,11.1,0.00017,0.03842,0.123,22.3,Q4,492/575,44,63.64%,4.7,7.3,28
Latin American Business Review,LAT AM BUS REV,TAYLOR & FRANCIS LTD,1097-8526,1528-6932,ECONOMICS,ESCI,169,0.7,Q3,0.3,0.00%,460/617,,,0.7,0.1,422/617,Q3,31.69,0.0001,0.02411,,25.5,,,12,100.00%,6.6,10.3,12
Oeconomia-History Methodology Philosophy,OECONOMIA,ASSOC OECONOMIA,2113-5207,2269-8450,ECONOMICS,ESCI,168,0.5,Q4,0.14,64.77%,495/617,0.5,Q4,0.5,0.3,533/617,Q4,13.7,0.00028,0.06434,0.281,19.9,Q3,392/575,27,96.30%,7.1,20.9,26
International Journal of Economics Management and Accounting,INT J ECON MANAG ACC,IIUM PRESS,1394-7680,1394-7680,ECONOMICS,ESCI,162,0.3,Q4,0.12,0.00%,552/617,0.6,Q4,0.2,0.2,542/617,Q4,12.24,0.00004,0.01015,0.057,10.6,Q4,547/575,20,95.00%,6.9,9,19
Croatian Operational Research Review,CROAT OPER RES REV,CROATIAN OPERATIONAL RESEARCH SOC,1848-0225,1848-9931,ECONOMICS,ESCI,160,0.4,Q4,0.17,97.56%,530/617,0.7,Q4,0.3,0.3,515/617,Q4,16.61,0.00008,0.01898,0.108,14.2,Q4,499/575,8,100.00%,7.2,8.9,8
Latin American Journal of Central Banking,LAT AM J CENT BANK,ELSEVIER,2666-1438,2666-1438,ECONOMICS,ESCI,158,1.3,Q3,0.32,97.50%,332/617,1.5,Q3,1.2,0.7,412/617,Q3,33.31,0.00025,0.05642,0.353,46.3,Q3,347/575,29,100.00%,2.7,8.1,29
Journal of the British Blockchain Association,J BRIT BLOCKCHAIN AS,BRITISH BLOCKCHAIN ASSOC,2516-3957,2516-3957,ECONOMICS,ESCI,155,2,Q2,0.43,84.62%,212/617,1.5,Q3,2,1.4,332/617,Q3,46.27,0.00014,0.03196,0.293,65.7,Q3,385/575,5,80.00%,4.7,4.8,4
Retos-Revista de Ciencias de la Administracion y Economia,RETOS-REV CIENC ADM,UNIV POLITECNICA SALESIANA ECUADOR-SALESIAN POLYTECNIC UNIV,1390-6291,1390-8618,ECONOMICS,ESCI,155,1.6,Q2,0.35,98.33%,276/617,1.3,Q3,1.2,0.1,393/617,Q3,36.39,0.00017,0.03829,0.218,55.3,Q4,438/575,20,100.00%,3.7,4.8,20
Malaysian Journal of Economic Studies,MALAYS J ECON STUD,PERSATUAN EKONOMI MALAYSIA,1511-4554,1511-4554,ECONOMICS,ESCI,155,0.6,Q4,0.16,0.00%,480/617,0.8,Q4,0.6,1.3,520/617,Q4,15.8,0.00005,0.01327,0.098,22.3,Q4,507/575,20,100.00%,5.4,11.6,20
Aestimum,AESTIMUM,FIRENZE UNIV PRESS,1592-6117,1724-2118,ECONOMICS,ESCI,152,2.2,Q2,0.47,100.00%,189/617,1.5,Q3,2.1,0.1,307/617,Q2,50.32,0.00011,0.02523,0.239,69.4,Q3,425/575,10,100.00%,4.9,6.5,10
Evolutionary and Institutional Economics Review,EVOL INST ECON REV,SPRINGER HEIDELBERG,1349-4961,2188-2096,ECONOMICS,ESCI,151,0.5,Q4,0.18,25.49%,495/617,0.5,Q4,0.2,0.7,508/617,Q4,17.75,0.00008,0.01988,0.087,19.9,Q4,520/575,16,100.00%,5.7,16,16
Data Science in Finance and Economics,DATA SCI FINANC ECON,AMER INST MATHEMATICAL SCIENCES-AIMS,2769-2140,2769-2140,ECONOMICS,ESCI,148,2.2,Q2,0.61,100.00%,189/617,2,Q2,2.1,0.5,249/617,Q2,59.72,0.00013,0.03015,0.256,69.4,Q3,411/575,26,100.00%,1.8,6.6,26
Geneva Risk and Insurance Review,GENEVA RISK INS REV,PALGRAVE MACMILLAN LTD,1554-964X,1554-9658,ECONOMICS,SSCI,148,1,Q3,0.28,33.33%,391/617,1.3,Q3,0.7,0.2,442/617,Q3,28.44,0.00013,0.03044,0.34,36.7,Q3,356/575,13,100.00%,7.5,11.2,13
Review of Economic Perspectives,REV ECON PERSPECT,SCIENDO,1213-2446,1804-1663,ECONOMICS,ESCI,148,0.8,Q3,0.15,100.00%,442/617,0.9,Q3,0.8,<0.1,526/617,Q4,14.83,0.00009,0.02063,0.132,28.4,Q4,487/575,5,100.00%,5.7,10.4,5
Economic Issues,ECON ISS,ECONOMIC ISSUES EDUCATION FUND,1363-7029,1363-7029,ECONOMICS,ESCI,146,1.7,Q2,0.1,0.00%,260/617,1.4,Q3,1.7,0.1,559/617,Q4,9.48,0.00008,0.01812,0.279,57.9,Q3,394/575,9,100.00%,8.5,12,9
Scientific Papers of the University of Pardubice-Series D-Faculty of Economics and Administration,SCI PAP U PARD-SER D,"Univ Pardubice, Fac Economics Adm",1211-555X,1804-8048,ECONOMICS,ESCI,145,1.1,Q3,0.28,97.75%,372/617,,,0.7,0.4,442/617,Q3,28.44,0.00012,0.02743,,39.8,,,33,81.82%,2.9,4.8,27
National Accounting Review,NATL ACCOUNT REV,AMER INST MATHEMATICAL SCIENCES-AIMS,2689-3010,2689-3010,ECONOMICS,ESCI,144,1.8,Q2,0.55,98.63%,234/617,1.4,Q3,1.7,0.3,272/617,Q2,56,0.00015,0.03488,0.2,62.2,Q4,447/575,27,100.00%,2.7,8.5,27
Eskisehir Osmangazi Universitesi IIBF Dergisi-Eskisehir Osmangazi University Journal of Economics and Administrative Sciences,ESKISEH OSMAN UNIV I,"ESKISEHIR OSMANGAZI UNIV, FAC EDUCATION",1306-6730,1306-6730,ECONOMICS,ESCI,142,0.3,Q4,0.11,88.89%,552/617,0.3,Q4,0.3,0.1,549/617,Q4,11.1,0.00006,0.01535,0.036,10.6,Q4,562/575,45,100.00%,5.8,11.7,45
Investigaciones de Historia Economica,INVESTIG HIST ECON,ASOC ESPANOLA HISTORIA ECONOMICA,1698-6989,2340-3373,ECONOMICS,ESCI,141,0.3,Q4,0.67,85.71%,552/617,0.4,Q4,0.3,<0.1,221/617,Q2,64.26,0.00016,0.03579,0.206,10.6,Q4,444/575,9,100.00%,9.3,19,9
Zhurnal Novaya Ekonomicheskaya Assotsiatsiya-Journal of the New Economic Association,ZH NOVAYA EKON ASSOT,CONSAS CONFERENCE,2221-2264,2221-2264,ECONOMICS,ESCI,140,0.3,Q4,0.11,98.32%,552/617,0.3,Q4,0.3,0.1,549/617,Q4,11.1,0.00013,0.02965,0.064,10.6,Q4,538/575,60,100.00%,4.6,8.2,60
Revue d Economie Regionale et Urbaine,REV ECON REG URBAINE,ARMAND COLIN,0180-7307,2107-0865,ECONOMICS,ESCI,140,0.2,Q4,0.03,0.00%,575/617,0.3,Q4,0.2,<0.1,605/617,Q4,2.03,0.00007,0.01672,0.063,6.9,Q4,540/575,27,92.59%,7.7,9.3,25
World Review of Political Economy,WORLD REV POLIT ECON,PLUTO JOURNALS,2042-891X,2042-8928,ECONOMICS,ESCI,139,0.5,Q4,0.14,80.60%,495/617,0.5,Q4,0.5,0.2,533/617,Q4,13.7,0.00015,0.03382,0.17,19.9,Q4,463/575,19,94.74%,7,10.7,18
POLITICKA EKONOMIE,POLIT EKON,Prague Univ Economics and Business,0032-3233,2336-8225,ECONOMICS,SSCI,139,0.4,Q4,0.18,97.94%,530/617,0.3,Q4,0.4,0.9,508/617,Q4,17.75,0.00004,0.01077,0.041,14.2,Q4,558/575,38,100.00%,3.8,5.9,38
International Journal of Economic Policy Studies,INT J ECON POLICY ST,SPRINGERNATURE,2524-4892,1881-4387,ECONOMICS,ESCI,137,0.8,Q3,0.24,17.11%,442/617,,,0.8,0.5,467/617,Q4,24.39,0.00014,0.03242,,28.4,,,24,100.00%,4.1,8.4,24
Ekonomski Vjesnik,EKON VJESN,"SVEUCILISTE JOSIPA JURJA STROSSMAYERA & OSIJEKU, EKONOMSKI FAK",0353-359X,1847-2206,ECONOMICS,ESCI,137,0.3,Q4,0.1,82.22%,552/617,0.4,Q4,0.3,<0.1,559/617,Q4,9.48,0.00006,0.01538,0.049,10.6,Q4,553/575,27,88.89%,6,8.6,24
Ruch Prawniczy Ekonomiczny i Socjologiczny,RUCH PRAW EKON SOCJ,ADAM MICKIEWICZ UNIV POZNAN,0035-9629,2543-9170,ECONOMICS,ESCI,137,0.2,Q4,0.1,98.82%,575/617,,,0.2,<0.1,559/617,Q4,9.48,0.00006,0.0152,,6.9,,,45,95.56%,9.9,8.8,43
Journal of Economics Race and Policy,J ECON RACE POLICY,SPRINGERNATURE,2520-8411,2520-842X,ECONOMICS,ESCI,136,1.1,Q3,0.41,20.00%,372/617,,,1,0.3,343/617,Q3,44.49,0.00036,0.08215,,39.8,,,30,100.00%,3.5,9.2,30
Journal of Interdisciplinary Economics,J INTERDISC ECON,SAGE PUBLICATIONS INDIA PVT LTD,0260-1079,2321-5305,ECONOMICS,ESCI,135,0.7,Q3,0.19,8.57%,460/617,0.9,Q3,0.7,<0.1,499/617,Q4,19.21,0.00013,0.02923,0.211,25.5,Q4,440/575,8,100.00%,5.8,6.7,8
Estudios de Economia,ESTUD ECONOMIA,UNIV CHILE DEPT ECONOMICS,0718-5286,0718-5286,ECONOMICS,SSCI,135,0.5,Q4,0.1,0.00%,495/617,0.8,Q4,0.5,0.1,559/617,Q4,9.48,0.00007,0.01658,0.192,19.9,Q4,450/575,16,100.00%,10.1,13.8,16
Economia Agraria y Recursos Naturales,ECON AGRAR RECUR NAT,"UNIV POLITECNICA VALENCIA, EDITORIAL UPV",1578-0732,2174-7350,ECONOMICS,ESCI,132,0.7,Q3,0.14,100.00%,460/617,0.9,Q3,0.6,<0.1,533/617,Q4,13.7,0.00012,0.02847,0.228,25.5,Q4,433/575,14,100.00%,6.3,7.8,14
Revista de Economia Mundial,REV ECON MUND,"UNIV HUELVA, SERV PUBLICACIONES",1576-0162,2340-4264,ECONOMICS,SSCI,132,0.4,Q4,0.08,68.00%,530/617,0.3,Q4,0.4,0.1,576/617,Q4,6.73,0.00008,0.01817,0.082,14.2,Q4,523/575,27,100.00%,9.7,6.6,27
Argumenta Oeconomica,ARGUM OECON,WROCLAW UNIV ECONOMICS,1233-5835,2720-5088,ECONOMICS,SSCI,127,0.5,Q4,0.18,80.77%,495/617,0.5,Q4,0.4,<0.1,508/617,Q4,17.75,0.00006,0.01517,0.064,19.9,Q4,538/575,29,100.00%,5.7,10.2,29
Etikonomi,ETIKONOMI,SYARIF SYARIF HIDAYATULLAH STATE UNIV JAKARTA,1412-8969,2461-0771,ECONOMICS,ESCI,126,0.6,Q4,0.24,90.32%,480/617,0.7,Q4,0.5,0.1,467/617,Q4,24.39,0.00006,0.01514,0.063,22.3,Q4,540/575,34,100.00%,4,4.9,34
Ekonomska Misao i Praksa-Economic Thought and Practice,EKON MISAO PRAKSA,UNIV DUBROVNIK,1330-1039,1848-963X,ECONOMICS,ESCI,126,0.4,Q4,0.12,95.56%,530/617,0.5,Q4,0.2,0.1,542/617,Q4,12.24,0.00003,0.00816,0.03,14.2,Q4,564/575,30,93.33%,5.1,9.2,28
International Real Estate Review,INT REAL ESTATE REV,GLOBAL SOCIAL SCIENCE INST,2154-8919,2154-8919,ECONOMICS,ESCI,126,0.3,Q4,0.11,0.00%,552/617,0.4,Q4,0.3,<0.1,549/617,Q4,11.1,0.00006,0.01433,0.082,10.6,Q4,523/575,20,90.00%,9.8,11.3,18
PROBLEMAS DEL DESARROLLO,PROBL DESARROLLO,"Inst Investigaciones Economicas, Natl Autonomous Univ Mexico - IIEc UNAM",2007-8951,2007-8951,ECONOMICS,ESCI,123,0.2,Q4,0.07,100.00%,575/617,,,0.2,<0.1,587/617,Q4,4.94,0.00015,0.03496,,6.9,,,24,95.83%,7.7,10.5,23
Journal of Applied Economics and Business Research,J APPL ECON BUS RES,JOURNAL APPLIED ECONOMICS & BUSINESS RESEARCH,1927-033X,1927-033X,ECONOMICS,ESCI,121,0.2,Q4,0.06,0.00%,575/617,0.6,Q4,0.2,<0.1,591/617,Q4,4.29,0.00004,0.00895,0.088,6.9,Q4,518/575,3,100.00%,7.2,13.3,3
Journal of Private Enterprise,J PRIV ENTERP,ASSOC PRIVATE ENTERPRISE EDUCATION,0890-913X,0890-913X,ECONOMICS,ESCI,120,0.4,Q4,0.06,0.00%,530/617,0.3,Q4,0.3,0.1,591/617,Q4,4.29,0.00006,0.01339,0.074,14.2,Q4,529/575,17,100.00%,9.1,9.2,17
HITOTSUBASHI JOURNAL OF ECONOMICS,HITOTSUB J ECON,HITOTSUBASHI UNIV,0018-280X,2436-097X,ECONOMICS,SSCI,120,0.2,Q4,0.08,0.00%,575/617,0.5,Q4,0.2,0.1,576/617,Q4,6.73,0.00003,0.00719,0.1,6.9,Q4,506/575,9,100.00%,11.6,12,9
Region et Developpement,REG DEV,EDITIONS L HARMATTAN,1267-5059,2117-0843,ECONOMICS,ESCI,120,0.2,Q4,0.03,0.00%,575/617,0.7,Q4,0.2,<0.1,605/617,Q4,2.03,0.00021,0.04707,0.372,6.9,Q3,338/575,16,100.00%,9.5,9.8,16
Economics of Peace and Security Journal,ECON PEACE SECUR J,ECONOMISTS PEACE & SECURITY,1749-852X,1749-852X,ECONOMICS,ESCI,119,0.8,Q3,0.37,94.74%,442/617,0.7,Q4,0.8,<0.1,373/617,Q3,39.63,0.00008,0.01997,0.242,28.4,Q3,422/575,3,100.00%,8.7,6,3
Baltic Journal of Economics,BALT J ECON,"ROUTLEDGE JOURNALS, TAYLOR & FRANCIS LTD",1406-099X,2334-4385,ECONOMICS,SSCI,117,0.8,Q3,0.3,100.00%,442/617,1.2,Q3,0.6,0.6,422/617,Q3,31.69,0.00009,0.02041,0.237,28.4,Q3,429/575,12,100.00%,5.5,11.3,12
Revista Galega de Economia,REV GALEGA ECON,UNIV SANTIAGO COMPOSTELA,1132-2799,2255-5951,ECONOMICS,ESCI,116,0.9,Q3,0.2,93.10%,421/617,,,0.6,0.1,491/617,Q4,20.5,0.00006,0.01477,,31.8,,,23,100.00%,4.8,8.4,23
Ekonomia i Prawo-Economics and Law,EKON PRAWO,UNIWERSYTET MIKOLAJA KOPERNIKA-NICOLAUS COPERNICUS UNIV,1898-2255,2392-1625,ECONOMICS,ESCI,116,0.5,Q4,0.11,94.12%,495/617,0.4,Q4,0.4,<0.1,549/617,Q4,11.1,0.00011,0.02604,0.066,19.9,Q4,536/575,33,100.00%,4,7.6,33
Ekonomicheskaya politika,EKONOMICHESKAYA POLI,EKONOMICESKAA POLITIKA,1994-5124,2411-2658,ECONOMICS,ESCI,115,0.3,Q4,0.11,98.91%,552/617,0.3,Q4,0.2,<0.1,549/617,Q4,11.1,0.00011,0.02542,0.079,10.6,Q4,526/575,30,100.00%,6.3,7.6,30
Ekonomski Pregled,EKON PREGL,HRVATSKO DRUSTVO EKONOMISTA,0424-7558,1848-9494,ECONOMICS,ESCI,113,0.2,Q4,0.07,92.08%,575/617,0.3,Q4,0.2,<0.1,587/617,Q4,4.94,0.00006,0.01545,0.051,6.9,Q4,551/575,27,92.59%,6.9,10,25
International Journal of Computational Economics and Econometrics,INT J COMPUT ECON EC,INDERSCIENCE ENTERPRISES LTD,1757-1170,1757-1189,ECONOMICS,ESCI,112,0.3,Q4,0.1,1.56%,552/617,0.3,Q4,0.3,0.1,559/617,Q4,9.48,0.00004,0.0101,0.058,10.6,Q4,546/575,21,100.00%,6.4,10,21
Business Management and Economics Engineering,BUS MANAG ECON ENG,VILNIUS GEDIMINAS TECH UNIV,2669-2481,2669-249X,ECONOMICS,ESCI,108,1.6,Q2,0.34,100.00%,276/617,1.5,Q3,1.6,0.3,399/617,Q3,35.41,0.00007,0.01678,0.159,55.3,Q4,475/575,21,100.00%,2.7,5.3,21
Studia Universitatis Vasile Goldis Arad Seria Stiinte Economice,STUD U VASILE GOL EC,SCIENDO,1584-2339,2285-3065,ECONOMICS,ESCI,105,0.6,Q4,0.23,98.36%,480/617,0.7,Q4,0.5,0.1,474/617,Q4,23.26,0.00007,0.01668,0.089,22.3,Q4,516/575,20,95.00%,4.4,7.9,19
International Journal of Contemporary Economics and Administrative Sciences,INT J CONTEMP ECON A,INT JOURNAL CONTEMPORARY ECONOMICS & ADMINISTRATIVE SCIENCES,1925-4423,1925-4423,ECONOMICS,ESCI,105,0.4,Q4,0.09,0.00%,530/617,0.5,Q4,0.4,<0.1,570/617,Q4,7.7,0.00009,0.02151,0.079,14.2,Q4,526/575,42,100.00%,4.9,9,42
Ledger,LEDGER-PITTSBURGH,"UNIV PITTSBURGH, UNIV LIBRARY SYSTEM",2379-5980,2379-5980,ECONOMICS,ESCI,104,0.7,Q3,0.23,100.00%,460/617,1.5,Q3,0.6,0.1,474/617,Q4,23.26,0.00008,0.01816,0.295,25.5,Q3,380/575,8,87.50%,6,10,7
REICE-Revista Electronica de Investigacion en Ciencias Economicas,REICE-REV ELECTRON I,UNIV NACL AUTONOMA NICARAGUA,2308-782X,2308-782X,ECONOMICS,ESCI,100,0.5,Q4,0.1,79.07%,495/617,0.3,Q4,0.5,<0.1,559/617,Q4,9.48,0.00006,0.01551,0.057,19.9,Q4,547/575,27,100.00%,6.5,10.9,27
Seoul Journal of Economics,SEOUL J ECON,"SEOUL NATL UNIV, INST ECONOMIC RESEARCH",1225-0279,1225-0279,ECONOMICS,ESCI,99,0.2,Q4,0.12,0.00%,575/617,0.5,Q4,0.2,<0.1,542/617,Q4,12.24,0.00007,0.01707,0.106,6.9,Q4,502/575,9,100.00%,,10,9
Economics Ecology Socium,ECON ECOL SOC,Dr. Viktor Koval,2616-7107,2786-8958,ECONOMICS,ESCI,97,1.2,Q3,0.25,96.47%,349/617,,,1.2,0.4,463/617,Q4,25.04,0.00007,0.0174,,43.5,,,36,94.44%,,3.9,34
Economists Voice,ECON VOICE,WALTER DE GRUYTER GMBH,2194-6167,1553-3832,ECONOMICS,ESCI,97,0.9,Q3,0.29,29.58%,421/617,0.7,Q4,0.8,<0.1,434/617,Q3,29.74,0.0001,0.0234,0.16,31.8,Q4,473/575,26,100.00%,,4.6,26
Journal of Institutional Studies,J INST STUD,INT ASSOC INST RESEARCH,2076-6297,2412-6039,ECONOMICS,ESCI,97,0.5,Q4,0.13,97.96%,495/617,0.3,Q4,0.3,0.1,537/617,Q4,13.05,0.0001,0.0235,0.075,19.9,Q4,528/575,33,100.00%,,10.1,33
Agrarian South-Journal of Political Economy,AGRAR S,SAGE PUBLICATIONS INC,2277-9760,2321-0281,ECONOMICS,ESCI,96,0.9,Q3,0.32,15.09%,421/617,,,0.8,1,412/617,Q3,33.31,0.00025,0.05621,,31.8,,,20,100.00%,,9.7,20
Jahrbuch Fur Wirtschaftsgeschichte,JB WIRTSCHAFTSGESCHI,WALTER DE GRUYTER GMBH,0075-2800,2196-6842,ECONOMICS,ESCI,96,0.3,Q4,0.45,100.00%,552/617,,,0.3,<0.1,319/617,Q3,48.38,0.00009,0.02014,,10.6,,,19,100.00%,,34,19
Economic Journal of Emerging Markets,ECON J EMERG MARK,UNIV ISLAM INDONESIA,2086-3128,2502-180X,ECONOMICS,ESCI,95,0.7,Q3,0.2,98.11%,460/617,0.6,Q4,0.6,<0.1,491/617,Q4,20.5,0.00006,0.01366,0.084,25.5,Q4,521/575,16,100.00%,,8.8,16
Journal of Mehmet Akif Ersoy University Economics and Administrative Sciences Faculty,J MEHMET AKIF ERSOY,MEHMET AKIF ERSOY UNIV,2149-1658,2149-1658,ECONOMICS,ESCI,95,0.1,Q4,0.04,97.33%,601/617,0.1,Q4,0.1,<0.1,602/617,Q4,2.51,0.00006,0.0139,0.02,2.7,Q4,572/575,69,100.00%,,9.3,69
Journal of Energy Markets,J ENERGY MARKETS,INCISIVE MEDIA,1756-3607,1756-3615,ECONOMICS,ESCI,93,0.4,Q4,0.12,0.00%,530/617,0.5,Q4,0.4,0.2,542/617,Q4,12.24,0.00007,0.01692,0.138,14.2,Q4,485/575,6,100.00%,,9.1,6
Statistika-Statistics and Economy Journal,STATISTIKA,CESKY STATISTICAL OFFICE,0322-788X,1804-8765,ECONOMICS,ESCI,93,0.3,Q4,0.1,95.35%,552/617,0.3,Q4,0.2,0.2,559/617,Q4,9.48,0.00005,0.0112,0.045,10.6,Q4,556/575,31,100.00%,,7.4,31
Review of Economic Analysis,REV ECON ANAL,DIGITAL INITIATIVES UNIV WATERLOO LIB,1973-3909,1973-3909,ECONOMICS,ESCI,92,0.5,Q4,0.22,1.61%,495/617,0.6,Q4,0.4,<0.1,481/617,Q4,22.12,0.00013,0.02934,0.169,19.9,Q4,464/575,18,100.00%,,14.8,18
Financial Internet Quarterly,FINANC INTERNET Q,WALTER DE GRUYTER GMBH,2719-3454,2719-3454,ECONOMICS,ESCI,90,0.5,Q4,0.19,97.96%,495/617,,,0.5,0.2,499/617,Q4,19.21,0.00007,0.01722,,19.9,,,30,100.00%,,6.3,30
Studia Europejskie-Studies in European Affairs,STUD EUROPEJSKIE,University of Warsaw Centre for Europe,1428-149X,2719-3780,ECONOMICS,ESCI,89,0.6,Q4,0.28,100.00%,480/617,,,0.6,0.1,442/617,Q3,28.44,0.00017,0.03793,,22.3,,,56,100.00%,,6.5,56
ZFW-Advances in Economic Geography,ZFW-ADV ECON GEOGR,WALTER DE GRUYTER GMBH,2748-1956,2748-1964,ECONOMICS,SSCI,88,2,Q2,0.8,86.05%,212/617,2.3,Q2,1.7,1.5,175/617,Q2,71.72,0.00014,0.03325,0.61,65.7,Q2,236/575,12,83.33%,,6.4,10
Gospodarka Narodowa-The Polish Journal of Economics,GOSPOD NARODOWA,"SZKOLA GLOWNA HANDLOWA, KOLEGIUM ANALIZ EKONOMICZNYCH",0867-0005,2300-5238,ECONOMICS,ESCI,84,0.2,Q4,0.08,92.31%,575/617,0.4,Q4,0.2,0.1,576/617,Q4,6.73,0.00005,0.01249,0.061,6.9,Q4,544/575,20,100.00%,,10.3,20
Journal of Philosophical Economics,J PHILOS ECON,EDITURA ASE,1843-2298,1844-8208,ECONOMICS,ESCI,82,0.5,Q4,0.41,3.03%,495/617,0.5,Q4,0.4,0.4,343/617,Q3,44.49,0.00005,0.013,0.142,19.9,Q4,481/575,10,100.00%,,25.8,10
East Asian Economic Review,E ASIAN ECON REV,KOREA INST INT ECONOMIC POLICY,2508-1640,2508-1667,ECONOMICS,ESCI,82,0.4,Q4,0.15,94.87%,530/617,0.8,Q4,0.3,0.4,526/617,Q4,14.83,0.00018,0.04141,0.323,14.2,Q3,365/575,14,100.00%,,8.7,14
Ekonomika i Matematiceskie Metody-Economics and Mathematical Methods,EKON MAT METOD,"Russian Acad Sciences, State Acad Univ Humanities (GAUGN)",0424-7388,0424-7388,ECONOMICS,ESCI,81,0.2,Q4,0.06,0.00%,575/617,0.1,Q4,0.1,<0.1,591/617,Q4,4.29,0.00003,0.00869,0.023,6.9,Q4,568/575,43,97.67%,,9.4,42
Journal of Public Finance and Public Choice,J PUBLIC FINANC PUBL,BRISTOL UNIV PRESS & POLICY PRESS,2515-6918,2515-6926,ECONOMICS,ESCI,80,0.9,Q3,0.39,15.00%,421/617,,,0.7,0.3,360/617,Q3,41.73,0.0001,0.02288,,31.8,,,10,100.00%,,15.5,10
ACCESS-Access to science business innovation in the digital economy,ACCESS-ACCESS SCI BU,Access Press Publishing House,2683-1007,2683-1007,ECONOMICS,ESCI,80,0.6,Q4,0.2,90.80%,480/617,0.7,Q4,0.4,0.5,491/617,Q4,20.5,0.00003,0.00717,0.046,22.3,Q4,554/575,32,96.88%,,5.5,31
Revista Finanzas y Politica Economica,REV FINANZAS POLITIC,"UNIV CATOLICA COLOMBIA, FAC ECONOMIA",2248-6046,2011-7663,ECONOMICS,ESCI,79,0.4,Q4,0.12,100.00%,530/617,0.6,Q4,0.4,0.1,542/617,Q4,12.24,0.00009,0.02068,0.131,14.2,Q4,488/575,19,89.47%,,10.2,17
Korean Economic Review,KOREAN ECON REV,KOREAN ECONOMIC ASSOCIATION,0254-3737,,ECONOMICS,SSCI,76,0.3,Q4,0.11,0.00%,552/617,0.4,Q4,0.3,0.4,549/617,Q4,11.1,0.00007,0.01583,0.107,10.6,Q4,501/575,12,100.00%,,13.9,12
Asia and the Global Economy,ASIA GLOB ECON,ELSEVIER,2667-1115,2667-1115,ECONOMICS,ESCI,74,1.5,Q2,0.3,95.24%,293/617,,,1.4,0.2,422/617,Q3,31.69,0.00011,0.0258,,52.6,,,21,100.00%,,6.6,21
Revista Economia,REV ECON-PERU,PONTIFICIA UNIV CATOLICA PERU,0254-4415,2304-4306,ECONOMICS,ESCI,74,0.3,Q4,0.09,84.62%,552/617,0.6,Q4,0.3,<0.1,570/617,Q4,7.7,0.00011,0.02546,0.29,10.6,Q3,389/575,4,100.00%,,,4
Lecturas de Economia,LECT ECON,"UNIV ANTIOQUIA, FAC CIENCIAS ECONOMICAS",0120-2596,2323-0622,ECONOMICS,ESCI,72,0.2,Q4,0.08,90.74%,575/617,,,0.2,0.3,576/617,Q4,6.73,0.00005,0.01314,,6.9,,,8,100.00%,,10.1,8
Economic Theory Bulletin,ECON THEOR B,SPRINGER HEIDELBERG,2196-1085,2196-1093,ECONOMICS,ESCI,71,0.5,Q4,0.16,31.82%,495/617,0.3,Q4,0.4,0.1,520/617,Q4,15.8,0.00034,0.07596,0.366,19.9,Q3,342/575,22,100.00%,,24.7,22
International Journal of Ecological Economics & Statistics,INT J ECOL ECON STAT,CENTRE ENVIRONMENT SOCIAL & ECONOMIC RESEARCH PUBL-CESER,0973-1385,0973-1385,ECONOMICS,ESCI,70,<0.1,Q4,0.05,0.00%,612/617,0.1,Q4,<0.1,<0.1,598/617,Q4,3.16,0.00001,0.00409,0.021,0.9,Q4,571/575,6,100.00%,,8.5,6
Turkish Journal of Islamic Economics-TUJISE,TURK J ISLAMIC ECON,RESEARCH CENTER ISLAMIC ECONOMICS-IKAM,2587-232X,2587-232X,ECONOMICS,ESCI,69,0.2,Q4,0.11,54.76%,575/617,0.5,Q4,0.2,0.1,549/617,Q4,11.1,0.00004,0.01069,0.066,6.9,Q4,536/575,13,92.31%,,10.3,12
Japanese Political Economy,JPN POLIT ECON,TAYLOR & FRANCIS LTD,2329-194X,2329-1958,ECONOMICS,ESCI,68,0.7,Q3,0.23,28.89%,460/617,,,0.6,0.5,474/617,Q4,23.26,0.00011,0.02565,,25.5,,,20,85.00%,,10.4,17
Ekonomista,EKONOMISTA,Polskie Towarzystwo Ekonomiczne,0013-3205,2299-6184,ECONOMICS,ESCI,68,0.2,Q4,0.05,91.30%,575/617,0.2,Q4,0.2,<0.1,598/617,Q4,3.16,0.00004,0.00991,0.039,6.9,Q4,559/575,24,91.67%,,8.4,22
Homo Oeconomicus-Journal of Behavioral and Institutional Economics,HOMO OECON,SPRINGER HEIDELBERG,0943-0180,2366-6161,ECONOMICS,ESCI,65,0.4,Q4,0.1,56.00%,530/617,0.4,Q4,0.4,<0.1,559/617,Q4,9.48,0.00004,0.00984,0.098,14.2,Q4,507/575,2,100.00%,,,2
Economics and Finance Letters,ECON FINANCE LETT,CONSCIENTIA BEAM,2312-6310,2312-430X,ECONOMICS,ESCI,64,0.4,Q4,0.2,98.48%,530/617,,,0.4,<0.1,491/617,Q4,20.5,0.00006,0.01415,,14.2,,,21,100.00%,,7.4,21
History of Economics Review,HIST ECON REV,TAYLOR & FRANCIS LTD,1037-0196,1838-6318,ECONOMICS,ESCI,62,0.3,Q4,0.2,28.95%,552/617,,,0.2,<0.1,491/617,Q4,20.5,0.00003,0.00862,,10.6,,,12,100.00%,,31.7,12
South Asian Journal of Macroeconomics and Public Finance,S ASIAN J MACROEC PU,SAGE PUBLICATIONS INDIA PVT LTD,2277-9787,2321-0273,ECONOMICS,ESCI,61,0.3,Q4,0.16,9.09%,552/617,0.8,Q4,0.3,0.1,520/617,Q4,15.8,0.00004,0.00994,0.126,10.6,Q4,491/575,7,100.00%,,14.3,7
Vestnik Sankt-Peterburgskogo Universiteta-Ekonomika-St Petersburg University Journal of Economic Studies,VESTN ST PETER U-EK,ST PETERSBURG UNIV PRESS,1026-356X,2542-226X,ECONOMICS,ESCI,61,0.3,Q4,0.08,97.59%,552/617,0.4,Q4,0.2,<0.1,576/617,Q4,6.73,0.00008,0.01852,0.08,10.6,Q4,525/575,31,100.00%,,7,31
Apuntes del CENES,APUNT CENES,UNIV PEDAGOGICA & TECNOLOGICA COLOMBIA,0120-3053,2256-5779,ECONOMICS,ESCI,57,0.5,Q4,0.08,83.87%,495/617,0.3,Q4,0.4,<0.1,576/617,Q4,6.73,0.00004,0.01073,0.069,19.9,Q4,533/575,26,100.00%,,6.9,26
Regionologiya-Regionology Russian Journal of Regional Studies,REGIONOLOGIYA,NATL RESEARCH OGAREV MORDOVIA STATE UNIV,2413-1407,2587-8549,ECONOMICS,ESCI,57,0.4,Q4,0.3,98.33%,530/617,0.2,Q4,0.2,0.1,422/617,Q3,31.69,0.00009,0.0213,0.063,14.2,Q4,540/575,39,100.00%,,4.2,39
REVUE D ETUDES COMPARATIVES EST-OUEST,REV ETUD COMP EST-O,PRESSES UNIV FRANCE,0338-0599,,ECONOMICS,SSCI,57,0.2,Q4,0.02,0.00%,575/617,0.2,Q4,0.2,<0.1,610/617,Q4,1.22,0.00009,0.02197,0.189,6.9,Q4,452/575,6,100.00%,,11.3,6
Ekonomi Politika & Finans Arastirmalari Dergisi,EKON POLIT FINANS AR,Economic and Financial Research Assoc - EFAD,2587-151X,2587-151X,ECONOMICS,ESCI,56,0.2,Q4,0.05,99.27%,575/617,,,0.2,<0.1,598/617,Q4,3.16,0.00003,0.0081,,6.9,,,45,100.00%,,8.4,45
Revue Interventions Economiques-Papers in Political Economy,REV INTERV ECON,REVUES ORG,0715-3570,1710-7377,ECONOMICS,ESCI,50,<0.1,Q4,0.02,57.14%,612/617,0.2,Q4,<0.1,<0.1,610/617,Q4,1.22,0.00003,0.00715,0.037,0.9,Q4,561/575,23,100.00%,,6.4,23
Croatian Economic Survey,CROAT ECON SURV,"INST ECONOMICS, ZAGREB",1330-4860,1846-3878,ECONOMICS,ESCI,47,0.5,Q4,0.1,82.35%,495/617,0.4,Q4,0.5,<0.1,559/617,Q4,9.48,0,0.0022,0.039,19.9,Q4,559/575,6,100.00%,,6.8,6
Manchester Journal of International Economic Law,MANCH J INT ECON LAW,ELECTRONIC PUBL LTD,1742-3945,1742-3945,ECONOMICS,ESCI,46,0.2,Q4,0.16,0.00%,575/617,0.3,Q4,0.2,<0.1,520/617,Q4,15.8,0.0001,0.02279,0.139,6.9,Q4,484/575,15,93.33%,,8.9,14
Academy Review,ACAD REV,ALFRED NOBEL UNIV,2074-5354,2522-9745,ECONOMICS,ESCI,46,0.2,Q4,0.06,100.00%,575/617,,,0.2,0.1,591/617,Q4,4.29,0.00002,0.00483,,6.9,,,41,97.56%,,6.6,40
Politica Economica,POLITI ECON,SOC ED IL MULINO,1120-9496,1973-8218,ECONOMICS,ESCI,45,0.1,Q4,0.06,0.00%,601/617,0.3,Q4,0.1,,591/617,Q4,4.29,0.00007,0.01723,0.146,2.7,Q4,479/575,0,,,,0
Central European Journal of Economic Modelling and Econometrics,CENT EUR J ECONOM MO,POLISH ACADEMY SCIENCES-LODZ BRANCH,2080-0886,2080-119X,ECONOMICS,ESCI,42,0.3,Q4,0.09,8.33%,552/617,0.3,Q4,0.3,0.1,570/617,Q4,7.7,0.00006,0.01379,0.112,10.6,Q4,497/575,9,100.00%,,11.7,9
Istanbul Iktisat Dergisi-Istanbul Journal of Economics,ISTANBUL J ECON,ISTANBUL UNIV,2602-4152,2602-3954,ECONOMICS,ESCI,41,0.3,Q4,0.08,25.00%,552/617,,,0.3,<0.1,576/617,Q4,6.73,0.00004,0.01042,,10.6,,,20,95.00%,,9.8,19
Applied Economics Journal,APPL ECON J,"KASERSART UNIV, FAC ECONOMICS",2586-9124,2586-9132,ECONOMICS,ESCI,41,0.1,Q4,0.15,0.00%,601/617,0.5,Q4,0.1,,526/617,Q4,14.83,0.00003,0.00704,0.073,2.7,Q4,531/575,0,,,,0
International Studies of Economics,INT STUD ECON,WILEY,2831-3224,2831-3224,ECONOMICS,ESCI,40,0.5,Q4,0.15,90.70%,495/617,0.5,Q4,0.5,0.4,526/617,Q4,14.83,0.00011,0.02539,0.249,19.9,Q3,415/575,28,100.00%,,9.3,28
Indonesian Capital Market Review,INDONES CAP MARK REV,UNIV INDONESIA,1979-8997,2356-3818,ECONOMICS,ESCI,38,0.3,Q4,0.08,80.00%,552/617,0.4,Q4,0.3,<0.1,576/617,Q4,6.73,0.00001,0.00386,0.044,10.6,Q4,557/575,10,100.00%,,9.6,10
International Journal of Applied Behavioral Economics,INT J APPL BEHAV ECO,IGI GLOBAL,2160-9802,2160-9810,ECONOMICS,ESCI,35,0.4,Q4,0.08,90.00%,530/617,0.3,Q4,0.4,,576/617,Q4,6.73,0.00003,0.00795,0.069,14.2,Q4,533/575,0,,,,0
Journal of Economic Policy Researches-Iktisat Politikasi Arastirmalari Dergisi,J ECON POLICY RES-IK,ISTANBUL UNIV,2148-3876,2148-3876,ECONOMICS,ESCI,35,0.3,Q4,0.08,19.23%,552/617,,,0.3,0.1,576/617,Q4,6.73,0.00003,0.0076,,10.6,,,21,100.00%,,11.7,21
,,,,,,,,,,,,,,,,,,,,,,,,,,,,,,
Copyright (c) 2025 Clarivate,,,,,,,,,,,,,,,,,,,,,,,,,,,,,,
By exporting the selected data, you agree to the data usage policy set forth in the Terms of Use,,,,,,,,,,,,,,,,,,,,,,,,,,,,,
GLOBAL CHANGE BIOLOGY,GLOBAL CHANGE BIOL,WILEY,2227-9032,1365-2486,ECOLOGY,SCIE,76283,12,Q1,2.7,47.47%,3/200,14,Q1,11.4,2.3,3/200,Q1,98.75,0.07358,16.37309,4.113,98.8,Q1,3/193,538,94.42%,6.9,8.2,508
ECOLOGY,ECOLOGY,WILEY,0012-9658,1939-9170,ECOLOGY,SCIE,58795,4.3,Q1,1.2,45.21%,31/200,5.2,Q1,4.2,0.7,32/200,Q1,84.25,0.0201,4.47263,1.868,84.8,Q1,17/193,230,98.70%,18,10.7,227
PROCEEDINGS OF THE ROYAL SOCIETY B-BIOLOGICAL SCIENCES,P ROY SOC B-BIOL SCI,ROYAL SOC,1999-4907,1471-2954,ECOLOGY,SCIE,56624,3.5,Q1,1.07,61.87%,50/200,4.4,Q1,3.4,0.8,38/200,Q1,81.25,0.03626,8.06936,1.618,75.3,Q1,22/193,543,95.76%,11.6,10.4,520
ISME Journal,ISME J,OXFORD UNIV PRESS,1478-4491,1751-7370,ECOLOGY,SCIE,41718,10,Q1,2.89,84.79%,5/200,12.5,Q1,9.5,1.6,2/200,Q1,99.25,0.03553,7.90658,3.632,97.8,Q1,5/193,269,94.42%,7.5,8.3,254
BIOLOGICAL CONSERVATION,BIOL CONSERV,ELSEVIER SCI LTD,1471-2288,1873-2917,ECOLOGY,SCIE,40359,4.4,Q1,1.18,48.32%,29/200,6,Q1,4.2,0.9,33/200,Q1,83.75,0.02532,5.6349,1.662,85.8,Q1,21/193,397,96.22%,9.7,8.2,382
ECOLOGY LETTERS,ECOL LETT,WILEY,2227-9032,1461-0248,ECOLOGY,SCIE,39999,7.9,Q1,2.01,49.44%,7/200,9.4,Q1,7.5,1.4,6/200,Q1,97.25,0.02811,6.25554,3.561,96.8,Q1,6/193,182,84.62%,11.7,9.4,154
TRENDS IN ECOLOGY & EVOLUTION,TRENDS ECOL EVOL,CELL PRESS,1477-7525,1872-8383,ECOLOGY,SCIE,39765,17.3,Q1,2.13,38.62%,1/200,18.7,Q1,16.9,4.4,5/200,Q1,97.75,0.02304,5.12695,6.926,99.8,Q1,2/193,84,55.95%,14.5,6.3,47
MOLECULAR ECOLOGY,MOL ECOL,WILEY,0962-1083,1365-294X,ECOLOGY,SCIE,37985,3.9,Q1,1.07,51.46%,38/200,4.8,Q1,3.6,0.7,38/200,Q1,81.25,0.02503,5.57023,1.536,81.3,Q1,29/193,341,96.77%,10.4,9.7,330
AGRICULTURE ECOSYSTEMS & ENVIRONMENT,AGR ECOSYST ENVIRON,ELSEVIER,0167-8809,1873-2305,ECOLOGY,SCIE,35680,6.4,Q1,1.67,27.52%,14/200,6.8,Q1,5.8,1.2,13/200,Q1,93.75,0.01917,4.26737,1.322,93.3,Q1,35/193,428,99.07%,8,7.2,424
ECOLOGICAL ECONOMICS,ECOL ECON,ELSEVIER,0921-8009,1873-6106,ECOLOGY,SCIE,35499,6.3,Q1,1.56,46.84%,15/200,7.3,Q1,6,1.3,18/200,Q1,91.25,0.01907,4.24466,1.616,92.8,Q1,23/193,299,99.00%,9.3,7.5,296
MARINE ECOLOGY PROGRESS SERIES,MAR ECOL PROG SER,INTER-RESEARCH,2073-445X,1616-1599,ECOLOGY,SCIE,35104,2.1,Q3,0.73,37.63%,106/200,2.5,Q2,2,1,81/200,Q2,59.75,0.00866,1.92828,0.668,47.3,Q2,86/193,321,98.44%,16.4,11.7,316
LANDSCAPE AND URBAN PLANNING,LANDSCAPE URBAN PLAN,ELSEVIER,1542-4278,1872-6062,ECOLOGY,SCIE,32710,9.2,Q1,2.4,42.41%,6/200,10.4,Q1,8.7,1.5,4/200,Q1,98.25,0.01877,4.1782,2.15,97.3,Q1,12/193,186,95.70%,7.9,6.7,178
Ecology and Evolution,ECOL EVOL,WILEY,1520-6688,2045-7758,ECOLOGY,SCIE,29759,2.3,Q2,0.65,80.20%,95/200,2.8,Q2,2.1,0.4,100/200,Q2,50.25,0.03635,8.08952,0.785,52.8,Q2,75/193,1556,97.43%,5.4,10.6,1516
Methods in Ecology and Evolution,METHODS ECOL EVOL,WILEY,2041-210X,2041-2096,ECOLOGY,SCIE,29155,6.2,Q1,1.67,84.16%,16/200,9.3,Q1,5.8,0.8,13/200,Q1,93.75,0.02608,5.80424,3.048,92.3,Q1,8/193,182,94.51%,7.8,7.5,172
OECOLOGIA,OECOLOGIA,SPRINGER,2193-7532,1432-1939,ECOLOGY,SCIE,29028,2.3,Q2,0.71,34.85%,95/200,2.8,Q2,2.3,0.5,87/200,Q2,56.75,0.00783,1.74295,0.849,52.8,Q2,66/193,138,100.00%,19,12.4,138
EVOLUTION,EVOLUTION,OXFORD UNIV PRESS,1477-7525,1558-5646,ECOLOGY,SCIE,27019,2.6,Q2,0.88,46.45%,77/200,3.1,Q2,2.4,0.9,59/200,Q2,70.75,0.01012,2.25223,1.257,61.8,Q1,40/193,163,96.93%,19.1,12,158
JOURNAL OF APPLIED ECOLOGY,J APPL ECOL,WILEY,2214-594X,1365-2664,ECOLOGY,SCIE,26373,4.8,Q1,1.31,60.23%,26/200,6.1,Q1,4.6,1,25/200,Q1,87.75,0.01621,3.6088,1.67,87.3,Q1,20/193,246,94.72%,9.9,8.2,233
JOURNAL OF ECOLOGY,J ECOL,WILEY,2624-893X,1365-2745,ECOLOGY,SCIE,25403,5.6,Q1,1.4,50.93%,20/200,6.5,Q1,5.4,1,22/200,Q1,89.25,0.01818,4.04568,2.003,90.3,Q1,16/193,207,91.79%,10.5,9.7,190
AMERICAN NATURALIST,AM NAT,UNIV CHICAGO PRESS,0003-0147,1537-5323,ECOLOGY,SCIE,25365,2.7,Q2,0.87,11.99%,70/200,3,Q2,2.6,1,61/200,Q2,69.75,0.00734,1.63469,1.261,65.3,Q1,39/193,117,100.00%,24,13.4,117
Biogeosciences,BIOGEOSCIENCES,COPERNICUS GESELLSCHAFT MBH,1726-4170,1726-4189,ECOLOGY,SCIE,24065,3.9,Q1,1.09,99.88%,38/200,4.7,Q1,3.6,0.8,36/200,Q1,82.25,0.01867,4.15543,1.563,81.3,Q1,26/193,285,97.54%,8.8,10.1,278
CONSERVATION BIOLOGY,CONSERV BIOL,WILEY,0888-8892,1523-1739,ECOLOGY,SCIE,22652,5.5,Q1,1.28,71.70%,21/200,6.7,Q1,5.2,0.9,27/200,Q1,86.75,0.01264,2.81254,2.113,89.8,Q1,13/193,212,94.34%,14,7.2,200
Nature Ecology & Evolution,NAT ECOL EVOL,NATURE PORTFOLIO,2397-334X,2397-334X,ECOLOGY,SCIE,22484,14.5,Q1,3.97,29.61%,2/200,17.6,Q1,14.2,2.8,1/200,Q1,99.75,0.04672,10.39686,7.056,99.3,Q1,1/193,266,92.48%,4.8,8.6,246
ECOLOGICAL APPLICATIONS,ECOL APPL,WILEY,2035-5556,1939-5582,ECOLOGY,SCIE,22054,4.3,Q1,1.11,46.55%,31/200,5.1,Q1,4.2,0.7,35/200,Q1,82.75,0.0119,2.64974,1.515,84.8,Q1,31/193,117,99.15%,13.4,10,116
OIKOS,OIKOS,WILEY,1478-4491,1600-0706,ECOLOGY,SCIE,21873,3,Q2,0.85,49.19%,64/200,3.7,Q2,2.9,0.8,65/200,Q2,67.75,0.00895,1.99168,1.264,68.3,Q1,38/193,159,100.00%,17.4,10.9,159
ECOLOGICAL ENGINEERING,ECOL ENG,ELSEVIER,2413-8851,1872-6992,ECOLOGY,SCIE,21565,4.1,Q1,0.77,25.21%,36/200,4.3,Q1,3.8,0.7,76/200,Q2,62.25,0.00847,1.88668,0.779,82.3,Q2,77/193,222,95.50%,8.5,8.3,212
ECOLOGICAL MODELLING,ECOL MODEL,ELSEVIER,0304-3800,1872-7026,ECOLOGY,SCIE,21479,3.2,Q2,0.89,34.38%,58/200,3.5,Q2,3,0.7,57/200,Q2,71.75,0.00826,1.83964,0.804,71.3,Q2,71/193,291,99.31%,13.6,10,289
Annual Review of Ecology Evolution and Systematics,ANNU REV ECOL EVOL S,ANNUAL REVIEWS,1543-592X,1545-2069,ECOLOGY,SCIE,21436,11.4,Q1,1.28,36.51%,4/200,,,11.2,0.7,27/200,Q1,86.75,0.0056,1.24617,,98.3,,,21,0.00%,20.3,9.4,0
FUNCTIONAL ECOLOGY,FUNCT ECOL,WILEY,0269-8463,1365-2435,ECOLOGY,SCIE,21367,5.1,Q1,1.24,54.42%,23/200,5.7,Q1,4.9,0.8,29/200,Q1,85.75,0.01644,3.6599,1.816,88.8,Q1,18/193,220,94.09%,9.3,9.9,207
GLOBAL ECOLOGY AND BIOGEOGRAPHY,GLOBAL ECOL BIOGEOGR,WILEY,1466-822X,1466-8238,ECOLOGY,SCIE,19238,6,Q1,1.62,50.90%,19/200,7.1,Q1,5.9,1.3,16/200,Q1,92.25,0.01654,3.68135,2.409,90.8,Q1,10/193,112,93.75%,9.1,8.8,105
JOURNAL OF ANIMAL ECOLOGY,J ANIM ECOL,WILEY,2056-6085,1365-2656,ECOLOGY,SCIE,18764,3.7,Q1,1.55,53.18%,45/200,4.7,Q1,3.4,0.6,19/200,Q1,90.75,0.01253,2.78938,1.569,77.8,Q1,25/193,177,97.18%,13.3,10.8,172
ECOGRAPHY,ECOGRAPHY,WILEY,2673-2726,1600-0587,ECOLOGY,SCIE,18482,4.7,Q1,1.37,91.79%,28/200,6.7,Q1,4.5,0.8,23/200,Q1,88.75,0.01424,3.17032,2.279,86.3,Q1,11/193,154,99.35%,9.4,8.8,153
JOURNAL OF BIOGEOGRAPHY,J BIOGEOGR,WILEY,0305-0270,1365-2699,ECOLOGY,SCIE,17821,3.6,Q1,0.95,38.29%,48/200,3.9,Q2,3.4,0.7,51/200,Q2,74.75,0.01066,2.37314,1.251,76.3,Q1,41/193,180,98.33%,11.5,10.7,177
Molecular Ecology Resources,MOL ECOL RESOUR,WILEY,1179-1594,1755-0998,ECOLOGY,SCIE,16530,5.5,Q1,1.5,53.97%,21/200,8,Q1,5.2,1,21/200,Q1,89.75,0.01738,3.8676,2.463,89.8,Q1,9/193,116,99.14%,7.1,7.7,115
Frontiers in Ecology and Evolution,FRONT ECOL EVOL,FRONTIERS MEDIA SA,2624-9634,2296-701X,ECOLOGY,SCIE,15870,2.6,Q2,0.69,99.57%,77/200,3.1,Q2,2.5,0.7,92/200,Q2,54.25,0.02861,6.36627,0.879,61.8,Q2,65/193,342,91.23%,3.6,9.4,312
BIODIVERSITY AND CONSERVATION,BIODIVERS CONSERV,SPRINGER,2322-5939,1572-9710,ECOLOGY,SCIE,14432,3.1,Q2,0.69,44.71%,62/200,3.7,Q2,2.9,0.6,92/200,Q2,54.25,0.00735,1.63716,0.887,69.3,Q2,63/193,232,89.22%,11,9.2,207
Ecosphere,ECOSPHERE,WILEY,2150-8925,2150-8925,ECOLOGY,SCIE,14366,2.9,Q2,0.82,81.43%,68/200,3.3,Q2,2.8,0.5,66/200,Q2,67.25,0.01562,3.47576,0.977,66.3,Q2,54/193,349,97.99%,6.2,10.3,342
LANDSCAPE ECOLOGY,LANDSCAPE ECOL,SPRINGER,2300-1682,1572-9761,ECOLOGY,SCIE,14016,3.7,Q1,1.02,60.36%,45/200,5.1,Q1,3.2,1.1,43/200,Q1,78.75,0.00917,2.04078,1.156,77.8,Q1,45/193,208,96.15%,8.3,8.6,200
ECOLOGY AND SOCIETY,ECOL SOC,Resilience Alliance,2297-900X,,ECOLOGY,SCIE,13977,3.2,Q2,0.88,98.65%,58/200,4,Q2,3,0.5,59/200,Q2,70.75,0.0058,1.29272,1.03,71.3,Q2,53/193,134,98.51%,10,8.2,132
JOURNAL OF EXPERIMENTAL MARINE BIOLOGY AND ECOLOGY,J EXP MAR BIOL ECOL,ELSEVIER,2561-326X,1879-1697,ECOLOGY,SCIE,13706,1.8,Q3,0.58,30.40%,124/200,2.1,Q3,1.7,0.4,111/200,Q3,44.75,0.00219,0.48899,0.526,38.3,Q3,110/193,84,100.00%,17.5,12.5,84
FRESHWATER BIOLOGY,FRESHWATER BIOL,WILEY,2666-7193,1365-2427,ECOLOGY,SCIE,13534,2.7,Q2,0.87,47.58%,70/200,3.1,Q2,2.6,0.5,61/200,Q2,69.75,0.00536,1.19377,0.799,65.3,Q2,74/193,126,96.83%,14,11.1,122
FRONTIERS IN ECOLOGY AND THE ENVIRONMENT,FRONT ECOL ENVIRON,WILEY,1540-9295,1540-9309,ECOLOGY,SCIE,13474,7.6,Q1,1.67,67.32%,9/200,11.9,Q1,7.5,1,13/200,Q1,93.75,0.00857,1.90826,3.904,95.8,Q1,4/193,54,35.19%,10.7,6.7,19
MICROBIAL ECOLOGY,MICROB ECOL,SPRINGER,0095-3628,1432-184X,ECOLOGY,SCIE,13199,4,Q1,1.01,46.36%,37/200,4,Q2,3.9,0.9,45/200,Q1,77.75,0.00743,1.655,0.885,81.8,Q2,64/193,177,94.35%,9.2,7.5,167
Ecological Informatics,ECOL INFORM,ELSEVIER,1574-9541,1878-0512,ECOLOGY,SCIE,12572,7.3,Q1,2,49.09%,11/200,7.1,Q1,5.6,2.3,7/200,Q1,96.75,0.0112,2.49215,1.104,94.8,Q1,48/193,513,99.22%,2.7,5.6,509
ECOLOGICAL MONOGRAPHS,ECOL MONOGR,WILEY,0012-9615,1557-7015,ECOLOGY,SCIE,12416,7.5,Q1,1.97,57.89%,10/200,9,Q1,7.4,1.1,8/200,Q1,96.25,0.00555,1.23643,3.196,95.3,Q1,7/193,34,79.41%,16.3,12.5,27
DIVERSITY AND DISTRIBUTIONS,DIVERS DISTRIB,WILEY,1366-9516,1472-4642,ECOLOGY,SCIE,12395,4.2,Q1,1.24,83.97%,35/200,5.4,Q1,4.1,1,29/200,Q1,85.75,0.00966,2.15007,1.552,82.8,Q1,28/193,113,97.35%,9,8.8,110
BIOLOGICAL INVASIONS,BIOL INVASIONS,SPRINGER,2393-6401,1573-1464,ECOLOGY,SCIE,12347,2.6,Q2,0.73,37.50%,77/200,2.9,Q2,2.4,0.6,81/200,Q2,59.75,0.00736,1.63859,0.693,61.8,Q2,84/193,215,97.67%,8.6,10.4,210
Global Ecology and Conservation,GLOB ECOL CONSERV,ELSEVIER,2351-9894,2351-9894,ECOLOGY,SCIE,12045,3.4,Q2,0.97,97.60%,52/200,4.3,Q1,3.2,0.6,48/200,Q1,76.25,0.01657,3.68889,0.944,74.3,Q2,57/193,560,98.57%,4.2,8.5,552
Biology Letters,BIOL LETTERS,ROYAL SOC,2666-6065,1744-957X,ECOLOGY,SCIE,11608,3,Q2,0.82,57.56%,64/200,3.2,Q2,2.9,0.6,66/200,Q2,67.25,0.00817,1.81871,1.111,68.3,Q1,47/193,168,92.86%,9.7,10.8,156
BEHAVIORAL ECOLOGY AND SOCIOBIOLOGY,BEHAV ECOL SOCIOBIOL,SPRINGER,0340-5443,1432-0762,ECOLOGY,SCIE,11298,1.9,Q3,0.82,42.38%,116/200,2.1,Q3,1.7,0.4,66/200,Q2,67.25,0.00433,0.96427,0.71,42.3,Q2,82/193,121,99.17%,15,13.8,120
Ecosystem Services,ECOSYST SERV,ELSEVIER,2212-0416,2212-0416,ECOLOGY,SCIE,10896,6.6,Q1,1.34,47.00%,13/200,7.5,Q1,6,1.6,24/200,Q1,88.25,0.00766,1.70616,1.453,93.8,Q1,32/193,93,82.80%,6.2,7.1,77
JOURNAL OF WILDLIFE MANAGEMENT,J WILDLIFE MANAGE,WILEY,2664-3731,1937-2817,ECOLOGY,SCIE,10835,1.9,Q3,0.78,43.66%,116/200,2.2,Q3,1.7,0.5,73/200,Q2,63.75,0.00314,0.69868,0.549,42.3,Q3,106/193,136,97.06%,16.8,11.3,132
ECOSYSTEMS,ECOSYSTEMS,SPRINGER,1178-203X,1435-0629,ECOLOGY,SCIE,10224,3.3,Q2,0.94,35.78%,56/200,3.9,Q2,3.2,0.7,54/200,Q2,73.25,0.00581,1.29437,1.191,72.3,Q1,44/193,52,98.08%,12.1,10.1,51
Diversity-Basel,DIVERSITY-BASEL,MDPI,1424-2818,1424-2818,ECOLOGY,SCIE,9867,2.1,Q3,0.61,99.97%,106/200,2.3,Q3,1.9,0.5,106/200,Q3,47.25,0.01489,3.31351,0.513,47.3,Q3,112/193,771,94.03%,2.9,11.8,725
Journal of Arid Environments,J ARID ENVIRON,ACADEMIC PRESS LTD- ELSEVIER SCIENCE LTD,1179-1594,1095-922X,ECOLOGY,SCIE,9764,2.5,Q2,0.63,16.58%,85/200,2.7,Q2,2.4,0.6,103/200,Q3,48.75,0.00362,0.80685,0.569,57.8,Q3,103/193,139,98.56%,13.3,10.2,137
JOURNAL OF CHEMICAL ECOLOGY,J CHEM ECOL,SPRINGER,0098-0331,1573-1561,ECOLOGY,SCIE,9635,1.8,Q3,0.54,36.06%,124/200,2.4,Q2,1.7,0.8,118/200,Q3,41.25,0.00192,0.42777,0.574,38.3,Q3,102/193,81,93.83%,17.4,12.1,76
JOURNAL OF EVOLUTIONARY BIOLOGY,J EVOLUTION BIOL,OXFORD UNIV PRESS,2662-2211,1420-9101,ECOLOGY,SCIE,9497,2.3,Q2,0.59,51.00%,95/200,2.2,Q3,2.2,0.6,109/200,Q3,45.75,0.00458,1.01967,0.816,52.8,Q2,69/193,147,93.88%,12.9,12.8,138
HEREDITY,HEREDITY,SPRINGERNATURE,2322-5939,1365-2540,ECOLOGY,SCIE,9419,3.9,Q1,0.95,49.34%,38/200,3.6,Q2,3.8,0.5,51/200,Q2,74.75,0.00437,0.9745,1.074,81.3,Q2,49/193,68,97.06%,13.6,10.6,66
BEHAVIORAL ECOLOGY,BEHAV ECOL,OXFORD UNIV PRESS INC,1045-2249,1465-7279,ECOLOGY,SCIE,9326,2.2,Q2,0.87,37.85%,99/200,2.3,Q3,2,0.9,61/200,Q2,69.75,0.00445,0.99129,0.785,50.7,Q2,75/193,116,98.28%,12.7,12.9,114
RESTORATION ECOLOGY,RESTOR ECOL,WILEY,2148-9386,1526-100X,ECOLOGY,SCIE,9186,2.7,Q2,0.74,44.43%,70/200,3.7,Q2,2.3,0.4,80/200,Q2,60.25,0.00807,1.79768,0.891,65.3,Q2,62/193,274,92.34%,6.3,8.8,253
JOURNAL OF VEGETATION SCIENCE,J VEG SCI,WILEY,2052-3211,1654-1103,ECOLOGY,SCIE,8837,2.7,Q2,0.82,44.39%,70/200,3,Q2,2.4,0.6,66/200,Q2,67.25,0.00328,0.73103,0.842,65.3,Q2,67/193,94,100.00%,15,11.1,94
ECOTOXICOLOGY,ECOTOXICOLOGY,SPRINGER,0963-9292,1573-3017,ECOLOGY,SCIE,6491,2.7,Q2,0.61,16.56%,70/200,2.7,Q2,2.5,0.5,106/200,Q3,47.25,0.00262,0.58494,0.477,65.3,Q3,119/193,113,96.46%,9.6,9.1,109
Acta Ecologica Sinica,ACTA ECOL SINICA,ELSEVIER,2632-3249,1872-2032,ECOLOGY,ESCI,6435,7.1,Q1,0.82,1.03%,12/200,11.5,Q1,7.1,,66/200,Q2,67.25,0.00426,0.94916,2.029,94.3,Q1,14/193,0,,6.2,,0
POLAR BIOLOGY,POLAR BIOL,SPRINGER,2624-9553,1432-2056,ECOLOGY,SCIE,6425,1.6,Q3,0.42,38.32%,134/200,1.7,Q3,1.5,0.4,139/200,Q3,30.75,0.00265,0.59016,0.428,33.3,Q3,133/193,93,93.55%,11.5,13,87
BIOTROPICA,BIOTROPICA,WILEY,0006-3606,1744-7429,ECOLOGY,SCIE,6333,1.7,Q3,0.49,33.87%,131/200,2.1,Q3,1.5,0.4,121/200,Q3,39.75,0.00286,0.63649,0.599,34.8,Q3,99/193,96,94.79%,14.8,11.3,91
ENVIRONMENTAL BIOLOGY OF FISHES,ENVIRON BIOL FISH,SPRINGER,2673-253X,1573-5133,ECOLOGY,SCIE,6167,1.8,Q3,0.55,20.83%,124/200,1.8,Q3,1.7,0.5,116/200,Q3,42.25,0.00215,0.48025,0.431,38.3,Q3,131/193,138,97.83%,16.4,12.1,135
Regional Studies in Marine Science,REG STUD MAR SCI,ELSEVIER,2352-4855,2352-4855,ECOLOGY,SCIE,6133,2.4,Q2,0.75,10.53%,90/200,2.4,Q2,2.2,0.5,78/200,Q2,61.25,0.00711,1.58237,0.429,55.3,Q3,132/193,641,98.28%,3.4,9.5,630
PLANT ECOLOGY,PLANT ECOL,SPRINGER,1385-0237,1573-5052,ECOLOGY,SCIE,5863,1.7,Q3,0.58,21.80%,131/200,1.8,Q3,1.6,0.4,111/200,Q3,44.75,0.00172,0.38283,0.456,34.8,Q3,123/193,97,97.94%,14.4,11.7,95
Current Opinion in Insect Science,CURR OPIN INSECT SCI,ELSEVIER,2214-7829,2214-5753,ECOLOGY,SCIE,5756,4.8,Q1,1.92,29.15%,26/200,5.8,Q1,4.4,1.2,9/200,Q1,95.75,0.00611,1.35973,1.559,87.3,Q1,27/193,107,56.07%,5.8,6.2,60
URBAN ECOSYSTEMS,URBAN ECOSYST,SPRINGER,1083-8155,1573-1642,ECOLOGY,SCIE,5386,2.4,Q2,0.63,36.70%,90/200,3,Q2,2.3,0.7,103/200,Q3,48.75,0.00342,0.76199,0.65,55.3,Q2,89/193,119,97.48%,7.4,8.5,116
WETLANDS,WETLANDS,SPRINGER,2227-9091,1943-6246,ECOLOGY,SCIE,5225,2,Q3,0.44,21.53%,111/200,2.1,Q3,1.9,0.6,132/200,Q3,34.25,0.00258,0.57493,0.471,44.8,Q3,122/193,122,94.26%,10,10,115
JOURNAL OF SOIL AND WATER CONSERVATION,J SOIL WATER CONSERV,TAYLOR & FRANCIS LTD,2214-7160,1941-3300,ECOLOGY,SCIE,4937,2.6,Q2,0.45,0.00%,77/200,3.2,Q2,2.5,0.9,130/200,Q3,35.25,0.00153,0.34114,0.608,61.8,Q3,98/193,28,96.43%,11.7,8.3,27
AUSTRAL ECOLOGY,AUSTRAL ECOL,WILEY,1442-9985,1442-9993,ECOLOGY,SCIE,4806,1.6,Q3,0.48,41.88%,134/200,1.8,Q3,1.4,0.4,123/200,Q3,38.75,0.00247,0.55072,0.445,33.3,Q3,126/193,129,97.67%,12.9,11.9,126
EUROPEAN JOURNAL OF SOIL BIOLOGY,EUR J SOIL BIOL,ELSEVIER FRANCE-EDITIONS SCIENTIFIQUES MEDICALES ELSEVIER,1164-5563,1778-3615,ECOLOGY,SCIE,4771,3.3,Q2,0.96,18.10%,56/200,4.1,Q1,3.2,0.6,50/200,Q1,75.25,0.00194,0.43169,0.802,72.3,Q2,72/193,86,98.84%,9.8,8.6,85
BIOCHEMICAL SYSTEMATICS AND ECOLOGY,BIOCHEM SYST ECOL,PERGAMON-ELSEVIER SCIENCE LTD,0305-1978,1873-2925,ECOLOGY,SCIE,4730,2,Q3,0.48,3.06%,111/200,1.7,Q3,1.8,0.5,123/200,Q3,38.75,0.00122,0.2723,0.215,44.8,Q4,164/193,122,99.18%,11.5,10,121
BASIC AND APPLIED ECOLOGY,BASIC APPL ECOL,ELSEVIER GMBH,2767-3812,1618-0089,ECOLOGY,SCIE,4611,3.5,Q1,0.95,94.30%,50/200,4,Q2,3.3,0.6,51/200,Q2,74.75,0.00335,0.74634,1.056,75.3,Q2,51/193,77,96.10%,8.5,9.1,74
ECOLOGICAL RESEARCH,ECOL RES,WILEY,0912-3814,1440-1703,ECOLOGY,SCIE,4286,1.4,Q3,0.45,35.84%,142/200,2,Q3,1.3,0.8,130/200,Q3,35.25,0.0017,0.37956,0.506,29.3,Q3,113/193,95,94.74%,12.5,11.8,90
ORYX,ORYX,CAMBRIDGE UNIV PRESS,1477-8947,1365-3008,ECOLOGY,SCIE,4123,2.1,Q3,0.56,94.74%,106/200,2.4,Q2,2,0.7,114/200,Q3,43.25,0.00256,0.57138,0.627,47.3,Q2,93/193,76,94.74%,9.4,8.3,72
ANIMAL CONSERVATION,ANIM CONSERV,WILEY,2767-3170,1469-1795,ECOLOGY,SCIE,4103,2.6,Q2,0.72,51.53%,77/200,3.4,Q2,2.5,0.3,83/200,Q2,58.75,0.00279,0.62125,0.93,61.8,Q2,59/193,68,92.65%,11,9.1,63
FLORA,FLORA,ELSEVIER GMBH,2773-1391,1618-0585,ECOLOGY,SCIE,4026,1.8,Q3,0.32,9.25%,124/200,1.9,Q3,1.6,0.5,158/200,Q4,21.25,0.00227,0.50657,0.395,38.3,Q3,138/193,122,100.00%,8.5,12.7,122
Frontiers in Forests and Global Change,FRONT FOR GLOB CHANG,FRONTIERS MEDIA SA,2624-893X,2624-893X,ECOLOGY,SCIE,3996,3.2,Q2,0.94,99.01%,58/200,3.7,Q2,3.1,0.8,54/200,Q2,73.25,0.00767,1.70863,0.948,71.3,Q2,56/193,223,93.72%,2.9,7.8,209
INTERNATIONAL JOURNAL OF SUSTAINABLE DEVELOPMENT AND WORLD ECOLOGY,INT J SUST DEV WORLD,TAYLOR & FRANCIS INC,1350-4509,1745-2627,ECOLOGY,SCIE,3917,7.7,Q1,1.76,8.72%,8/200,6.3,Q1,7.5,2.5,11/200,Q1,94.75,0.00261,0.58272,0.942,96.3,Q2,58/193,64,100.00%,4.9,4,64
PALEOBIOLOGY,PALEOBIOLOGY,CAMBRIDGE UNIV PRESS,2413-8851,1938-5331,ECOLOGY,SCIE,3909,2.7,Q2,0.98,69.44%,70/200,2.7,Q2,2.3,0.9,47/200,Q1,76.75,0.00177,0.39558,1.125,65.3,Q1,46/193,38,94.74%,22.5,13.2,36
Ecohydrology,ECOHYDROLOGY,WILEY,1936-0584,1936-0592,ECOLOGY,SCIE,3885,2.1,Q3,0.54,27.24%,106/200,2.5,Q2,1.9,0.5,118/200,Q3,41.25,0.00257,0.57284,0.621,47.3,Q2,94/193,127,96.85%,7.8,9.6,123
WILDLIFE RESEARCH,WILDLIFE RES,CSIRO PUBLISHING,1035-3712,1448-5494,ECOLOGY,SCIE,3689,1.6,Q3,0.7,48.33%,134/200,2,Q3,1.4,0.4,89/200,Q2,55.75,0.00148,0.33038,0.444,33.3,Q3,127/193,94,97.87%,12.7,9.9,92
JOURNAL OF NATURAL HISTORY,J NAT HIST,TAYLOR & FRANCIS LTD,0022-2933,1464-5262,ECOLOGY,SCIE,3678,0.9,Q4,0.3,8.77%,162/200,1,Q4,0.8,0.2,163/200,Q4,18.75,0.00145,0.3235,0.287,19.3,Q4,150/193,105,92.38%,16.4,17.4,97
THEORETICAL POPULATION BIOLOGY,THEOR POPUL BIOL,ACADEMIC PRESS INC ELSEVIER SCIENCE,2509-8020,1096-0325,ECOLOGY,SCIE,3632,1.3,Q3,0.36,55.93%,146/200,1.4,Q4,1.2,0.3,149/200,Q3,25.75,0.00101,0.22524,0.616,27.3,Q2,96/193,50,100.00%,24.5,16.3,50
APPLIED ECOLOGY AND ENVIRONMENTAL RESEARCH,APPL ECOL ENV RES,ALOKI Applied Ecological Research and Forensic Inst Ltd,1589-1623,1785-0037,ECOLOGY,SCIE,3603,0.6,Q4,0.15,96.90%,182/200,0.8,Q4,0.6,0.1,184/200,Q4,8.25,0.00261,0.58278,0.124,9.3,Q4,177/193,417,98.32%,5.6,8.3,410
Fungal Ecology,FUNGAL ECOL,ELSEVIER SCI LTD,2399-6641,1878-0083,ECOLOGY,SCIE,3488,2.2,Q2,0.65,29.41%,99/200,2.7,Q2,2.1,0.4,100/200,Q2,50.25,0.00193,0.43043,0.669,50.7,Q2,85/193,36,100.00%,8.4,9.5,36
Rangeland Ecology & Management,RANGELAND ECOL MANAG,ELSEVIER,1550-7424,1551-5028,ECOLOGY,SCIE,3467,2.4,Q2,0.62,42.86%,90/200,2.5,Q2,1.8,1.2,105/200,Q3,47.75,0.00207,0.46165,0.498,55.3,Q3,114/193,141,99.29%,7,9.4,140
JOURNAL FOR NATURE CONSERVATION,J NAT CONSERV,ELSEVIER GMBH,1617-1381,1618-1093,ECOLOGY,SCIE,3390,2.5,Q2,0.66,21.14%,85/200,2.5,Q2,2.3,0.5,99/200,Q2,50.75,0.00303,0.67425,0.59,57.8,Q3,100/193,210,97.14%,5.6,8.2,204
EUROPEAN JOURNAL OF WILDLIFE RESEARCH,EUR J WILDLIFE RES,SPRINGER,2624-9634,1439-0574,ECOLOGY,SCIE,3346,2,Q3,0.76,46.93%,111/200,2.1,Q3,1.8,0.6,77/200,Q2,61.75,0.00194,0.43174,0.498,44.8,Q3,114/193,122,96.72%,9.3,10.5,118
AQUATIC MICROBIAL ECOLOGY,AQUAT MICROB ECOL,INTER-RESEARCH,2188-5729,1616-1564,ECOLOGY,SCIE,3339,1.1,Q4,0.38,25.71%,153/200,1.3,Q4,1.1,0.1,144/200,Q3,28.25,0.00037,0.08339,0.371,23.8,Q3,139/193,9,100.00%,17.2,9.8,9
People and Nature,PEOPLE NAT,WILEY,2575-8314,2575-8314,ECOLOGY,SCIE,3302,4.9,Q1,1.29,92.05%,25/200,6.3,Q1,4.5,0.7,26/200,Q1,87.25,0.00669,1.49042,1.685,87.8,Q1,19/193,190,92.63%,3.4,7.6,176
MAMMAL REVIEW,MAMMAL REV,WILEY,1365-2907,1365-2907,ECOLOGY,SCIE,3267,4.4,Q1,0.82,45.98%,29/200,5.8,Q1,4.2,0.4,66/200,Q2,67.25,0.00226,0.50315,1.608,85.8,Q1,24/193,35,5.71%,10.3,10.9,2
Journal of Plant Ecology,J PLANT ECOL,OXFORD UNIV PRESS,2213-5383,1752-993X,ECOLOGY,SCIE,3267,3.9,Q1,1.03,94.88%,38/200,2.9,Q2,3.4,0.7,42/200,Q1,79.25,0.00238,0.53128,0.628,81.3,Q2,92/193,102,97.06%,6.6,8.9,99
ACTA OECOLOGICA-INTERNATIONAL JOURNAL OF ECOLOGY,ACTA OECOL,ELSEVIER,1146-609X,1873-6238,ECOLOGY,SCIE,3260,1.5,Q3,0.41,15.19%,139/200,1.8,Q3,1.4,0.3,140/200,Q3,30.25,0.00136,0.30339,0.446,30.8,Q3,125/193,52,100.00%,12.4,12.8,52
Environmental DNA,ENVIRON DNA,WILEY,2637-4943,2637-4943,ECOLOGY,ESCI,3240,6.2,Q1,1.78,88.13%,16/200,,,4.8,1.2,10/200,Q1,95.25,0.00509,1.13396,,92.3,,,158,99.37%,3.1,6.6,157
EVOLUTIONARY ECOLOGY,EVOL ECOL,SPRINGER,2572-3170,1573-8477,ECOLOGY,SCIE,3234,2.1,Q3,0.48,36.75%,106/200,1.9,Q3,1.9,0.8,123/200,Q3,38.75,0.00146,0.32595,0.618,47.3,Q2,95/193,35,94.29%,13.8,13.3,33
Fire-Switzerland,FIRE-BASEL,MDPI,2574-2531,2571-6255,ECOLOGY,SCIE,3218,2.7,Q2,1.04,99.91%,70/200,3,Q2,2.3,0.7,40/200,Q1,80.25,0.00433,0.96562,0.616,65.3,Q2,96/193,486,93.62%,2.1,6.9,455
AoB Plants,AOB PLANTS,OXFORD UNIV PRESS,2661-8001,2041-2851,ECOLOGY,SCIE,3135,2.4,Q2,0.72,96.67%,90/200,3.1,Q2,2.4,0.6,83/200,Q2,58.75,0.00211,0.47039,0.704,55.3,Q2,83/193,60,96.67%,7.2,10.4,58
APPLIED VEGETATION SCIENCE,APPL VEG SCI,WILEY,1402-2001,1654-109X,ECOLOGY,SCIE,2979,2.6,Q2,0.75,47.67%,77/200,2.8,Q2,2.3,0.9,78/200,Q2,61.25,0.00176,0.39277,0.661,61.8,Q2,88/193,47,93.62%,8.5,10.1,44
Conservation Physiology,CONSERV PHYSIOL,OXFORD UNIV PRESS,2051-1434,2051-1434,ECOLOGY,SCIE,2781,2.5,Q2,0.71,94.83%,85/200,2.8,Q2,2.2,0.4,87/200,Q2,56.75,0.00294,0.65487,0.711,57.8,Q2,81/193,92,100.00%,5.6,10.7,92
Ecological Processes,ECOL PROCESS,SPRINGER,2192-1709,2192-1709,ECOLOGY,SCIE,2763,3.9,Q1,1.01,100.00%,38/200,5.4,Q1,3.7,1,45/200,Q1,77.75,0.00258,0.57594,1.064,81.3,Q2,50/193,84,100.00%,4.7,8.3,84
JOURNAL OF TROPICAL ECOLOGY,J TROP ECOL,CAMBRIDGE UNIV PRESS,2381-4683,1469-7831,ECOLOGY,SCIE,2741,1,Q4,0.29,23.53%,158/200,1.4,Q4,1,0.1,164/200,Q4,18.25,0.00056,0.12515,0.371,21.3,Q3,139/193,27,100.00%,18.7,13.1,27
PEDOBIOLOGIA,PEDOBIOLOGIA,ELSEVIER GMBH,0031-4056,1873-1511,ECOLOGY,SCIE,2696,2.2,Q2,0.56,26.55%,99/200,2.4,Q2,2,0.5,114/200,Q3,43.25,0.00083,0.18536,0.527,50.7,Q3,109/193,45,100.00%,14.6,10.2,45
BULLETIN OF THE AMERICAN MUSEUM OF NATURAL HISTORY,B AM MUS NAT HIST,AMER MUSEUM NATURAL HISTORY,0003-0090,1937-3546,ECOLOGY,SCIE,2655,3.4,Q2,1.21,0.00%,52/200,4.4,Q1,3.4,1.8,31/200,Q1,84.75,0.00062,0.13867,1.517,74.3,Q1,30/193,5,80.00%,34.7,18.7,4
PERSPECTIVES IN PLANT ECOLOGY EVOLUTION AND SYSTEMATICS,PERSPECT PLANT ECOL,ELSEVIER GMBH,1433-8319,1433-8319,ECOLOGY,SCIE,2607,2.9,Q2,0.89,38.71%,68/200,3.7,Q2,2.8,0.6,57/200,Q2,71.75,0.00131,0.29168,1.037,66.3,Q2,52/193,36,97.22%,10.6,13.3,35
AFRICAN JOURNAL OF ECOLOGY,AFR J ECOL,WILEY,0141-6707,1365-2028,ECOLOGY,SCIE,2538,1.1,Q4,0.35,28.23%,153/200,1.1,Q4,0.8,0.5,150/200,Q3,25.25,0.00109,0.24279,0.236,23.8,Q4,161/193,107,99.07%,13,11.6,106
AQUATIC ECOLOGY,AQUAT ECOL,SPRINGER,2673-4524,1573-5125,ECOLOGY,SCIE,2324,1.8,Q3,0.6,9.69%,124/200,2,Q3,1.8,0.3,108/200,Q3,46.25,0.00139,0.31044,0.44,38.3,Q3,128/193,80,97.50%,9.2,11.4,78
Ecological Complexity,ECOL COMPLEX,ELSEVIER,1476-945X,1476-9840,ECOLOGY,SCIE,2311,3.4,Q2,0.86,19.64%,52/200,3.3,Q2,3.4,0.2,64/200,Q2,68.25,0.00114,0.25445,0.758,74.3,Q2,78/193,17,100.00%,10.4,12.2,17
ISME Communications,ISME COMMUN,OXFORD UNIV PRESS,2730-6151,2730-6151,ECOLOGY,ESCI,2299,6.1,Q1,1.57,100.00%,18/200,6.6,Q1,5.9,0.9,17/200,Q1,91.75,0.00521,1.16101,2.013,91.3,Q1,15/193,168,99.40%,2.3,8.3,167
International Journal for Parasitology-Parasites and Wildlife,INT J PARASITOL-PAR,ELSEVIER,2213-2244,2213-2244,ECOLOGY,SCIE,2239,2.2,Q2,0.67,94.99%,99/200,2.4,Q2,2,0.8,97/200,Q2,51.75,0.00254,0.56523,0.55,50.7,Q3,105/193,129,96.90%,4.9,11.8,125
Fire Ecology,FIRE ECOL,SPRINGER,2590-2296,1933-9747,ECOLOGY,SCIE,2135,5,Q1,1.54,100.00%,24/200,5.7,Q1,4.5,1.6,20/200,Q1,90.25,0.00228,0.50741,1.422,88.3,Q1,33/193,92,91.30%,4.9,8.7,84
WILDLIFE BIOLOGY,WILDLIFE BIOL,WILEY,2976-5390,1903-220X,ECOLOGY,SCIE,2102,1.5,Q3,0.69,97.85%,139/200,2.2,Q3,1.4,0.6,92/200,Q2,54.25,0.00102,0.22877,0.518,30.8,Q3,111/193,113,100.00%,11.9,10.6,113
Movement Ecology,MOV ECOL,BMC,2051-3933,2051-3933,ECOLOGY,SCIE,2032,3.9,Q1,1.09,100.00%,38/200,4.5,Q1,3.5,0.8,36/200,Q1,82.25,0.00279,0.62191,1.296,81.3,Q1,36/193,80,97.50%,4.6,10.2,78
Freshwater Science,FRESHW SCI,UNIV CHICAGO PRESS,2204-3136,2161-9565,ECOLOGY,SCIE,2027,1.6,Q3,0.55,7.55%,134/200,1.8,Q3,1.6,0.2,116/200,Q3,42.25,0.00102,0.22828,0.479,33.3,Q3,118/193,32,100.00%,8.8,12.8,32
Plants People Planet,PLANTS PEOPLE PLANET,WILEY,2572-2611,2572-2611,ECOLOGY,SCIE,1918,3.6,Q1,0.97,92.41%,48/200,5,Q1,3,0.8,48/200,Q1,76.25,0.00348,0.77431,1.223,76.3,Q1,42/193,136,88.24%,3.5,8.2,120
NeoBiota,NEOBIOTA,PENSOFT PUBLISHERS,2639-5916,1314-2488,ECOLOGY,SCIE,1884,3,Q2,1.04,99.61%,64/200,3.9,Q2,2.8,0.6,40/200,Q1,80.25,0.00278,0.62009,0.969,68.3,Q2,55/193,97,94.85%,4.1,9.4,92
Remote Sensing in Ecology and Conservation,REMOTE SENS ECOL CON,WILEY,2056-3485,2056-3485,ECOLOGY,SCIE,1881,4.3,Q1,1.02,86.50%,31/200,5.4,Q1,4.1,0.8,43/200,Q1,78.75,0.00274,0.60983,1.365,84.8,Q1,34/193,46,97.83%,4.3,6.4,45
Aquatic Invasions,AQUAT INVASIONS,REGIONAL EURO-ASIAN BIOLOGICAL INVASIONS CENTRE-REABIC,1520-6688,1818-5487,ECOLOGY,SCIE,1708,2.3,Q2,0.68,96.55%,95/200,2.2,Q3,2.2,0.3,95/200,Q2,52.75,0.00078,0.17398,0.541,52.8,Q3,108/193,26,96.15%,10.7,13.2,25
CHEMISTRY AND ECOLOGY,CHEM ECOL,TAYLOR & FRANCIS LTD,2642-0007,1029-0370,ECOLOGY,SCIE,1664,1.8,Q3,0.38,1.59%,124/200,1.7,Q3,1.6,0.9,144/200,Q3,28.25,0.00058,0.12955,0.249,38.3,Q4,158/193,75,90.67%,8.9,6.4,68
Marine Biology Research,MAR BIOL RES,TAYLOR & FRANCIS LTD,1745-1000,1745-1019,ECOLOGY,SCIE,1644,1.2,Q4,0.37,10.98%,151/200,1.3,Q4,1.1,<0.1,148/200,Q3,26.25,0.00066,0.14696,0.3,24.8,Q4,148/193,45,91.11%,9.7,12.7,41
ECOSCIENCE,ECOSCIENCE,TAYLOR & FRANCIS INC,2767-3200,2376-7626,ECOLOGY,SCIE,1624,1.3,Q3,0.4,10.87%,146/200,1.4,Q4,1.1,0.3,143/200,Q3,28.75,0.00041,0.09335,0.418,27.3,Q3,134/193,20,95.00%,18.5,11,19
POLAR RESEARCH,POLAR RES-SWEDEN,OPEN ACADEMIA AB,0800-0395,1751-8369,ECOLOGY,SCIE,1527,1.3,Q3,0.33,100.00%,146/200,1.8,Q3,1.3,0.2,155/200,Q4,22.75,0.00061,0.13597,0.545,27.3,Q3,107/193,18,100.00%,12.9,10.6,18
ANNALES ZOOLOGICI FENNICI,ANN ZOOL FENN,FINNISH ZOOLOGICAL BOTANICAL PUBLISHING BOARD,0003-455X,1797-2450,ECOLOGY,SCIE,1518,0.8,Q4,0.43,0.00%,169/200,1.1,Q4,0.8,0.2,138/200,Q3,31.25,0.00021,0.04778,0.277,15.8,Q4,153/193,33,100.00%,21.9,17.3,33
ACTA AMAZONICA,ACTA AMAZON,INST NACIONAL PESQUISAS AMAZONIA,0044-5967,1809-4392,ECOLOGY,SCIE,1514,0.8,Q4,0.32,95.62%,169/200,1,Q4,0.8,0.3,158/200,Q4,21.25,0.00042,0.09411,0.226,15.8,Q4,162/193,45,84.44%,15.3,9.5,38
TROPICAL ECOLOGY,TROP ECOL,SPRINGERNATURE,0564-3295,2661-8982,ECOLOGY,SCIE,1477,1.7,Q3,0.41,4.46%,131/200,1.7,Q3,1.6,0.4,140/200,Q3,30.25,0.00071,0.15959,0.294,34.8,Q4,149/193,43,97.67%,7.7,11.5,42
POPULATION ECOLOGY,POPUL ECOL,WILEY,2673-7086,1438-390X,ECOLOGY,SCIE,1425,1,Q4,0.31,41.43%,158/200,1.6,Q3,1,0.4,162/200,Q4,19.25,0.00055,0.12288,0.448,21.3,Q3,124/193,20,85.00%,11,14.1,17
ECOHYDROLOGY & HYDROBIOLOGY,ECOHYDROL HYDROBIOL,EUROPEAN REGIONAL CENTRE ECOHYDROLOGY POLISH ACAD SCIENCES,2227-7099,2080-3397,ECOLOGY,SCIE,1394,2.2,Q2,0.68,9.84%,99/200,2.7,Q2,2.1,1.6,95/200,Q2,52.75,0.00105,0.2347,0.472,50.7,Q3,121/193,87,95.40%,4.8,9.4,83
Ecosystem Health and Sustainability,ECOSYST HEALTH SUST,AMER ASSOC ADVANCEMENT SCIENCE,2096-4129,2332-8878,ECOLOGY,SCIE,1379,3.4,Q2,0.78,99.35%,52/200,4.2,Q1,3.4,0.8,73/200,Q2,63.75,0.0012,0.26915,0.81,74.3,Q2,70/193,64,96.88%,4.8,6.1,62
Polar Science,POLAR SCI,ELSEVIER,2076-3387,1876-4428,ECOLOGY,SCIE,1343,2,Q3,0.47,15.29%,111/200,2.1,Q3,1.9,0.9,127/200,Q3,36.75,0.00149,0.33157,0.558,44.8,Q3,104/193,61,98.36%,5.4,10,60
JOURNAL OF FRESHWATER ECOLOGY,J FRESHWATER ECOL,TAYLOR & FRANCIS INC,2399-4908,2156-6941,ECOLOGY,SCIE,1323,1.4,Q3,0.44,96.00%,142/200,1.5,Q3,1.3,0.3,132/200,Q3,34.25,0.00042,0.09481,0.287,29.3,Q4,150/193,44,97.73%,14.2,9.8,43
REVISTA CHILENA DE HISTORIA NATURAL,REV CHIL HIST NAT,SOC BIOLGIA CHILE,2673-5172,0717-6317,ECOLOGY,SCIE,1243,1.4,Q3,0.32,100.00%,142/200,1.6,Q3,1.3,0.3,158/200,Q4,21.25,0.00009,0.02169,0.325,29.3,Q4,145/193,10,70.00%,21.3,12.1,7
SOUTHWESTERN NATURALIST,SOUTHWEST NAT,SOUTHWESTERN ASSOC NATURALISTS,0038-4909,1943-6262,ECOLOGY,SCIE,1213,0.3,Q4,0.03,0.00%,195/200,0.4,Q4,0.3,0.1,198/200,Q4,1.25,0.00012,0.02819,0.105,2.8,Q4,185/193,19,100.00%,21.8,18.9,19
BMC Ecology and Evolution,BMC ECOL EVOL,BMC,2730-7182,2730-7182,ECOLOGY,SCIE,1208,2.6,Q2,0.7,100.00%,77/200,2.7,Q2,2.5,0.6,89/200,Q2,55.75,0.00266,0.59378,0.8,61.8,Q2,73/193,146,99.32%,3,10.6,145
NEW ZEALAND JOURNAL OF ECOLOGY,NEW ZEAL J ECOL,NEW ZEALAND ECOL SOC,0110-6465,1177-7788,ECOLOGY,SCIE,1195,1.4,Q3,0.38,91.00%,142/200,1.7,Q3,1.2,0.1,144/200,Q3,28.25,0.00062,0.13998,0.433,29.3,Q3,129/193,14,92.86%,12.5,11.2,13
Journal of Biological Dynamics,J BIOL DYNAM,TAYLOR & FRANCIS LTD,1751-3758,1751-3766,ECOLOGY,SCIE,1187,2.2,Q2,0.67,98.95%,99/200,2.2,Q3,2.1,1.1,97/200,Q2,51.75,0.00096,0.21416,0.586,50.7,Q3,101/193,18,94.44%,7.4,9.9,17
RUSSIAN JOURNAL OF ECOLOGY,RUSS J ECOL+,PLEIADES PUBLISHING INC,2590-051X,1608-3334,ECOLOGY,SCIE,1117,0.6,Q4,0.21,0.00%,182/200,0.7,Q4,0.5,0.2,177/200,Q4,11.75,0.00034,0.0757,0.127,9.3,Q4,176/193,60,100.00%,12,14.9,60
ECOLOGICAL MANAGEMENT & RESTORATION,ECOL MANAG RESTOR,WILEY,2572-3170,1442-8903,ECOLOGY,SCIE,1093,2.2,Q2,0.58,50.00%,99/200,2.3,Q3,2.1,0.4,111/200,Q3,44.75,0.00089,0.19804,0.636,50.7,Q2,90/193,24,91.67%,8.1,9.6,22
PACIFIC CONSERVATION BIOLOGY,PAC CONSERV BIOL,CSIRO PUBLISHING,1038-2097,2204-4604,ECOLOGY,ESCI,1068,1.9,Q3,0.46,42.76%,116/200,1.6,Q3,1.6,1.2,128/200,Q3,36.25,0.00071,0.15855,0.408,42.3,Q3,136/193,82,95.12%,7.4,10.2,78
Ecosystems and People,ECOSYST PEOPLE,TAYLOR & FRANCIS LTD,2639-5916,2639-5916,ECOLOGY,ESCI,1048,3.7,Q1,0.92,98.13%,45/200,5.4,Q1,3.2,0.5,56/200,Q2,72.25,0.00175,0.39037,1.213,77.8,Q1,43/193,65,89.23%,3.7,7.6,58
Animal Biotelemetry,ANIM BIOTELEM,SPRINGERNATURE,2050-3385,2050-3385,ECOLOGY,SCIE,1032,2.5,Q2,0.8,100.00%,85/200,2.9,Q2,2.1,0.3,72/200,Q2,64.25,0.00106,0.2378,0.731,57.8,Q2,79/193,38,94.74%,5.6,9.4,36
CHEMOECOLOGY,CHEMOECOLOGY,SPRINGER BASEL AG,0937-7409,1423-0445,ECOLOGY,SCIE,1020,1.3,Q3,0.34,34.78%,146/200,1.5,Q3,1.3,0.4,152/200,Q4,24.25,0.00031,0.06989,0.334,27.3,Q3,142/193,18,88.89%,14.2,13,16
POLAR RECORD,POLAR REC,CAMBRIDGE UNIV PRESS,2405-9188,1475-3057,ECOLOGY,SCIE,1000,1.6,Q3,0.34,62.79%,134/200,1.4,Q4,1.5,0.4,152/200,Q4,24.25,0.00058,0.1293,0.415,33.3,Q3,135/193,21,90.48%,10.4,13.6,19
Theoretical Ecology,THEOR ECOL-NETH,SPRINGER HEIDELBERG,1874-1738,1874-1746,ECOLOGY,SCIE,957,1.1,Q4,0.33,41.79%,153/200,1.7,Q3,1.1,0.3,155/200,Q4,22.75,0.00092,0.20539,0.664,23.8,Q2,87/193,21,95.24%,9,14.7,20
Landscape and Ecological Engineering,LANDSC ECOL ENG,SPRINGER JAPAN KK,2398-631X,1860-188X,ECOLOGY,SCIE,947,1.9,Q3,0.53,12.69%,116/200,2.2,Q3,1.9,0.4,120/200,Q3,40.25,0.00068,0.15205,0.406,42.3,Q3,137/193,48,97.92%,5.9,9.3,47
COMMUNITY ECOLOGY,COMMUNITY ECOL,SPRINGER HEIDELBERG,1585-8553,1588-2756,ECOLOGY,SCIE,945,2,Q3,0.44,22.00%,111/200,2,Q3,1.9,0.6,132/200,Q3,34.25,0.0006,0.13404,0.486,44.8,Q3,117/193,37,97.30%,9.1,11.5,36
PLANT SPECIES BIOLOGY,PLANT SPEC BIOL,WILEY,0913-557X,1442-1984,ECOLOGY,SCIE,917,1.3,Q3,0.34,25.77%,146/200,1.5,Q3,1.1,0.1,152/200,Q4,24.25,0.00038,0.08637,0.328,27.3,Q3,144/193,43,97.67%,11.3,13,42
NORTHEASTERN NATURALIST,NORTHEAST NAT,EAGLE HILL INST,2634-4505,1938-5307,ECOLOGY,SCIE,916,0.5,Q4,0.13,0.00%,186/200,0.6,Q4,0.4,0.2,187/200,Q4,6.75,0.00037,0.08418,0.162,7.2,Q4,168/193,47,100.00%,11.3,15.7,47
AFRICAN JOURNAL OF RANGE & FORAGE SCIENCE,AFR J RANGE FOR SCI,TAYLOR & FRANCIS LTD,1947-2579,1727-9380,ECOLOGY,SCIE,914,1.9,Q3,0.38,12.50%,116/200,1.9,Q3,1.4,<0.1,144/200,Q3,28.25,0.00044,0.09796,0.348,42.3,Q3,141/193,19,78.95%,8.4,14,15
Frontiers in Conservation Science,FRONT CONSERV SCI,FRONTIERS MEDIA SA,2673-611X,2673-611X,ECOLOGY,ESCI,902,1.8,Q3,0.46,99.42%,124/200,2.4,Q2,1.7,0.4,128/200,Q3,36.25,0.00177,0.3956,0.636,38.3,Q2,90/193,107,88.79%,2.9,8.7,95
RANGELAND JOURNAL,RANGELAND J,CSIRO PUBLISHING,2381-4683,1834-7541,ECOLOGY,SCIE,893,0.9,Q4,0.33,41.38%,162/200,1.2,Q4,0.7,1.6,155/200,Q4,22.75,0.00033,0.07514,0.253,19.3,Q4,157/193,7,100.00%,10,5.8,7
INTERCIENCIA,INTERCIENCIA,INTERCIENCIA,2373-7492,0378-1844,ECOLOGY,SCIE,872,0.4,Q4,0.09,0.00%,192/200,0.4,Q4,0.2,0.1,193/200,Q4,3.75,0.00022,0.04915,0.081,4.3,Q4,188/193,76,93.42%,13.3,5.8,71
COMPOST SCIENCE & UTILIZATION,COMPOST SCI UTIL,TAYLOR & FRANCIS INC,1065-657X,2326-2397,ECOLOGY,SCIE,855,0.9,Q4,0.24,14.29%,162/200,1.8,Q3,0.8,0.1,170/200,Q4,15.25,0.00011,0.02507,0.269,19.3,Q4,154/193,11,100.00%,16.2,11.3,11
NATURAL AREAS JOURNAL,NAT AREA J,NATURAL AREAS ASSOC,2564-1891,2162-4399,ECOLOGY,SCIE,839,0.8,Q4,0.26,1.28%,169/200,0.9,Q4,0.8,0.2,167/200,Q4,16.75,0.0003,0.06867,0.246,15.8,Q4,159/193,22,100.00%,11.1,13.2,22
Arctic Science,ARCT SCI,CANADIAN SCIENCE PUBLISHING,2368-7460,2368-7460,ECOLOGY,SCIE,830,3.2,Q2,0.64,76.61%,58/200,2.9,Q2,3,0.4,102/200,Q3,49.25,0.00129,0.28777,0.822,71.3,Q2,68/193,51,94.12%,3.2,12,48
SOUTHEASTERN NATURALIST,SOUTHEAST NAT,EAGLE HILL INST,2192-4007,1938-5412,ECOLOGY,SCIE,823,0.4,Q4,0.19,0.00%,192/200,0.6,Q4,0.4,0.1,179/200,Q4,10.75,0.00038,0.08575,0.152,4.3,Q4,171/193,49,100.00%,10.3,13.9,49
Ecological Solutions and Evidence,ECOL SOLUT EVID,WILEY,2688-8319,2688-8319,ECOLOGY,ESCI,804,2.6,Q2,0.72,91.19%,77/200,2.8,Q2,2.3,0.7,83/200,Q2,58.75,0.00149,0.33205,0.726,61.8,Q2,80/193,99,95.96%,2.6,8.5,95
WESTERN NORTH AMERICAN NATURALIST,WEST N AM NATURALIST,BRIGHAM YOUNG UNIV,1527-0904,1944-8341,ECOLOGY,SCIE,799,0.5,Q4,0.13,0.00%,186/200,0.6,Q4,0.5,0.2,187/200,Q4,6.75,0.00038,0.08539,0.147,7.2,Q4,173/193,46,97.83%,12.4,15.8,45
Soil Ecology Letters,SOIL ECOL LETT,SPRINGERNATURE,2590-2296,2662-2297,ECOLOGY,ESCI,791,4.3,Q1,1.16,16.91%,31/200,4.3,Q1,4.1,1.1,34/200,Q1,83.25,0.00119,0.26516,0.908,84.8,Q2,60/193,73,91.78%,3.2,7.7,67
Contemporary Problems of Ecology,CONTEMP PROBL ECOL+,MAIK NAUKA/INTERPERIODICA/SPRINGER,2976-5390,1995-4263,ECOLOGY,SCIE,751,0.5,Q4,0.17,1.74%,186/200,0.6,Q4,0.4,0.1,183/200,Q4,8.75,0.00039,0.08705,0.118,7.2,Q4,181/193,102,100.00%,8,14.8,102
WILDLIFE MONOGRAPHS,WILDLIFE MONOGR,WILEY,0084-0173,1938-5455,ECOLOGY,SCIE,710,3.8,Q1,1.7,33.33%,44/200,4.1,Q1,3.8,0.5,12/200,Q1,94.25,0.00013,0.02919,1.277,78.3,Q1,37/193,2,100.00%,26.8,15.3,2
Journal of Fish and Wildlife Management,J FISH WILDL MANAG,U S FISH & WILDLIFE SERVICE,2692-4366,1944-687X,ECOLOGY,SCIE,690,0.9,Q4,0.27,88.07%,162/200,1.1,Q4,0.9,0.2,166/200,Q4,17.25,0.00056,0.12632,0.282,19.3,Q4,152/193,27,100.00%,7.2,13.2,27
PROCEEDINGS OF THE LINNEAN SOCIETY OF NEW SOUTH WALES,P LINN SOC N S W,LINNEAN SOC NEW SOUTH WALES,2603-6479,,ECOLOGY,SCIE,680,0.5,Q4,0.06,0.00%,186/200,0.7,Q4,0.5,<0.1,197/200,Q4,1.75,0.00004,0.01109,0.158,7.2,Q4,170/193,3,100.00%,81.2,20.1,3
POLISH JOURNAL OF ECOLOGY,POL J ECOL,POLISH ACAD SCIENCES INST ECOLOGY,1505-2249,,ECOLOGY,SCIE,668,0.7,Q4,0.12,0.00%,179/200,0.6,Q4,0.6,0.2,190/200,Q4,5.25,0.00009,0.02072,0.119,10.8,Q4,180/193,5,100.00%,12.5,10.4,5
Food Webs,FOOD WEBS,ELSEVIER,2352-2496,2352-2496,ECOLOGY,SCIE,667,1.5,Q3,0.44,21.60%,139/200,1.8,Q3,1.4,0.2,132/200,Q3,34.25,0.0008,0.17888,0.473,30.8,Q3,120/193,51,98.04%,5.2,13,50
Frontiers of Biogeography,FRONT BIOGEOGR,PENSOFT PUBLISHERS,1948-6596,1948-6596,ECOLOGY,ESCI,641,2.5,Q2,0.72,93.02%,85/200,,,2.5,0.4,83/200,Q2,58.75,0.00104,0.23349,,57.8,,,30,100.00%,5,11.2,30
NORTHWEST SCIENCE,NORTHWEST SCI,NORTHWEST SCIENTIFIC ASSOC,0029-344X,2161-9859,ECOLOGY,SCIE,615,0.8,Q4,0.11,0.00%,169/200,0.7,Q4,0.8,0.1,192/200,Q4,4.25,0.00013,0.02944,0.207,15.8,Q4,165/193,25,100.00%,18.5,17.5,25
Ecological Restoration,ECOL RESTOR,UNIV WISCONSIN PRESS,2767-3197,1543-4079,ECOLOGY,SCIE,584,1.1,Q4,0.41,22.22%,153/200,1.7,Q3,1.1,0.2,140/200,Q3,30.25,0.00029,0.06548,0.433,23.8,Q3,129/193,18,100.00%,10.8,12.7,18
VIE ET MILIEU-LIFE AND ENVIRONMENT,VIE MILIEU,OBSERVATOIRE OCEANOLOGIQUE BANYULS,0240-8759,,ECOLOGY,SCIE,578,0.2,Q4,0.13,0.00%,198/200,0.5,Q4,0.2,0.1,187/200,Q4,6.75,0.00009,0.02076,0.121,1.3,Q4,179/193,7,100.00%,20.9,15.6,7
Ecosistemas,ECOSISTEMAS,ASOCIACION ESPANOLA ECOLOGIA TERRESTRE,2817-1705,,ECOLOGY,ESCI,555,0.7,Q4,0.22,98.39%,179/200,0.7,Q4,0.6,0.8,174/200,Q4,13.25,0.00029,0.06599,0.162,10.8,Q4,168/193,33,90.91%,8.7,11.5,30
PHYTOCOENOLOGIA,PHYTOCOENOLOGIA,GEBRUDER BORNTRAEGER,0340-269X,2363-7153,ECOLOGY,SCIE,498,0.9,Q4,0.23,0.00%,162/200,1,Q4,0.9,0.2,172/200,Q4,14.25,0.00011,0.02636,0.246,19.3,Q4,159/193,9,100.00%,14.6,13.7,9
POLISH POLAR RESEARCH,POL POLAR RES,"POLSKA AKAD NAUK, POLISH ACAD SCIENCES",0138-0338,2081-8262,ECOLOGY,SCIE,472,0.8,Q4,0.22,100.00%,169/200,0.8,Q4,0.6,0.2,174/200,Q4,13.25,0.00008,0.01942,0.136,15.8,Q4,174/193,16,100.00%,13.1,9.8,16
Metabarcoding and Metagenomics,METABARCOD METAGENOM,PENSOFT PUBLISHERS,2534-9708,2534-9708,ECOLOGY,ESCI,434,3.1,Q2,0.78,98.46%,62/200,,,3,0.2,73/200,Q2,63.75,0.00064,0.14302,,69.3,,,21,100.00%,4.3,6.5,21
Russian Journal of Biological Invasions,RUSS J BIOL INVASION,PLEIADES PUBLISHING INC,2075-1117,2075-1125,ECOLOGY,ESCI,431,0.6,Q4,0.18,0.00%,182/200,0.7,Q4,0.5,0.1,181/200,Q4,9.75,0.00025,0.0574,0.123,9.3,Q4,178/193,69,100.00%,6.6,14.2,69
One Ecosystem,ONE ECOSYSTEM,PENSOFT PUBLISHERS,2367-8194,2367-8194,ECOLOGY,ESCI,397,1.9,Q3,0.48,100.00%,116/200,,,1.6,0.1,123/200,Q3,38.75,0.0004,0.09048,,42.3,,,26,88.46%,4.6,7.4,23
NATURAL HISTORY,NAT HIST,NATURAL HISTORY MAGAZINE,0028-0712,,ECOLOGY,SCIE,378,0.1,Q4,0,0.00%,199/200,0.1,Q4,0.1,<0.1,200/200,Q4,0.25,0.00003,0.00765,0.029,0.8,Q4,192/193,42,100.00%,50.3,,42
Ecological Questions,ECOL QUEST,WYDAWNICTWO UNIWERSYTETU MIKOLAJA KOPERNIKA,2752-8499,2083-5469,ECOLOGY,ESCI,329,0.9,Q4,0.22,92.00%,162/200,0.9,Q4,0.6,0.8,174/200,Q4,13.25,0.00016,0.03742,0.11,19.3,Q4,183/193,58,100.00%,4.1,9.2,58
Biosystems Diversity,BIOSYST DIVERSITY,OLES HONCHAR DNIPROPETROVSK NATL UNIV,2519-8513,2520-2529,ECOLOGY,ESCI,325,1,Q4,0.28,97.37%,158/200,1.1,Q4,0.8,0.2,165/200,Q4,17.75,0.00031,0.07017,0.15,21.3,Q4,172/193,43,100.00%,4.1,7.9,43
Theoretical and Applied Ecology,THEOR APPL ECOL,"LLC PUBLISHING HOUSE, KAMERTON",2672-7080,2618-8406,ECOLOGY,ESCI,324,0.5,Q4,0.12,0.00%,186/200,0.4,Q4,0.2,0.1,190/200,Q4,5.25,0.00013,0.03063,0.032,7.2,Q4,191/193,100,97.00%,4,9.5,97
Arid Ecosystems,ARID ECOSYST,PLEIADES PUBLISHING INC,2079-0961,2079-0988,ECOLOGY,ESCI,319,0.6,Q4,0.15,0.00%,182/200,0.7,Q4,0.4,0.1,184/200,Q4,8.25,0.00018,0.04216,0.088,9.3,Q4,187/193,60,100.00%,5,15.2,60
Bulletin of the Peabody Museum of Natural History,B PEABODY MUS NAT HI,PEABODY MUSEUM NATURAL HISTORY-YALE UNIV,1989-9882,2162-4135,ECOLOGY,SCIE,306,0.9,Q4,0.35,0.00%,162/200,1,Q4,0.9,4.5,150/200,Q3,25.25,0.00007,0.01732,0.318,19.3,Q4,146/193,4,100.00%,10.8,21.4,4
Israel Journal of Ecology & Evolution,ISR J ECOL EVOL,BRILL,2752-3349,2224-4662,ECOLOGY,SCIE,288,0.8,Q4,0.24,8.06%,169/200,0.8,Q4,0.7,0.1,170/200,Q4,15.25,0.00013,0.02972,0.18,15.8,Q4,167/193,29,93.10%,9.7,13.8,27
WEB ECOLOGY,WEB ECOL,COPERNICUS GESELLSCHAFT MBH,2752-5082,1399-1183,ECOLOGY,SCIE,266,2.4,Q2,0.59,100.00%,90/200,3,Q2,2.3,0.3,109/200,Q3,45.75,0.00029,0.06614,0.896,55.3,Q2,61/193,9,100.00%,6.3,8.7,9
Neotropical Biodiversity,NEOTROP BIODIVERS,TAYLOR & FRANCIS LTD,2376-6808,2376-6808,ECOLOGY,ESCI,260,0.8,Q4,0.23,96.61%,169/200,1,Q4,0.8,,172/200,Q4,14.25,0.0003,0.06836,0.254,15.8,Q4,156/193,0,,4.6,,0
Neotropical Biology and Conservation,NEOTROP BIOL CONSERV,PENSOFT PUBLISHERS,2236-3777,2236-3777,ECOLOGY,ESCI,246,0.8,Q4,0.25,100.00%,169/200,,,0.7,0.1,169/200,Q4,15.75,0.00021,0.04866,,15.8,,,32,100.00%,6.1,13.9,32
Vegetation Classification and Survey,VEG CLASS SURV,PENSOFT PUBLISHERS,2683-0671,2683-0671,ECOLOGY,ESCI,241,3,Q2,0.7,100.00%,64/200,2.5,Q2,2,0.7,89/200,Q2,55.75,0.00034,0.0772,0.493,68.3,Q3,116/193,23,100.00%,2.4,11.4,23
Tropics,TROPICS,JAPAN SOC TROPICAL ECOLOGY,0917-415X,1882-5729,ECOLOGY,ESCI,234,1.2,Q4,0.26,100.00%,151/200,1.2,Q4,1,0.2,167/200,Q4,16.75,0.0001,0.02315,0.258,24.8,Q4,155/193,9,100.00%,13,14.9,9
Ecologies,ECOLOGIES-BASEL,MDPI,2673-4133,2673-4133,ECOLOGY,ESCI,221,1.9,Q3,0.49,100.00%,116/200,1.8,Q3,1.8,0.4,121/200,Q3,39.75,0.00027,0.06074,0.306,42.3,Q4,147/193,44,90.91%,2.1,10.3,40
Conservation,CONSERVATION-BASEL,MDPI,2673-7159,2673-7159,ECOLOGY,ESCI,211,1.9,Q3,0.44,100.00%,116/200,1.8,Q3,1.8,0.3,132/200,Q3,34.25,0.00028,0.06403,0.334,42.3,Q3,142/193,51,88.24%,2.3,8.9,45
Folia Oecologica,FOLIA OECOLOGICA,WALTER DE GRUYTER GMBH,1336-5266,1338-7014,ECOLOGY,ESCI,195,1.1,Q4,0.44,100.00%,153/200,1.1,Q4,1,0.4,132/200,Q3,34.25,0.00015,0.03464,0.189,23.8,Q4,166/193,24,100.00%,4.6,12.4,24
Journal of Wildlife and Biodiversity,J WILDLIFE BIODIVERS,"ARAK UNIV, ARAK",2588-3526,2588-3526,ECOLOGY,ESCI,193,0.5,Q4,0.15,0.00%,186/200,0.6,Q4,0.4,0.4,184/200,Q4,8.25,0.00024,0.05518,0.131,7.2,Q4,175/193,106,94.34%,2.8,10.8,100
Ecological Frontiers,ECOL FRONT,ELSEVIER,2950-5097,2950-5097,ECOLOGY,ESCI,193,,,,4.00%,,,,,1.5,,,,0,0,,,,,125,92.80%,,8.2,116
Ecologia Aplicada,ECOL APL,UNIV NACIONAL AGRARIA LA MOLINA,1726-2216,1993-9507,ECOLOGY,ESCI,192,0.4,Q4,0.08,97.83%,192/200,0.6,Q4,0.3,<0.1,194/200,Q4,3.25,0.00006,0.01362,0.09,4.3,Q4,186/193,16,100.00%,10.1,12.7,16
Hacquetia,HACQUETIA,SCIENDO,1581-4661,1854-9829,ECOLOGY,ESCI,152,0.7,Q4,0.21,97.96%,179/200,0.6,Q4,0.6,0.9,177/200,Q4,11.75,0.00008,0.01961,0.112,10.8,Q4,182/193,14,100.00%,6.6,18.6,14
African Journal of Wildlife Research,AFR J WILDL RES,SOUTHERN AFRICAN WILDLIFE MANAGEMENT ASSOC,1467-8489,2410-8200,ECOLOGY,SCIE,148,1,Q4,0.32,0.00%,158/200,0.9,Q4,1,,158/200,Q4,21.25,0.00014,0.0316,0.219,21.3,Q4,163/193,0,,6,,0
Czech Polar Reports,CZECH POLAR REP,MASARYK UNIV PRESS,2305-6290,1805-0697,ECOLOGY,ESCI,148,0.8,Q4,0.19,98.41%,169/200,,,0.7,<0.1,179/200,Q4,10.75,0.00015,0.03522,,15.8,,,21,95.24%,5.2,9.3,20
Eco mont-Journal on Protected Mountain Areas Research,ECO MONT,"AUSTRIAN ACAD SCIENCES PRESS, UNIV INNSBRUCK",2073-106X,2073-1558,ECOLOGY,SCIE,137,0.8,Q4,0.18,85.00%,169/200,0.7,Q4,0.7,0.2,181/200,Q4,9.75,0.00007,0.01734,0.106,15.8,Q4,184/193,13,100.00%,6.3,7.3,13
South of Russia-Ecology Development,S RUSS-ECOL DEV,KAMERTON PUBLISHER,1992-1098,2413-0958,ECOLOGY,ESCI,134,0.3,Q4,0.08,97.63%,195/200,0.3,Q4,0.1,<0.1,194/200,Q4,3.25,0.00009,0.02138,0.038,2.8,Q4,190/193,73,97.26%,4.3,8.1,71
Vestnik Tomskogo Gosudarstvennogo Universiteta-Biologiya,VESTN TOMSK GOS U BI,TOMSKIJ GOSUDARSTVENNYI UNIV,2769-2140,2311-2077,ECOLOGY,ESCI,91,0.3,Q4,0.08,5.10%,195/200,0.4,Q4,0.2,<0.1,194/200,Q4,3.25,0.00009,0.02096,0.077,2.8,Q4,189/193,41,100.00%,,12.7,41
International Journal of Ecology & Development,INT J ECOL DEV,CENTRE ENVIRONMENT SOCIAL & ECONOMIC RESEARCH PUBL-CESER,0972-9984,0973-7308,ECOLOGY,ESCI,66,<0.1,Q4,0.02,0.00%,200/200,0.1,Q4,<0.1,<0.1,199/200,Q4,0.75,0.00001,0.00258,0.013,0.3,Q4,193/193,10,100.00%,,15.7,10
JOURNAL OF ETHNIC AND MIGRATION STUDIES,J ETHN MIGR STUD,"ROUTLEDGE JOURNALS, TAYLOR & FRANCIS LTD",2227-9032,1469-9451,DEMOGRAPHY,SSCI,10838,3.1,Q1,1.77,50.00%,5/50,3.8,Q1,2.7,1.6,5/50,Q1,91,0.01424,3.1702,1.42,91,Q1,6/49,240,100.00%,6.1,7.7,240
DEMOGRAPHY,DEMOGRAPHY,DUKE UNIV PRESS,0070-3370,1533-7790,DEMOGRAPHY,SSCI,9329,3.6,Q1,1.83,89.96%,3/50,4.5,Q1,3.3,0.4,4/50,Q1,93,0.0085,1.89133,2.308,95,Q1,2/49,91,100.00%,11.5,9.5,91
POPULATION AND DEVELOPMENT REVIEW,POPUL DEV REV,WILEY,1999-4907,1728-4457,DEMOGRAPHY,SSCI,6014,4.8,Q1,2.19,56.10%,1/50,8.8,Q1,4.3,0.7,1/50,Q1,99,0.00463,1.03097,3.119,99,Q1,1/49,84,100.00%,12.4,9.4,84
INTERNATIONAL MIGRATION REVIEW,INT MIGR REV,SAGE PUBLICATIONS INC,1478-4491,1747-7379,DEMOGRAPHY,SSCI,4961,2.4,Q1,1.19,30.68%,12/50,3.5,Q1,2.2,0.9,9/50,Q1,83,0.00364,0.81086,1.341,77,Q1,8/49,76,100.00%,15.2,7.8,76
Demographic Research,DEMOGR RES,MAX PLANCK INST DEMOGRAPHIC RESEARCH,1471-2288,2363-7064,DEMOGRAPHY,SSCI,3909,2,Q2,1.05,99.59%,16/50,2.5,Q2,1.7,0.4,13/50,Q2,75,0.00351,0.78206,1,69,Q2,14/49,93,100.00%,8.9,8.7,93
Population Space and Place,POPUL SPACE PLACE,WILEY,2227-9032,1544-8452,DEMOGRAPHY,SSCI,3516,2.6,Q1,1.04,56.69%,9/50,2.9,Q1,2.3,0.2,14/50,Q2,73,0.00363,0.80909,0.875,83,Q2,17/49,103,100.00%,6.9,8.9,103
INTERNATIONAL MIGRATION,INT MIGR,WILEY,1477-7525,1468-2435,DEMOGRAPHY,SSCI,3384,2.1,Q2,0.81,51.46%,15/50,2.5,Q2,1.9,0.4,22/50,Q2,57,0.00365,0.81432,0.817,71,Q2,19/49,97,100.00%,7.6,8.3,97
JOURNAL OF POPULATION ECONOMICS,J POPUL ECON,SPRINGER,0933-1433,1432-1475,DEMOGRAPHY,SSCI,3324,3,Q1,1.44,47.95%,7/50,4.3,Q1,2.6,0.4,6/50,Q1,89,0.00343,0.76411,1.652,87,Q1,5/49,78,100.00%,9.3,8.9,78
Journal of Refugee Studies,J REFUG STUD,OXFORD UNIV PRESS,0951-6328,1471-6925,DEMOGRAPHY,SSCI,3138,1.9,Q2,1.11,49.45%,19/50,2.7,Q2,1.7,0.3,10/50,Q1,81,0.00358,0.79679,0.96,63,Q2,16/49,62,100.00%,8.5,7.4,62
POPULATION STUDIES-A JOURNAL OF DEMOGRAPHY,POP STUD-J DEMOG,"ROUTLEDGE JOURNALS, TAYLOR & FRANCIS LTD",0032-4728,1477-4747,DEMOGRAPHY,SSCI,2082,2.2,Q2,1.04,57.78%,13/50,2.9,Q1,2.1,0.4,14/50,Q2,73,0.00168,0.37456,1.253,75,Q1,9/49,24,100.00%,16,10.9,24
POPULATION RESEARCH AND POLICY REVIEW,POPUL RES POLICY REV,SPRINGER,2073-445X,1573-7829,DEMOGRAPHY,SSCI,2078,1.5,Q2,1.03,34.07%,24/50,2.6,Q2,1.4,0.5,16/50,Q2,69,0.00318,0.7097,1.198,53,Q1,12/49,74,100.00%,7.4,9.4,74
POPULATION AND ENVIRONMENT,POPUL ENVIRON,SPRINGER,1542-4278,1573-7810,DEMOGRAPHY,SSCI,1967,2.5,Q1,1.03,39.47%,11/50,4.1,Q1,2.3,0.8,16/50,Q2,69,0.00123,0.27409,1.247,79,Q1,11/49,28,100.00%,10.9,8.1,28
Journal of International Migration and Integration,J INT MIGR INTEGR,SPRINGER HEIDELBERG,1520-6688,1874-6365,DEMOGRAPHY,ESCI,1919,1.8,Q2,0.75,46.24%,20/50,2,Q2,1.6,0.3,24/50,Q2,53,0.00257,0.57311,0.663,61,Q3,26/49,102,90.20%,5.6,8.3,92
STUDIES IN FAMILY PLANNING,STUD FAMILY PLANN,WILEY,0039-3665,1728-4465,DEMOGRAPHY,SSCI,1843,3.1,Q1,1.01,46.05%,5/50,3.6,Q1,2.8,0.3,19/50,Q2,63,0.0012,0.26769,1.248,91,Q1,10/49,19,100.00%,12.1,6.4,19
JOURNAL OF BIOSOCIAL SCIENCE,J BIOSOC SCI,CAMBRIDGE UNIV PRESS,2193-7532,1469-7599,DEMOGRAPHY,SSCI,1801,1.2,Q3,0.61,38.78%,29/50,1.6,Q3,1.1,0.4,29/50,Q3,43,0.00123,0.27402,0.434,43,Q3,34/49,34,100.00%,9.5,8.1,34
European Journal of Population-Revue Europeenne de Demographie,EUR J POPUL,SPRINGER,1477-7525,1572-9885,DEMOGRAPHY,SSCI,1794,2.6,Q1,1.24,92.52%,9/50,3.2,Q1,2.5,0.8,8/50,Q1,85,0.002,0.44612,1.342,83,Q1,7/49,32,100.00%,8.6,10.7,32
Comparative Migration Studies,COMP MIGR STUD,SPRINGERNATURE,2214-594X,2214-594X,DEMOGRAPHY,SSCI,1631,3.7,Q1,1.89,100.00%,2/50,6,Q1,3.5,0.5,2/50,Q1,97,0.00343,0.76488,2.197,97,Q1,3/49,58,100.00%,4.7,7.7,58
PERSPECTIVES ON SEXUAL AND REPRODUCTIVE HEALTH,PERSPECT SEX REPRO H,WILEY,2624-893X,1931-2393,DEMOGRAPHY,SSCI,1294,3.5,Q1,1.84,57.14%,4/50,3.9,Q1,3,1,3/50,Q1,95,0.00132,0.29418,1.945,93,Q1,4/49,31,100.00%,9.2,5.3,31
Journal of Immigrant & Refugee Studies,J IMMIGR REFUG STUD,"ROUTLEDGE JOURNALS, TAYLOR & FRANCIS LTD",1556-2948,1556-2956,DEMOGRAPHY,SSCI,1113,1.5,Q2,0.72,33.13%,24/50,2,Q2,1.4,0.3,27/50,Q3,47,0.00153,0.34164,0.689,53,Q2,23/49,53,100.00%,5.7,7.2,53
Migration Studies,MIGR STUD,OXFORD UNIV PRESS,2049-5838,2049-5846,DEMOGRAPHY,SSCI,1076,2.7,Q1,1.1,48.41%,8/50,2.8,Q2,2.4,0.8,11/50,Q1,79,0.00175,0.39159,1.022,85,Q2,13/49,46,100.00%,4.6,8,46
Refugee Survey Quarterly,REFUG SURV Q,OXFORD UNIV PRESS,1020-4067,1471-695X,DEMOGRAPHY,ESCI,906,2.2,Q2,0.83,49.32%,13/50,2.3,Q2,2,0.1,20/50,Q2,61,0.00086,0.19295,0.864,75,Q2,18/49,24,100.00%,8.9,6.9,24
POPULATION,POPULATION-PARIS,INST NATL D ETUDES DEMOGRAPHIQUES,0032-4663,1957-7966,DEMOGRAPHY,SSCI,728,1.5,Q2,0.39,0.00%,24/50,1.7,Q3,1.5,1,39/50,Q4,23,0.00038,0.08502,0.604,53,Q3,28/49,5,100.00%,14.2,15.4,5
GENUS,GENUS,SPRINGERNATURE,2035-5556,2035-5556,DEMOGRAPHY,ESCI,722,1.7,Q2,1.08,100.00%,21/50,2.9,Q1,1.5,0.7,12/50,Q1,77,0.00113,0.25305,0.986,59,Q2,15/49,27,100.00%,4.8,10.6,27
Journal of the Economics of Ageing,J ECON AGEING,ELSEVIER,1478-4491,2212-8298,DEMOGRAPHY,SSCI,707,2,Q2,0.74,37.76%,16/50,2.1,Q2,2,0.3,26/50,Q3,49,0.00119,0.26562,0.733,69,Q2,20/49,22,100.00%,4.8,9.1,22
Refuge,REFUGE,"YORK UNIV, CENTER REFUGEE STUDIES",2413-8851,1920-7336,DEMOGRAPHY,ESCI,662,1,Q3,0.39,98.31%,35/50,1.7,Q3,1,0.1,39/50,Q4,23,0.00038,0.08547,0.552,31,Q3,30/49,18,94.44%,9,7.1,17
Asian Population Studies,ASIAN POPUL STUD,"ROUTLEDGE JOURNALS, TAYLOR & FRANCIS LTD",1744-1730,1744-1749,DEMOGRAPHY,SSCI,541,1.6,Q2,0.79,23.64%,22/50,2.1,Q2,1.3,0.5,23/50,Q2,55,0.00049,0.10912,0.608,57,Q3,27/49,19,100.00%,7.5,9,19
Asian and Pacific Migration Journal,ASIAN PAC MIGR J,SAGE PUBLICATIONS LTD,0117-1968,2057-049X,DEMOGRAPHY,SSCI,511,1.1,Q3,0.51,15.48%,32/50,1.3,Q3,1,0.2,34/50,Q3,33,0.00039,0.08792,0.431,37,Q3,35/49,33,100.00%,9.8,8.3,33
EUROPEAN JOURNAL OF MIGRATION AND LAW,EUR J MIGR LAW,BRILL,1388-364X,1571-8166,DEMOGRAPHY,SSCI,499,2,Q2,1.38,30.65%,16/50,1.6,Q3,1.8,0.4,7/50,Q1,87,0.00058,0.13036,0.699,69,Q2,22/49,22,100.00%,7.9,6.3,22
Nordic Journal of Migration Research,NORD J MIGR RES,HELSINKI UNIV PRESS,1799-649X,1799-649X,DEMOGRAPHY,ESCI,485,1,Q3,0.46,98.89%,35/50,1.2,Q4,0.9,0.3,36/50,Q3,29,0.0004,0.09003,0.397,31,Q3,36/49,37,94.59%,7.4,9,35
JOURNAL OF POPULATION RESEARCH,J POPUL RES,SPRINGER,2056-6085,1835-9469,DEMOGRAPHY,ESCI,469,1.2,Q3,0.75,50.00%,29/50,1.4,Q3,1.2,0.2,24/50,Q2,53,0.00036,0.08139,0.458,43,Q3,32/49,29,93.10%,8.4,9.8,27
Frontiers in Human Dynamics,FRONT HUM DYNAM,FRONTIERS MEDIA SA,2673-2726,2673-2726,DEMOGRAPHY,ESCI,409,1.3,Q3,0.68,99.39%,27/50,2.1,Q2,1.2,0.5,28/50,Q3,45,0.00096,0.21425,0.685,47,Q3,25/49,60,81.67%,3.2,7.7,49
Comparative Population Studies,COMP POPUL STUD,BUNDESINSTITUT BEVOELKERUNGSFORSCHUNG,1869-8980,1869-8999,DEMOGRAPHY,ESCI,359,1.6,Q2,0.82,100.00%,22/50,1.9,Q3,1.3,1.5,21/50,Q2,59,0.00048,0.10779,0.721,57,Q2,21/49,17,100.00%,5.7,11.5,17
Biodemography and Social Biology,BIODEMOGR SOC BIOL,"ROUTLEDGE JOURNALS, TAYLOR & FRANCIS LTD",1179-1594,1948-5573,DEMOGRAPHY,SSCI,324,1,Q3,0.48,13.64%,35/50,1.4,Q3,1,0.3,35/50,Q3,31,0.00022,0.05047,0.435,31,Q3,33/49,18,100.00%,7.9,9,18
Papeles de Poblacion,PAPELES POBLAC,UNIV AUTONOMA ESTADO MEXICO,2624-9634,1405-7425,DEMOGRAPHY,SSCI,282,0.2,Q4,0.06,65.28%,47/50,0.4,Q4,0.2,0.1,48/50,Q4,5,0.00014,0.0315,0.121,7,Q4,46/49,18,100.00%,11.4,10.4,18
Journal of Demographic Economics,J DEMOGR ECON,CAMBRIDGE UNIV PRESS,2322-5939,2054-0906,DEMOGRAPHY,SSCI,278,0.7,Q4,0.45,28.36%,39/50,1.4,Q3,0.7,0.2,37/50,Q3,27,0.0005,0.11151,0.561,23,Q3,29/49,25,100.00%,4.4,11.9,25
Mathematical Population Studies,MATH POPUL STUD,TAYLOR & FRANCIS INC,0889-8480,1547-724X,DEMOGRAPHY,SSCI,263,1.3,Q3,0.56,0.00%,27/50,1.4,Q3,1.3,0.3,31/50,Q3,39,0.00017,0.03983,0.354,47,Q4,37/49,10,100.00%,8.8,6.7,10
Central and Eastern European Migration Review,CENT E EUR MIGR REV,"CENTRE MIGRATION RESEARCH, UNIV WARSAW, POLISH ACADE SCIENCES",2300-1682,2300-1682,DEMOGRAPHY,ESCI,262,1.2,Q3,0.55,100.00%,29/50,1.9,Q3,1,0.2,32/50,Q3,37,0.00036,0.08085,0.535,43,Q3,31/49,20,100.00%,5.1,8.7,20
Spatial Demography,SPAT DEMOGR,SPRINGER INT PUBL AG,2297-900X,2164-7070,DEMOGRAPHY,ESCI,259,1.1,Q3,0.61,31.03%,32/50,2.4,Q2,1,0.7,29/50,Q3,43,0.00035,0.07836,0.686,37,Q2,24/49,9,100.00%,4.8,8.3,9
Immigrants and Minorities,IMMIGR MINOR,"ROUTLEDGE JOURNALS, TAYLOR & FRANCIS LTD",2561-326X,1744-0521,DEMOGRAPHY,ESCI,220,0.3,Q4,1.03,53.57%,44/50,0.6,Q4,0.3,0.1,16/50,Q2,69,0.0001,0.02375,0.3,13,Q4,40/49,21,100.00%,17.3,19,21
China Population and Development Studies,CHINA POPUL DEV STUD,SPRINGERNATURE,2666-7193,2523-8965,DEMOGRAPHY,ESCI,217,1.1,Q3,0.44,60.32%,32/50,,,1,0.3,38/50,Q4,25,0.00048,0.10681,,37,,,18,94.44%,4.1,11.3,17
Canadian Studies in Population,CAN STUD POPUL,SPRINGER,0380-1489,1927-629X,DEMOGRAPHY,SSCI,208,1,Q3,0.53,21.74%,35/50,1,Q4,1,0.3,33/50,Q3,35,0.00014,0.03174,0.306,31,Q4,39/49,8,100.00%,7.4,10.8,8
Estudios Demograficos y Urbanos,ESTUD DEMOGR URBANOS,"COLEGIO MEXICO, A C, DEPT PUBLICACIONES",0186-7210,2448-6515,DEMOGRAPHY,ESCI,199,0.3,Q4,0.12,97.10%,44/50,0.5,Q4,0.3,0.1,45/50,Q4,11,0.00012,0.02748,0.137,13,Q4,45/49,22,95.45%,9.3,11.2,21
Migraciones,MIGRACIONES,"UNIV PONTIFICIA COMILLAS MADRID, FAC FILOSOFIA",1138-5774,2341-0833,DEMOGRAPHY,ESCI,197,0.7,Q4,0.33,98.68%,39/50,0.8,Q4,0.6,0.2,41/50,Q4,19,0.0003,0.06866,0.32,23,Q4,38/49,16,100.00%,5.5,7.7,16
Population Review,POPUL REV,SOCIOLOGICAL DEMOGRAPHY PRESS,1549-0955,1549-0955,DEMOGRAPHY,ESCI,122,0.4,Q4,0.19,0.00%,43/50,0.8,Q4,0.4,<0.1,44/50,Q4,13,0.00008,0.01796,0.186,15,Q4,42/49,13,100.00%,8,12.3,13
Diaspora Studies,DIASPORA STUD,BRILL,0973-9572,0976-3457,DEMOGRAPHY,ESCI,111,0.5,Q4,0.23,10.20%,42/50,0.8,Q4,0.5,0.1,43/50,Q4,15,0.00014,0.03123,0.278,17,Q4,41/49,17,94.12%,6,10.8,16
Revista Latinoamericana de Poblacion,REV LATINOAM POBLAC,ASOC LATINOAMERICANA POBLACION,2393-6401,2393-6401,DEMOGRAPHY,ESCI,88,0.1,Q4,0.09,84.78%,49/50,0.4,Q4,0.1,<0.1,47/50,Q4,7,0.00008,0.01924,0.139,3,Q4,44/49,12,100.00%,,9.4,12
Novedades en Poblacion,NOVED POBLAC,UNIV HABANA,2351-9894,1817-4078,DEMOGRAPHY,ESCI,73,0.2,Q4,0.01,0.00%,47/50,0.3,Q4,0.2,<0.1,50/50,Q4,1,0.00017,0.03888,0.145,7,Q4,43/49,10,100.00%,,7.7,10
Demografie,DEMOGRAFIE,CESKY STATISTICAL OFFICE,2666-6065,1805-2991,DEMOGRAPHY,ESCI,72,0.6,Q4,0.26,0.00%,41/50,0.5,Q4,0.4,0.2,42/50,Q4,17,0.00005,0.01273,0.098,19,Q4,47/49,15,100.00%,,8.6,15
Poblacion y Salud en Mesoamerica,POBLAC SALUD MESOAM,"UNIV COSTA RICA, CENTRO CENTROAMERICANO POBLACION",1659-0201,1659-0201,DEMOGRAPHY,ESCI,68,0.3,Q4,0.1,71.57%,44/50,0.3,Q4,0.2,<0.1,46/50,Q4,9,0.00007,0.01575,0.061,13,Q4,48/49,33,96.97%,,6.5,32
Revista Internacional de Estudios Migratorios,REV INT ESTUD MIGR,UNIV ALMERIA,2173-1950,2173-1950,DEMOGRAPHY,ESCI,23,0.1,Q4,0.05,88.24%,49/50,0.2,Q4,0.1,<0.1,49/50,Q4,3,0.00002,0.00606,0.061,3,Q4,48/49,13,92.31%,,10.1,12
JOURNAL OF HUMAN RESOURCES,J HUM RESOUR,UNIV WISCONSIN PRESS,2227-9032,1548-8004,INDUSTRIAL RELATIONS & LABOR,SSCI,6561,6,Q1,2.4,26.24%,2/52,5.8,Q1,5.9,2.2,1/52,Q1,99.04,0.01025,2.28279,5.278,97.1,Q1,2/52,70,100.00%,13,10.8,70
JOURNAL OF LABOR ECONOMICS,J LABOR ECON,UNIV CHICAGO PRESS,0734-306X,1537-5307,INDUSTRIAL RELATIONS & LABOR,SSCI,6076,5,Q1,1.5,2.46%,3/52,5,Q1,4.9,2.1,5/52,Q1,91.35,0.00946,2.10574,5.649,95.2,Q1,1/52,45,100.00%,13.3,11.2,45
PERSONNEL REVIEW,PERS REV,EMERALD GROUP PUBLISHING LTD,1999-4907,1758-6933,INDUSTRIAL RELATIONS & LABOR,SSCI,5871,4.2,Q1,1.2,5.35%,6/52,4.8,Q1,3.9,0.7,13/52,Q1,75.96,0.00494,1.09926,0.985,89.4,Q1,13/52,90,91.11%,5.7,8.1,82
Human Resources for Health,HUM RESOUR HEALTH,BMC,1478-4491,1478-4491,INDUSTRIAL RELATIONS & LABOR,SSCI,5122,4.3,Q1,1.32,100.00%,5/52,5,Q1,4.1,0.8,7/52,Q1,87.5,0.00538,1.19873,1.311,91.3,Q1,7/52,77,85.71%,5.7,6.2,66
WORK EMPLOYMENT AND SOCIETY,WORK EMPLOY SOC,SAGE PUBLICATIONS LTD,1471-2288,1469-8722,INDUSTRIAL RELATIONS & LABOR,SSCI,4823,3.8,Q1,1.22,53.67%,7/52,5.1,Q1,3.5,0.7,12/52,Q1,77.88,0.00596,1.32721,1.873,87.5,Q1,5/52,48,100.00%,7.1,9.5,48
Human Resource Management Journal,HUM RESOUR MANAG J,WILEY,2227-9032,1748-8583,INDUSTRIAL RELATIONS & LABOR,SSCI,4354,6.2,Q1,1.54,63.57%,1/52,7.8,Q1,5.9,0.7,4/52,Q1,93.27,0.00486,1.08217,2.167,99,Q1,4/52,36,91.67%,5.8,9.1,33
INTERNATIONAL JOURNAL OF MANPOWER,INT J MANPOWER,EMERALD GROUP PUBLISHING LTD,1477-7525,1758-6577,INDUSTRIAL RELATIONS & LABOR,SSCI,3881,3.5,Q1,1.32,9.45%,12/52,5.2,Q1,3.3,0.5,7/52,Q1,87.5,0.00313,0.69787,0.886,77.9,Q2,15/52,82,100.00%,4.8,9.1,82
ILR Review,ILR REV,SAGE PUBLICATIONS INC,0019-7939,2162-271X,INDUSTRIAL RELATIONS & LABOR,SSCI,3703,3.7,Q1,1.48,26.25%,9/52,4.4,Q1,3.5,0.7,6/52,Q1,89.42,0.00451,1.00402,2.656,83.7,Q1,3/52,36,100.00%,11.8,8.2,36
EMPLOYEE RELATIONS,EMPL RELAT,EMERALD GROUP PUBLISHING LTD,0142-5455,1758-7069,INDUSTRIAL RELATIONS & LABOR,SSCI,3161,3.2,Q1,1.05,10.55%,13/52,3.8,Q1,2.8,0.8,18/52,Q2,66.35,0.00214,0.47782,0.633,76,Q2,24/52,88,96.59%,5.6,8.1,85
Human Resource Development Quarterly,HUM RESOUR DEV Q,"WILEY PERIODICALS, INC",1044-8004,1532-1096,INDUSTRIAL RELATIONS & LABOR,SSCI,2150,3.8,Q1,1.27,32.61%,7/52,5.5,Q1,3.4,0.7,9/52,Q1,83.65,0.00103,0.23073,1.122,87.5,Q1,9/52,22,100.00%,10.9,9,22
BRITISH JOURNAL OF INDUSTRIAL RELATIONS,BRIT J IND RELAT,WILEY,2073-445X,1467-8543,INDUSTRIAL RELATIONS & LABOR,SSCI,1874,2.2,Q2,0.81,63.37%,21/52,2.5,Q2,2,0.4,25/52,Q2,52.88,0.0015,0.33577,1.005,60.6,Q1,12/52,41,100.00%,11.4,10,41
WORK AND OCCUPATIONS,WORK OCCUPATION,SAGE PUBLICATIONS INC,1542-4278,1552-8464,INDUSTRIAL RELATIONS & LABOR,SSCI,1794,3.7,Q1,1.93,29.41%,9/52,4.3,Q1,2.9,0.6,2/52,Q1,97.12,0.00133,0.29645,1.637,83.7,Q1,6/52,12,100.00%,11.9,9.1,12
Advances in Developing Human Resources,ADV DEV HUM RESOUR,SAGE PUBLICATIONS INC,1520-6688,1552-3055,INDUSTRIAL RELATIONS & LABOR,ESCI,1534,2.4,Q2,1.23,2.44%,18/52,3.2,Q2,2,<0.1,11/52,Q1,79.81,0.00061,0.13661,0.653,66.3,Q2,22/52,8,100.00%,10.8,8.4,8
Asia Pacific Journal of Human Resources,ASIA PAC J HUM RESOU,WILEY,1038-4111,1744-7941,INDUSTRIAL RELATIONS & LABOR,SSCI,1472,4.5,Q1,1.26,17.50%,4/52,4.2,Q1,4.3,0.4,10/52,Q1,81.73,0.00114,0.25452,0.795,93.3,Q2,18/52,21,95.24%,5.6,7.5,20
ECONOMIC AND INDUSTRIAL DEMOCRACY,ECON IND DEMOCRACY,SAGE PUBLICATIONS LTD,2193-7532,1461-7099,INDUSTRIAL RELATIONS & LABOR,SSCI,1453,2.3,Q2,0.82,44.87%,19/52,2.4,Q2,2,0.2,24/52,Q2,54.81,0.0019,0.42453,0.732,64.4,Q2,20/52,55,98.18%,5.5,9.7,54
INDUSTRIAL RELATIONS,IND RELAT,WILEY,1477-7525,1468-232X,INDUSTRIAL RELATIONS & LABOR,SSCI,1295,2.6,Q2,0.89,62.69%,14/52,2.6,Q2,2.4,0.2,22/52,Q2,58.65,0.0008,0.17926,0.98,74,Q2,14/52,22,100.00%,14.9,10.5,22
PUBLIC PERSONNEL MANAGEMENT,PUBLIC PERS MANAGE,SAGE PUBLICATIONS INC,2214-594X,1945-7421,INDUSTRIAL RELATIONS & LABOR,SSCI,1276,2.6,Q2,1.1,21.62%,14/52,3.1,Q2,2.4,0.3,16/52,Q2,70.19,0.00076,0.1705,0.718,74,Q2,21/52,24,100.00%,9.5,10,24
INTERNATIONAL LABOUR REVIEW,INT LABOUR REV,OPEN LIBRARY HUMANITIES,2624-893X,1564-913X,INDUSTRIAL RELATIONS & LABOR,SSCI,1220,2.6,Q2,0.98,18.18%,14/52,2.1,Q2,2.4,0.7,20/52,Q2,62.5,0.00078,0.17367,0.637,74,Q2,23/52,30,96.67%,11.9,8,29
Journal of Industrial Relations,J IND RELAT,SAGE PUBLICATIONS INC,0022-1856,1472-9296,INDUSTRIAL RELATIONS & LABOR,SSCI,1051,2.6,Q2,0.97,37.61%,14/52,3.3,Q1,2.4,0.1,21/52,Q2,60.58,0.00148,0.3306,1.087,74,Q1,10/52,51,100.00%,5.8,7.5,51
Work Aging and Retirement,WORK AGING RETIRE,OXFORD UNIV PRESS,2054-4642,2054-4650,INDUSTRIAL RELATIONS & LABOR,SSCI,972,2.3,Q2,0.79,32.65%,19/52,3,Q2,1.9,0.6,26/52,Q2,50.96,0.00107,0.23944,0.787,64.4,Q2,19/52,23,86.96%,5.4,9.9,20
Transfer-European Review of Labour and Research,TRANSFER-LONDON,SAGE PUBLICATIONS LTD,1024-2589,1996-7284,INDUSTRIAL RELATIONS & LABOR,SSCI,943,3.7,Q1,1.55,37.84%,9/52,3.1,Q2,3.5,0.4,3/52,Q1,95.19,0.00113,0.2517,1.136,83.7,Q1,8/52,23,100.00%,7.2,6.1,23
MONTHLY LABOR REVIEW,MON LABOR REV,LEGAL BOOKS DEPOT,0098-1818,1937-4658,INDUSTRIAL RELATIONS & LABOR,SSCI,923,1.5,Q2,0.35,50.75%,26/52,1.7,Q2,1.3,0.1,39/52,Q3,25.96,0.00078,0.17501,0.809,51,Q2,17/52,20,100.00%,15.5,5.2,20
EUROPEAN JOURNAL OF INDUSTRIAL RELATIONS,EUR J IND RELAT,SAGE PUBLICATIONS LTD,2035-5556,1461-7129,INDUSTRIAL RELATIONS & LABOR,SSCI,838,2,Q2,1.02,49.28%,22/52,2.8,Q2,2,0.1,19/52,Q2,64.42,0.00108,0.24221,1.076,58.7,Q1,11/52,23,100.00%,8,9,23
Economic and Labour Relations Review,ECON LABOUR RELAT RE,CAMBRIDGE UNIV PRESS,1478-4491,1838-2673,INDUSTRIAL RELATIONS & LABOR,SSCI,761,1.3,Q3,0.57,44.00%,30/52,1.9,Q2,1.3,0.3,32/52,Q3,39.42,0.0008,0.1796,0.58,43.3,Q2,26/52,46,100.00%,6.9,7.8,46
INDUSTRIAL RELATIONS JOURNAL,IND RELAT J,WILEY,2413-8851,1468-2338,INDUSTRIAL RELATIONS & LABOR,ESCI,758,1.5,Q2,0.68,64.63%,26/52,1.6,Q3,1.4,1,28/52,Q3,47.12,0.0007,0.15648,0.578,51,Q3,27/52,27,100.00%,8.7,9.5,27
Employee Responsibilities and Rights Journal,EMPLOY RESPONSIB RIG,SPRINGER,0892-7545,1573-3378,INDUSTRIAL RELATIONS & LABOR,ESCI,683,1.7,Q2,0.72,20.00%,23/52,1.7,Q2,1.5,0.4,27/52,Q3,49.04,0.00035,0.07852,0.324,56.7,Q3,38/52,30,100.00%,12.2,6.6,30
JOURNAL OF LABOR RESEARCH,J LABOR RES,SPRINGER,0195-3613,1936-4768,INDUSTRIAL RELATIONS & LABOR,SSCI,550,1.4,Q3,0.47,21.05%,29/52,1.3,Q3,1.3,0.4,34/52,Q3,35.58,0.00035,0.07808,0.592,45.2,Q2,25/52,13,92.31%,15.6,9.6,12
Indian Journal of Labour Economics,INDIAN J LABOUR ECON,INDIAN SOC LABOUR ECONOMICS,0971-7927,0019-5308,INDUSTRIAL RELATIONS & LABOR,ESCI,544,1.1,Q3,0.39,8.28%,31/52,1.4,Q3,0.9,0.1,37/52,Q3,29.81,0.00067,0.14931,0.312,41.3,Q3,39/52,71,100.00%,4.6,10.9,71
LABOR HISTORY,LABOR HIST-UK,"ROUTLEDGE JOURNALS, TAYLOR & FRANCIS LTD",0023-656X,1469-9702,INDUSTRIAL RELATIONS & LABOR,SSCI,543,0.7,Q3,1.16,22.35%,39/52,0.7,Q4,0.5,0.1,15/52,Q2,72.12,0.00062,0.1389,0.325,26,Q3,37/52,60,98.33%,9.8,19.8,59
INDUSTRIAL LAW JOURNAL,IND LAW J-UK,OXFORD UNIV PRESS,2056-6085,1464-3669,INDUSTRIAL RELATIONS & LABOR,SSCI,535,1.6,Q2,1.18,58.10%,25/52,1.7,Q2,1.4,0.2,14/52,Q2,74.04,0.00057,0.12862,0.508,52.9,Q3,30/52,47,100.00%,6.5,9.9,47
INTERNATIONAL LABOR AND WORKING-CLASS HISTORY,INT LABOR WORK-CLASS,CAMBRIDGE UNIV PRESS,2673-2726,1471-6445,INDUSTRIAL RELATIONS & LABOR,SSCI,524,0.5,Q4,1.06,59.14%,41/52,0.9,Q3,0.4,0.1,17/52,Q2,68.27,0.00043,0.09669,0.509,22.1,Q3,29/52,37,89.19%,11.6,30.3,33
Journal for Labour Market Research,J LABOUR MARK RES,SPRINGER HEIDELBERG,2510-5019,2510-5027,INDUSTRIAL RELATIONS & LABOR,ESCI,516,1.7,Q2,0.83,100.00%,23/52,2.2,Q2,1.6,0.2,23/52,Q2,56.73,0.00072,0.16024,0.868,56.7,Q2,16/52,27,100.00%,6.6,10,27
Labour-England,LABOUR-ENGL,WILEY,1179-1594,1467-9914,INDUSTRIAL RELATIONS & LABOR,ESCI,427,0.5,Q4,0.26,41.07%,41/52,0.8,Q3,0.5,0.3,44/52,Q4,16.35,0.00031,0.07104,0.389,22.1,Q3,33/52,19,94.74%,13.2,11.2,18
RELATIONS INDUSTRIELLES-INDUSTRIAL RELATIONS,RELAT IND-IND RELAT,REVUE RELATIONS INDUSTRIELLES INDUSTRIAL RELATIONS,2624-9634,,INDUSTRIAL RELATIONS & LABOR,SSCI,392,0.6,Q4,0.15,0.00%,40/52,0.6,Q4,0.6,<0.1,45/52,Q4,14.42,0.00018,0.04217,0.164,24,Q4,45/52,14,100.00%,12,12,14
Labour and Industry,LABOUR IND,"ROUTLEDGE JOURNALS, TAYLOR & FRANCIS LTD",2322-5939,2325-5676,INDUSTRIAL RELATIONS & LABOR,ESCI,381,1.5,Q2,0.59,34.29%,26/52,1.7,Q2,1,0.5,29/52,Q3,45.19,0.00038,0.08638,0.424,51,Q3,32/52,20,100.00%,5.8,5.2,20
Nordic Journal of Working Life Studies,NORD J WORKING LIFE,ROSKILDE UNIV,2245-0157,2245-0157,INDUSTRIAL RELATIONS & LABOR,ESCI,379,0.9,Q3,0.34,13.64%,37/52,1.2,Q3,0.7,<0.1,40/52,Q4,24.04,0.00034,0.07629,0.365,29.8,Q3,35/52,22,90.91%,7.2,7.7,20
IZA Journal of Labor Policy,IZA J LABOR POLICY,SCIENDO,2300-1682,2193-9004,INDUSTRIAL RELATIONS & LABOR,ESCI,318,1.1,Q3,0.27,100.00%,31/52,1.3,Q3,1.1,,43/52,Q4,18.27,0.0002,0.04646,0.472,41.3,Q3,31/52,0,,8.4,,0
Global Labour Journal,GLOB LABOUR J,MCMASTER UNIV,2297-900X,1918-6711,INDUSTRIAL RELATIONS & LABOR,ESCI,314,1,Q3,0.54,0.00%,35/52,1.4,Q3,1,0.1,33/52,Q3,37.5,0.00031,0.07069,0.536,33.7,Q3,28/52,9,100.00%,6.5,7.4,9
LABOUR-LE TRAVAIL,LABOUR-TRAVAIL,CANADIAN COMMITTEE LABOUR HISTORY,2561-326X,1911-4842,INDUSTRIAL RELATIONS & LABOR,SSCI,270,0.5,Q4,0.58,0.00%,41/52,0.6,Q4,0.5,0.3,30/52,Q3,43.27,0.0001,0.02408,0.171,22.1,Q4,44/52,12,91.67%,17.3,22,11
New Horizons in Adult Education and Human Resource Development,NEW HORIZ ADULT EDUC,SAGE PUBLICATIONS INC,2666-7193,1939-4225,INDUSTRIAL RELATIONS & LABOR,ESCI,256,0.8,Q3,0.38,1.37%,38/52,1,Q3,0.7,0.3,38/52,Q3,27.88,0.00022,0.04895,0.244,27.9,Q4,41/52,26,100.00%,6.3,8.6,26
Labour History,LABOUR HIST-AUST,LIVERPOOL UNIV PRESS,0023-6942,1839-3039,INDUSTRIAL RELATIONS & LABOR,SSCI,228,0.3,Q4,0.58,0.00%,45/52,0.5,Q4,0.2,0.2,30/52,Q3,43.27,0.00018,0.04059,0.265,14.4,Q4,40/52,18,100.00%,17.5,38.9,18
International Journal of Comparative Labour Law and Industrial Relations,INT J COMP LABOUR LA,KLUWER LAW INT,0952-617X,1875-838X,INDUSTRIAL RELATIONS & LABOR,ESCI,205,1,Q3,0.31,0.00%,35/52,0.8,Q3,0.6,0.5,42/52,Q4,20.19,0.00015,0.03527,0.213,33.7,Q4,42/52,19,100.00%,7,6.6,19
Journal of Labor and Society,J LABOR SOC,BRILL,2471-4607,2667-3657,INDUSTRIAL RELATIONS & LABOR,ESCI,181,1.1,Q3,0.43,17.54%,31/52,1,Q3,1.1,0.5,36/52,Q3,31.73,0.00034,0.07598,0.33,41.3,Q3,36/52,21,100.00%,4.3,10.2,21
Cuadernos de Relaciones Laborales,CUAD RELAC LABOR,"UNIV COMPLUTENSE MADRID, SERVICIO PUBLICACIONES",1131-8635,1988-2572,INDUSTRIAL RELATIONS & LABOR,ESCI,168,0.3,Q4,0.1,93.22%,45/52,0.5,Q4,0.2,<0.1,47/52,Q4,10.58,0.00008,0.01855,0.119,14.4,Q4,46/52,21,100.00%,8,8.9,21
Labor-Studies in Working-Class History of the Americas,LABOR,DUKE UNIV PRESS,1547-6715,1558-1454,INDUSTRIAL RELATIONS & LABOR,ESCI,167,0.3,Q4,0.11,0.00%,45/52,0.4,Q4,0.3,0.1,46/52,Q4,12.5,0.00019,0.04323,0.192,14.4,Q4,43/52,24,95.83%,8.9,17.1,23
Workplace-A Journal for Academic Labor,WORKPLACE,UNIV BRITISH COLUMBIA,2393-6401,1715-0094,INDUSTRIAL RELATIONS & LABOR,ESCI,64,1.1,Q3,0.46,0.00%,31/52,1.2,Q3,1.1,0.5,35/52,Q3,33.65,0.00004,0.01014,0.385,41.3,Q3,34/52,2,100.00%,,6.8,2
Revue de l IRES,REV IRES,INST RECHERCHES ECONOMIQUES & SOCIALES-IRES,2351-9894,1145-1378,INDUSTRIAL RELATIONS & LABOR,ESCI,47,0.4,Q4,0.32,0.00%,44/52,0.2,Q4,0.2,0.4,41/52,Q4,22.12,0.00002,0.0053,0.058,16.3,Q4,47/52,7,100.00%,,5.5,7
E-Journal of International and Comparative Labour Studies,E-J INT COMP LABOUR,ADAPT UNIV PRESS,2666-6065,2280-4056,INDUSTRIAL RELATIONS & LABOR,ESCI,39,0.1,Q4,0.04,0.00%,49/52,0.2,Q4,0.1,<0.1,49/52,Q4,6.73,0.00003,0.00795,0.048,6.7,Q4,48/52,22,100.00%,,6.1,22
International Journal on Working Conditions,INT J WORKING COND,REDE INVESTIGACAO CONDICOES TRABALHO-RICOT,2182-9535,2182-9535,INDUSTRIAL RELATIONS & LABOR,ESCI,19,0.1,Q4,0.03,0.00%,49/52,0.2,Q4,<0.1,0.1,50/52,Q4,4.81,0.00002,0.00464,0.048,6.7,Q4,48/52,12,83.33%,,6.3,10
Nouvelle Revue du Travail,NOUV REV TRAV,NOUVELLE REVUE TRAVAIL,2263-8989,2263-8989,INDUSTRIAL RELATIONS & LABOR,ESCI,19,<0.1,Q4,0.02,17.07%,51/52,0.1,Q4,<0.1,,51/52,Q4,2.88,0.00002,0.0059,0.029,2.9,Q4,51/52,0,,,,0
African Journal of Employee Relations,AFR J EMPLOYEE RELAT,UNISA PRESS,2664-3731,2664-3731,INDUSTRIAL RELATIONS & LABOR,ESCI,16,0.3,Q4,0.09,0.00%,45/52,0.4,Q4,0.3,,48/52,Q4,8.65,0.00001,0.00247,0.037,14.4,Q4,50/52,0,,,,0
Revista Pegada,REV PEGADA,"UNIV ESTADUAL PAULISTA JULIO MESQUITA FILHO, FAC CIENCIAS & TECNOLOGIA",1178-203X,1676-3025,INDUSTRIAL RELATIONS & LABOR,ESCI,14,<0.1,Q4,0.01,2.27%,51/52,<0.1,Q4,<0.1,<0.1,52/52,Q4,0.96,0.00001,0.00436,0.016,2.9,Q4,52/52,21,100.00%,,10.7,21
FOREST ECOLOGY AND MANAGEMENT,FOREST ECOL MANAG,ELSEVIER,2227-9032,1872-7042,FORESTRY,SCIE,45850,3.7,Q1,1.38,31.64%,10/92,4.1,Q1,3.2,0.7,6/92,Q1,94.02,0.02628,5.84928,0.875,89.7,Q1,7/92,605,99.17%,9.3,9.8,600
AGRICULTURAL AND FOREST METEOROLOGY,AGR FOREST METEOROL,ELSEVIER,0168-1923,1873-2240,FORESTRY,SCIE,31934,5.7,Q1,1.83,26.27%,3/92,6.6,Q1,5.3,1.2,3/92,Q1,97.28,0.02385,5.30705,1.519,97.3,Q1,2/92,364,96.70%,6.9,8.2,352
Forests,FORESTS,MDPI,1999-4907,1999-4907,FORESTRY,SCIE,31140,2.5,Q2,0.94,100.00%,25/92,2.7,Q2,2.1,0.7,21/92,Q1,77.72,0.03307,7.35832,0.473,73.4,Q2,27/92,2239,95.94%,3.5,7.5,2148
URBAN FORESTRY & URBAN GREENING,URBAN FOR URBAN GREE,ELSEVIER GMBH,1478-4491,1610-8167,FORESTRY,SCIE,20098,6.7,Q1,1.87,33.70%,2/92,7.6,Q1,6,1.4,2/92,Q1,98.37,0.01697,3.77763,1.39,98.4,Q1,4/92,327,95.11%,4.9,6.6,311
TREE PHYSIOLOGY,TREE PHYSIOL,OXFORD UNIV PRESS,1471-2288,1758-4469,FORESTRY,SCIE,12633,3.7,Q1,1.38,20.52%,10/92,4.1,Q1,3.3,0.8,6/92,Q1,94.02,0.00567,1.26299,0.858,89.7,Q1,8/92,137,99.27%,11.4,9.3,136
CANADIAN JOURNAL OF FOREST RESEARCH,CAN J FOREST RES,CANADIAN SCIENCE PUBLISHING,2227-9032,1208-6037,FORESTRY,SCIE,9954,1.5,Q2,0.68,18.31%,45/92,2,Q2,1.4,0.4,34/92,Q2,63.59,0.00274,0.61147,0.485,51.6,Q2,24/92,98,96.94%,17.4,10.8,95
JOURNAL OF VEGETATION SCIENCE,J VEG SCI,WILEY,1477-7525,1654-1103,FORESTRY,SCIE,8837,2.7,Q1,0.82,44.39%,20/92,3,Q1,2.4,0.6,28/92,Q2,70.11,0.00328,0.73103,0.842,78.8,Q1,9/92,94,100.00%,15,11.1,94
Forest Policy and Economics,FOREST POLICY ECON,ELSEVIER,1389-9341,1872-7050,FORESTRY,SCIE,7125,3.8,Q1,1.17,38.85%,9/92,4,Q1,2.9,0.9,9/92,Q1,90.76,0.00499,1.11111,0.721,90.8,Q1,13/92,167,96.41%,5.8,7.8,161
INTERNATIONAL JOURNAL OF WILDLAND FIRE,INT J WILDLAND FIRE,CSIRO PUBLISHING,1049-8001,1448-5516,FORESTRY,SCIE,6933,2.9,Q1,1.07,68.34%,17/92,3.4,Q1,2.5,1.2,12/92,Q1,87.5,0.00307,0.68315,0.823,82.1,Q1,10/92,114,100.00%,11.1,9.2,114
TREES-STRUCTURE AND FUNCTION,TREES-STRUCT FUNCT,SPRINGER HEIDELBERG,0931-1890,1432-2285,FORESTRY,SCIE,6177,2.1,Q2,0.74,21.52%,31/92,2.4,Q2,2,0.6,30/92,Q2,67.93,0.00259,0.57636,0.477,66.8,Q2,26/92,101,97.03%,10,10.7,98
PLANT ECOLOGY,PLANT ECOL,SPRINGER,2073-445X,1573-5052,FORESTRY,SCIE,5863,1.7,Q2,0.58,21.80%,38/92,1.8,Q2,1.6,0.4,41/92,Q2,55.98,0.00172,0.38283,0.456,59.2,Q2,28/92,97,97.94%,14.4,11.7,95
AGROFORESTRY SYSTEMS,AGROFOREST SYST,SPRINGER,1542-4278,1572-9680,FORESTRY,SCIE,5862,2.2,Q2,0.72,24.18%,29/92,2.6,Q2,1.8,0.7,32/92,Q2,65.76,0.0023,0.51219,0.384,69,Q2,34/92,150,92.67%,9.2,8.4,139
JOURNAL OF FORESTRY RESEARCH,J FORESTRY RES,NORTHEAST FORESTRY UNIV,1520-6688,1993-0607,FORESTRY,SCIE,5235,4.6,Q1,1.04,42.74%,6/92,3.3,Q1,4.4,0.9,15/92,Q1,84.24,0.0049,1.09232,0.614,94,Q1,20/92,160,95.63%,4.7,9.1,153
ANNALS OF FOREST SCIENCE,ANN FOREST SCI,SPRINGER FRANCE,1286-4560,1297-966X,FORESTRY,SCIE,5051,2.7,Q1,0.9,99.28%,20/92,3.3,Q1,2.5,0.7,24/92,Q2,74.46,0.00233,0.5185,0.739,78.8,Q1,12/92,50,92.00%,9.9,11.2,46
WOOD SCIENCE AND TECHNOLOGY,WOOD SCI TECHNOL,SPRINGER,2193-7532,1432-5225,FORESTRY,SCIE,4862,3,Q1,1.16,27.98%,16/92,3.2,Q1,2.9,0.7,10/92,Q1,89.67,0.00168,0.37397,0.486,83.2,Q1,23/92,81,97.53%,10.6,9.2,79
HOLZFORSCHUNG,HOLZFORSCHUNG,WALTER DE GRUYTER GMBH,1477-7525,1437-434X,FORESTRY,SCIE,4571,1.6,Q2,0.74,16.89%,43/92,2,Q2,1.5,0.7,30/92,Q2,67.93,0.0013,0.29061,0.317,53.8,Q2,43/92,62,100.00%,12.3,11,62
EUROPEAN JOURNAL OF FOREST RESEARCH,EUR J FOREST RES,SPRINGER,2214-594X,1612-4677,FORESTRY,SCIE,4047,2.7,Q1,0.98,49.51%,20/92,2.9,Q1,2.5,0.7,19/92,Q1,79.89,0.00229,0.51001,0.621,78.8,Q1,18/92,110,98.18%,8.7,9.7,108
Frontiers in Forests and Global Change,FRONT FOR GLOB CHANG,FRONTIERS MEDIA SA,2624-893X,2624-893X,FORESTRY,SCIE,3996,3.2,Q1,0.94,99.01%,14/92,3.7,Q1,3.1,0.8,21/92,Q1,77.72,0.00767,1.70863,0.948,85.3,Q1,6/92,223,93.72%,2.9,7.8,209
FOREST SCIENCE,FOREST SCI,SPRINGERNATURE,0015-749X,1938-3738,FORESTRY,SCIE,3931,1.4,Q3,0.46,14.08%,47/92,1.4,Q3,1.4,0.3,49/92,Q3,47.28,0.00082,0.18407,0.303,49.5,Q2,44/92,30,100.00%,20.3,10.4,30
European Journal of Wood and Wood Products,EUR J WOOD WOOD PROD,SPRINGER,0018-3768,1436-736X,FORESTRY,SCIE,3596,2.5,Q2,0.92,29.65%,25/92,2.6,Q2,2.3,0.7,23/92,Q1,75.54,0.00199,0.44294,0.383,73.4,Q2,35/92,116,96.55%,6,8.8,112
JOURNAL OF WOOD SCIENCE,J WOOD SCI,SPRINGER JAPAN KK,1435-0211,1611-4663,FORESTRY,SCIE,3496,2.4,Q2,0.89,99.38%,27/92,2.8,Q1,2.3,0.3,25/92,Q2,73.37,0.00108,0.24057,0.418,71.2,Q2,33/92,57,92.98%,10,9.9,53
FORESTRY,FORESTRY,OXFORD UNIV PRESS,0015-752X,1464-3626,FORESTRY,SCIE,3495,3.2,Q1,1.07,40.51%,14/92,3.2,Q1,3,0.7,12/92,Q1,87.5,0.0018,0.40263,0.694,85.3,Q1,14/92,67,89.55%,10.4,9.6,60
Journal of Plant Ecology,J PLANT ECOL,OXFORD UNIV PRESS,2035-5556,1752-993X,FORESTRY,SCIE,3267,3.9,Q1,1.03,94.88%,8/92,2.9,Q1,3.4,0.7,18/92,Q1,80.98,0.00238,0.53128,0.628,91.8,Q1,17/92,102,97.06%,6.6,8.9,99
Fire-Switzerland,FIRE-BASEL,MDPI,1478-4491,2571-6255,FORESTRY,SCIE,3218,2.7,Q1,1.04,99.91%,20/92,3,Q1,2.3,0.7,15/92,Q1,84.24,0.00433,0.96562,0.616,78.8,Q1,19/92,486,93.62%,2.1,6.9,455
APPLIED VEGETATION SCIENCE,APPL VEG SCI,WILEY,2413-8851,1654-109X,FORESTRY,SCIE,2979,2.6,Q2,0.75,47.67%,24/92,2.8,Q1,2.3,0.9,29/92,Q2,69.02,0.00176,0.39277,0.661,74.5,Q1,16/92,47,93.62%,8.5,10.1,44
DENDROCHRONOLOGIA,DENDROCHRONOLOGIA,ELSEVIER GMBH,1125-7865,1612-0051,FORESTRY,SCIE,2759,2.3,Q2,0.86,25.66%,28/92,2.9,Q1,2,0.5,27/92,Q2,71.2,0.00208,0.46475,0.683,70.1,Q1,15/92,74,97.30%,7.2,10.6,72
Tree Genetics & Genomes,TREE GENET GENOMES,SPRINGER HEIDELBERG,1614-2942,1614-2950,FORESTRY,SCIE,2736,1.6,Q2,0.61,31.94%,43/92,2,Q2,1.4,0.5,37/92,Q2,60.33,0.00106,0.23745,0.431,53.8,Q2,31/92,48,95.83%,9.1,10.6,46
JOURNAL OF FORESTRY,J FOREST,SPRINGERNATURE,0022-1201,1938-3746,FORESTRY,SCIE,2567,1.8,Q2,0.61,37.96%,33/92,2,Q2,1.6,0.5,37/92,Q2,60.33,0.00093,0.20862,0.482,64.7,Q2,25/92,26,88.46%,13.3,10.4,23
SCANDINAVIAN JOURNAL OF FOREST RESEARCH,SCAND J FOREST RES,TAYLOR & FRANCIS LTD,0282-7581,1651-1891,FORESTRY,SCIE,2566,1.5,Q2,0.61,49.14%,45/92,1.8,Q2,1.4,0.1,37/92,Q2,60.33,0.00081,0.18074,0.377,51.6,Q2,37/92,31,100.00%,13.2,11.4,31
Forest Ecosystems,FOR ECOSYST,KEAI PUBLISHING LTD,2056-6085,2197-5620,FORESTRY,SCIE,2443,4.4,Q1,1.61,99.17%,7/92,5,Q1,4.2,1,4/92,Q1,96.2,0.00286,0.6374,1.066,92.9,Q1,5/92,89,100.00%,4.2,9.3,89
NEW FORESTS,NEW FOREST,SPRINGER,2673-2726,1573-5095,FORESTRY,SCIE,2329,1.7,Q2,0.62,20.48%,38/92,2.2,Q2,1.6,0.4,36/92,Q2,61.41,0.00125,0.27983,0.445,59.2,Q2,29/92,44,100.00%,9.3,11.1,44
Current Forestry Reports,CURR FOR REP,SPRINGER INT PUBL AG,2198-6436,2198-6436,FORESTRY,SCIE,2186,7.2,Q1,2.5,63.86%,1/92,11.9,Q1,7.1,1.9,1/92,Q1,99.46,0.00252,0.56077,2.749,99.5,Q1,1/92,28,7.14%,4.9,7.4,2
Fire Ecology,FIRE ECOL,SPRINGER,1179-1594,1933-9747,FORESTRY,SCIE,2135,5,Q1,1.54,100.00%,4/92,5.7,Q1,4.5,1.6,5/92,Q1,95.11,0.00228,0.50741,1.422,96.2,Q1,3/92,92,91.30%,4.9,8.7,84
IAWA JOURNAL,IAWA J,BRILL,2624-9634,2294-1932,FORESTRY,SCIE,2039,3.5,Q1,1.07,17.24%,13/92,2.8,Q1,3.3,0.6,12/92,Q1,87.5,0.00074,0.1648,0.558,86.4,Q1,21/92,30,100.00%,14,13.5,30
SILVA FENNICA,SILVA FENN,FINNISH SOC FOREST SCIENCE-NATURAL RESOURCES INST FINLAND,2322-5939,2242-4075,FORESTRY,SCIE,1938,1.8,Q2,0.68,100.00%,33/92,1.9,Q2,1.7,0.4,34/92,Q2,63.59,0.00059,0.13247,0.428,64.7,Q2,32/92,40,95.00%,13.6,10.6,38
iForest-Biogeosciences and Forestry,IFOREST,SISEF-SOC ITALIANA SELVICOLTURA ECOL FORESTALE,1971-7458,1971-7458,FORESTRY,SCIE,1721,1.7,Q2,0.58,64.97%,38/92,1.9,Q2,1.7,0.2,41/92,Q2,55.98,0.00091,0.204,0.353,59.2,Q2,38/92,46,95.65%,7.3,9,44
WOOD AND FIBER SCIENCE,WOOD FIBER SCI,SOC WOOD SCI TECHNOL,2300-1682,0735-6161,FORESTRY,SCIE,1661,0.8,Q3,0.3,0.00%,61/92,1.1,Q3,0.8,0.7,63/92,Q3,32.07,0.00021,0.04795,0.193,34.2,Q3,58/92,11,100.00%,19.2,7.4,11
FOREST PRODUCTS JOURNAL,FOREST PROD J,FOREST PRODUCTS SOC,2297-900X,0015-7473,FORESTRY,SCIE,1658,1.2,Q3,0.45,12.50%,48/92,1,Q3,1,0.4,50/92,Q3,46.2,0.0003,0.06746,0.165,48.4,Q3,65/92,38,94.74%,18.1,7.3,36
FOREST PATHOLOGY,FOREST PATHOL,WILEY,2561-326X,1439-0329,FORESTRY,SCIE,1645,1,Q3,0.43,21.43%,56/92,1.4,Q3,0.9,0.3,54/92,Q3,41.85,0.00068,0.15322,0.26,39.7,Q3,51/92,47,89.36%,9.1,10.9,42
Trees Forests and People,TREES FOREST PEOPLE,ELSEVIER,2666-7193,2666-7193,FORESTRY,ESCI,1527,2.9,Q1,0.98,95.45%,17/92,3,Q1,2.5,0.9,19/92,Q1,79.89,0.00175,0.38957,0.515,82.1,Q1,22/92,246,95.53%,2.5,8.2,235
FORESTRY CHRONICLE,FOREST CHRON,CANADIAN INST FORESTRY,0015-7546,1499-9315,FORESTRY,SCIE,1295,0.8,Q3,0.24,35.71%,61/92,1,Q3,0.7,0.5,71/92,Q4,23.37,0.00014,0.0316,0.193,34.2,Q3,58/92,24,100.00%,18.8,8.5,24
Journal of Forest Research,J FOREST RES-JPN,TAYLOR & FRANCIS LTD,1341-6979,1610-7403,FORESTRY,SCIE,1293,1.1,Q3,1.04,11.05%,51/92,1.4,Q3,1,0.2,15/92,Q1,84.24,0.0007,0.15679,0.293,45.1,Q2,46/92,54,90.74%,10.4,11.4,49
INTERNATIONAL FORESTRY REVIEW,INT FOREST REV,COMMONWEALTH FORESTRY ASSOC,1465-5489,2053-7778,FORESTRY,SCIE,1206,0.9,Q3,0.34,17.86%,59/92,1.3,Q3,0.8,0.2,60/92,Q3,35.33,0.00052,0.11665,0.333,36.4,Q2,41/92,33,78.79%,10,7.1,26
Journal of Sustainable Forestry,J SUSTAIN FOREST,TAYLOR & FRANCIS INC,1054-9811,1540-756X,FORESTRY,SCIE,1104,1.8,Q2,0.53,12.00%,33/92,1.7,Q2,1.8,<0.1,47/92,Q3,49.46,0.00063,0.14079,0.298,64.7,Q2,45/92,6,100.00%,7.2,8,6
REVISTA ARVORE,REV ARVORE,UNIV FEDERAL VICOSA,0100-6762,1806-9088,FORESTRY,SCIE,1015,0.8,Q3,0.25,93.75%,61/92,0.8,Q4,0.7,0.1,69/92,Q3,25.54,0.00019,0.04345,0.14,34.2,Q4,73/92,32,93.75%,11.4,8.4,30
JOURNAL OF TROPICAL FOREST SCIENCE,J TROP FOR SCI,FOREST RESEARCH INST MALAYSIA,2393-6401,2521-9847,FORESTRY,SCIE,1003,0.8,Q3,0.3,0.00%,61/92,0.9,Q3,0.7,0.1,63/92,Q3,32.07,0.00026,0.05912,0.146,34.2,Q4,71/92,41,100.00%,11.1,10.5,41
CIENCIA FLORESTAL,CIENC FLOREST,UNIV FEDERAL SANTA MARIA,2351-9894,1980-5098,FORESTRY,SCIE,1002,0.5,Q4,0.13,98.84%,77/92,0.7,Q4,0.4,<0.1,82/92,Q4,11.41,0.00051,0.11442,0.118,16.8,Q4,78/92,57,98.25%,7.2,10.2,56
NATURAL AREAS JOURNAL,NAT AREA J,NATURAL AREAS ASSOC,2666-6065,2162-4399,FORESTRY,SCIE,839,0.8,Q3,0.26,1.28%,61/92,0.9,Q3,0.8,0.2,68/92,Q3,26.63,0.0003,0.06867,0.246,34.2,Q3,54/92,22,100.00%,11.1,13.2,22
Croatian Journal of Forest Engineering,CROAT J FOR ENG,"ZAGREB UNIV, FAC FORESTRY",1845-5719,1845-5719,FORESTRY,SCIE,825,2.1,Q2,0.88,97.00%,31/92,2.3,Q2,1.9,0.9,26/92,Q2,72.28,0.00042,0.09511,0.33,66.8,Q2,42/92,35,94.29%,6.2,8.3,33
SILVAE GENETICA,SILVAE GENET,SCIENDO,0037-5349,2509-8934,FORESTRY,SCIE,803,1,Q3,0.29,100.00%,56/92,0.8,Q4,0.8,0.1,65/92,Q3,29.89,0.0001,0.02348,0.144,39.7,Q4,72/92,20,100.00%,21.6,13,20
AUSTRALIAN FORESTRY,AUST FORESTRY,TAYLOR & FRANCIS AUSTRALIA,2664-3731,2325-6087,FORESTRY,SCIE,801,1.2,Q3,0.39,36.96%,48/92,1.9,Q2,1.2,0.3,56/92,Q3,39.67,0.0003,0.06837,0.381,48.4,Q2,36/92,16,81.25%,13.7,10.5,13
Small-Scale Forestry,SMALL-SCALE FOR,SPRINGER,1178-203X,1873-7854,FORESTRY,SCIE,799,1.8,Q2,0.58,32.94%,33/92,1.7,Q2,1.6,0.4,41/92,Q2,55.98,0.00032,0.07337,0.275,64.7,Q3,49/92,23,100.00%,7.9,8.5,23
Sylwan,SYLWAN,POLSKIE TOWARZYSTWO LESNE,1424-2818,,FORESTRY,SCIE,767,0.6,Q4,0.18,0.00%,71/92,0.6,Q4,0.4,0.2,78/92,Q4,15.76,0.00024,0.05396,0.076,23.4,Q4,84/92,59,98.31%,8.3,11.8,58
Cerne,CERNE,UNIV FEDERAL LAVRAS-UFLA,1179-1594,,FORESTRY,SCIE,764,0.7,Q3,0.24,83.70%,67/92,1.1,Q3,0.6,0.3,71/92,Q4,23.37,0.00028,0.06262,0.179,27.7,Q3,62/92,25,96.00%,8.6,7.6,24
Forest Systems,FOREST SYST,CONSEJO SUPERIOR INVESTIGACIONES CIENTIFICAS-CSIC,2171-5068,2171-9845,FORESTRY,SCIE,743,0.7,Q3,0.28,100.00%,67/92,1,Q3,0.7,0.2,66/92,Q3,28.8,0.0002,0.0459,0.192,27.7,Q3,60/92,15,100.00%,9.7,10,15
Floresta e Ambiente,FLORESTA AMBIENTE,"UNIV FEDERAL RURAL RIO DE JANEIRO, INST FLORESTAS",2662-2211,2179-8087,FORESTRY,ESCI,721,0.4,Q4,0.19,86.21%,82/92,0.8,Q4,0.3,0.1,76/92,Q4,17.93,0.00059,0.13263,0.165,11.4,Q3,65/92,24,100.00%,6.1,8.3,24
Forest Science and Technology,FOR SCI TECHNOL,TAYLOR & FRANCIS LTD,2322-5939,2158-0715,FORESTRY,ESCI,669,2.2,Q2,0.59,96.15%,29/92,2.1,Q2,2.1,0.3,40/92,Q2,57.07,0.00039,0.08823,0.353,69,Q2,38/92,39,92.31%,6.7,8.2,36
International Journal of Forest Engineering,INT J FOREST ENG,TAYLOR & FRANCIS INC,1494-2119,1913-2220,FORESTRY,SCIE,642,1.7,Q2,0.69,35.34%,38/92,1.9,Q2,1.3,0.1,33/92,Q2,64.67,0.00036,0.08071,0.277,59.2,Q3,47/92,44,97.73%,5.9,7.7,43
Journal of Forest Economics,J FOREST ECON,NOW PUBLISHERS INC,2148-9386,1618-1530,FORESTRY,SCIE,632,0.7,Q3,0.36,0.00%,67/92,1,Q3,0.7,0.1,57/92,Q3,38.59,0.00014,0.03227,0.255,27.7,Q3,53/92,14,100.00%,10.7,9,14
NEW ZEALAND JOURNAL OF FORESTRY SCIENCE,NZ J FORESTRY SCI,SCION,2052-3211,1179-5395,FORESTRY,SCIE,623,1.1,Q3,0.47,56.36%,51/92,1.3,Q3,1,0.1,48/92,Q3,48.37,0.00013,0.02924,0.238,45.1,Q3,55/92,21,95.24%,13.3,12,20
Scientia Forestalis,SCI FOR,IPEF-INST PESQUISAS ESTUDOS FLORESTAIS,1413-9324,1413-9324,FORESTRY,SCIE,615,0.4,Q4,0.12,90.36%,82/92,0.6,Q4,0.4,0.1,85/92,Q4,8.15,0.00031,0.06919,0.116,11.4,Q4,79/92,7,100.00%,8.6,9.9,7
Journal of Forest Science,J FOR SCI-PRAGUE,CZECH ACADEMY AGRICULTURAL SCIENCES,2632-3249,1805-935X,FORESTRY,ESCI,578,1.1,Q3,0.42,97.26%,51/92,1.2,Q3,1,0.2,55/92,Q3,40.76,0.00033,0.07558,0.179,45.1,Q3,62/92,49,93.88%,6.1,10.7,46
Madera y Bosques,MADERA BOSQUES,INST ECOLOGIA A C,2624-9553,2448-7597,FORESTRY,SCIE,572,0.6,Q4,0.12,95.05%,71/92,0.8,Q4,0.6,0.1,85/92,Q4,8.15,0.0003,0.06802,0.148,23.4,Q4,70/92,31,90.32%,7.2,11.5,28
BOSQUE,BOSQUE,"UNIV AUSTRAL CHILE, FAC CIENCIAS FORESTALES",0717-9200,0717-9200,FORESTRY,SCIE,553,0.4,Q4,0.13,90.55%,82/92,0.6,Q4,0.4,<0.1,82/92,Q4,11.41,0.00018,0.04208,0.127,11.4,Q4,76/92,42,92.86%,10,10.4,39
Southern Forests-A Journal of Forest Science,SOUTH FORESTS,TAYLOR & FRANCIS LTD,2673-253X,2070-2639,FORESTRY,SCIE,528,0.9,Q3,0.28,6.67%,59/92,0.9,Q3,0.8,0.1,66/92,Q3,28.8,0.00022,0.04983,0.171,36.4,Q3,64/92,29,86.21%,8.2,10.7,25
Annals of Forest Research,ANN FOR RES,EDITURA SILVICA,1844-8135,2065-2445,FORESTRY,SCIE,478,2.9,Q1,0.57,92.06%,17/92,2.3,Q2,2.7,0.3,45/92,Q2,51.63,0.00024,0.05365,0.351,82.1,Q2,40/92,24,100.00%,7,8.7,24
BALTIC FORESTRY,BALT FOR,INST FORESTRY LRCAF,1392-1355,1392-1355,FORESTRY,SCIE,465,0.6,Q4,0.25,0.00%,71/92,0.8,Q4,0.6,0.2,69/92,Q3,25.54,0.00015,0.03533,0.135,23.4,Q4,74/92,18,100.00%,8.8,11.7,18
Tree-Ring Research,TREE-RING RES,TREE-RING SOC,2214-7829,2162-4585,FORESTRY,SCIE,419,0.7,Q3,0.34,0.00%,67/92,1,Q3,0.7,1,60/92,Q3,35.33,0.0001,0.02403,0.268,27.7,Q3,50/92,4,100.00%,13.9,19.4,4
Dendrobiology,DENDROBIOLOGY,BOGUCKI WYDAWNICTWO NAUKOWE,1641-1307,2083-8387,FORESTRY,SCIE,385,1.8,Q2,0.54,93.44%,33/92,1.2,Q3,1.6,0.7,46/92,Q2,50.54,0.00016,0.03716,0.227,64.7,Q3,56/92,20,100.00%,8.4,10.7,20
Forests Trees and Livelihoods,FOR TREES LIVELIHOOD,TAYLOR & FRANCIS LTD,2227-9091,2164-3075,FORESTRY,ESCI,376,1.7,Q2,0.45,18.97%,38/92,1.6,Q2,1.7,0.2,50/92,Q3,46.2,0.0002,0.04632,0.277,59.2,Q3,47/92,23,82.61%,7.3,8.2,19
Revista Chapingo Serie Ciencias Forestales y del Ambiente,REV CHAPINGO SER CIE,UNIV AUTONOMA CHAPINGO,2214-7160,2007-4018,FORESTRY,SCIE,359,0.5,Q4,0.19,98.88%,77/92,0.6,Q4,0.5,0.1,76/92,Q4,17.93,0.00011,0.02541,0.094,16.8,Q4,81/92,26,92.31%,9.7,7.5,24
Central European Forestry Journal,CENT EURO FOR J,SCIENDO,2454-034X,2454-0358,FORESTRY,ESCI,357,1,Q3,0.44,100.00%,56/92,1.6,Q2,0.9,0.7,52/92,Q3,44.02,0.00023,0.0533,0.257,39.7,Q3,52/92,25,80.00%,5.4,9.3,20
BOIS ET FORETS DES TROPIQUES,BOIS FOR TROP,CIRAD-CENTRE COOPERATION INT RECHERCHE AGRONOMIQUE POUR,0006-579X,1777-5760,FORESTRY,SCIE,332,0.6,Q4,0.24,93.22%,71/92,0.9,Q3,0.6,<0.1,71/92,Q4,23.37,0.00015,0.03449,0.158,23.4,Q3,69/92,11,100.00%,9.5,13.2,11
Sumarski List,SUMAR LIST,CROATIAN FORESTRY SOC,0373-1332,1846-9140,FORESTRY,SCIE,317,0.4,Q4,0.13,95.73%,82/92,0.4,Q4,0.3,0.2,82/92,Q4,11.41,0.00012,0.02763,0.076,11.4,Q4,84/92,39,92.31%,8,12.2,36
Forestry Research,FORESTRY RES,Maximum Academic Press,2767-3812,2767-3812,FORESTRY,ESCI,300,5,Q1,1.08,100.00%,4/92,4.1,Q1,4.8,0.6,11/92,Q1,88.59,0.00041,0.09126,0.786,96.2,Q1,11/92,38,86.84%,2.2,8.4,33
Journal of the Indian Academy of Wood Science,J INDIAN ACAD WOOD S,SPRINGER INDIA,0972-172X,0976-8432,FORESTRY,ESCI,281,1.2,Q3,0.35,2.70%,48/92,1.1,Q3,1.1,0.4,58/92,Q3,37.5,0.00012,0.02802,0.159,48.4,Q3,68/92,35,100.00%,6.7,10.6,35
Forest and Society,FOR SOC,"MAKASSAR, FAK KEHUTANAN UNIV HASANUDDIN",1477-8947,2549-4333,FORESTRY,ESCI,265,1.1,Q3,0.58,97.70%,51/92,1.5,Q3,0.9,0.3,41/92,Q2,55.98,0.00024,0.05517,0.205,45.1,Q3,57/92,24,95.83%,3.8,7.6,23
Kastamonu University Journal of Forestry Faculty,KASTAMONU UNIV J FOR,KASTAMONU UNIV,2767-3170,1309-4181,FORESTRY,ESCI,244,0.6,Q4,0.21,100.00%,71/92,0.7,Q4,0.6,0.2,75/92,Q4,19.02,0.0001,0.02263,0.092,23.4,Q4,82/92,26,100.00%,6.8,11,26
Advances in Bamboo Science,ADV BAMBOO SCI,ELSEVIER,2773-1391,2773-1391,FORESTRY,ESCI,239,3.7,Q1,1.19,100.00%,10/92,3.7,Q1,2.8,0.9,8/92,Q1,91.85,0.00016,0.03731,0.433,89.7,Q2,30/92,66,86.36%,1.4,7.3,57
Folia Oecologica,FOLIA OECOLOGICA,WALTER DE GRUYTER GMBH,2624-893X,1338-7014,FORESTRY,ESCI,195,1.1,Q3,0.44,100.00%,51/92,1.1,Q3,1,0.4,52/92,Q3,44.02,0.00015,0.03464,0.189,45.1,Q3,61/92,24,100.00%,4.6,12.4,24
Reports of Forestry Research-Zpravy Lesnickeho Vyzkumu,REP FOR RES,FORESTRY & GAME MANAGEMENT RESEARCH INST,0322-9688,1805-9872,FORESTRY,ESCI,190,0.4,Q4,0.09,0.00%,82/92,0.4,Q4,0.3,0.1,88/92,Q4,4.89,0.00005,0.01304,0.051,11.4,Q4,89/92,32,87.50%,8.7,11.3,28
SEEFOR-South-East European Forestry,SEEFOR-SOUTH-EAST EU,CROATIAN FOREST RESEARCH INST,2413-8851,1849-0891,FORESTRY,ESCI,158,0.6,Q4,0.22,98.28%,71/92,0.8,Q4,0.6,0.1,74/92,Q4,20.11,0.00009,0.02119,0.131,23.4,Q4,75/92,22,81.82%,6.3,10.1,18
Jurnal Manajemen Hutan Tropika,J MANAJ HUTAN TROPIK,"BOGOR AGRICULTURAL UNIV, FAC FORESTRY",2087-0469,2089-2063,FORESTRY,ESCI,156,0.5,Q4,0.17,81.82%,77/92,0.8,Q4,0.4,<0.1,79/92,Q4,14.67,0.00012,0.02683,0.123,16.8,Q4,77/92,38,100.00%,5.2,6.3,38
Austrian Journal of Forest Science,AUSTRIAN J FOR SCI,OSTERREICHISCHER AGRARVERLAG,0379-5292,0375-524X,FORESTRY,SCIE,147,0.5,Q4,0.35,0.00%,77/92,1,Q3,0.4,0.1,58/92,Q3,37.5,0.00008,0.0192,0.163,16.8,Q3,67/92,15,100.00%,6.4,11.3,15
Lesnoy Zhurnal-Forestry Journal,LESNOY ZH,NORTHERN ARCTIC FEDERAL UNIV M V LOMONOSOV,0536-1036,0536-1036,FORESTRY,ESCI,129,0.1,Q4,0.06,58.74%,91/92,0.2,Q4,0.1,<0.1,90/92,Q4,2.72,0.00008,0.0193,0.024,1.6,Q4,92/92,92,97.83%,5.1,13,90
Forestist,FORESTIST,AVES,2509-8020,2602-4039,FORESTRY,ESCI,119,0.8,Q3,0.31,98.21%,61/92,0.7,Q4,0.7,0.3,62/92,Q3,33.15,0.00011,0.02641,0.116,34.2,Q4,79/92,43,97.67%,2.8,9.4,42
Indonesian Journal of Forestry Research,INDONES J FOR RES,MINISTRY ENVIRONMENT & FORESTRY,2355-7079,2406-8195,FORESTRY,ESCI,108,0.4,Q4,0.15,88.89%,82/92,0.6,Q4,0.3,<0.1,81/92,Q4,12.5,0.00005,0.01166,0.085,11.4,Q4,83/92,19,100.00%,6.5,6.7,19
Revista Forestal Mesoamerica Kuru-RFMK,REV FOR MESOAM KURU-,INST TECNOLOGICO COSTA RICA,2399-6641,2215-2504,FORESTRY,ESCI,77,0.2,Q4,0.08,0.00%,89/92,0.4,Q4,0.2,0.1,89/92,Q4,3.8,0.00004,0.01035,0.075,3.8,Q4,86/92,15,100.00%,,10.3,15
Mathematical and Computational Forestry & Natural-Resource Sciences,MATH COMPUT FOR NAT-,UNIV GEORGIA,1946-7664,1946-7664,FORESTRY,ESCI,67,0.5,Q4,0.17,0.00%,77/92,0.3,Q4,0.5,<0.1,79/92,Q4,14.67,0.00002,0.00556,0.055,16.8,Q4,88/92,3,100.00%,,,3
Revista Cubana de Ciencias Forestales,REV CUB CIENC FOR,UNIV PINAR RIO HERMANOS SAIZ MONTES OCA,2310-3469,2310-3469,FORESTRY,ESCI,67,0.2,Q4,0.04,0.00%,89/92,0.3,Q4,0.2,<0.1,92/92,Q4,0.54,0.00005,0.01131,0.042,3.8,Q4,90/92,28,100.00%,,8.1,28
Acta Silvae et Ligni,ACTA SILVAE LIGNI,GOZDARSKI INST SLOVENIJE,2624-9634,2335-3953,FORESTRY,ESCI,48,0.4,Q4,0.1,96.97%,82/92,0.5,Q4,0.3,<0.1,87/92,Q4,5.98,0.00003,0.00784,0.073,11.4,Q4,87/92,13,76.92%,,10.9,10
Formath,FORMATH,FORMATH RESEARCH GROUP,2188-5729,2188-5729,FORESTRY,ESCI,23,0.1,Q4,0.06,100.00%,91/92,0.2,Q4,0.1,<0.1,90/92,Q4,2.72,0,0.00162,0.037,1.6,Q4,91/92,5,100.00%,,8.1,5
Healthcare,HEALTHCARE-BASEL,MDPI,2227-9032,2227-9032,HEALTH POLICY & SERVICES,SSCI,25262,2.7,Q2,0.95,99.98%,35/124,2.8,Q2,2.5,0.5,43/124,Q2,65.73,0.03851,8.56866,0.598,72.2,Q3,80/117,2569,81.51%,2.4,6.5,2094
QUALITY OF LIFE RESEARCH,QUAL LIFE RES,SPRINGER,0962-9343,1573-2649,HEALTH POLICY & SERVICES,SSCI,21932,2.7,Q2,1.02,51.88%,35/124,4.1,Q1,2.5,0.6,33/124,Q2,73.79,0.01561,3.47498,1.326,72.2,Q1,19/117,273,89.01%,9.5,7.6,243
Implementation Science,IMPLEMENT SCI,BMC,1999-4907,1748-5908,HEALTH POLICY & SERVICES,SSCI,19965,13.4,Q1,3.11,100.00%,1/124,11.7,Q1,12.7,1.9,1/124,Q1,99.6,0.01348,2.99977,3.94,99.6,Q1,3/117,73,76.71%,9.2,6.8,56
MEDICAL CARE,MED CARE,LIPPINCOTT WILLIAMS & WILKINS,1478-4491,1537-1948,HEALTH POLICY & SERVICES,SSCI,19537,2.8,Q2,1.04,15.79%,32/124,3.4,Q2,2.8,0.7,32/124,Q2,74.6,0.00958,2.13335,1.503,74.6,Q1,12/117,123,100.00%,17.8,6.7,123
HEALTH AFFAIRS,HEALTH AFFAIR,PROJECT HOPE,1471-2288,0278-2715,HEALTH POLICY & SERVICES,SSCI,19277,8.1,Q1,2.82,23.49%,3/124,7.8,Q1,7.9,1.5,2/124,Q1,98.79,0.03136,6.97954,4.131,98,Q1,2/117,162,99.38%,7.6,4.5,161
VALUE IN HEALTH,VALUE HEALTH,ELSEVIER SCIENCE INC,2227-9032,1524-4733,HEALTH POLICY & SERVICES,SSCI,14950,6,Q1,1.5,40.34%,5/124,5.7,Q1,5.5,1.4,6/124,Q1,95.56,0.01598,3.55667,2.116,96.4,Q1,7/117,179,87.71%,7.7,7.7,157
Health and Quality of Life Outcomes,HEALTH QUAL LIFE OUT,BMC,1477-7525,1477-7525,HEALTH POLICY & SERVICES,SSCI,14917,3.4,Q1,1.17,100.00%,13/124,4.3,Q1,3.3,0.5,20/124,Q1,84.27,0.01066,2.37368,1.216,89.9,Q1,26/117,111,88.29%,9.1,7.7,98
PSYCHIATRIC SERVICES,PSYCHIAT SERV,"AMER PSYCHIATRIC PUBLISHING, INC",1075-2730,1557-9700,HEALTH POLICY & SERVICES,SSCI,12317,3.2,Q1,1.1,0.00%,21/124,3.6,Q1,3,1.1,25/124,Q1,80.24,0.00998,2.22209,1.31,83.5,Q1,22/117,158,91.14%,9.9,6.8,144
HEALTH SERVICES RESEARCH,HEALTH SERV RES,WILEY,0017-9124,1475-6773,HEALTH POLICY & SERVICES,SSCI,10117,3.2,Q1,1.1,44.92%,21/124,4.1,Q1,3,0.5,25/124,Q1,80.24,0.01138,2.53404,2.038,83.5,Q1,9/117,134,100.00%,11.2,6.5,134
INTERNATIONAL JOURNAL FOR QUALITY IN HEALTH CARE,INT J QUAL HEALTH C,OXFORD UNIV PRESS,1353-4505,1464-3677,HEALTH POLICY & SERVICES,SSCI,9542,2.2,Q2,0.7,40.85%,58/124,2.4,Q3,2.1,0.5,75/124,Q3,39.92,0.00319,0.71097,0.685,53.6,Q3,69/117,84,85.71%,17.2,6.3,72
HEALTH COMMUNICATION,HEALTH COMMUN,"ROUTLEDGE JOURNALS, TAYLOR & FRANCIS LTD",2073-445X,1532-7027,HEALTH POLICY & SERVICES,SSCI,8824,2.7,Q2,1.28,11.80%,35/124,3.6,Q1,2.2,0.4,14/124,Q1,89.11,0.01024,2.27993,0.965,72.2,Q2,42/117,244,99.59%,5.3,7.6,243
HEALTH POLICY,HEALTH POLICY,ELSEVIER IRELAND LTD,1542-4278,1872-6054,HEALTH POLICY & SERVICES,SSCI,8608,3.4,Q1,1.3,57.17%,13/124,3.3,Q2,3.2,0.8,13/124,Q1,89.92,0.00672,1.49723,1.028,89.9,Q2,38/117,139,85.61%,9.1,6.7,119
JOURNAL OF HEALTH ECONOMICS,J HEALTH ECON,ELSEVIER,1520-6688,1879-1646,HEALTH POLICY & SERVICES,SSCI,8558,3.6,Q1,1.27,38.06%,12/124,4.1,Q1,3.4,0.6,15/124,Q1,88.31,0.00798,1.77626,2.211,90.7,Q1,6/117,68,100.00%,11.4,8.2,68
HEALTH EXPECTATIONS,HEALTH EXPECT,WILEY,1369-6513,1369-7625,HEALTH POLICY & SERVICES,SSCI,7565,3.2,Q1,0.99,81.81%,21/124,3.9,Q1,2.8,0.5,40/124,Q2,68.15,0.00949,2.11234,1.182,83.5,Q1,29/117,356,89.04%,5.4,6.1,317
BMJ Quality & Safety,BMJ QUAL SAF,BMJ PUBLISHING GROUP,2193-7532,2044-5423,HEALTH POLICY & SERVICES,SSCI,7550,6.5,Q1,1.8,45.70%,4/124,6.7,Q1,6.1,1,5/124,Q1,96.37,0.00856,1.90473,2.462,97.2,Q1,5/117,69,92.75%,7.3,6.8,64
HEALTH ECONOMICS,HEALTH ECON,WILEY,1477-7525,1099-1050,HEALTH POLICY & SERVICES,SSCI,7354,2.4,Q2,0.78,43.48%,51/124,2.5,Q3,2.3,0.3,63/124,Q3,49.6,0.0069,1.53627,1.163,59.3,Q2,30/117,120,100.00%,10,8.5,120
PHARMACOECONOMICS,PHARMACOECONOMICS,ADIS INT LTD,2214-594X,1179-2027,HEALTH POLICY & SERVICES,SSCI,7336,4.6,Q1,1.32,67.01%,7/124,5.1,Q1,4,0.6,11/124,Q1,91.53,0.00752,1.67401,1.852,94.8,Q1,10/117,103,80.58%,8.1,6.2,83
HEALTH POLICY AND PLANNING,HEALTH POLICY PLANN,OXFORD UNIV PRESS,2624-893X,1460-2237,HEALTH POLICY & SERVICES,SSCI,6770,3.1,Q1,1,75.47%,25/124,3.8,Q1,2.8,0.7,36/124,Q2,71.37,0.00586,1.30397,1.2,80.2,Q1,28/117,124,89.52%,7.8,6.9,111
MEDICAL DECISION MAKING,MED DECIS MAKING,SAGE PUBLICATIONS INC,0272-989X,1552-681X,HEALTH POLICY & SERVICES,SSCI,6425,2.3,Q2,0.88,42.79%,53/124,3.6,Q1,2.1,0.4,49/124,Q2,60.89,0.00471,1.04833,1.41,57.7,Q1,17/117,77,93.51%,11.5,8.3,72
HEALTH PROMOTION INTERNATIONAL,HEALTH PROMOT INT,OXFORD UNIV PRESS,0957-4824,1460-2245,HEALTH POLICY & SERVICES,SSCI,5997,2.4,Q2,0.81,45.08%,51/124,2.8,Q2,1.9,0.7,59/124,Q2,52.82,0.00544,1.21093,0.709,59.3,Q3,65/117,178,80.34%,6.6,5.7,143
AIDS CARE-PSYCHOLOGICAL AND SOCIO-MEDICAL ASPECTS OF AIDS/HIV,AIDS CARE,"ROUTLEDGE JOURNALS, TAYLOR & FRANCIS LTD",0954-0121,1360-0451,HEALTH POLICY & SERVICES,SSCI,5846,1.2,Q4,0.42,24.25%,107/124,1.6,Q4,1.1,0.4,109/124,Q4,12.5,0.00487,1.08516,0.504,14.1,Q4,89/117,165,98.79%,7.9,6.8,163
Administration and Policy in Mental Health and Mental Health Services Research,ADM POLICY MENT HLTH,SPRINGER,0894-587X,1573-3289,HEALTH POLICY & SERVICES,SSCI,5541,2.7,Q2,0.77,39.83%,35/124,2.9,Q2,2.3,1.1,65/124,Q3,47.98,0.00318,0.70935,0.961,72.2,Q2,43/117,88,98.86%,9.6,7,87
BMC Palliative Care,BMC PALLIAT CARE,BMC,2035-5556,1472-684X,HEALTH POLICY & SERVICES,SSCI,5229,3,Q1,1.01,100.00%,29/124,3.6,Q1,2.7,0.6,35/124,Q2,72.18,0.00683,1.52072,0.957,77,Q2,44/117,288,98.96%,4.6,6.9,285
Human Resources for Health,HUM RESOUR HEALTH,BMC,1478-4491,1478-4491,HEALTH POLICY & SERVICES,SSCI,5122,4.3,Q1,1.32,100.00%,8/124,5,Q1,4.1,0.8,11/124,Q1,91.53,0.00538,1.19873,1.311,94,Q1,21/117,77,85.71%,5.7,6.2,66
JOURNAL OF COMMUNITY HEALTH,J COMMUN HEALTH,SPRINGER,2413-8851,1573-3610,HEALTH POLICY & SERVICES,SSCI,5074,2.2,Q2,1.24,19.40%,58/124,3,Q2,2.1,0.2,18/124,Q1,85.89,0.00519,1.15511,0.889,53.6,Q2,50/117,111,98.20%,7.1,5.4,109
Digital Health,DIGIT HEALTH,SAGE PUBLICATIONS LTD,2055-2076,2055-2076,HEALTH POLICY & SERVICES,SSCI,5009,3.3,Q1,1,96.10%,15/124,3.7,Q1,3,0.5,36/124,Q2,71.37,0.00846,1.88286,0.929,88.3,Q2,46/117,755,85.43%,2.3,5.5,645
AMERICAN JOURNAL OF MANAGED CARE,AM J MANAG CARE,MANAGED CARE & HEALTHCARE COMMUNICATIONS LLC,1088-0224,,HEALTH POLICY & SERVICES,SSCI,4972,2.1,Q3,0.67,0.00%,65/124,2.6,Q2,2,0.4,79/124,Q3,36.69,0.00535,1.19128,1.022,48,Q2,39/117,117,98.29%,8.1,5.1,115
Health Research Policy and Systems,HEALTH RES POLICY SY,BMC,1478-4505,1478-4505,HEALTH POLICY & SERVICES,SSCI,4872,3.2,Q1,1.11,100.00%,21/124,4.3,Q1,3,0.7,24/124,Q1,81.05,0.00658,1.46415,1.266,83.5,Q1,23/117,163,90.18%,5,6.8,147
COMMUNITY MENTAL HEALTH JOURNAL,COMMUNITY MENT HLT J,SPRINGER,0010-3853,1573-2789,HEALTH POLICY & SERVICES,SSCI,4658,1.7,Q3,0.61,30.34%,86/124,2.4,Q3,1.6,0.4,86/124,Q3,31.05,0.00491,1.09457,0.705,31,Q3,66/117,170,98.82%,6.4,7.5,168
MILBANK QUARTERLY,MILBANK Q,WILEY,2056-6085,1468-0009,HEALTH POLICY & SERVICES,SSCI,4614,4.1,Q1,2.03,40.00%,9/124,5.6,Q1,4,1.1,4/124,Q1,97.18,0.0051,1.13529,2.583,93.1,Q1,4/117,34,100.00%,11.8,6.4,34
Journal of Interprofessional Care,J INTERPROF CARE,TAYLOR & FRANCIS INC,2673-2726,1469-9567,HEALTH POLICY & SERVICES,SSCI,4525,2.6,Q2,0.65,39.80%,42/124,2.9,Q2,2.2,0.2,81/124,Q3,35.08,0.0037,0.82379,0.68,66.5,Q3,70/117,83,93.98%,6.7,8.2,78
JOURNAL OF AGING AND HEALTH,J AGING HEALTH,SAGE PUBLICATIONS INC,0898-2643,1552-6887,HEALTH POLICY & SERVICES,SSCI,4495,2.2,Q2,0.85,15.47%,58/124,2.8,Q2,2.1,0.2,53/124,Q2,57.66,0.00421,0.93753,0.907,53.6,Q2,48/117,67,100.00%,8.5,7.9,67
Risk Management and Healthcare Policy,RISK MANAG HEALTHC P,DOVE MEDICAL PRESS LTD,1179-1594,1179-1594,HEALTH POLICY & SERVICES,SSCI,4090,2,Q3,0.91,99.85%,70/124,2.7,Q2,1.8,0.5,47/124,Q2,62.5,0.00556,1.23907,0.58,44,Q3,83/117,266,95.11%,3.8,5.3,253
European Journal of Health Economics,EUR J HEALTH ECON,SPRINGER,2624-9634,1618-7601,HEALTH POLICY & SERVICES,SSCI,4070,3,Q1,1.02,66.45%,29/124,3.8,Q1,2.9,0.4,33/124,Q2,73.79,0.00584,1.30083,1.254,77,Q1,24/117,94,98.94%,5.5,7.6,93
International Journal of Health Policy and Management,INT J HEALTH POLICY,KERMAN UNIV MEDICAL SCIENCES,2322-5939,2322-5939,HEALTH POLICY & SERVICES,SSCI,3870,5.1,Q1,1.09,100.00%,6/124,4.7,Q1,4.3,0.8,27/124,Q1,78.63,0.00579,1.28905,1.46,95.6,Q1,16/117,87,85.06%,4.6,6.2,74
JOURNAL OF HEALTH CARE FOR THE POOR AND UNDERSERVED,J HEALTH CARE POOR U,JOHNS HOPKINS UNIV PRESS,1049-2089,1548-6869,HEALTH POLICY & SERVICES,SSCI,3792,1.2,Q4,0.35,0.27%,107/124,1.5,Q4,1.1,0.1,116/124,Q4,6.85,0.0029,0.64725,0.566,14.1,Q3,84/117,119,96.64%,10.6,6.1,115
Disability and Health Journal,DISABIL HEALTH J,ELSEVIER SCIENCE INC,2300-1682,1876-7583,HEALTH POLICY & SERVICES,SSCI,3746,3.3,Q1,1.39,25.80%,15/124,3.8,Q1,3,1.1,9/124,Q1,93.15,0.00469,1.0457,1.137,88.3,Q2,33/117,106,96.23%,5.3,6.7,102
JAMA Health Forum,JAMA-HEALTH FORUM,AMER MEDICAL ASSOC,2297-900X,2689-0186,HEALTH POLICY & SERVICES,SSCI,3613,11.3,Q1,2.32,99.37%,2/124,11.8,Q1,10.9,2.9,3/124,Q1,97.98,0.01622,3.61,7.359,98.8,Q1,1/117,109,99.08%,2.3,5.4,108
Journal of Genetic Counseling,J GENET COUNS,WILEY,2561-326X,1573-3599,HEALTH POLICY & SERVICES,SSCI,3506,1.9,Q3,0.63,43.60%,75/124,2.2,Q3,1.3,0.4,83/124,Q3,33.47,0.00389,0.86597,0.675,39.9,Q3,71/117,149,94.63%,6.2,6.9,141
JOURNAL OF RURAL HEALTH,J RURAL HEALTH,WILEY,2666-7193,1748-0361,HEALTH POLICY & SERVICES,SSCI,3382,2.7,Q2,1.05,36.32%,35/124,4,Q1,2.5,0.3,31/124,Q1,75.4,0.00467,1.04123,1.364,72.2,Q1,18/117,64,100.00%,5.7,5.9,64
Palliative & Supportive Care,PALLIAT SUPPORT CARE,CAMBRIDGE UNIV PRESS,1478-9515,1478-9523,HEALTH POLICY & SERVICES,SSCI,3280,2.1,Q3,0.72,47.24%,65/124,2.6,Q2,2,0.6,70/124,Q3,43.95,0.00378,0.84318,0.749,48,Q3,61/117,132,89.39%,5.8,7.3,118
EASTERN MEDITERRANEAN HEALTH JOURNAL,E MEDITERR HEALTH J,WHO EASTERN MEDITERRANEAN REGIONAL OFFICE,1020-3397,1687-1634,HEALTH POLICY & SERVICES,SSCI,3098,1.9,Q3,0.47,99.28%,75/124,2.1,Q3,1.8,0.2,104/124,Q4,16.53,0.0023,0.51306,0.491,39.9,Q4,90/117,84,90.48%,7.4,5.8,76
INTERNATIONAL JOURNAL OF HEALTH PLANNING AND MANAGEMENT,INT J HEALTH PLAN M,WILEY,0749-6753,1099-1751,HEALTH POLICY & SERVICES,SSCI,2877,1.8,Q3,0.61,34.14%,80/124,2,Q3,1.7,1.1,86/124,Q3,31.05,0.00399,0.88823,0.531,35.9,Q3,87/117,115,90.43%,4.7,5.8,104
Expert Review of Pharmacoeconomics & Outcomes Research,EXPERT REV PHARM OUT,TAYLOR & FRANCIS LTD,1473-7167,1744-8379,HEALTH POLICY & SERVICES,SSCI,2611,1.5,Q4,0.5,33.99%,96/124,2,Q3,1.4,0.3,99/124,Q4,20.56,0.00249,0.5541,0.604,23,Q3,79/117,106,71.70%,7.6,5.6,76
MEDICAL CARE RESEARCH AND REVIEW,MED CARE RES REV,SAGE PUBLICATIONS INC,1077-5587,1552-6801,HEALTH POLICY & SERVICES,SSCI,2594,2.2,Q2,0.75,12.30%,58/124,2.7,Q2,2.1,0.4,68/124,Q3,45.56,0.00281,0.6253,1.155,53.6,Q2,31/117,38,71.05%,11.4,6,27
INQUIRY-THE JOURNAL OF HEALTH CARE ORGANIZATION PROVISION AND FINANCING,INQUIRY-J HEALTH CAR,SAGE PUBLICATIONS INC,2393-6401,1945-7243,HEALTH POLICY & SERVICES,SSCI,2567,2.3,Q2,0.72,92.05%,53/124,2.5,Q3,2.3,0.5,70/124,Q3,43.95,0.0038,0.84749,0.654,57.7,Q3,74/117,213,91.55%,3.6,6.4,195
International Journal of Integrated Care,INT J INTEGR CARE,UBIQUITY PRESS LTD,2351-9894,1568-4156,HEALTH POLICY & SERVICES,SSCI,2519,2.6,Q2,0.78,97.66%,42/124,3.1,Q2,2.3,0.6,63/124,Q3,49.6,0.00247,0.54962,0.852,66.5,Q2,57/117,86,91.86%,6.3,7,79
Australian Health Review,AUST HEALTH REV,CSIRO PUBLISHING,2666-6065,1449-8944,HEALTH POLICY & SERVICES,SSCI,2504,1.4,Q4,0.5,27.89%,102/124,1.8,Q3,1.3,0.2,99/124,Q4,20.56,0.00239,0.53239,0.547,18.1,Q3,85/117,117,98.29%,7.1,5.1,115
Patient-Patient Centered Outcomes Research,PATIENT,ADIS INT LTD,1178-1653,1178-1661,HEALTH POLICY & SERVICES,SSCI,2449,3.1,Q1,1,60.29%,25/124,3.8,Q1,2.8,1.1,36/124,Q2,71.37,0.00317,0.70645,1.461,80.2,Q1,15/117,52,82.69%,6.5,6.8,43
Journal of Health Services Research & Policy,J HEALTH SERV RES PO,SAGE PUBLICATIONS INC,1355-8196,1758-1060,HEALTH POLICY & SERVICES,SSCI,2376,2.7,Q2,0.82,55.79%,35/124,2.6,Q2,2.7,0.3,57/124,Q2,54.44,0.00139,0.30961,1.012,72.2,Q2,40/117,26,84.62%,15.2,5.6,22
Applied Health Economics and Health Policy,APPL HEALTH ECON HEA,SPRINGER INT PUBL AG,2664-3731,1179-1896,HEALTH POLICY & SERVICES,SSCI,2326,3.3,Q1,1,52.91%,15/124,3.3,Q2,3.1,0.5,36/124,Q2,71.37,0.00327,0.72937,1.143,88.3,Q2,32/117,74,74.32%,5.5,6.6,55
Gaceta Sanitaria,GAC SANIT,ELSEVIER,1178-203X,1578-1283,HEALTH POLICY & SERVICES,SSCI,2292,1.5,Q4,0.5,98.31%,96/124,1.8,Q3,1.3,0.6,99/124,Q4,20.56,0.00195,0.43559,0.414,23,Q4,98/117,58,74.14%,6.5,6.3,43
Journal of Patient-Reported Outcomes,J PATIENT-REP OUTCOM,SPRINGERNATURE,1424-2818,2509-8020,HEALTH POLICY & SERVICES,ESCI,2287,2.9,Q1,0.95,100.00%,31/124,3.2,Q2,2.8,0.4,43/124,Q2,65.73,0.00483,1.07483,1.107,75.4,Q2,34/117,148,93.92%,3.9,7.9,139
INTERNATIONAL JOURNAL OF HEALTH SERVICES,INT J HEALTH SERV,SAGE PUBLICATIONS LTD,1179-1594,1541-4469,HEALTH POLICY & SERVICES,SSCI,2175,3.1,Q1,1.12,39.13%,25/124,2.7,Q2,3.1,,23/124,Q1,81.85,0.00148,0.3296,0.956,80.2,Q2,45/117,0,,11.5,,0
Journal of Pediatric Health Care,J PEDIATR HEALTH CAR,ELSEVIER SCIENCE INC,0891-5245,1532-656X,HEALTH POLICY & SERVICES,SSCI,1945,1.8,Q3,0.85,7.26%,80/124,2.4,Q3,1.7,0.4,53/124,Q2,57.66,0.00186,0.4158,0.687,35.9,Q3,67/117,108,91.67%,6.8,5.3,99
Implementation Science Communications,IMPLEMENT SCI COMMUN,SPRINGERNATURE,2662-2211,2662-2211,HEALTH POLICY & SERVICES,ESCI,1860,3.3,Q1,1.17,99.75%,15/124,3.5,Q2,3,0.5,20/124,Q1,84.27,0.00486,1.08222,1.212,88.3,Q1,27/117,130,90.00%,2.9,6.9,117
PSYCHOLOGY PUBLIC POLICY AND LAW,PSYCHOL PUBLIC POL L,AMER PSYCHOLOGICAL ASSOC,2322-5939,1939-1528,HEALTH POLICY & SERVICES,SSCI,1845,2,Q3,1.39,7.34%,70/124,2.5,Q3,1.8,0.4,9/124,Q1,93.15,0.00124,0.27804,0.828,44,Q3,59/117,30,100.00%,10.3,9.7,30
EVALUATION & THE HEALTH PROFESSIONS,EVAL HEALTH PROF,SAGE PUBLICATIONS INC,0163-2787,1552-3918,HEALTH POLICY & SERVICES,SSCI,1699,1.6,Q3,0.7,17.32%,92/124,2.2,Q3,1.5,1.5,75/124,Q3,39.92,0.001,0.22293,0.65,26.2,Q3,75/117,51,92.16%,11.7,8.6,47
HEALTH CARE MANAGEMENT REVIEW,HEALTH CARE MANAGE R,LIPPINCOTT WILLIAMS & WILKINS,2148-9386,1550-5030,HEALTH POLICY & SERVICES,SSCI,1654,2.8,Q2,1.06,18.63%,32/124,3.2,Q2,2.5,1,30/124,Q1,76.21,0.00136,0.30297,0.912,74.6,Q2,47/117,31,100.00%,8.6,9.5,31
Journal of Pharmaceutical Policy and Practice,J PHARM POLICY PRACT,TAYLOR & FRANCIS LTD,2052-3211,2052-3211,HEALTH POLICY & SERVICES,ESCI,1630,2.5,Q2,0.88,99.74%,48/124,3,Q2,2.3,0.5,49/124,Q2,60.89,0.00233,0.51842,0.686,61.7,Q3,68/117,130,91.54%,3.3,5.7,119
Health Care Management Science,HEALTH CARE MANAG SC,SPRINGER,1386-9620,1572-9389,HEALTH POLICY & SERVICES,SSCI,1604,2,Q3,0.97,35.64%,70/124,3,Q2,1.9,0.2,42/124,Q2,66.53,0.00142,0.31753,0.817,44,Q3,60/117,27,92.59%,7.4,8.9,25
Journal of Health Organization and Management,J HEALTH ORGAN MANAG,EMERALD GROUP PUBLISHING LTD,2632-3249,1758-7247,HEALTH POLICY & SERVICES,SSCI,1596,2.2,Q2,0.71,18.41%,58/124,2.2,Q3,1.9,0.4,73/124,Q3,41.53,0.00131,0.29209,0.538,53.6,Q3,86/117,123,90.24%,6.6,7,111
Health Policy and Technology,HEALTH POLICY TECHN,ELSEVIER SCI LTD,2624-9553,,HEALTH POLICY & SERVICES,SSCI,1590,3.7,Q1,1.23,34.26%,11/124,3.8,Q1,3.5,0.6,19/124,Q1,85.08,0.00212,0.47261,0.884,91.5,Q2,51/117,89,93.26%,4.1,4.9,83
JOURNAL OF PUBLIC HEALTH POLICY,J PUBLIC HEALTH POL,PALGRAVE MACMILLAN LTD,0197-5897,1745-655X,HEALTH POLICY & SERVICES,SSCI,1478,1.9,Q3,0.75,29.45%,75/124,2.7,Q2,1.9,0.5,68/124,Q3,45.56,0.00149,0.3334,0.87,39.9,Q2,53/117,63,66.67%,7.9,5.6,42
JOURNAL OF BEHAVIORAL HEALTH SERVICES & RESEARCH,J BEHAV HEALTH SER R,SPRINGER,2673-253X,1556-3308,HEALTH POLICY & SERVICES,SSCI,1412,1.4,Q4,0.56,23.20%,102/124,2,Q3,1.4,0.4,90/124,Q3,27.82,0.00117,0.26194,0.637,18.1,Q3,77/117,42,97.62%,7.9,7.1,41
Health Economics Review,HEALTH ECON REV,BMC,2191-1991,2191-1991,HEALTH POLICY & SERVICES,SSCI,1408,3.3,Q1,0.89,99.53%,15/124,3,Q2,3.2,0.6,48/124,Q2,61.69,0.0016,0.35767,0.873,88.3,Q2,52/117,100,83.00%,5.4,7.5,83
JOURNAL OF HEALTH POLITICS POLICY AND LAW,J HEALTH POLIT POLIC,DUKE UNIV PRESS,0361-6878,,HEALTH POLICY & SERVICES,SSCI,1356,2.8,Q2,1.49,3.36%,32/124,2.6,Q2,2.5,0.8,7/124,Q1,94.76,0.00206,0.45949,1.313,74.6,Q1,20/117,48,95.83%,8.3,5,46
Australian Journal of Primary Health,AUST J PRIM HEALTH,CSIRO PUBLISHING,2214-7829,1836-7399,HEALTH POLICY & SERVICES,SSCI,1356,1.3,Q4,0.51,69.67%,104/124,1.5,Q4,1.2,0.3,98/124,Q4,21.37,0.00135,0.30256,0.445,16.5,Q4,92/117,61,93.44%,6.9,6.1,57
Cost Effectiveness and Resource Allocation,COST EFFECT RESOUR A,BMC,1478-7547,1478-7547,HEALTH POLICY & SERVICES,SSCI,1315,2.5,Q2,0.76,100.00%,48/124,2.6,Q2,2.4,0.5,66/124,Q3,47.18,0.00166,0.3697,0.672,61.7,Q3,72/117,85,87.06%,4.3,7.2,74
JOURNAL OF PALLIATIVE CARE,J PALLIAT CARE,SAGE PUBLICATIONS INC,2227-9091,2369-5293,HEALTH POLICY & SERVICES,SSCI,1314,1.7,Q3,0.45,24.82%,86/124,1.9,Q3,1.5,0.3,107/124,Q4,14.11,0.00126,0.28044,0.586,31,Q3,82/117,33,93.94%,9.5,6.6,31
CAMBRIDGE QUARTERLY OF HEALTHCARE ETHICS,CAMB Q HEALTHC ETHIC,CAMBRIDGE UNIV PRESS,2214-7160,1469-2147,HEALTH POLICY & SERVICES,SSCI,1217,2.3,Q2,0.84,62.57%,53/124,1.9,Q3,2.1,0.6,55/124,Q2,56.05,0.00138,0.30873,0.67,57.7,Q3,73/117,61,95.08%,7.2,9.4,58
INTERNATIONAL JOURNAL OF HEALTH CARE QUALITY ASSURANCE,INT J HEALTH CARE Q,EMERALD GROUP PUBLISHING LTD,0952-6862,1758-6542,HEALTH POLICY & SERVICES,ESCI,1181,2.2,Q2,0.53,16.67%,58/124,1.4,Q4,2.2,0.1,95/124,Q4,23.79,0.00037,0.08358,0.335,53.6,Q4,103/117,7,85.71%,9.8,7.5,6
Journal of Policy and Practice in Intellectual Disabilities,J POLICY PRACT INTEL,WILEY,1741-1122,1741-1130,HEALTH POLICY & SERVICES,SSCI,1137,2.5,Q2,0.99,61.90%,48/124,2.3,Q3,2.4,0.5,40/124,Q2,68.15,0.00085,0.19126,0.591,61.7,Q3,81/117,41,95.12%,7.9,7.3,39
Value in Health Regional Issues,VALUE HEALTH REG ISS,ELSEVIER,2212-1099,2212-1099,HEALTH POLICY & SERVICES,ESCI,1134,1.5,Q4,0.55,25.34%,96/124,1.7,Q4,1.4,0.3,94/124,Q4,24.6,0.00176,0.39192,0.507,23,Q4,88/117,76,90.79%,4.3,7.5,69
International Journal of Healthcare Management,INT J HEALTHCARE MAN,"ROUTLEDGE JOURNALS, TAYLOR & FRANCIS LTD",2767-3812,2047-9719,HEALTH POLICY & SERVICES,ESCI,1101,1.1,Q4,0.48,10.73%,112/124,1.7,Q4,1,0.2,103/124,Q4,17.34,0.00129,0.28726,0.311,10.1,Q4,105/117,89,87.64%,4.3,5.3,78
Israel Journal of Health Policy Research,ISR J HEALTH POLICY,BMC,2045-4015,2045-4015,HEALTH POLICY & SERVICES,SSCI,1060,2.2,Q2,1.14,100.00%,58/124,2.6,Q2,1.8,0.3,22/124,Q1,82.66,0.00116,0.25883,0.616,53.6,Q3,78/117,70,100.00%,5.1,7,70
Zeitschrift fur Evidenz Fortbildung und Qualitaet im Gesundheitswesen,Z EVIDENZ FORTBILD Q,ELSEVIER GMBH,1477-8947,2212-0289,HEALTH POLICY & SERVICES,ESCI,1031,1.7,Q3,0.56,30.00%,86/124,1.3,Q4,1.5,0.2,90/124,Q3,27.82,0.00128,0.28531,0.386,31,Q4,100/117,83,95.18%,5.2,6,79
American Health and Drug Benefits,AM HEALTH DRUG BENEF,ENGAGE HEALTHCARE COMMUNICATIONS INC,2767-3170,1942-2970,HEALTH POLICY & SERVICES,SSCI,936,1.5,Q4,0.31,0.00%,96/124,4.3,Q1,1.5,,119/124,Q4,4.44,0.00071,0.15856,1.503,23,Q1,12/117,0,,8.6,,0
Health Economics Policy and Law,HEALTH ECON POLICY L,CAMBRIDGE UNIV PRESS,2773-1391,1744-134X,HEALTH POLICY & SERVICES,SSCI,893,3.3,Q1,1.26,67.39%,15/124,2.7,Q2,3.3,0.7,16/124,Q1,87.5,0.00114,0.25406,0.87,88.3,Q2,53/117,31,96.77%,5.7,7.2,30
Health Sociology Review,HEALTH SOCIOL REV,"ROUTLEDGE JOURNALS, TAYLOR & FRANCIS LTD",2624-893X,1839-3551,HEALTH POLICY & SERVICES,SSCI,871,3.1,Q1,1.4,58.06%,25/124,3.1,Q2,2.9,1,8/124,Q1,93.95,0.00092,0.20534,1.081,80.2,Q2,37/117,31,100.00%,7.5,6.9,31
Pharmacoeconomics-Open,PHARMACOECON-OPEN,SPRINGER INT PUBL AG,2509-4262,2509-4254,HEALTH POLICY & SERVICES,ESCI,871,2.1,Q3,0.64,100.00%,65/124,2,Q3,2,0.6,82/124,Q3,34.27,0.00192,0.42773,0.713,48,Q3,64/117,77,87.01%,3.6,6.4,67
Health Systems & Reform,HEALTH SYST REFORM,"ROUTLEDGE JOURNALS, TAYLOR & FRANCIS LTD",2413-8851,2328-8620,HEALTH POLICY & SERVICES,SSCI,858,1.9,Q3,0.87,93.33%,75/124,3.7,Q1,1.7,1.4,52/124,Q2,58.47,0.00138,0.30858,1.227,39.9,Q1,25/117,31,100.00%,5.2,4.9,31
HealthCare-The Journal of Delivery Science and Innovation,HEALTHCARE-J DEL SCI,ELSEVIER,2213-0764,2213-0772,HEALTH POLICY & SERVICES,SSCI,792,2.1,Q3,0.95,24.19%,65/124,2.1,Q3,2,0.1,43/124,Q2,65.73,0.00138,0.30758,0.87,48,Q2,53/117,12,100.00%,4.9,5.4,12
Leadership in Health Services,LEADERSH HEALTH SERV,EMERALD GROUP PUBLISHING LTD,1751-1879,1751-1887,HEALTH POLICY & SERVICES,ESCI,770,1.8,Q3,0.7,18.42%,80/124,2.1,Q3,1.7,0.3,75/124,Q3,39.92,0.00068,0.15339,0.445,35.9,Q4,92/117,36,88.89%,5.6,7,32
Journal for Healthcare Quality,J HEALTHC QUAL,LIPPINCOTT WILLIAMS & WILKINS,1062-2551,1945-1474,HEALTH POLICY & SERVICES,SSCI,763,1.3,Q4,0.42,9.77%,104/124,1.2,Q4,1.3,0.1,109/124,Q4,12.5,0.00081,0.18124,0.429,16.5,Q4,97/117,50,100.00%,7.7,7.6,50
JOURNAL OF HEALTHCARE MANAGEMENT,J HEALTHC MANAG,LIPPINCOTT WILLIAMS & WILKINS,2509-8020,1944-7396,HEALTH POLICY & SERVICES,SSCI,762,2.1,Q3,0.79,10.64%,65/124,2.4,Q3,2,0.4,61/124,Q2,51.21,0.00076,0.17053,0.74,48,Q3,62/117,35,100.00%,7.1,5.3,35
HEALTH CARE ANALYSIS,HEALTH CARE ANAL,SPRINGER,1065-3058,1573-3394,HEALTH POLICY & SERVICES,SSCI,746,1.6,Q3,0.84,67.24%,92/124,2.4,Q3,1.6,0.2,55/124,Q2,56.05,0.0006,0.13492,0.731,26.2,Q3,63/117,31,100.00%,9.5,8.3,31
Health Information Management Journal,HEALTH INF MANAG J,SAGE PUBLICATIONS INC,2399-6641,1833-3575,HEALTH POLICY & SERVICES,SSCI,691,1.8,Q3,0.63,29.85%,80/124,3.1,Q2,1.3,0.3,83/124,Q3,33.47,0.00082,0.18297,0.897,35.9,Q2,49/117,21,90.48%,5.6,5.9,19
Journal of Health Management,J HEALTH MANAG,SAGE PUBLICATIONS INDIA PVT LTD,0972-0634,0973-0729,HEALTH POLICY & SERVICES,ESCI,678,0.6,Q4,0.29,4.30%,121/124,1.1,Q4,0.6,0.2,121/124,Q4,2.82,0.00059,0.13176,0.22,2.8,Q4,109/117,93,100.00%,4.9,9.2,93
Learning Health Systems,LEARN HEALTH SYST,WILEY,2379-6146,2379-6146,HEALTH POLICY & SERVICES,ESCI,658,2.6,Q2,0.76,87.70%,42/124,3.2,Q2,2.2,0.7,66/124,Q3,47.18,0.00143,0.31883,1.099,66.5,Q2,35/117,50,100.00%,3.8,5.8,50
Policy Politics & Nursing Practice,POL POLIT NURS PRACT,SAGE PUBLICATIONS INC,2624-9634,1552-7468,HEALTH POLICY & SERVICES,ESCI,651,2.6,Q2,1.09,20.55%,42/124,,,2.5,0.6,27/124,Q1,78.63,0.00061,0.13714,,66.5,,,27,100.00%,7.2,4.9,27
Journal of Healthcare Leadership,J HEALTHC LEADERSH,DOVE MEDICAL PRESS LTD,2188-5729,1179-3201,HEALTH POLICY & SERVICES,ESCI,621,3.8,Q1,1.25,98.99%,10/124,4.2,Q1,3.7,0.5,17/124,Q1,86.69,0.00087,0.19455,1.085,92.3,Q2,36/117,44,93.18%,3.5,5.8,41
Quality Management in Health Care,QUAL MANAG HEALTH CA,LIPPINCOTT WILLIAMS & WILKINS,2575-8314,1550-5154,HEALTH POLICY & SERVICES,SSCI,607,1.2,Q4,0.44,10.19%,107/124,1.3,Q4,1.1,0.5,108/124,Q4,13.31,0.00042,0.09449,0.33,14.1,Q4,104/117,35,97.14%,9.1,8.5,34
Implementation Research and Practice,IMPLEMENT RES PRACT,SAGE PUBLICATIONS INC,1365-2907,2633-4895,HEALTH POLICY & SERVICES,ESCI,586,2.6,Q2,0.88,96.19%,42/124,3.9,Q1,2.5,0.5,49/124,Q2,60.89,0.00174,0.38871,1.504,66.5,Q1,11/117,24,100.00%,3.3,7.4,24
Journal of Cancer Policy,J CANCER POLICY,ELSEVIER SCI LTD,2213-5383,2213-5383,HEALTH POLICY & SERVICES,ESCI,567,2,Q3,0.71,33.55%,70/124,1.7,Q4,1.9,0.5,73/124,Q3,41.53,0.00149,0.33171,0.865,44,Q2,56/117,48,93.75%,3.5,5.6,45
Health Services Management Research,HEALTH SERV MANAG RE,SAGE PUBLICATIONS LTD,0951-4848,1758-1044,HEALTH POLICY & SERVICES,ESCI,551,0.7,Q4,0.46,15.19%,117/124,1.4,Q4,0.7,0.1,106/124,Q4,14.92,0.00032,0.0734,0.276,6,Q4,107/117,19,89.47%,7.4,8.1,17
Journal of Communication in Healthcare,J COMMUN HEALTHC,TAYLOR & FRANCIS LTD,1753-8068,1753-8076,HEALTH POLICY & SERVICES,ESCI,479,1.7,Q3,0.82,10.48%,86/124,,,1.5,0.4,57/124,Q2,54.44,0.00047,0.10533,,31,,,49,95.92%,4.7,5.8,47
International Journal of Pharmaceutical and Healthcare Marketing,INT J PHARM HEALTHC,EMERALD GROUP PUBLISHING LTD,2572-3170,1750-6131,HEALTH POLICY & SERVICES,ESCI,465,1.1,Q4,0.47,1.83%,112/124,1.4,Q4,1,0.2,104/124,Q4,16.53,0.00025,0.05681,0.188,10.1,Q4,113/117,41,95.12%,5.8,6.8,39
American Journal of Health Economics,AM J HEALTH ECON,UNIV CHICAGO PRESS,2574-2531,2332-3507,HEALTH POLICY & SERVICES,SSCI,451,2,Q3,1.08,3.03%,70/124,2.9,Q2,1.9,0.5,29/124,Q1,77.02,0.00157,0.35114,2.059,44,Q1,8/117,23,100.00%,4.3,8.8,23
Journal of Health Care Chaplaincy,J HEALTH CARE CHAPL,"ROUTLEDGE JOURNALS, TAYLOR & FRANCIS LTD",2661-8001,1528-6916,HEALTH POLICY & SERVICES,ESCI,439,1.8,Q3,0.56,29.03%,80/124,1.8,Q3,1.4,0.2,90/124,Q3,27.82,0.00045,0.10018,0.456,35.9,Q4,91/117,18,88.89%,5.7,6.9,16
Journal of Mental Health Policy and Economics,J MENT HEALTH POLICY,INT CTR MENTAL HEALTH POLICY & ECONOMICS-ICMPE,1091-4358,1099-176X,HEALTH POLICY & SERVICES,SSCI,437,1.6,Q3,0.52,0.00%,92/124,1.5,Q4,1.2,0.3,97/124,Q4,22.18,0.0002,0.04642,0.44,26.2,Q4,94/117,11,100.00%,12.7,8.4,11
Health Marketing Quarterly,HEALTH MARK Q,TAYLOR & FRANCIS LTD,0735-9683,1545-0864,HEALTH POLICY & SERVICES,ESCI,430,1.6,Q3,0.62,16.44%,92/124,,,1.2,0.6,85/124,Q3,31.85,0.00019,0.04444,,26.2,,,25,100.00%,9.6,6.9,25
CLINICAL SUPERVISOR,CLIN SUPERV,"ROUTLEDGE JOURNALS, TAYLOR & FRANCIS LTD",2192-1709,1545-231X,HEALTH POLICY & SERVICES,ESCI,412,0.8,Q4,0.56,10.00%,116/124,1.4,Q4,0.7,1,90/124,Q3,27.82,0.00025,0.05744,0.398,6.9,Q4,99/117,11,100.00%,8,9,11
MDM Policy & Practice,MDM POLICY PRACT,SAGE PUBLICATIONS INC,2381-4683,2381-4683,HEALTH POLICY & SERVICES,ESCI,383,1.7,Q3,0.59,92.13%,86/124,,,1.7,0.4,88/124,Q3,29.44,0.001,0.22459,,31,,,24,95.83%,4.1,7.2,23
HOME HEALTH CARE SERVICES QUARTERLY,HOME HEALTH CARE SER,TAYLOR & FRANCIS LTD,0162-1424,1545-0856,HEALTH POLICY & SERVICES,ESCI,371,0.9,Q4,0.41,24.00%,114/124,1.2,Q4,0.9,0.4,113/124,Q4,9.27,0.00028,0.06315,0.349,8.5,Q4,102/117,11,90.91%,9.6,7.2,10
Journal of Integrated Care,J INTEGR CARE,EMERALD GROUP PUBLISHING LTD,1476-9018,2042-8685,HEALTH POLICY & SERVICES,ESCI,353,0.9,Q4,0.35,28.45%,114/124,1,Q4,0.7,0.1,116/124,Q4,6.85,0.00031,0.07098,0.211,8.5,Q4,111/117,39,92.31%,5.7,6.8,36
Health Systems,HEALTH SYST,TAYLOR & FRANCIS LTD,2047-6965,2047-6973,HEALTH POLICY & SERVICES,ESCI,348,1.2,Q4,0.53,40.98%,107/124,1.8,Q3,1,0.1,95/124,Q4,23.79,0.00042,0.0939,0.434,14.1,Q4,96/117,18,77.78%,5,5.2,14
Journal of Health Economics and Outcomes Research,J HEALTH ECON OUTCOM,"COLUMBIA DATA ANALYTICS, LLC",2327-2236,2327-2236,HEALTH POLICY & SERVICES,ESCI,346,2.3,Q2,0.79,96.12%,53/124,,,2.2,0.2,61/124,Q2,51.21,0.00082,0.18425,,57.7,,,39,97.44%,3.2,6.5,38
Health Services Research and Managerial Epidemiology,HEALTH SERV RES MANA,SAGE PUBLICATIONS INC,2673-4524,2333-3928,HEALTH POLICY & SERVICES,ESCI,341,1.5,Q4,0.59,98.90%,96/124,1.7,Q4,1.4,1,88/124,Q3,29.44,0.00046,0.10287,0.44,23,Q4,94/117,21,85.71%,3.8,5.6,18
Sahara J-Journal of Social Aspects of HIV-AIDS,SAHARA J-J SOC ASP H,TAYLOR & FRANCIS LTD,1729-0376,1813-4424,HEALTH POLICY & SERVICES,SSCI,334,1.8,Q3,0.4,100.00%,80/124,1.6,Q4,1.8,1,114/124,Q4,8.47,0.0001,0.02305,0.386,35.9,Q4,100/117,2,50.00%,10.1,,1
International Journal of Health Economics and Management,INT J HEALTH ECON MA,SPRINGER,2730-6151,2199-9031,HEALTH POLICY & SERVICES,SSCI,333,1.7,Q3,0.49,36.23%,86/124,1.9,Q3,1.7,0.2,102/124,Q4,18.15,0.00059,0.13241,0.649,31,Q3,76/117,25,100.00%,4.5,9.2,25
International Journal of Human Rights in Health Care,INT J HUM RIGHTS HEA,EMERALD GROUP PUBLISHING LTD,2056-4902,2056-4902,HEALTH POLICY & SERVICES,ESCI,314,0.7,Q4,0.4,5.62%,117/124,1,Q4,0.7,<0.1,114/124,Q4,8.47,0.0004,0.09004,0.219,6,Q4,110/117,18,100.00%,4.6,6.6,18
Health Policy OPEN,HEALTH POLICY OPEN,ELSEVIER,2590-2296,2590-2296,HEALTH POLICY & SERVICES,ESCI,282,2.3,Q2,0.7,86.57%,53/124,2.7,Q2,2.2,0.1,75/124,Q3,39.92,0.0008,0.17988,0.984,57.7,Q2,41/117,16,93.75%,3.3,6,15
Health Affairs Scholar,HLTH AFF SCH,OXFORD UNIV PRESS,2976-5390,2976-5390,HEALTH POLICY & SERVICES,ESCI,281,2.7,Q2,0.72,98.62%,35/124,2.7,Q2,2.5,0.7,70/124,Q3,43.95,0.00075,0.16711,1.462,72.2,Q1,14/117,152,98.03%,1.2,4.9,149
International Journal of Health Governance,INT J HEALTH GOV,EMERALD GROUP PUBLISHING LTD,2059-4631,2059-4631,HEALTH POLICY & SERVICES,ESCI,277,1.9,Q3,0.67,15.91%,75/124,1.3,Q4,1.6,0.4,79/124,Q3,36.69,0.00037,0.08242,0.301,39.9,Q4,106/117,33,96.97%,3.5,5.6,32
Asia Pacific Journal of Health Management,ASIA-PAC J HEALTH MA,AUSTRALIAN COLL HEALTH SERVICE MANAGEMENT,2204-3136,2204-3136,HEALTH POLICY & SERVICES,ESCI,248,0.6,Q4,0.16,98.39%,121/124,0.6,Q4,0.5,<0.1,122/124,Q4,2.02,0.00026,0.05964,0.113,2.8,Q4,115/117,99,88.89%,3.7,6.7,88
IISE Transactions on Healthcare Systems Engineering,IISE T HEALTHC SYST,TAYLOR & FRANCIS LTD,2572-2611,2472-5587,HEALTH POLICY & SERVICES,ESCI,218,1.3,Q4,0.42,3.85%,104/124,,,1.1,0.1,109/124,Q4,12.5,0.00035,0.07963,,16.5,,,18,88.89%,3.7,9.2,16
Journal of Patient Safety and Risk Management,J PATIENT SAF RISK M,SAGE PUBLICATIONS LTD,2639-5916,2516-0443,HEALTH POLICY & SERVICES,ESCI,196,0.7,Q4,0.3,12.50%,117/124,1,Q4,0.7,0.7,120/124,Q4,3.63,0.0003,0.06773,0.266,6,Q4,108/117,33,100.00%,3.9,7.1,33
International Journal of Social Determinants of Health and Health Services,INT J SOC DETER HLTH,SAGE PUBLICATIONS LTD,2056-3485,2755-1946,HEALTH POLICY & SERVICES,SSCI,193,2.6,Q2,0.81,27.27%,42/124,2.6,Q2,2.5,1.3,59/124,Q2,52.82,0.00033,0.07441,0.83,66.5,Q2,58/117,42,88.10%,1.3,7.7,37
SCIENCES SOCIALES ET SANTE,SCI SOC SANTE,JLE,1520-6688,1777-5914,HEALTH POLICY & SERVICES,SSCI,152,0.5,Q4,0.13,0.00%,123/124,0.4,Q4,0.4,<0.1,123/124,Q4,1.21,0.00011,0.02473,0.174,1.2,Q4,114/117,15,100.00%,16.6,9.5,15
Asian Journal of WTO & International Health Law and Policy,ASIAN J WTO INT HEAL,NATL TAIWAN UNIV PRESS,2642-0007,,HEALTH POLICY & SERVICES,SSCI,70,0.7,Q4,0.35,0.00%,117/124,0.4,Q4,0.6,0.1,116/124,Q4,6.85,0.00006,0.01453,0.113,6,Q4,115/117,16,100.00%,,6.4,16
Avicenna,AVICENNA,HAMAD BIN KHALIFA UNIV PRESS,2220-2749,2220-2749,HEALTH POLICY & SERVICES,ESCI,62,1.2,Q4,0.94,5.00%,107/124,1.5,Q4,1.1,0.6,46/124,Q2,63.31,0.00003,0.00687,0.195,14.1,Q4,112/117,7,100.00%,,5.8,7
Journal of Medicine Access,J MED ACCESS,SAGE PUBLICATIONS INC,2767-3200,2755-0834,HEALTH POLICY & SERVICES,ESCI,61,1.5,Q4,0.42,80.85%,96/124,,,1.4,0.2,109/124,Q4,12.5,0.00008,0.01983,,23,,,13,84.62%,,7.6,11
Farmaceuticos Comunitarios,FARM COMUNITARIOS,SOC ESPANOLA FARMACIA FAMILIAR & COMUNITARIA-SEFAC,1885-8619,2173-9218,HEALTH POLICY & SERVICES,ESCI,56,0.5,Q4,0.12,93.55%,123/124,0.4,Q4,0.3,0.1,124/124,Q4,0.4,0.00002,0.00566,0.035,1.2,Q4,117/117,23,86.96%,,6.8,20
NEW MEDIA & SOCIETY,NEW MEDIA SOC,SAGE PUBLICATIONS LTD,2227-9032,1461-7315,COMMUNICATION,SSCI,15253,4.3,Q1,1.98,41.20%,12/227,6.4,Q1,4,0.7,18/229,Q1,92.36,0.02011,4.47545,2.157,94.9,Q1,10/213,230,96.96%,5.9,6.2,223
JOURNAL OF COMMUNICATION,J COMMUN,OXFORD UNIV PRESS INC,0021-9916,1460-2466,COMMUNICATION,SSCI,10234,5.5,Q1,2.69,26.40%,6/227,6.7,Q1,5.2,0.9,5/229,Q1,98.03,0.00405,0.90132,2.615,97.6,Q1,3/213,41,100.00%,14.1,8.3,41
Information Communication & Society,INFORM COMMUN SOC,"ROUTLEDGE JOURNALS, TAYLOR & FRANCIS LTD",1999-4907,1468-4462,COMMUNICATION,SSCI,9069,3.3,Q1,1.67,47.81%,22/227,5.6,Q1,3.1,0.5,26/229,Q1,88.86,0.01131,2.51709,1.914,90.5,Q1,15/213,167,97.60%,6.4,5.5,163
HEALTH COMMUNICATION,HEALTH COMMUN,"ROUTLEDGE JOURNALS, TAYLOR & FRANCIS LTD",1478-4491,1532-7027,COMMUNICATION,SSCI,8824,2.7,Q1,1.28,11.80%,36/227,3.6,Q1,2.2,0.4,42/229,Q1,81.88,0.01024,2.27993,0.965,84.4,Q1,44/213,244,99.59%,5.3,7.6,243
Social Media + Society,SOC MEDIA SOC,SAGE PUBLICATIONS LTD,1471-2288,2056-3051,COMMUNICATION,SSCI,7355,4.9,Q1,2.45,94.80%,9/227,6.8,Q1,4.5,0.6,9/229,Q1,96.29,0.01343,2.98921,2.282,96.3,Q1,7/213,157,98.73%,4.6,6,155
JOURNAL OF ADVERTISING,J ADVERTISING,"ROUTLEDGE JOURNALS, TAYLOR & FRANCIS LTD",2227-9032,1557-7805,COMMUNICATION,SSCI,7234,7,Q1,1.88,22.31%,1/227,8.5,Q1,6.4,0.9,19/229,Q1,91.92,0.00439,0.97836,2.28,99.8,Q1,8/213,33,87.88%,10.6,7.7,29
PUBLIC OPINION QUARTERLY,PUBLIC OPIN QUART,OXFORD UNIV PRESS,1477-7525,1537-5331,COMMUNICATION,SSCI,7182,2.7,Q1,1.33,23.61%,36/227,4.3,Q1,2.6,0.8,36/229,Q1,84.5,0.00455,1.01282,2.472,84.4,Q1,6/213,49,97.96%,17.2,7.2,48
JOURNAL OF SOCIAL AND PERSONAL RELATIONSHIPS,J SOC PERS RELAT,SAGE PUBLICATIONS LTD,0265-4075,1460-3608,COMMUNICATION,SSCI,6671,2.3,Q1,1.01,24.85%,53/227,2.9,Q2,2.2,0.3,68/229,Q2,70.52,0.00679,1.51113,0.9,76.9,Q1,52/213,158,99.37%,8.4,10.4,157
International Journal of Communication,INT J COMMUN-US,USC ANNENBERG PRESS,1932-8036,1932-8036,COMMUNICATION,SSCI,6299,1.5,Q2,0.74,0.00%,101/227,2.2,Q2,1.4,0.2,103/229,Q2,55.24,0.00833,1.85515,0.756,55.7,Q2,69/213,253,98.42%,6.1,7.5,249
COMMUNICATION RESEARCH,COMMUN RES,SAGE PUBLICATIONS INC,0093-6502,1552-3810,COMMUNICATION,SSCI,6023,3.2,Q1,1.99,22.97%,26/227,5.9,Q1,3.2,0.8,17/229,Q1,92.79,0.00466,1.03762,2.093,88.8,Q1,11/213,60,93.33%,12.5,8.2,56
JOURNAL OF HEALTH COMMUNICATION,J HEALTH COMMUN,TAYLOR & FRANCIS INC,2073-445X,1087-0415,COMMUNICATION,SSCI,5852,2.4,Q1,1.1,23.44%,46/227,3.1,Q1,2.2,0.2,55/229,Q1,76.2,0.00333,0.74234,0.916,80,Q1,49/213,63,100.00%,9.3,6.6,63
Journal of Computer-Mediated Communication,J COMPUT-MEDIAT COMM,OXFORD UNIV PRESS INC,1542-4278,1083-6101,COMMUNICATION,SSCI,5722,5.7,Q1,2.18,94.64%,5/227,7.9,Q1,5.5,1.5,14/229,Q1,94.1,0.00296,0.66036,2.538,98,Q1,5/213,36,100.00%,11.2,6.7,36
PUBLIC RELATIONS REVIEW,PUBLIC RELAT REV,ELSEVIER SCIENCE INC,1520-6688,1873-4537,COMMUNICATION,SSCI,5622,3.4,Q1,1.27,13.91%,19/227,4.5,Q1,2.7,0.7,45/229,Q1,80.57,0.0031,0.69024,0.835,91.9,Q2,61/213,82,96.34%,7.7,8.4,79
Digital Journalism,DIGIT JOURNAL,"ROUTLEDGE JOURNALS, TAYLOR & FRANCIS LTD",2167-0811,2167-082X,COMMUNICATION,SSCI,5347,5.4,Q1,2.32,42.75%,7/227,7.1,Q1,4.7,0.8,11/229,Q1,95.41,0.00862,1.91902,2.255,97.1,Q1,9/213,72,95.83%,4.9,5.6,69
TELECOMMUNICATIONS POLICY,TELECOMMUN POLICY,ELSEVIER SCI LTD,2193-7532,1879-3258,COMMUNICATION,SSCI,5212,6.4,Q1,2.33,30.06%,2/227,6.5,Q1,5.8,2.4,10/229,Q1,95.85,0.0041,0.91374,1.127,99.3,Q1,34/213,109,97.25%,4.5,5.7,106
International Journal of Advertising,INT J ADVERT,"ROUTLEDGE JOURNALS, TAYLOR & FRANCIS LTD",1477-7525,1759-3948,COMMUNICATION,SSCI,5191,5.9,Q1,1.82,19.89%,4/227,8.2,Q1,4.8,0.8,22/229,Q1,90.61,0.00501,1.11526,1.866,98.5,Q1,16/213,65,100.00%,5.1,7.3,65
Journalism,JOURNALISM,SAGE PUBLICATIONS INC,2214-594X,1741-3001,COMMUNICATION,SSCI,4980,2.7,Q1,1.25,30.65%,36/227,3.5,Q1,2.4,0.3,46/229,Q1,80.13,0.00752,1.67487,1.165,84.4,Q1,32/213,171,99.42%,5,7.6,170
Journalism Studies,JOURNALISM STUD,"ROUTLEDGE JOURNALS, TAYLOR & FRANCIS LTD",2624-893X,1469-9699,COMMUNICATION,SSCI,4860,2.9,Q1,1.45,41.23%,31/227,3.7,Q1,2.6,0.4,30/229,Q1,87.12,0.00656,1.46047,1.304,86.6,Q1,26/213,97,100.00%,6,6.8,97
HUMAN COMMUNICATION RESEARCH,HUM COMMUN RES,OXFORD UNIV PRESS INC,0360-3989,1468-2958,COMMUNICATION,SSCI,4591,3.3,Q1,1.86,20.35%,22/227,4.5,Q1,3,0.8,20/229,Q1,91.48,0.00189,0.42089,1.585,90.5,Q1,19/213,25,100.00%,17.2,9.3,25
MEDIA CULTURE & SOCIETY,MEDIA CULT SOC,SAGE PUBLICATIONS LTD,0163-4437,1460-3675,COMMUNICATION,SSCI,4391,3.3,Q1,1.44,35.28%,22/227,4,Q1,3,0.5,31/229,Q1,86.68,0.00597,1.3289,1.423,90.5,Q1,21/213,96,100.00%,6.2,6.9,96
COMMUNICATION MONOGRAPHS,COMMUN MONOGR,"ROUTLEDGE JOURNALS, TAYLOR & FRANCIS LTD",0363-7751,1479-5787,COMMUNICATION,SSCI,4264,1.5,Q2,1.02,10.67%,101/227,2.8,Q2,1.4,0.5,64/229,Q2,72.27,0.00095,0.2127,0.87,55.7,Q2,58/213,28,100.00%,15.4,8.4,28
POLITICAL COMMUNICATION,POLIT COMMUN,TAYLOR & FRANCIS INC,1058-4609,1091-7675,COMMUNICATION,SSCI,4004,5.1,Q1,2.52,39.55%,8/227,7.3,Q1,4.6,1.1,7/229,Q1,97.16,0.00526,1.17049,3.04,96.7,Q1,2/213,48,100.00%,7.2,6.1,48
PUBLIC UNDERSTANDING OF SCIENCE,PUBLIC UNDERST SCI,SAGE PUBLICATIONS LTD,2035-5556,1361-6609,COMMUNICATION,SSCI,3998,3.3,Q1,2.29,34.85%,22/227,4.1,Q1,3.1,0.7,12/229,Q1,94.98,0.00334,0.74495,1.242,90.5,Q1,30/213,61,93.44%,8.3,7.6,57
COMMUNICATION THEORY,COMMUN THEOR,OXFORD UNIV PRESS INC,1478-4491,1468-2885,COMMUNICATION,SSCI,3815,6.2,Q1,2.29,44.44%,3/227,5.4,Q1,6,0.8,12/229,Q1,94.98,0.00225,0.50105,2.065,98.9,Q1,13/213,25,100.00%,15,7.7,25
JOURNALISM & MASS COMMUNICATION QUARTERLY,J MASS COMMUN Q,SAGE PUBLICATIONS INC,2413-8851,2161-430X,COMMUNICATION,SSCI,3595,3.6,Q1,1.43,16.56%,17/227,4.5,Q1,2.9,0.4,32/229,Q1,86.24,0.00288,0.64101,1.413,92.7,Q1,23/213,71,100.00%,8.7,7.7,71
Journalism Practice,JOURNAL PRACT,"ROUTLEDGE JOURNALS, TAYLOR & FRANCIS LTD",1751-2786,1751-2794,COMMUNICATION,SSCI,3424,2,Q2,1.03,26.88%,70/227,2.7,Q2,1.7,0.4,62/229,Q2,73.14,0.0049,1.09167,0.887,69.4,Q2,55/213,146,100.00%,5.1,7.3,146
Feminist Media Studies,FEM MEDIA STUD,"ROUTLEDGE JOURNALS, TAYLOR & FRANCIS LTD",1468-0777,1471-5902,COMMUNICATION,SSCI,3405,1.7,Q2,0.86,28.76%,86/227,2.4,Q2,1.5,0.3,85/229,Q2,63.1,0.00544,1.21181,0.909,62.3,Q1,50/213,121,100.00%,5.2,7.5,121
MEDIA PSYCHOLOGY,MEDIA PSYCHOL,"ROUTLEDGE JOURNALS, TAYLOR & FRANCIS LTD",1521-3269,1532-785X,COMMUNICATION,SSCI,3369,2.6,Q1,2.73,30.97%,42/227,4.4,Q1,2.5,0.5,4/229,Q1,98.47,0.00237,0.52937,1.42,81.7,Q1,22/213,31,100.00%,10.2,9.7,31
PERSONAL RELATIONSHIPS,PERS RELATIONSHIP,WILEY,1350-4126,1475-6811,COMMUNICATION,SSCI,3004,2.2,Q2,0.8,39.10%,57/227,2.1,Q2,1.9,0.2,98/229,Q2,57.42,0.00141,0.31562,0.736,75.1,Q2,72/213,51,96.08%,14.9,11.4,49
Environmental Communication-A Journal of Nature and Culture,ENVIRON COMMUN,"ROUTLEDGE JOURNALS, TAYLOR & FRANCIS LTD",2056-6085,1752-4040,COMMUNICATION,SSCI,2929,4.1,Q1,1.12,32.87%,14/227,4.3,Q1,3.4,1,53/229,Q1,77.07,0.00334,0.74338,1.116,94.1,Q1,37/213,91,89.01%,5.3,6.6,81
JOURNAL OF BROADCASTING & ELECTRONIC MEDIA,J BROADCAST ELECTRON,"ROUTLEDGE JOURNALS, TAYLOR & FRANCIS LTD",2673-2726,1550-6878,COMMUNICATION,SSCI,2928,2.2,Q2,2.78,13.89%,57/227,3.8,Q1,2.1,0.3,3/229,Q1,98.91,0.00164,0.36533,1.123,75.1,Q1,36/213,30,100.00%,11.6,8.6,30
DISCOURSE & SOCIETY,DISCOURSE SOC,SAGE PUBLICATIONS LTD,0957-9265,1460-3624,COMMUNICATION,SSCI,2878,2.7,Q1,1.12,27.59%,36/227,2.8,Q2,2.6,0.4,53/229,Q1,77.07,0.0017,0.37894,1.146,84.4,Q1,33/213,58,100.00%,16.7,10.5,58
SCIENCE COMMUNICATION,SCI COMMUN,SAGE PUBLICATIONS INC,1179-1594,1552-8545,COMMUNICATION,SSCI,2730,4.1,Q1,1.7,22.34%,14/227,6.7,Q1,3.8,0.8,25/229,Q1,89.3,0.00241,0.5367,2.076,94.1,Q1,12/213,44,100.00%,7.7,7.5,44
JOURNAL OF ADVERTISING RESEARCH,J ADVERTISING RES,TAYLOR & FRANCIS LTD,2624-9634,1740-1909,COMMUNICATION,SSCI,2669,2.4,Q1,0.72,0.00%,46/227,3.3,Q1,2.1,0.5,106/229,Q2,53.93,0.00103,0.22951,0.919,80,Q1,48/213,24,95.83%,14.7,8.3,23
International Journal of Press-Politics,INT J PRESS/POLIT,SAGE PUBLICATIONS INC,2322-5939,1940-1620,COMMUNICATION,SSCI,2666,4.3,Q1,2,33.10%,12/227,6.4,Q1,3.9,0.7,16/229,Q1,93.23,0.00482,1.07342,2.544,94.9,Q1,4/213,56,100.00%,4.9,6,56
Mass Communication and Society,MASS COMMUN SOC,"ROUTLEDGE JOURNALS, TAYLOR & FRANCIS LTD",1520-5436,1532-7825,COMMUNICATION,SSCI,2619,2.7,Q1,1.32,29.25%,36/227,3.9,Q1,2.6,0.6,37/229,Q1,84.06,0.00251,0.56044,1.374,84.4,Q1,24/213,57,100.00%,8.7,8.2,57
JOURNAL OF LANGUAGE AND SOCIAL PSYCHOLOGY,J LANG SOC PSYCHOL,SAGE PUBLICATIONS INC,2300-1682,1552-6526,COMMUNICATION,SSCI,2615,2.3,Q1,1.03,26.74%,53/227,3,Q1,2.2,0.1,62/229,Q2,73.14,0.00165,0.36853,1.043,76.9,Q1,40/213,23,95.65%,14.1,11,22
Frontiers in Communication,FRONT COMMUN,FRONTIERS MEDIA SA,2297-900X,2297-900X,COMMUNICATION,ESCI,2564,1.6,Q2,0.77,99.62%,93/227,2.3,Q2,1.5,0.3,102/229,Q2,55.68,0.00561,1.24858,0.725,59.3,Q2,78/213,262,93.13%,3.6,7.8,244
Media and Communication,MEDIA COMMUN-LISBON,COGITATIO PRESS,2561-326X,2183-2439,COMMUNICATION,SSCI,2469,2.6,Q1,1.46,98.87%,42/227,3.4,Q1,2.5,1.5,29/229,Q1,87.55,0.00458,1.0211,1.102,81.7,Q1,38/213,115,99.13%,4.2,6.2,114
Communication Methods and Measures,COMMUN METHODS MEAS,"ROUTLEDGE JOURNALS, TAYLOR & FRANCIS LTD",2666-7193,1931-2466,COMMUNICATION,SSCI,2410,3.7,Q1,2.5,50.00%,16/227,9.7,Q1,3.6,0.8,8/229,Q1,96.72,0.00248,0.55205,3.109,93.2,Q1,1/213,12,100.00%,6.6,5.8,12
Convergence-The International Journal of Research into New Media Technologies,CONVERGENCE-US,SAGE PUBLICATIONS INC,1354-8565,1748-7382,COMMUNICATION,SSCI,2334,2.9,Q1,1.28,40.49%,31/227,3.3,Q1,2.6,0.6,42/229,Q1,81.88,0.00388,0.86456,1.09,86.6,Q1,39/213,157,99.36%,4.5,6.5,156
RESEARCH ON LANGUAGE AND SOCIAL INTERACTION,RES LANG SOC INTERAC,"ROUTLEDGE JOURNALS, TAYLOR & FRANCIS LTD",0835-1813,1532-7973,COMMUNICATION,SSCI,2325,2.1,Q2,1.3,61.11%,62/227,4.1,Q1,1.9,2.3,39/229,Q1,83.19,0.00133,0.29656,1.775,72.9,Q1,18/213,20,100.00%,12.5,10.6,20
Journal of Marketing Communications,J MARK COMMUN,TAYLOR & FRANCIS LTD,1352-7266,1466-4445,COMMUNICATION,ESCI,2112,4.6,Q1,1.83,11.90%,10/227,,,4.1,1.3,21/229,Q1,91.05,0.00138,0.30867,,95.8,,,86,93.02%,6.2,8.5,80
EUROPEAN JOURNAL OF COMMUNICATION,EUR J COMMUN,SAGE PUBLICATIONS LTD,0267-3231,1460-3705,COMMUNICATION,SSCI,1963,2.9,Q1,1.1,43.30%,31/227,3.3,Q1,2.8,0.3,55/229,Q1,76.2,0.00196,0.4374,1.219,86.6,Q1,31/213,32,93.75%,7.6,6.4,30
DISCOURSE STUDIES,DISCOURSE STUD,SAGE PUBLICATIONS LTD,1461-4456,1461-7080,COMMUNICATION,SSCI,1941,1.7,Q2,0.9,30.50%,86/227,2.2,Q2,1.6,0.2,79/229,Q2,65.72,0.0011,0.24538,0.797,62.3,Q2,63/213,66,100.00%,14.1,14.1,66
Management Communication Quarterly,MANAGE COMMUN Q,SAGE PUBLICATIONS INC,2393-6401,1552-6798,COMMUNICATION,SSCI,1848,2.4,Q1,0.83,15.15%,46/227,2.8,Q2,2.1,0.5,91/229,Q2,60.48,0.00106,0.23689,0.847,80,Q2,60/213,28,100.00%,11.9,8.8,28
JOURNAL OF APPLIED COMMUNICATION RESEARCH,J APPL COMMUN RES,"ROUTLEDGE JOURNALS, TAYLOR & FRANCIS LTD",2351-9894,1479-5752,COMMUNICATION,SSCI,1806,1.7,Q2,0.78,6.36%,86/227,2.6,Q2,1.4,0.4,101/229,Q2,56.11,0.001,0.22288,0.657,62.3,Q2,84/213,28,100.00%,11.8,7,28
INTERNATIONAL JOURNAL OF PUBLIC OPINION RESEARCH,INT J PUBLIC OPIN R,OXFORD UNIV PRESS,2666-6065,1471-6909,COMMUNICATION,SSCI,1805,1.3,Q3,0.84,26.62%,119/227,1.9,Q2,1.2,0.5,89/229,Q2,61.35,0.00164,0.3658,0.889,47.8,Q2,54/213,62,100.00%,11.1,7.3,62
LANGUAGE & COMMUNICATION,LANG COMMUN,PERGAMON-ELSEVIER SCIENCE LTD,0271-5309,1873-3395,COMMUNICATION,SSCI,1779,1.4,Q2,0.74,45.29%,111/227,1.6,Q3,1.3,0.2,103/229,Q2,55.24,0.00147,0.32928,0.671,51.3,Q2,82/213,58,100.00%,12.6,10.9,58
Journal of Public Relations Research,J PUBLIC RELAT RES,"ROUTLEDGE JOURNALS, TAYLOR & FRANCIS LTD",1062-726X,1532-754X,COMMUNICATION,SSCI,1756,3.4,Q1,1.71,9.52%,19/227,4.3,Q1,2.6,0.6,24/229,Q1,89.74,0.00065,0.14667,0.897,91.9,Q1,53/213,27,100.00%,10.7,8.4,27
Television & New Media,TELEV NEW MEDIA,SAGE PUBLICATIONS INC,2664-3731,1552-8316,COMMUNICATION,SSCI,1671,1.9,Q2,2.65,22.52%,73/227,3.5,Q1,1.8,0.2,6/229,Q1,97.6,0.00303,0.67551,1.289,68.1,Q1,27/213,59,98.31%,5.5,6.4,58
INFORMATION SOCIETY,INFORM SOC,TAYLOR & FRANCIS INC,1178-203X,1087-6537,COMMUNICATION,SSCI,1666,3,Q1,1.18,36.76%,30/227,3.5,Q1,3,1,49/229,Q1,78.82,0.00094,0.2101,1.127,87,Q1,34/213,25,92.00%,12,6.2,23
Games and Culture,GAMES CULT,SAGE PUBLICATIONS INC,1424-2818,1555-4139,COMMUNICATION,SSCI,1633,1.6,Q2,1.39,29.96%,93/227,2.4,Q2,1.4,0.3,34/229,Q1,85.37,0.00173,0.38638,0.639,59.3,Q2,86/213,69,89.86%,5.6,8.6,62
COMMUNICATION EDUCATION,COMMUN EDUC,"ROUTLEDGE JOURNALS, TAYLOR & FRANCIS LTD",1179-1594,1479-5795,COMMUNICATION,ESCI,1586,0.8,Q3,0.52,0.00%,143/227,1.6,Q3,0.6,1.1,142/229,Q3,38.21,0.0005,0.11305,0.372,37.2,Q3,128/213,12,100.00%,13.5,7,12
Annals of the International Communication Association,ANN INT COMMUN ASSOC,TAYLOR & FRANCIS LTD,2380-8985,2380-8977,COMMUNICATION,ESCI,1531,4.4,Q1,2.08,25.86%,11/227,,,4.4,1.6,15/229,Q1,93.67,0.00226,0.5042,,95.4,,,22,95.45%,5.9,9.1,21
Internet Policy Review,INTERNET POLICY REV,ALEXANDER VON HUMBOLDT INST INTERNET & SOC,2662-2211,2197-6775,COMMUNICATION,ESCI,1506,3.2,Q1,2.9,97.44%,26/227,5.9,Q1,3,1,2/229,Q1,99.34,0.00331,0.73732,2.006,88.8,Q1,14/213,43,88.37%,4.8,4.5,38
INTERNATIONAL JOURNAL OF CONFLICT MANAGEMENT,INT J CONFL MANAGE,EMERALD GROUP PUBLISHING LTD,2322-5939,1758-8545,COMMUNICATION,SSCI,1473,2.6,Q1,1.13,5.22%,42/227,2.8,Q2,2.4,0.6,52/229,Q1,77.51,0.00105,0.23494,0.569,81.7,Q2,95/213,24,100.00%,6.9,10.8,24
Communication & Sport,COMMUN SPORT,SAGE PUBLICATIONS INC,2167-4795,2167-4809,COMMUNICATION,SSCI,1457,2.8,Q1,1.07,17.39%,35/227,3.5,Q1,2.1,0.3,59/229,Q2,74.45,0.00215,0.48023,0.952,84.8,Q1,46/213,67,100.00%,4.5,7.3,67
Communication Studies,COMMUN STUD,"ROUTLEDGE JOURNALS, TAYLOR & FRANCIS LTD",2148-9386,1745-1035,COMMUNICATION,ESCI,1386,1.3,Q3,0.66,6.29%,119/227,1.8,Q2,1.2,0.4,111/229,Q2,51.75,0.00098,0.21882,0.516,47.8,Q2,99/213,61,100.00%,8.7,8.9,61
WRITTEN COMMUNICATION,WRIT COMMUN,SAGE PUBLICATIONS INC,2052-3211,1552-8472,COMMUNICATION,SSCI,1377,2.2,Q2,1.07,31.71%,57/227,2.6,Q2,2,0.3,59/229,Q2,74.45,0.0006,0.13475,0.71,75.1,Q2,79/213,30,96.67%,12.8,11.5,29
Policy and Internet,POLICY INTERNET,WILEY,1944-2866,1944-2866,COMMUNICATION,SSCI,1348,3.6,Q1,1.73,60.80%,17/227,4.7,Q1,3,0.8,23/229,Q1,90.17,0.00183,0.40887,1.444,92.7,Q1,20/213,43,100.00%,4.9,5.1,43
Media International Australia,MEDIA INT AUST,SAGE PUBLICATIONS LTD,2632-3249,2200-467X,COMMUNICATION,SSCI,1316,2.4,Q1,0.87,38.46%,46/227,2.3,Q2,2.3,0.2,81/229,Q2,64.85,0.00171,0.38108,0.747,80,Q2,70/213,38,100.00%,5.9,5.8,38
JCOM-Journal of Science Communication,JCOM-J SCI COMMUN,SCUOLA INT SUPERIORE STUDI AVANZATI-S I S S A-INT SCH ADVANCED STUDIES,2624-9553,1824-2049,COMMUNICATION,ESCI,1301,1.5,Q2,0.83,100.00%,101/227,2,Q2,1.1,0.6,91/229,Q2,60.48,0.00138,0.30721,0.474,55.7,Q3,110/213,89,96.63%,5,6.8,86
COMMUNICATION QUARTERLY,COMMUN Q,"ROUTLEDGE JOURNALS, TAYLOR & FRANCIS LTD",0146-3373,1746-4102,COMMUNICATION,ESCI,1293,1,Q3,0.62,4.65%,132/227,1.5,Q3,1,0.2,119/229,Q3,48.25,0.00052,0.11589,0.455,42.1,Q3,113/213,26,100.00%,15.1,9.3,26
QUARTERLY JOURNAL OF SPEECH,Q J SPEECH,"ROUTLEDGE JOURNALS, TAYLOR & FRANCIS LTD",2673-253X,1479-5779,COMMUNICATION,SSCI,1274,1.5,Q2,0.56,6.19%,101/227,1.9,Q2,1.1,0.4,131/229,Q3,43.01,0.00065,0.14515,0.666,55.7,Q2,83/213,45,100.00%,22.2,8.8,45
International Communication Gazette,INT COMMUN GAZ,SAGE PUBLICATIONS INC,1748-0485,1748-0493,COMMUNICATION,SSCI,1259,1.4,Q2,0.66,14.15%,111/227,2,Q2,1.3,0.3,111/229,Q2,51.75,0.00122,0.27171,0.765,51.3,Q2,66/213,30,100.00%,8.5,7.7,30
Communication Research Reports,COMMUN RES REP,TAYLOR & FRANCIS LTD,0882-4096,1746-4099,COMMUNICATION,ESCI,1257,1.6,Q2,0.81,16.25%,93/227,1.4,Q3,1.5,0.2,97/229,Q2,57.86,0.00051,0.11423,0.409,59.3,Q3,120/213,29,100.00%,12.3,9.9,29
Social Semiotics,SOC SEMIOT,"ROUTLEDGE JOURNALS, TAYLOR & FRANCIS LTD",2214-7829,1470-1219,COMMUNICATION,SSCI,1250,1.2,Q3,1.32,26.61%,123/227,1.8,Q2,1.1,0.3,37/229,Q1,84.06,0.00132,0.29477,0.637,46,Q2,88/213,31,100.00%,7.7,10.2,31
International Journal of Business Communication,INT J BUS COMMUN,SAGE PUBLICATIONS INC,2329-4884,2329-4892,COMMUNICATION,SSCI,1225,3.1,Q1,1.1,7.96%,28/227,4,Q1,2.4,1.1,55/229,Q1,76.2,0.00123,0.27466,0.707,87.9,Q2,80/213,40,100.00%,4.4,9.8,40
Journal of Children and Media,J CHILD MEDIA,"ROUTLEDGE JOURNALS, TAYLOR & FRANCIS LTD",2227-9091,1748-2801,COMMUNICATION,SSCI,1220,2.1,Q2,1.09,28.69%,62/227,3.2,Q1,1.8,0.4,58/229,Q2,74.89,0.00124,0.27781,0.903,72.9,Q1,51/213,65,89.23%,6.3,7.4,58
Continuum-Journal of Media & Cultural Studies,CONTINUUM-J MEDIA CU,"ROUTLEDGE JOURNALS, TAYLOR & FRANCIS LTD",2214-7160,1469-3666,COMMUNICATION,SSCI,1172,0.9,Q3,1.02,54.76%,135/227,1.1,Q3,0.8,0.2,64/229,Q2,72.27,0.00116,0.25924,0.491,40.7,Q3,107/213,83,95.18%,9.5,9.1,79
Cyberpsychology-Journal of Psychosocial Research on Cyberspace,CYBERPSYCHOLOGY,"MASARYKOVA UNIV, FAC SOCIAL STUDIES",1802-7962,1802-7962,COMMUNICATION,SSCI,1159,2.4,Q1,1.01,94.37%,46/227,3.4,Q1,2.3,0.2,68/229,Q2,70.52,0.00122,0.27253,0.876,80,Q2,57/213,52,100.00%,5.8,7.8,52
Critical Discourse Studies,CRIT DISCOURSE STUD,"ROUTLEDGE JOURNALS, TAYLOR & FRANCIS LTD",1740-5904,1740-5912,COMMUNICATION,SSCI,1157,2.1,Q2,1.02,41.32%,62/227,2.4,Q2,1.9,0.2,64/229,Q2,72.27,0.00159,0.35595,0.88,72.9,Q2,56/213,35,94.29%,6.2,8.9,33
Discourse Context & Media,DISCOURSE CONTEXT ME,ELSEVIER SCI LTD,2211-6958,2211-6966,COMMUNICATION,SSCI,1150,3.1,Q1,1.16,46.94%,28/227,2.5,Q2,2.9,0.4,50/229,Q1,78.38,0.00166,0.37125,0.922,87.9,Q1,47/213,34,100.00%,5.9,8,34
Journal of Information Technology & Politics,J INF TECHNOL POLITI,"ROUTLEDGE JOURNALS, TAYLOR & FRANCIS LTD",2767-3812,1933-169X,COMMUNICATION,SSCI,1149,2.4,Q1,1.16,25.64%,46/227,3,Q1,2.1,0.2,50/229,Q1,78.38,0.00149,0.33317,0.992,80,Q1,43/213,39,100.00%,5.9,6.6,39
Journal of Communication Management,J COMMUN MANAG,EMERALD GROUP PUBLISHING LTD,1363-254X,1478-0852,COMMUNICATION,ESCI,1147,2.1,Q2,1.25,20.00%,62/227,3.3,Q1,1.9,0.4,46/229,Q1,80.13,0.00075,0.16737,0.639,72.9,Q2,86/213,40,100.00%,6.7,7.7,40
IEEE TRANSACTIONS ON PROFESSIONAL COMMUNICATION,IEEE T PROF COMMUN,IEEE-INST ELECTRICAL ELECTRONICS ENGINEERS INC,1477-8947,1558-1500,COMMUNICATION,SSCI,1111,1.8,Q2,0.63,4.82%,78/227,1.9,Q2,1.5,0.3,118/229,Q3,48.69,0.00037,0.08362,0.369,65.9,Q3,129/213,30,93.33%,10.3,8.3,28
Discourse & Communication,DISCOURSE COMMUN,SAGE PUBLICATIONS INC,2767-3170,1750-4821,COMMUNICATION,SSCI,1087,2.2,Q2,1,21.37%,57/227,2.3,Q2,2.1,0.8,71/229,Q2,69.21,0.00114,0.25515,0.829,75.1,Q2,62/213,56,100.00%,7.2,9,56
Communications-European Journal of Communication Research,COMMUNICATIONS-GER,DE GRUYTER MOUTON,2773-1391,1613-4087,COMMUNICATION,SSCI,1066,2.3,Q1,0.87,34.78%,53/227,2.1,Q2,2.2,0.6,81/229,Q2,64.85,0.0009,0.20106,0.65,76.9,Q2,85/213,34,100.00%,10.7,6.7,34
Mobile Media & Communication,MOB MEDIA COMMUN,SAGE PUBLICATIONS INC,2624-893X,2050-1587,COMMUNICATION,SSCI,1064,1.8,Q2,1.25,23.71%,78/227,4.3,Q1,1.6,0.4,46/229,Q1,80.13,0.00162,0.36158,1.254,65.9,Q1,29/213,25,96.00%,4.8,7,24
Journal of Media Psychology-Theories Methods and Applications,J MEDIA PSYCHOL-GER,HOGREFE PUBLISHING CORP,1864-1105,2151-2388,COMMUNICATION,SSCI,981,2.4,Q1,0.91,9.76%,46/227,2.3,Q2,2.3,0.8,77/229,Q2,66.59,0.00086,0.19291,0.731,80,Q2,73/213,49,97.96%,7.6,9.2,48
International Journal of Strategic Communication,INT J STRATEG COMMUN,TAYLOR & FRANCIS LTD,2413-8851,1553-1198,COMMUNICATION,ESCI,980,1.9,Q2,1.02,30.00%,73/227,,,1.7,0.3,64/229,Q2,72.27,0.00085,0.18983,,68.1,,,35,100.00%,5.9,7.1,35
CRITICAL STUDIES IN MEDIA COMMUNICATION,CRIT STUD MEDIA COMM,"ROUTLEDGE JOURNALS, TAYLOR & FRANCIS LTD",1529-5036,1479-5809,COMMUNICATION,SSCI,978,1.5,Q2,0.56,2.53%,101/227,1.6,Q3,1.4,0.1,131/229,Q3,43.01,0.00084,0.18886,0.731,55.7,Q2,73/213,28,100.00%,8.9,8.6,28
Revista Latina de Comunicacion Social,REV LAT COMUN SOC,Historia Sistemas Informativos -HISIN,1138-5820,1138-5820,COMMUNICATION,ESCI,942,2.5,Q1,1.35,95.65%,45/227,2,Q2,2.3,0.7,35/229,Q1,84.93,0.00092,0.20502,0.408,80.4,Q3,121/213,33,100.00%,4.9,6,33
Chinese Journal of Communication,CHIN J COMMUN,"ROUTLEDGE JOURNALS, TAYLOR & FRANCIS LTD",1754-4750,1754-4769,COMMUNICATION,SSCI,877,1.9,Q2,0.88,13.10%,73/227,3.7,Q1,1.9,0.2,80/229,Q2,65.28,0.00144,0.32155,1.288,68.1,Q1,28/213,29,100.00%,5.6,7.1,29
Visual Communication,VISUAL COMMUN-US,SAGE PUBLICATIONS INC,2509-8020,1741-3214,COMMUNICATION,SSCI,875,1.4,Q2,0.58,36.28%,111/227,1.6,Q3,1.3,0.3,126/229,Q3,45.2,0.00085,0.19109,0.578,51.3,Q2,94/213,39,100.00%,9.8,9.8,39
Asian Journal of Communication,ASIAN J COMMUN,"ROUTLEDGE JOURNALS, TAYLOR & FRANCIS LTD",0129-2986,1742-0911,COMMUNICATION,SSCI,872,1.5,Q2,0.82,4.71%,101/227,2.3,Q2,1.4,0.3,94/229,Q2,59.17,0.00084,0.1889,0.726,55.7,Q2,77/213,27,100.00%,7.4,9.1,27
Communication Culture & Critique,COMMUN CULT CRIT,OXFORD UNIV PRESS INC,2399-6641,1753-9137,COMMUNICATION,SSCI,871,1.8,Q2,0.65,20.18%,78/227,2.1,Q2,1.8,0.2,114/229,Q2,50.44,0.0014,0.3124,0.998,65.9,Q1,42/213,45,100.00%,6.4,7.8,45
Text & Talk,TEXT TALK,DE GRUYTER MOUTON,1860-7330,1860-7349,COMMUNICATION,SSCI,841,0.9,Q3,0.58,17.70%,135/227,1,Q3,0.9,0.1,126/229,Q3,45.2,0.00065,0.14547,0.392,40.7,Q3,123/213,25,100.00%,12.6,14.1,25
WESTERN JOURNAL OF COMMUNICATION,WESTERN J COMM,"ROUTLEDGE JOURNALS, TAYLOR & FRANCIS LTD",1057-0314,1745-1027,COMMUNICATION,ESCI,826,0.6,Q3,0.35,2.03%,166/227,0.9,Q3,0.6,0.1,159/229,Q3,30.79,0.00073,0.16448,0.38,27.1,Q3,126/213,22,100.00%,11.1,11.3,22
JAVNOST-THE PUBLIC,JAVNOST-PUBLIC,"ROUTLEDGE JOURNALS, TAYLOR & FRANCIS LTD",2624-9634,1854-8377,COMMUNICATION,SSCI,822,1.5,Q2,0.86,54.32%,101/227,1.7,Q2,1.3,0.3,85/229,Q2,63.1,0.00076,0.16997,0.624,55.7,Q2,90/213,31,100.00%,7.1,7.1,31
JOURNAL OF BUSINESS AND TECHNICAL COMMUNICATION,J BUS TECH COMMUN,SAGE PUBLICATIONS INC,2188-5729,1552-4574,COMMUNICATION,SSCI,782,2,Q2,0.65,4.17%,70/227,2.6,Q2,1.7,1.1,114/229,Q2,50.44,0.0004,0.09012,0.528,69.4,Q2,98/213,20,100.00%,8.7,6.3,20
Technical Communication Quarterly,TECH COMMUN Q,"ROUTLEDGE JOURNALS, TAYLOR & FRANCIS LTD",2575-8314,1542-7625,COMMUNICATION,ESCI,775,1.8,Q2,0.8,5.15%,78/227,2.1,Q2,1.1,0.3,98/229,Q2,57.42,0.00041,0.09263,0.344,65.9,Q3,133/213,33,100.00%,8,7.5,33
Business and Professional Communication Quarterly,BUS PROF COMMUN Q,SAGE PUBLICATIONS INC,1365-2907,2329-4922,COMMUNICATION,ESCI,759,2.1,Q2,0.97,11.33%,62/227,1.9,Q2,1.2,0.8,72/229,Q2,68.78,0.00034,0.07579,0.287,72.9,Q3,140/213,61,100.00%,6.6,8.8,61
Communication and Critical-Cultural Studies,COMMUN CRIT-CULT STU,"ROUTLEDGE JOURNALS, TAYLOR & FRANCIS LTD",2213-5383,1479-4233,COMMUNICATION,SSCI,749,1.4,Q2,0.87,2.33%,111/227,2.1,Q2,1.2,0.3,81/229,Q2,64.85,0.00091,0.20315,0.786,51.3,Q2,65/213,26,100.00%,6.7,9.7,26
Argumentation,ARGUMENTATION,SPRINGER,0920-427X,1572-8374,COMMUNICATION,SSCI,746,1.3,Q3,1.28,54.17%,119/227,1.3,Q3,1.1,0.2,42/229,Q1,81.88,0.00054,0.12059,0.512,47.8,Q2,100/213,18,100.00%,12.6,14.1,18
JOURNAL OF FAMILY COMMUNICATION,J FAM COMMUN,"ROUTLEDGE JOURNALS, TAYLOR & FRANCIS LTD",1526-7431,1532-7698,COMMUNICATION,ESCI,744,1.8,Q2,0.96,6.15%,78/227,1.8,Q2,1.5,0.8,75/229,Q2,67.47,0.00049,0.10949,0.506,65.9,Q2,101/213,18,100.00%,8.7,8.9,18
International Journal of Sport Communication,INT J SPORT COMMUN,HUMAN KINETICS PUBL INC,2572-3170,1936-3907,COMMUNICATION,ESCI,733,2.1,Q2,0.97,1.64%,62/227,2,Q2,1.8,0.2,72/229,Q2,68.78,0.00071,0.15991,0.476,72.9,Q3,109/213,28,100.00%,5.6,8.1,28
Howard Journal of Communications,HOWARD J COMMUN,"ROUTLEDGE JOURNALS, TAYLOR & FRANCIS LTD",2574-2531,1096-4649,COMMUNICATION,ESCI,729,0.8,Q3,0.39,5.31%,143/227,1.5,Q3,0.7,0.1,156/229,Q3,32.1,0.00066,0.14792,0.495,37.2,Q2,105/213,50,100.00%,9.2,8.5,50
Communication & Society-Spain,COMMUN SOC-SPAIN,"UNIV NAVARRA, SERVICIO PUBLICACIONES",2661-8001,2386-7876,COMMUNICATION,ESCI,718,1.7,Q2,0.79,97.21%,86/227,1.6,Q3,1.5,0.3,100/229,Q2,56.55,0.00095,0.21265,0.406,62.3,Q3,122/213,66,98.48%,4.4,6.1,65
TECHNICAL COMMUNICATION,TECH COMMUN-STC,SOC TECHNICAL COMMUNICATION,0049-3155,,COMMUNICATION,SSCI,714,2.3,Q1,0.53,0.00%,53/227,1.9,Q2,2,0.2,139/229,Q3,39.52,0.00024,0.05349,0.314,76.9,Q3,137/213,15,100.00%,11.9,8,15
Psychology of Popular Media,PSYCHOL POP MEDIA,EDUCATIONAL PUBLISHING FOUNDATION-AMERICAN PSYCHOLOGICAL ASSOC,2689-6567,2689-6575,COMMUNICATION,SSCI,701,1.6,Q2,0.85,4.35%,93/227,2.7,Q2,1.6,0.4,88/229,Q2,61.79,0.00159,0.35413,0.79,59.3,Q2,64/213,62,98.39%,3.4,7.9,61
Interaction Studies,INTERACT STUD,JOHN BENJAMINS PUBLISHING CO,2192-1709,1572-0381,COMMUNICATION,SSCI,681,1.2,Q3,0.64,18.60%,123/227,1.7,Q2,1.2,0.1,116/229,Q3,49.56,0.00023,0.05262,0.333,46,Q3,135/213,10,100.00%,11.6,11.3,10
Journal of Current Issues and Research In Advertising,J CURR ISS RES AD,TAYLOR & FRANCIS LTD,2381-4683,2164-7313,COMMUNICATION,ESCI,665,2.9,Q1,1.29,15.00%,31/227,3.2,Q1,2.6,1.4,40/229,Q1,82.75,0.0007,0.1568,0.743,86.6,Q2,71/213,35,100.00%,4.5,7.4,35
Media War and Conflict,MEDIA WAR CONFL,SAGE PUBLICATIONS LTD,1750-6352,1750-6360,COMMUNICATION,ESCI,634,1.8,Q2,0.83,22.78%,78/227,2,Q2,1.6,0.3,91/229,Q2,60.48,0.0009,0.20198,0.727,65.9,Q2,76/213,41,100.00%,5.8,7.5,41
International Journal of Mobile Communications,INT J MOB COMMUN,INDERSCIENCE ENTERPRISES LTD,1470-949X,1741-5217,COMMUNICATION,SSCI,634,1.1,Q3,0.61,0.81%,128/227,1.2,Q3,1,0.2,120/229,Q3,47.82,0.0002,0.04468,0.137,43.8,Q4,176/213,42,100.00%,7.4,9.4,42
Journal of Communication Inquiry,J COMMUN INQ,SAGE PUBLICATIONS INC,0196-8599,1552-4612,COMMUNICATION,ESCI,634,1.1,Q3,0.54,10.53%,128/227,1.5,Q3,1.1,0.1,135/229,Q3,41.27,0.00057,0.12709,0.466,43.8,Q3,112/213,17,100.00%,11.9,8.8,17
Nordicom Review,NORD REV,SCIENDO,1403-1108,2001-5119,COMMUNICATION,ESCI,629,1.7,Q2,0.67,96.00%,86/227,1.5,Q3,1.6,0.3,110/229,Q2,52.18,0.00074,0.16499,0.546,62.3,Q2,96/213,22,100.00%,7.5,7.7,22
Translator,TRANSLATOR,"ROUTLEDGE JOURNALS, TAYLOR & FRANCIS LTD",2673-4524,1757-0409,COMMUNICATION,SSCI,623,0.7,Q3,0.49,32.53%,154/227,1.1,Q3,0.7,0.1,146/229,Q3,36.46,0.00055,0.12328,0.501,32.4,Q2,102/213,24,100.00%,12.3,12.5,24
NARRATIVE INQUIRY,NARRAT INQ,JOHN BENJAMINS PUBLISHING CO,1387-6740,1569-9935,COMMUNICATION,SSCI,613,0.9,Q3,0.74,13.04%,135/227,0.9,Q3,0.9,0.2,103/229,Q2,55.24,0.00029,0.0647,0.341,40.7,Q3,134/213,17,100.00%,14.6,13.4,17
Womens Studies in Communication,WOMEN STUD COMMUN,"ROUTLEDGE JOURNALS, TAYLOR & FRANCIS LTD",2730-6151,2152-999X,COMMUNICATION,ESCI,608,2,Q2,0.55,1.59%,70/227,2.1,Q2,1.9,0.3,133/229,Q3,42.14,0.00087,0.19457,0.954,69.4,Q1,45/213,29,100.00%,6.8,9.2,29
Jurnal Komunikasi-Malaysian Journal of Communication,J KOMUN,"NATL UNIV MALAYSIA, FAC SOCIAL SCIENCES & HUMANITIES",2289-151X,2289-1528,COMMUNICATION,ESCI,584,1,Q3,0.35,0.71%,132/227,0.9,Q3,0.3,0.3,159/229,Q3,30.79,0.00027,0.06098,0.075,42.1,Q4,200/213,120,95.00%,4.3,4.8,114
Southern Communication Journal,SOUTH COMMUN J,"ROUTLEDGE JOURNALS, TAYLOR & FRANCIS LTD",2590-2296,1930-3203,COMMUNICATION,ESCI,570,0.8,Q3,0.33,0.00%,143/227,0.9,Q3,0.7,0.2,164/229,Q3,28.6,0.00055,0.12241,0.425,37.2,Q3,118/213,18,100.00%,9.7,9.1,18
Atlantic Journal of Communication,ATL J COMMUN,"ROUTLEDGE JOURNALS, TAYLOR & FRANCIS LTD",2976-5390,1545-6889,COMMUNICATION,ESCI,564,1,Q3,0.51,0.88%,132/227,1.3,Q3,0.9,0.2,145/229,Q3,36.9,0.00048,0.10723,0.35,42.1,Q3,130/213,32,96.88%,8.1,8.8,31
Journal of International and Intercultural Communication,J INT INTERCULT COMM,"ROUTLEDGE JOURNALS, TAYLOR & FRANCIS LTD",1751-3057,1751-3065,COMMUNICATION,ESCI,556,2.2,Q2,0.58,4.55%,57/227,2.2,Q2,1.9,0.1,126/229,Q3,45.2,0.00065,0.14642,0.757,75.1,Q2,68/213,20,100.00%,7.3,11,20
Popular Communication,POP COMMUN,"ROUTLEDGE JOURNALS, TAYLOR & FRANCIS LTD",2204-3136,1540-5710,COMMUNICATION,ESCI,540,1.8,Q2,0.66,32.56%,78/227,1.9,Q2,1.8,0.1,111/229,Q2,51.75,0.00053,0.11969,0.63,65.9,Q2,89/213,13,92.31%,7.3,8.8,12
COMMUNICATION REVIEW,COMMUN REV,"ROUTLEDGE JOURNALS, TAYLOR & FRANCIS LTD",2572-2611,1547-7487,COMMUNICATION,ESCI,536,1.9,Q2,0.84,25.00%,73/227,1.8,Q2,1.9,0.5,89/229,Q2,61.35,0.00031,0.07059,0.582,68.1,Q2,93/213,26,96.15%,11.4,7.9,25
Global Media and China,GLOB MEDIA CHINA,SAGE PUBLICATIONS LTD,2639-5916,2059-4372,COMMUNICATION,ESCI,528,3.4,Q1,1.54,96.05%,19/227,3.2,Q1,3,0.9,28/229,Q1,87.99,0.00101,0.22487,1.031,91.9,Q1,41/213,29,100.00%,3.9,6.7,29
Canadian Journal of Communication,CAN J COMMUN,UNIV TORONTO PRESS INC,2056-3485,1499-6642,COMMUNICATION,ESCI,506,0.5,Q4,0.23,0.00%,174/227,0.7,Q3,0.5,<0.1,177/229,Q4,22.93,0.00036,0.08175,0.282,23.6,Q3,142/213,25,100.00%,9.7,6.6,25
Journal of Media Ethics,J MEDIA ETHICS,"ROUTLEDGE JOURNALS, TAYLOR & FRANCIS LTD",1520-6688,2373-700X,COMMUNICATION,SSCI,504,1.1,Q3,0.46,11.86%,128/227,1.7,Q2,1,0.1,149/229,Q3,35.15,0.00034,0.07722,0.448,43.8,Q3,115/213,16,100.00%,9.8,10.6,16
JOURNAL OF TECHNICAL WRITING AND COMMUNICATION,J TECH WRIT COMMUN,SAGE PUBLICATIONS INC,2642-0007,1541-3780,COMMUNICATION,ESCI,495,1.4,Q2,0.68,8.77%,111/227,,,1.2,0.7,109/229,Q2,52.62,0.00021,0.04808,,51.3,,,23,100.00%,8.2,11.3,23
Rhetoric Society Quarterly,RHETOR SOC Q,"ROUTLEDGE JOURNALS, TAYLOR & FRANCIS LTD",0277-3945,1930-322X,COMMUNICATION,SSCI,494,0.6,Q3,1.59,8.33%,166/227,0.9,Q3,0.5,0.1,27/229,Q1,88.43,0.00048,0.10719,0.383,27.1,Q3,124/213,23,100.00%,11.2,9.5,23
Communication Reports,COMMUN REP,"ROUTLEDGE JOURNALS, TAYLOR & FRANCIS LTD",2767-3200,1745-1043,COMMUNICATION,ESCI,481,1.6,Q2,0.6,8.33%,93/227,2.5,Q2,1.6,0.1,121/229,Q3,47.38,0.00044,0.09812,0.764,59.3,Q2,67/213,20,100.00%,8.9,7.7,20
Journal of Communication in Healthcare,J COMMUN HEALTHC,TAYLOR & FRANCIS LTD,1753-8068,1753-8076,COMMUNICATION,ESCI,479,1.7,Q2,0.82,10.48%,86/227,,,1.5,0.4,94/229,Q2,59.17,0.00047,0.10533,,62.3,,,49,95.92%,4.7,5.8,47
TRIPLEC-Communication Capitalism & Critique,TRIPLEC-COMMUN CAPIT,TRIPLEC,1726-670X,1726-670X,COMMUNICATION,ESCI,472,0.9,Q3,0.36,1.69%,135/227,1.1,Q3,0.7,0.2,158/229,Q3,31.22,0.0002,0.04626,0.346,40.7,Q3,131/213,37,100.00%,8.3,8.6,37
Online Journal of Communication and Media Technologies,ONLINE J COMMUN MEDI,Bastas Publications DOO,1986-3497,1986-3497,COMMUNICATION,ESCI,429,2.1,Q2,1.07,96.39%,62/227,1.7,Q2,1.9,0.6,59/229,Q2,74.45,0.00041,0.09335,0.289,72.9,Q3,139/213,62,90.32%,2.1,5.1,56
Communication and the Public,COMMUN PUBLIC,SAGE PUBLICATIONS LTD,2057-0473,2057-0481,COMMUNICATION,ESCI,423,1.5,Q2,0.86,62.24%,101/227,3.1,Q1,1.4,0.6,85/229,Q2,63.1,0.0008,0.17946,1.361,55.7,Q1,25/213,58,100.00%,4.9,7.3,58
Journal of Multicultural Discourses,J MULTICULT DISCOURS,"ROUTLEDGE JOURNALS, TAYLOR & FRANCIS LTD",2673-7086,1747-6615,COMMUNICATION,ESCI,418,1.6,Q2,0.82,21.57%,93/227,1.7,Q2,1.4,0.3,94/229,Q2,59.17,0.00042,0.09474,0.494,59.3,Q2,106/213,11,100.00%,6.9,10.3,11
Communication Research and Practice,COMMUN RES PRACT,TAYLOR & FRANCIS LTD,2227-7099,2206-3374,COMMUNICATION,ESCI,417,0.9,Q3,0.52,38.20%,135/227,1.6,Q3,0.9,0.4,142/229,Q3,38.21,0.00045,0.10153,0.498,40.7,Q2,103/213,41,100.00%,6.1,5.7,41
Rhetoric & Public Affairs,RHETOR PUBLIC AFF,MICHIGAN STATE UNIV PRESS,1094-8392,1534-5238,COMMUNICATION,ESCI,398,0.6,Q3,0.26,0.00%,166/227,,,0.5,0.3,174/229,Q4,24.24,0.00021,0.04713,,27.1,,,4,100.00%,13.9,13.7,4
JMM-International Journal on Media Management,JMM-INT J MEDIA MANA,"ROUTLEDGE JOURNALS, TAYLOR & FRANCIS LTD",2076-3387,1424-1250,COMMUNICATION,ESCI,392,1.5,Q2,0.52,11.54%,101/227,3.4,Q1,1.4,0.3,142/229,Q3,38.21,0.00023,0.05234,0.677,55.7,Q2,81/213,9,100.00%,7.9,8,9
African Journalism Studies,AFR JOURNAL STUD,"ROUTLEDGE JOURNALS, TAYLOR & FRANCIS LTD",2399-4908,2374-3689,COMMUNICATION,SSCI,382,1.8,Q2,0.59,31.67%,78/227,2.3,Q2,1.3,0.3,124/229,Q3,46.07,0.00061,0.13597,0.73,65.9,Q2,75/213,38,100.00%,5.3,6.6,38
Journalism and Media,JOURNAL MEDIA,MDPI,2673-5172,2673-5172,COMMUNICATION,ESCI,378,1.5,Q2,0.87,100.00%,101/227,1.8,Q2,1.4,0.5,81/229,Q2,64.85,0.00071,0.15863,0.496,55.7,Q2,104/213,116,91.38%,2.4,6.5,106
Public Relations Inquiry,PUBLIC RELAT INQ,SAGE PUBLICATIONS LTD,2046-147X,2046-1488,COMMUNICATION,ESCI,376,1.7,Q2,0.92,31.82%,86/227,2.5,Q2,1.6,0.2,76/229,Q2,67.03,0.00041,0.09196,0.588,62.3,Q2,91/213,14,100.00%,5.3,10.5,14
Review of Communication Research,REV COMMUN RES,REVIEW COMMUNICATION RESEARCH,2730-7182,2255-4165,COMMUNICATION,ESCI,367,2.7,Q1,1.29,6.90%,36/227,6.7,Q1,2.5,<0.1,40/229,Q1,82.75,0.00038,0.08644,1.821,84.4,Q1,17/213,18,66.67%,6,4.9,12
Journal of Radio & Audio Media,J RADIO AUDIO MEDIA,"ROUTLEDGE JOURNALS, TAYLOR & FRANCIS LTD",1937-6529,1937-6537,COMMUNICATION,ESCI,335,1.2,Q3,0.59,15.22%,123/227,1,Q3,0.8,0.4,124/229,Q3,46.07,0.00023,0.053,0.212,46,Q3,158/213,24,100.00%,6.8,9.9,24
Global Media and Communication,GLOB MEDIA COMMUN,SAGE PUBLICATIONS LTD,1742-7665,1742-7673,COMMUNICATION,ESCI,335,0.9,Q3,0.54,30.77%,135/227,1.3,Q3,0.9,<0.1,135/229,Q3,41.27,0.00032,0.07267,0.431,40.7,Q3,116/213,15,100.00%,8,9.4,15
Revista Mediterranea Comunicacion-Journal of Communication,REV MEDITERR COMUN,UNIV ALICANTE,2590-051X,1989-872X,COMMUNICATION,ESCI,313,1.6,Q2,0.69,80.65%,93/227,1.2,Q3,1.4,0.1,107/229,Q2,53.49,0.00037,0.08259,0.251,59.3,Q3,146/213,44,90.91%,3.6,6.1,40
Journal of Creative Communications,J CREAT COMMUN,SAGE PUBLICATIONS INC,2572-3170,0973-2594,COMMUNICATION,ESCI,304,0.7,Q3,0.57,13.04%,154/227,1.3,Q3,0.6,0.2,129/229,Q3,43.89,0.00025,0.05582,0.254,32.4,Q3,145/213,38,100.00%,5.4,7.8,38
Revista Icono 14-Revista Cientifica de Comunicacion y Tecnologias,REV ICONO 14,ICONO 14,1697-8293,1697-8293,COMMUNICATION,ESCI,281,1.4,Q2,0.34,92.31%,111/227,1.3,Q3,1.2,0.2,163/229,Q3,29.04,0.00023,0.05263,0.245,51.3,Q3,148/213,27,100.00%,4.8,4.6,27
Palabra Clave,PALABRA CLAVE,"UNIV SABANA, FAC COMUNICACION",2639-5916,2027-534X,COMMUNICATION,ESCI,275,0.6,Q3,0.22,98.98%,166/227,0.7,Q3,0.6,0.1,180/229,Q4,21.62,0.00025,0.05711,0.218,27.1,Q3,155/213,41,100.00%,7.3,6.8,41
Science Editing,SCI EDIT,KOREAN COUNCIL SCIENCE EDITORS,2050-3385,2288-8063,COMMUNICATION,ESCI,273,1.3,Q3,0.53,98.25%,119/227,1.2,Q3,1.1,1,139/229,Q3,39.52,0.00029,0.06532,0.312,47.8,Q3,138/213,18,83.33%,4.9,2.7,15
Argumentation and Advocacy,ARGUMENT ADVOCACY,"ROUTLEDGE JOURNALS, TAYLOR & FRANCIS LTD",1051-1431,2576-8476,COMMUNICATION,ESCI,268,0.3,Q4,0.22,6.67%,197/227,0.7,Q3,0.2,0.1,180/229,Q4,21.62,0.00007,0.01659,0.137,13.4,Q4,176/213,22,100.00%,13.6,7.9,22
Media History,MEDIA HIST,"ROUTLEDGE JOURNALS, TAYLOR & FRANCIS LTD",2405-9188,1469-9729,COMMUNICATION,ESCI,263,0.2,Q4,0.15,36.49%,210/227,0.4,Q4,0.2,<0.1,197/229,Q4,14.19,0.00032,0.07205,0.229,7.7,Q3,152/213,21,100.00%,10,19.9,21
Communicatio-South African Journal for Communication Theory and Research,COMMUNICAT-S AFR J C,"ROUTLEDGE JOURNALS, TAYLOR & FRANCIS LTD",0250-0167,1753-5379,COMMUNICATION,ESCI,250,0.4,Q4,0.23,12.28%,183/227,0.7,Q3,0.4,0.1,177/229,Q4,22.93,0.0002,0.04493,0.232,19.6,Q3,151/213,16,93.75%,8.6,7,15
Doxa Comunicacion,DOXA COMUN,"UNIV SAN PABLO, FAC HUMANIDADES & CIENCIAS COMUNICACION",2398-631X,2386-3978,COMMUNICATION,ESCI,243,0.8,Q3,0.19,95.08%,143/227,1,Q3,0.8,0.4,190/229,Q4,17.25,0.0003,0.06798,0.217,37.2,Q3,156/213,46,95.65%,4.5,7.3,44
JOURNAL OF MEDIA ECONOMICS,J MEDIA ECON,"ROUTLEDGE JOURNALS, TAYLOR & FRANCIS LTD",0899-7764,1532-7736,COMMUNICATION,SSCI,242,1.9,Q2,0.42,17.39%,73/227,1.3,Q3,1.7,0.1,151/229,Q3,34.28,0.00008,0.01907,0.452,68.1,Q3,114/213,9,100.00%,12.8,7.7,9
Journal of Information Policy,J INFORM POLICY,PENN STATE UNIV PRESS,2381-5892,2158-3897,COMMUNICATION,ESCI,242,0.7,Q3,0.47,86.49%,154/227,1.5,Q3,0.6,<0.1,147/229,Q3,36.03,0.00021,0.04845,0.431,32.4,Q3,116/213,20,100.00%,6.7,6.3,20
Communication Teacher,COMMUN TEACH,TAYLOR & FRANCIS LTD,2634-4505,1740-4630,COMMUNICATION,ESCI,240,0.4,Q4,0.19,3.85%,183/227,0.5,Q4,0.3,0.2,190/229,Q4,17.25,0.00023,0.05304,0.12,19.6,Q4,182/213,63,100.00%,5.4,7.3,63
Signs and Society,SIGNS SOC,CAMBRIDGE UNIV PRESS,1947-2579,2326-4497,COMMUNICATION,SSCI,238,1.2,Q3,0.91,72.34%,123/227,1.1,Q3,1.1,0.8,77/229,Q2,66.59,0.0003,0.06678,0.481,46,Q3,108/213,16,100.00%,6.3,12.8,16
Cuadernos Info,CUAD INFO-SANTIAGO,"PONTIFICIA UNIV CATOLICA CHILE, FAC COMUNICACIONES",2673-611X,0719-367X,COMMUNICATION,ESCI,228,0.7,Q3,0.35,96.69%,154/227,0.8,Q3,0.7,0.2,159/229,Q3,30.79,0.00025,0.05644,0.191,32.4,Q4,162/213,45,97.78%,4.7,6.1,44
Revista de Comunicacion-Peru,REV COMUN-PERU,UNIV PIURA,2381-4683,2227-1465,COMMUNICATION,ESCI,226,1.4,Q2,0.6,97.64%,111/227,1.1,Q3,1.3,0.3,121/229,Q3,47.38,0.00029,0.06577,0.21,51.3,Q3,159/213,45,97.78%,2.8,5.7,44
Feminist Media Histories,FEM MEDIA HIST,"UNIV CALIFORNIA PRESS, JOURNALS DIV",2373-7492,2373-7492,COMMUNICATION,ESCI,225,1.1,Q3,0.6,0.00%,128/227,1.1,Q3,0.9,0.1,121/229,Q3,47.38,0.00045,0.10177,0.474,43.8,Q3,110/213,37,100.00%,4.8,9.7,37
Visual Communication Quarterly,VIS COMMUN Q,"ROUTLEDGE JOURNALS, TAYLOR & FRANCIS LTD",1555-1393,1555-1407,COMMUNICATION,ESCI,222,0.5,Q4,0.22,7.41%,174/227,0.6,Q4,0.4,<0.1,180/229,Q4,21.62,0.00013,0.03023,0.205,23.6,Q4,160/213,18,100.00%,10.1,11,18
Chasqui-Revista Latinoamericana de Comunicacion,CHASQUI-REV LAT COM,CENTRO INT ESTUDIOS SUPERIORES COMUNICACION AMER LATINA-CIESPAL,2564-1891,1390-924X,COMMUNICATION,ESCI,213,0.2,Q4,0.02,0.00%,210/227,0.2,Q4,0.2,<0.1,223/229,Q4,2.84,0.0002,0.04671,0.112,7.7,Q4,184/213,46,100.00%,9.1,9.8,46
Global Media Journal-Canadian Edition,GLOB MEDIA J-CAN ED,"UNIV OTTAWA, DEPT COMMUNICATION",2368-7460,1918-5901,COMMUNICATION,ESCI,210,0.8,Q3,0.04,0.00%,143/227,1.2,Q3,0.8,,220/229,Q4,4.15,0.00012,0.02706,0.375,37.2,Q3,127/213,0,,9.3,,0
SCM Studies in Communication and Media,SCM STUD COMM MEDIA,NOMOS VERLAGSGESELLSCHAFT MBH & CO KG,2192-4007,2192-4007,COMMUNICATION,ESCI,206,0.7,Q3,0.28,86.27%,154/227,1.1,Q3,0.6,0.3,169/229,Q3,26.42,0.00029,0.06577,0.382,32.4,Q3,125/213,15,100.00%,5.8,8.2,15
Communication Today,COMMUN TODAY,UNIV SS CYRIL & METHODIUS TRNAVA,2688-8319,1338-130X,COMMUNICATION,ESCI,202,1.6,Q2,0.64,0.00%,93/227,1.3,Q3,1.2,0.2,116/229,Q3,49.56,0.00023,0.05242,0.259,59.3,Q3,143/213,29,96.55%,3.7,4.7,28
Journal of Asian Pacific Communication,J ASIAN PAC COMMUN,JOHN BENJAMINS PUBLISHING CO,0957-6851,1569-9838,COMMUNICATION,ESCI,199,0.5,Q4,0.29,0.00%,174/227,0.5,Q4,0.5,<0.1,167/229,Q3,27.29,0.00007,0.01753,0.151,23.6,Q4,174/213,4,100.00%,13.1,5.4,4
Internet Histories,INTERNET HIST,TAYLOR & FRANCIS LTD,2590-2296,2470-1483,COMMUNICATION,ESCI,195,1.2,Q3,0.54,30.51%,123/227,1.4,Q3,1.2,0.5,135/229,Q3,41.27,0.00045,0.10019,0.533,46,Q2,97/213,21,100.00%,4,8.8,21
Journal of Gaming and Virtual Worlds,J GAMING VIRTUAL WOR,INTELLECT LTD,2976-5390,1757-1928,COMMUNICATION,ESCI,194,0.3,Q4,0.22,0.00%,197/227,0.6,Q4,0.3,0.3,180/229,Q4,21.62,0.00013,0.02968,0.216,13.4,Q3,157/213,7,100.00%,8.6,11.1,7
International Journal of Media & Cultural Politics,INT J MEDIA CULT POL,INTELLECT LTD,1740-8296,2040-0918,COMMUNICATION,ESCI,192,0.8,Q3,0.2,0.00%,143/227,0.6,Q4,0.5,0.5,187/229,Q4,18.56,0.00009,0.02183,0.197,37.2,Q4,161/213,6,100.00%,10.2,11.2,6
Media Education-Mediaobrazovanie,MEDIA EDUC-RUSS,Cherkas Global Univ Press,2692-4366,1994-4195,COMMUNICATION,ESCI,181,,,0.39,0.00%,,,,,,156/229,Q3,32.1,0.00003,0.00853,0.016,,Q4,211/213,65,100.00%,2.8,9.4,65
Journal of African Media Studies,J AFR MEDIA STUD,INTELLECT LTD,2603-6479,1751-7974,COMMUNICATION,SSCI,177,0.8,Q3,1.01,9.68%,143/227,0.8,Q3,0.8,0.2,68/229,Q2,70.52,0.00028,0.06359,0.332,37.2,Q3,136/213,18,100.00%,5.8,10.9,18
Electronic News,ELECTRON NEWS,SAGE PUBLICATIONS INC,1931-2431,1931-244X,COMMUNICATION,ESCI,176,1.4,Q2,0.69,5.41%,111/227,1.3,Q3,1.3,0.2,107/229,Q2,53.49,0.00015,0.03404,0.346,51.3,Q3,131/213,13,100.00%,6.8,10.1,13
Vivat Academia,VIVAT ACAD,FORUM XXI,1575-2844,1575-2844,COMMUNICATION,ESCI,174,0.8,Q3,0.31,80.60%,143/227,0.6,Q4,0.7,0.2,166/229,Q3,27.73,0.00016,0.03578,0.133,37.2,Q4,180/213,21,100.00%,4.1,6.4,21
Index Comunicacion,INDEX COMUN,"UNIV REY JUAN CARLOS, FAC CIENCIAS COMUNICACION",2444-3239,2174-1859,COMMUNICATION,ESCI,168,0.8,Q3,0.4,92.31%,143/227,0.8,Q3,0.8,0.3,153/229,Q3,33.41,0.00018,0.04026,0.183,37.2,Q4,165/213,26,100.00%,4.2,5.9,26
Analisi-Quaderns de Comunicacio i Cultura,ANALISI,UNIV AUTONOMA BARCELONA,0211-2175,2340-5236,COMMUNICATION,ESCI,157,0.9,Q3,0.55,97.96%,135/227,0.9,Q3,0.9,0.1,133/229,Q3,42.14,0.00011,0.02474,0.162,40.7,Q4,170/213,14,100.00%,6.9,6.1,14
Pacific Journalism Review,PAC JOURNAL REV,"AUCKLAND UNIV TECHNOLOGY, CREATIVE INDUSTRIES RESEARCH INST",2767-3197,2324-2035,COMMUNICATION,ESCI,157,0.6,Q3,0.33,0.00%,166/227,0.6,Q4,0.3,0.1,164/229,Q3,28.6,0.00012,0.02712,0.154,27.1,Q4,173/213,17,94.12%,7.3,5.5,16
AdComunica-Revista Cientifica de Estrategias Tendencias e Innovacion en Communicacion,ADCOMUNICA,ASOC DESARROLLO COMUNICACION,2174-0992,2254-2728,COMMUNICATION,ESCI,150,0.7,Q3,0.28,85.71%,154/227,0.8,Q3,0.7,0.1,169/229,Q3,26.42,0.00016,0.03664,0.171,32.4,Q4,167/213,23,100.00%,4.7,6.9,23
Brazilian Journalism Research,BRAZ JOURNAL RES,SBPJOR,2817-1705,1981-9854,COMMUNICATION,ESCI,150,0.6,Q3,0.24,96.92%,166/227,0.6,Q4,0.5,<0.1,176/229,Q4,23.36,0.00015,0.03482,0.157,27.1,Q4,171/213,25,100.00%,5.6,8.6,25
Internet Pragmatics,INTERNET PRAGMAT,JOHN BENJAMINS PUBLISHING CO,2542-3851,2542-386X,COMMUNICATION,ESCI,149,0.7,Q3,0.97,20.00%,154/227,1.7,Q2,0.5,0.7,72/229,Q2,68.78,0.00026,0.05838,0.583,32.4,Q2,92/213,10,100.00%,4.1,9.6,10
Journal of Language and Sexuality,J LANG SEX,JOHN BENJAMINS PUBLISHING CO,2211-3770,2211-3789,COMMUNICATION,ESCI,148,2.1,Q2,1.42,9.09%,62/227,,,2,<0.1,33/229,Q1,85.81,0.00024,0.0556,,72.9,,,10,100.00%,4.1,12.7,10
Vestnik Moskovskogo universiteta. Seriya 10. Zhurnalistika,VESTN MOSK UNIV 10,"M V LOMONOSOV MOSCOW STATE UNIV, DEPT JOURNALISM",2534-9708,0320-8079,COMMUNICATION,ESCI,143,0.4,Q4,0.16,16.28%,183/227,0.4,Q4,0.2,<0.1,195/229,Q4,15.07,0.0002,0.04615,0.113,19.6,Q4,183/213,42,100.00%,4.3,9.4,42
Tripodos,TRIPODOS,"UNIV RAMON LLULL, FAC CIENCIES COMUNICACIO BLANQUERNA",1138-3305,2340-5007,COMMUNICATION,ESCI,140,0.3,Q4,0.14,91.67%,197/227,0.6,Q4,0.3,0.5,201/229,Q4,12.45,0.00011,0.02561,0.137,13.4,Q4,176/213,15,93.33%,5.6,4.5,14
Revista de Comunicacion de la SEECI,REV COMUN SEECI,Sociedad Espanola Estudios Comunicacion Iberoamericana - SEECI,2367-8194,2695-5156,COMMUNICATION,ESCI,136,0.7,Q3,0.4,90.32%,154/227,0.8,Q3,0.6,0.2,153/229,Q3,33.41,0.00018,0.04105,0.191,32.4,Q4,162/213,21,100.00%,4.3,9,21
Question,QUESTION,"UNIV NACIONAL PLATA, INST INVESTIGACIONES & COMUNICACION-IICOM",1669-6581,1669-6581,COMMUNICATION,ESCI,133,0.1,Q4,0.01,92.12%,216/227,0.1,Q4,0.1,<0.1,226/229,Q4,1.53,0.00021,0.04787,0.047,5.1,Q4,204/213,115,100.00%,5.8,9.7,115
Westminster Papers in Communication & Culture,WESTMINST PAP COMMUN,UBIQUITY PRESS LTD,2752-8499,1744-6716,COMMUNICATION,ESCI,133,,,2.98,,,2.4,Q2,,,1/229,Q1,99.78,0.00012,0.02853,0.854,,Q2,59/213,0,,7.2,,0
Journal of Applied Journalism & Media Studies,J APPL JOURNAL MEDIA,INTELLECT LTD,2001-0818,2049-9531,COMMUNICATION,ESCI,132,0.4,Q4,0.18,0.00%,183/227,0.5,Q4,0.4,0.5,192/229,Q4,16.38,0.00011,0.02634,0.168,19.6,Q4,169/213,18,100.00%,6.4,8.6,18
SEARCH-Journal of Media and Communication Research,SEARCH J MEDIA COM R,"TAYLORS UNIV, SOUTH EAST ASIA RESEARCH CENTRE COMMUNICATION & HUMANITIES",2672-7080,2672-7080,COMMUNICATION,ESCI,125,0.7,Q3,0.42,0.00%,154/227,0.7,Q3,0.3,0.3,151/229,Q3,34.28,0.00009,0.0221,0.077,32.4,Q4,199/213,21,100.00%,3.3,4.8,21
Medijske Studije-Media Studies,MEDIJSKE STUD,"SVEUCILISTE & ZAGREBU, FAK POLITICKIH ZNANOSTI",1847-9758,1848-5030,COMMUNICATION,ESCI,124,0.5,Q4,0.15,73.08%,174/227,0.9,Q3,0.5,<0.1,197/229,Q4,14.19,0.00012,0.02701,0.236,23.6,Q3,149/213,1,100.00%,6.6,,1
Revista Espanola de Comunicacion en Salud,REV ESP COMUN SALUD,UNIV CARLOS III MADRID,1989-9882,1989-9882,COMMUNICATION,ESCI,119,0.5,Q4,0.17,100.00%,174/227,0.6,Q4,0.4,<0.1,193/229,Q4,15.94,0.00012,0.02773,0.102,23.6,Q4,187/213,23,95.65%,4.6,5.2,22
Ambitos,AMBITOS-SEVILLA,"UNIV SEVILLA, EDITORIAL",2752-3349,1988-5733,COMMUNICATION,ESCI,119,0.5,Q4,0.09,86.84%,174/227,,,0.5,<0.1,209/229,Q4,8.95,0.00014,0.0318,,23.6,,,34,100.00%,4.4,8.7,34
Journal of Digital Media & Policy,J DIGIT MEDIA POLICY,INTELLECT LTD,2752-5082,2516-3531,COMMUNICATION,ESCI,118,0.8,Q3,0.57,0.00%,143/227,1.1,Q3,0.7,0.4,129/229,Q3,43.89,0.00032,0.07211,0.41,37.2,Q3,119/213,20,100.00%,3.5,5.7,20
Journal of Arab & Muslim Media Research,J ARAB MUSLIM MEDIA,INTELLECT LTD,2376-6808,1751-942X,COMMUNICATION,ESCI,113,0.5,Q4,0.28,0.00%,174/227,,,0.5,0.2,169/229,Q3,26.42,0.00009,0.02209,,23.6,,,15,100.00%,7.4,8.8,15
Teknokultura: Revista de Cultura Digital y Movimientos Sociales,TEKNOKULT REV CULT D,"UNIV COMPLUTENSE MADRID, SERVICIO PUBLICACIONES",2236-3777,1549-2230,COMMUNICATION,ESCI,113,0.4,Q4,0.22,100.00%,183/227,0.6,Q4,0.4,0.1,180/229,Q4,21.62,0.00026,0.05848,0.287,19.6,Q3,140/213,22,100.00%,4.8,7.1,22
Central European Journal of Communication,CENT EUR J COMMUN,POLISH COMMUNICATION ASSOC,1899-5101,1899-5101,COMMUNICATION,ESCI,112,0.7,Q3,0.25,100.00%,154/227,0.7,Q3,0.7,0.4,175/229,Q4,23.8,0.00017,0.03871,0.256,32.4,Q3,144/213,5,100.00%,5.4,8.3,5
American Journalism,AMER JOURNAL,"ROUTLEDGE JOURNALS, TAYLOR & FRANCIS LTD",0882-1127,2326-2486,COMMUNICATION,ESCI,111,0.3,Q4,0.17,3.23%,197/227,0.2,Q4,0.2,<0.1,193/229,Q4,15.94,0.00006,0.01477,0.088,13.4,Q4,193/213,23,86.96%,12.1,53.1,20
Communicare-Journal for Communication Sciences in Southern Africa,COMMUNICARE,"RANDSE AFRIKAANSE UNIV, DEPT COMMUNICATION",2673-4133,0259-0069,COMMUNICATION,ESCI,100,0.7,Q3,0.21,77.78%,154/227,0.8,Q3,0.6,0.1,186/229,Q4,19,0.00006,0.01429,0.121,32.4,Q4,181/213,16,100.00%,5.8,6.7,16
Catalan Journal of Communication & Cultural Studies,CATAL J COMMU CUL ST,INTELLECT LTD,2673-7159,1757-1901,COMMUNICATION,ESCI,96,0.3,Q4,0.29,0.00%,197/227,0.5,Q4,0.3,<0.1,167/229,Q3,27.29,0.00011,0.02605,0.179,13.4,Q4,166/213,11,100.00%,,6.5,11
Journal of Argumentation in Context,J ARGUM CONTEXT,JOHN BENJAMINS PUBLISHING CO,2211-4742,2211-4750,COMMUNICATION,ESCI,96,0.2,Q4,0.2,7.69%,210/227,0.6,Q4,0.2,0.7,187/229,Q4,18.56,0.00013,0.02966,0.234,7.7,Q3,150/213,14,100.00%,,8.7,14
Romanian Journal of Communication and Public Relations,ROM J COMMUN PUB REL,"SCOALA NATL STUDII POLITICE ADM - SNSPA, FAC COMINICARE REALTI PUBLICE",2588-3526,2344-5440,COMMUNICATION,ESCI,92,0.3,Q4,0.27,0.00%,197/227,1.2,Q3,0.3,<0.1,172/229,Q4,25.11,0.00011,0.02505,0.246,13.4,Q3,147/213,6,100.00%,,9.3,6
Media & Jornalismo,MEDIA JORNAL,COIMBRA UNIV PRESS,2950-5097,2183-5462,COMMUNICATION,ESCI,91,0.5,Q4,0.15,92.06%,174/227,,,0.5,0.9,197/229,Q4,14.19,0.00007,0.01694,,23.6,,,25,100.00%,,6.5,25
Revista Internacional de Relaciones Publicas,REV INT RELAC PUBLIC,"UNIV MALAGA, INST INVESTIGACION RELACIONES PUBLICAS",2174-3681,2174-3681,COMMUNICATION,ESCI,87,0.3,Q4,0.08,90.63%,197/227,0.4,Q4,0.2,0.2,211/229,Q4,8.08,0.00006,0.01357,0.071,13.4,Q4,201/213,20,95.00%,,5.5,19
CIC-Cuadernos de Informacion y Comunicacion,CIC-CUAD INF COMUN,"UNIV COMPLUTENSE MADRID, SERVICIO PUBLICACIONES",1135-7991,1988-4001,COMMUNICATION,ESCI,87,0.3,Q4,0.07,96.88%,197/227,0.4,Q4,0.3,<0.1,212/229,Q4,7.64,0.00006,0.01552,0.142,13.4,Q4,175/213,11,90.91%,,10.1,10
Comunicacion y Medios,COMUN MEDIOS,UNIV CHILE,1467-8489,0719-1529,COMMUNICATION,ESCI,85,0.6,Q3,0.14,89.83%,166/227,0.5,Q4,0.5,<0.1,201/229,Q4,12.45,0.00018,0.04151,0.223,27.1,Q3,153/213,25,100.00%,,6,25
Media Literacy and Academic Research,MEDIA LIT ACAD RES,UNIV SS CYRIL & METHODIUS TRNAVA,2305-6290,2585-9188,COMMUNICATION,ESCI,84,0.7,Q3,0.44,0.00%,154/227,0.6,Q4,0.5,<0.1,150/229,Q3,34.72,0.00015,0.03465,0.17,32.4,Q4,168/213,26,100.00%,,6.8,26
Asiascape-Digital Asia,ASIASCAPE,BRILL,2214-2304,2214-2312,COMMUNICATION,ESCI,80,0.6,Q3,0.4,22.86%,166/227,,,0.5,<0.1,153/229,Q3,33.41,0.00008,0.01815,,27.1,,,9,100.00%,,6.9,9
Theoretical and Practical Issues of Journalism,THEOR PRACT ISSUES J,BAIKAL STATE UNIV,2308-6203,2308-6211,COMMUNICATION,ESCI,79,0.4,Q4,0.22,63.04%,183/227,0.2,Q4,0.1,0.1,180/229,Q4,21.62,0.00008,0.01793,0.042,19.6,Q4,207/213,46,97.83%,,8.3,45
Journal of Religion Media and Digital Culture,J RELIG MEDIA DIGIT,BRILL,2769-2140,2165-9214,COMMUNICATION,ESCI,76,0.4,Q4,0.53,20.00%,183/227,0.6,Q4,0.4,0.1,139/229,Q3,39.52,0.00014,0.03332,0.223,19.6,Q3,153/213,19,100.00%,,9.5,19
Perspectivas de la Comunicacion,PERSPECT COMUN,UNIV FRONTERA,0718-4867,0718-4867,COMMUNICATION,ESCI,72,0.2,Q4,0.1,72.58%,210/227,0.5,Q4,0.2,<0.1,208/229,Q4,9.39,0.00009,0.02179,0.136,7.7,Q4,179/213,29,93.10%,,11.1,27
KOME-An International Journal of Pure Communication Inquiry,KOME,Ludovika Univ Press,2689-3010,2063-7330,COMMUNICATION,ESCI,69,0.4,Q4,0.27,100.00%,183/227,0.6,Q4,0.4,<0.1,172/229,Q4,25.11,0.00004,0.01037,0.105,19.6,Q4,186/213,14,100.00%,,8.2,14
Galactica Media-Journal of Media Studies - Galaktika Media-Zhurnal Media Issledovanij,GALACTICA MEDIA,LTD CO SCIENTIFIC INDUSTRIAL ENTERPRISE GENESIS FRONTIER SCIENCE,2658-7734,2658-7734,COMMUNICATION,ESCI,65,0.3,Q4,0.16,98.16%,197/227,0.3,Q4,0.1,0.1,195/229,Q4,15.07,0.00013,0.02985,0.081,13.4,Q4,195/213,62,98.39%,,7.4,61
Hipertext Net,HIPERTEXT NET,"Univ Pompeu Fabra, Dept Comunicacio",1695-5498,1695-5498,COMMUNICATION,ESCI,64,0.5,Q4,0.14,98.78%,174/227,,,0.5,0.3,201/229,Q4,12.45,0.00007,0.01652,,23.6,,,29,100.00%,,6.9,29
Communitas,COMMUNITAS,UNIV ORANGE FREE STATE,1023-0556,2415-0525,COMMUNICATION,ESCI,62,0.4,Q4,0.13,58.33%,183/227,0.4,Q4,0.4,<0.1,205/229,Q4,10.7,0.00004,0.01062,0.106,19.6,Q4,185/213,12,100.00%,,8.3,12
International Journal of Marketing Communication and New Media,INT J MARKET COMMUN,INST SUPERIOR ENTRE DOURO & VOUGA,2182-9306,2182-9306,COMMUNICATION,ESCI,61,0.3,Q4,0.14,63.16%,197/227,0.4,Q4,0.3,0.2,201/229,Q4,12.45,0.00007,0.01596,0.08,13.4,Q4,197/213,23,86.96%,,6.9,20
Area Abierta,AREA ABIERTA,"UNIV COMPLUTENSE MADRID, SERVICIO PUBLICACIONES",1578-8393,1578-8393,COMMUNICATION,ESCI,61,0.3,Q4,0.11,97.96%,197/227,0.2,Q4,0.3,<0.1,207/229,Q4,9.83,0.00013,0.02923,0.155,13.4,Q4,172/213,12,100.00%,,7.3,12
Obra Digital-Revista de Comunicacion,OBRA DIGIT-REV COMUN,UNIV VIC,2014-5039,2014-5039,COMMUNICATION,ESCI,58,0.3,Q4,0.2,91.84%,197/227,0.5,Q4,0.3,<0.1,187/229,Q4,18.56,0.00005,0.0117,0.081,13.4,Q4,195/213,20,100.00%,,6.2,20
Documentacion de las Ciencias de la Informacion,DOC CIENC INF,"UNIV COMPLUTENSE MADRID, SERVICIO PUBLICACIONES",0210-4210,1988-2890,COMMUNICATION,ESCI,56,0.2,Q4,0.06,100.00%,210/227,0.2,Q4,0.2,<0.1,216/229,Q4,5.9,0.00003,0.0074,0.039,7.7,Q4,209/213,11,100.00%,,9.6,11
Comunicacion y Sociedad-Guadalajara,COMUN SOC-GUADALAJ,UNIV GUADALAJARA,0188-252X,2448-9042,COMMUNICATION,ESCI,51,0.4,Q4,0.23,80.00%,183/227,,,0.4,<0.1,177/229,Q4,22.93,0.00013,0.03043,,19.6,,,29,100.00%,,6.5,29
Comunicacion y Hombre,COMUN HOMBRE,UNIV FRANCISCO VITORIA,2168-1007,1885-9542,COMMUNICATION,ESCI,51,<0.1,Q4,0.09,76.09%,225/227,0.3,Q4,<0.1,0.5,209/229,Q4,8.95,0.00004,0.01067,0.08,1.1,Q4,197/213,17,100.00%,,8.8,17
IC-Revista Cientifica de Informacion y Comunicacion,IC-REV CIENT INF COM,"UNIV SEVILLA, EDITORIAL",1696-2508,2173-1071,COMMUNICATION,ESCI,50,0.3,Q4,0.07,0.00%,197/227,0.3,Q4,0.3,<0.1,212/229,Q4,7.64,0.00007,0.01694,0.093,13.4,Q4,190/213,14,100.00%,,11.7,14
Austral Comunicacion,AUSTRAL COMUN,"UNIV AUSTRAL, FAC COMUNICACION",2719-3454,2313-9137,COMMUNICATION,ESCI,48,0.4,Q4,0.04,100.00%,183/227,0.4,Q4,0.4,0.6,220/229,Q4,4.15,0.00006,0.01369,0.097,19.6,Q4,188/213,7,100.00%,,6.4,7
Plaridel,PLARIDEL,UNIV PHILIPPINES DILIMAN,1656-2534,1656-2534,COMMUNICATION,ESCI,47,0.1,Q4,0.07,30.91%,216/227,0.3,Q4,0.1,0.1,212/229,Q4,7.64,0.00005,0.01281,0.083,5.1,Q4,194/213,15,86.67%,,8.5,13
Mediaciones Sociales,MEDIAC SOC,"UNIV COMPLUTENSE MADRID, SERVICIO PUBLICACIONES",1989-0494,1989-0494,COMMUNICATION,ESCI,45,0.1,Q4,0,100.00%,216/227,0.5,Q4,0.1,<0.1,227/229,Q4,1.09,0.00006,0.01444,0.191,5.1,Q4,162/213,8,100.00%,,6.8,8
Cognitive Linguistic Studies,COGN LINGUIST STUD,JOHN BENJAMINS PUBLISHING CO,2630-5488,2213-8730,COMMUNICATION,ESCI,44,0.4,Q4,0.35,2.00%,183/227,,,0.4,<0.1,159/229,Q3,30.79,0.0002,0.04525,,19.6,,,16,100.00%,,17.4,16
Tijdschrift voor Communicatiewetenschap,TIJDSCHR COMMUNWET,AMSTERDAM UNIV PRESS,2245-408X,1875-7286,COMMUNICATION,SSCI,44,0.4,Q4,0.15,43.10%,183/227,0.3,Q4,0.4,0.1,197/229,Q4,14.19,0.00003,0.00834,0.062,19.6,Q4,202/213,22,100.00%,,6.5,22
British Journalism Review,BRIT JOURNAL REV,SAGE PUBLICATIONS LTD,0956-4748,1741-2668,COMMUNICATION,ESCI,44,0.1,Q4,0.02,5.26%,216/227,0.2,Q4,0.1,0.1,223/229,Q4,2.84,0.00006,0.01449,0.094,5.1,Q4,189/213,42,92.86%,,,39
Australian Journalism Review,AUST JOURNAL REV,INTELLECT LTD,0810-2686,2517-620X,COMMUNICATION,ESCI,37,0.9,Q3,0.47,0.00%,135/227,,,0.8,0.2,147/229,Q3,36.03,0.00008,0.01926,,40.7,,,13,100.00%,,6.9,13
Connectist-Istanbul University Journal of Communication Sciences,CONNECTIST,"ISTANBUL UNIV, FAC COMMUNICATION",2636-8943,2636-8943,COMMUNICATION,ESCI,37,0.4,Q4,0.12,13.95%,183/227,0.4,Q4,0.4,<0.1,206/229,Q4,10.26,0.00006,0.01373,0.093,19.6,Q4,190/213,16,100.00%,,7.9,16
Language-Culture and Society,LANG CULT SOC,JOHN BENJAMINS PUBLISHING CO,2543-3164,2543-3156,COMMUNICATION,ESCI,35,0.8,Q3,0.54,6.25%,143/227,,,0.7,0.1,135/229,Q3,41.27,0.00014,0.03326,,37.2,,,7,100.00%,,8.7,7
Turkiye Iletisim Arastirmalari Dergisi-Turkish Review of Communication Studies,TURK ILET ARASTIRMAL,"MARMARA UNIV, FAC COMMUNICATION",2630-6220,2630-6220,COMMUNICATION,ESCI,34,0.2,Q4,0.07,97.80%,210/227,0.2,Q4,0.2,<0.1,212/229,Q4,7.64,0.00006,0.01386,0.047,7.7,Q4,204/213,22,86.36%,,5.8,19
Communiquer,COMMUNIQUER,UNIV QUEBEC MONTREAL-UQAM,2368-9587,2368-9587,COMMUNICATION,ESCI,28,0.1,Q4,0.03,86.11%,216/227,0.1,Q4,0.1,<0.1,222/229,Q4,3.28,0.00002,0.00645,0.041,5.1,Q4,208/213,8,100.00%,,8.3,8
Comunicacio-Revista de Recerca i d Analisi,COMUNICACIO,SOC CATALANA COMUNICACIO,2014-0304,2014-0444,COMMUNICATION,ESCI,26,0.1,Q4,0.05,0.00%,216/227,0.2,Q4,0.1,<0.1,218/229,Q4,5.02,0.00002,0.00466,0.046,5.1,Q4,206/213,11,100.00%,,7.5,11
Dixit,DIXIT,"UNIV CATOLICA URUGUAY, FAC CIENCIAS HUMANAS",1688-3497,0797-3691,COMMUNICATION,ESCI,24,0.1,Q4,0.05,100.00%,216/227,0.1,Q4,0.1,<0.1,218/229,Q4,5.02,0.00005,0.01167,0.09,5.1,Q4,192/213,22,100.00%,,7.4,22
H-ermes-Journal of Communication,H-ERMES,UNIV STUDI SALENTO,2666-7215,2284-0753,COMMUNICATION,ESCI,21,0.1,Q4,0.06,0.00%,216/227,0.1,Q4,0.1,<0.1,216/229,Q4,5.9,0.00002,0.00667,0.031,5.1,Q4,210/213,19,89.47%,,11,17
ILEF Dergisi,ILEF DERG,"ANKARA UNIV, FAC COMMUNICATION",2148-7219,2458-9209,COMMUNICATION,ESCI,11,0.1,Q4,0.02,88.64%,216/227,0.1,Q4,0.1,<0.1,223/229,Q4,2.84,0.00002,0.00658,0.05,5.1,Q4,203/213,14,92.86%,,11.1,13
Revista Comunicacao Midiatica,REV COMUN MIDIATICA,"UNIV ESTADUAL PAULISTA JULIO MESQUITA FILHO, FAC ARQUITETURA ARTES & COMUN",2236-8000,2236-8000,COMMUNICATION,ESCI,7,<0.1,Q4,0,0.00%,225/227,<0.1,Q4,<0.1,<0.1,227/229,Q4,1.09,0,0.00004,0,1.1,Q4,213/213,34,100.00%,,7.7,34
Revista Mediacao,REV MEDIACAO,UNIV FUNDACAO MINEIRA EDUCACAO & CULTURA-FUMEC,1676-2827,2179-9571,COMMUNICATION,ESCI,2,<0.1,Q4,0,0.00%,225/227,<0.1,Q4,<0.1,<0.1,227/229,Q4,1.09,0,0.00008,0.001,1.1,Q4,212/213,36,100.00%,,14,36
Sustainability,SUSTAINABILITY-BASEL,MDPI,2227-9032,2071-1050,ENVIRONMENTAL STUDIES,SSCI,283527,3.3,Q2,0.67,99.97%,80/191,3.6,Q2,2.9,0.9,106/191,Q3,44.76,0.27834,61.93065,0.538,58.4,Q3,134/183,11214,90.92%,3.4,5.7,10196
Energy Policy,ENERG POLICY,ELSEVIER SCI LTD,0301-4215,1873-6777,ENVIRONMENTAL STUDIES,SSCI,68208,9.2,Q1,2.09,34.76%,10/191,8.8,Q1,8.8,1.8,11/191,Q1,94.5,0.04191,9.32669,1.732,95,Q1,28/183,406,99.51%,7.4,5.2,404
Nature Climate Change,NAT CLIM CHANGE,NATURE PORTFOLIO,1999-4907,1758-6798,ENVIRONMENTAL STUDIES,SSCI,53557,27.1,Q1,5.83,29.52%,1/191,32.9,Q1,26.7,3,1/191,Q1,99.74,0.06178,13.74616,11.531,99.7,Q1,1/183,236,91.95%,6.7,5.6,217
ECOLOGICAL ECONOMICS,ECOL ECON,ELSEVIER,1478-4491,1873-6106,ENVIRONMENTAL STUDIES,SSCI,35499,6.3,Q1,1.56,46.84%,27/191,7.3,Q1,6,1.3,28/191,Q1,85.6,0.01907,4.24466,1.616,86.1,Q1,34/183,299,99.00%,9.3,7.5,296
LAND USE POLICY,LAND USE POLICY,ELSEVIER SCI LTD,1471-2288,1873-5754,ENVIRONMENTAL STUDIES,SSCI,35259,5.9,Q1,1.41,30.56%,29/191,6.9,Q1,5.5,1.5,34/191,Q1,82.46,0.02898,6.44842,1.236,85.1,Q2,51/183,324,98.15%,5.2,7.2,318
Tourism Management,TOURISM MANAGE,ELSEVIER SCI LTD,2227-9032,1879-3193,ENVIRONMENTAL STUDIES,SSCI,34184,12.4,Q1,2.96,21.23%,6/191,13.6,Q1,11.3,1.7,3/191,Q1,98.69,0.01794,3.99331,2.543,97.1,Q1,12/183,163,96.93%,7.9,6.9,158
LANDSCAPE AND URBAN PLANNING,LANDSCAPE URBAN PLAN,ELSEVIER,1477-7525,1872-6062,ENVIRONMENTAL STUDIES,SSCI,32710,9.2,Q1,2.4,42.41%,10/191,10.4,Q1,8.7,1.5,6/191,Q1,97.12,0.01877,4.1782,2.15,95,Q1,17/183,186,95.70%,7.9,6.7,178
Business Strategy and the Environment,BUS STRATEG ENVIRON,WILEY,0964-4733,1099-0836,ENVIRONMENTAL STUDIES,SSCI,30263,13.3,Q1,2.76,47.04%,5/191,16.1,Q1,11.5,1.7,4/191,Q1,98.17,0.0262,5.83094,2.435,97.6,Q1,13/183,432,99.77%,4.1,5.5,431
GLOBAL ENVIRONMENTAL CHANGE-HUMAN AND POLICY DIMENSIONS,GLOBAL ENVIRON CHANG,ELSEVIER SCI LTD,0959-3780,1872-9495,ENVIRONMENTAL STUDIES,SSCI,26254,9.1,Q1,2.37,62.32%,12/191,11.5,Q1,8.8,1.2,7/191,Q1,96.6,0.01761,3.92018,3.368,94,Q1,7/183,111,100.00%,8.5,6.4,111
TRANSPORTATION RESEARCH PART D-TRANSPORT AND ENVIRONMENT,TRANSPORT RES D-TR E,PERGAMON-ELSEVIER SCIENCE LTD,1361-9209,1879-2340,ENVIRONMENTAL STUDIES,SSCI,25282,7.7,Q1,1.69,30.51%,18/191,9.1,Q1,6.7,1.6,24/191,Q1,87.7,0.02403,5.34819,1.8,90.8,Q1,23/183,426,99.06%,4.7,5.2,422
Land,LAND-BASEL,MDPI,2073-445X,2073-445X,ENVIRONMENTAL STUDIES,SSCI,25153,3.2,Q2,0.78,99.93%,82/191,3.4,Q3,2.7,0.8,84/191,Q2,56.28,0.02849,6.33949,0.549,57.3,Q3,131/183,2239,96.38%,2.6,6.2,2158
Nature Sustainability,NAT SUSTAIN,NATURE PORTFOLIO,1542-4278,2398-9629,ENVIRONMENTAL STUDIES,SSCI,24660,27.1,Q1,5.2,22.81%,1/191,32.8,Q1,26.8,5.1,2/191,Q1,99.21,0.04814,10.71153,9.639,99.7,Q1,2/183,210,90.48%,4.1,5.4,190
Energy Research & Social Science,ENERGY RES SOC SCI,ELSEVIER,1520-6688,2214-6326,ENVIRONMENTAL STUDIES,SSCI,22343,7.4,Q1,1.31,60.99%,19/191,7.9,Q1,6,1.2,39/191,Q1,79.84,0.02683,5.97186,1.722,90.3,Q1,29/183,490,92.45%,4.2,5.7,453
JOURNAL OF ENVIRONMENTAL PSYCHOLOGY,J ENVIRON PSYCHOL,ACADEMIC PRESS LTD- ELSEVIER SCIENCE LTD,0272-4944,1522-9610,ENVIRONMENTAL STUDIES,SSCI,20719,7,Q1,1.85,46.99%,22/191,8.7,Q1,6.2,1,21/191,Q1,89.27,0.01234,2.74744,2.201,88.7,Q1,16/183,214,97.66%,10.4,8.4,209
URBAN FORESTRY & URBAN GREENING,URBAN FOR URBAN GREE,ELSEVIER GMBH,2193-7532,1610-8167,ENVIRONMENTAL STUDIES,SSCI,20098,6.7,Q1,1.87,33.70%,24/191,7.6,Q1,6,1.4,19/191,Q1,90.31,0.01697,3.77763,1.39,87.7,Q2,46/183,327,95.11%,4.9,6.6,311
Marine Policy,MAR POLICY,ELSEVIER SCI LTD,1477-7525,1872-9460,ENVIRONMENTAL STUDIES,SSCI,17081,3.7,Q2,1.44,37.85%,66/191,4,Q2,3.2,0.6,33/191,Q1,82.98,0.01488,3.311,0.849,65.7,Q2,86/183,450,98.89%,5.5,6.6,445
URBAN STUDIES,URBAN STUD,SAGE PUBLICATIONS LTD,2214-594X,1360-063X,ENVIRONMENTAL STUDIES,SSCI,16324,4.1,Q2,1.05,41.24%,52/191,5.2,Q1,3.6,0.7,56/191,Q2,70.94,0.01123,2.49892,1.468,73,Q1,40/183,152,100.00%,9.2,8.2,152
Sustainable Production and Consumption,SUSTAIN PROD CONSUMP,ELSEVIER,2624-893X,2352-5509,ENVIRONMENTAL STUDIES,SSCI,15572,9.6,Q1,2.05,41.69%,9/191,10.5,Q1,9,1.7,12/191,Q1,93.98,0.01839,4.09179,1.746,95.5,Q1,26/183,360,85.28%,3.1,5,307
Corporate Social Responsibility and Environmental Management,CORP SOC RESP ENV MA,WILEY,1535-3958,1535-3966,ENVIRONMENTAL STUDIES,SSCI,15559,9.1,Q1,1.98,31.92%,12/191,11.3,Q1,7.6,1.3,14/191,Q1,92.93,0.01195,2.6601,1.52,94,Q1,37/183,369,90.51%,4.4,6.3,334
ECOLOGY AND SOCIETY,ECOL SOC,Resilience Alliance,1708-3087,,ENVIRONMENTAL STUDIES,SSCI,13977,3.2,Q2,0.88,98.65%,82/191,4,Q2,3,0.5,77/191,Q2,59.95,0.0058,1.29272,1.03,57.3,Q2,70/183,134,98.51%,10,8.2,132
Environmental Impact Assessment Review,ENVIRON IMPACT ASSES,ELSEVIER SCIENCE INC,0195-9255,1873-6432,ENVIRONMENTAL STUDIES,SSCI,13886,11.2,Q1,2.43,15.62%,7/191,10,Q1,9.7,1.8,5/191,Q1,97.64,0.01212,2.69684,1.609,96.6,Q1,35/183,327,96.64%,3,4.8,316
JOURNAL OF ENVIRONMENTAL ECONOMICS AND MANAGEMENT,J ENVIRON ECON MANAG,ACADEMIC PRESS INC ELSEVIER SCIENCE,0095-0696,1096-0449,ENVIRONMENTAL STUDIES,SSCI,12038,5.9,Q1,1.46,40.00%,29/191,7.5,Q1,5.6,1.1,32/191,Q1,83.51,0.00991,2.2061,2.681,85.1,Q1,11/183,136,99.26%,8.5,8.3,135
HABITAT INTERNATIONAL,HABITAT INT,PERGAMON-ELSEVIER SCIENCE LTD,2035-5556,1873-5428,ENVIRONMENTAL STUDIES,SSCI,12035,7,Q1,1.71,19.92%,22/191,7.5,Q1,6.1,1.6,23/191,Q1,88.22,0.00643,1.43164,1.305,88.7,Q2,49/183,177,99.44%,7.1,6.3,176
Environment and Planning A-Economy and Space,ENVIRON PLANN A,SAGE PUBLICATIONS INC,1478-4491,1472-3409,ENVIRONMENTAL STUDIES,SSCI,11477,4,Q2,1.14,47.64%,56/191,4.4,Q2,3.7,0.8,48/191,Q2,75.13,0.00799,1.77914,1.664,70.9,Q1,32/183,81,100.00%,12.4,7.6,81
REGIONAL STUDIES,REG STUD,"ROUTLEDGE JOURNALS, TAYLOR & FRANCIS LTD",2413-8851,1360-0591,ENVIRONMENTAL STUDIES,SSCI,11305,4.2,Q2,1.12,40.79%,50/191,5.1,Q1,3.6,0.9,49/191,Q2,74.61,0.0092,2.04706,1.343,74.1,Q2,47/183,106,100.00%,7.7,7.6,106
Ecosystem Services,ECOSYST SERV,ELSEVIER,2212-0416,2212-0416,ENVIRONMENTAL STUDIES,SSCI,10896,6.6,Q1,1.34,47.00%,25/191,7.5,Q1,6,1.6,38/191,Q1,80.37,0.00766,1.70616,1.453,87.2,Q1,42/183,93,82.80%,6.2,7.1,77
ENVIRONMENT AND BEHAVIOR,ENVIRON BEHAV,SAGE PUBLICATIONS INC,0013-9165,1552-390X,ENVIRONMENTAL STUDIES,SSCI,8819,4.6,Q1,1.21,35.59%,43/191,7,Q1,4.5,0.2,42/191,Q1,78.27,0.00239,0.53211,1.71,77.7,Q1,30/183,26,100.00%,16.2,8.6,26
Wiley Interdisciplinary Reviews-Climate Change,WIRES CLIM CHANGE,WILEY,1757-7780,1757-7799,ENVIRONMENTAL STUDIES,SSCI,8692,10.3,Q1,1.54,68.49%,8/191,13.6,Q1,10,1,30/191,Q1,84.55,0.01013,2.25611,4.616,96.1,Q1,5/183,44,20.45%,6.9,5.9,9
Regional Environmental Change,REG ENVIRON CHANGE,SPRINGER HEIDELBERG,1436-3798,1436-378X,ENVIRONMENTAL STUDIES,SSCI,8304,3.6,Q2,0.78,51.42%,70/191,4.3,Q2,3.5,0.9,84/191,Q2,56.28,0.00612,1.3626,1.047,63.6,Q2,66/183,170,91.76%,6.9,7.3,156
COMPUTERS ENVIRONMENT AND URBAN SYSTEMS,COMPUT ENVIRON URBAN,ELSEVIER SCI LTD,2056-6085,1873-7587,ENVIRONMENTAL STUDIES,SSCI,8300,8.3,Q1,1.64,35.29%,16/191,8.5,Q1,7.9,1.1,27/191,Q1,86.13,0.00715,1.5924,1.709,91.9,Q1,31/183,104,98.08%,5.4,6.3,102
Annual Review of Environment and Resources,ANNU REV ENV RESOUR,ANNUAL REVIEWS,2673-2726,1545-2050,ENVIRONMENTAL STUDIES,SSCI,8211,16,Q1,1.56,94.12%,3/191,22.2,Q1,15.9,0.7,28/191,Q1,85.6,0.00662,1.47479,7.108,98.7,Q1,3/183,25,0.00%,8.7,6.2,0
One Earth,ONE EARTH,CELL PRESS,2590-3330,2590-3322,ENVIRONMENTAL STUDIES,SSCI,8018,15.3,Q1,1.88,56.04%,4/191,19.2,Q1,14.8,2,17/191,Q1,91.36,0.01799,4.00485,5.638,98.2,Q1,4/183,138,89.86%,3.4,5.6,124
Forest Policy and Economics,FOREST POLICY ECON,ELSEVIER,1179-1594,1872-7050,ENVIRONMENTAL STUDIES,SSCI,7125,3.8,Q2,1.17,38.85%,62/191,4,Q2,2.9,0.9,47/191,Q1,75.65,0.00499,1.11111,0.721,67.8,Q3,101/183,167,96.41%,5.8,7.8,161
Environment and Planning B-Urban Analytics and City Science,ENVIRON PLAN B-URBAN,SAGE PUBLICATIONS LTD,2624-9634,2399-8091,ENVIRONMENTAL STUDIES,SSCI,6639,3.1,Q2,0.76,25.05%,89/191,3.8,Q2,2.8,0.4,89/191,Q2,53.66,0.00458,1.02058,0.779,53.7,Q3,96/183,169,100.00%,7.6,6.8,169
ENVIRONMENTAL & RESOURCE ECONOMICS,ENVIRON RESOUR ECON,SPRINGER,2322-5939,1573-1502,ENVIRONMENTAL STUDIES,SSCI,6498,3.4,Q2,0.9,51.04%,77/191,3.9,Q2,3.3,0.6,73/191,Q2,62.04,0.00493,1.09728,1.087,59.9,Q2,62/183,104,100.00%,8.8,8.4,104
CLIMATE POLICY,CLIM POLICY,TAYLOR & FRANCIS LTD,1469-3062,1752-7457,ENVIRONMENTAL STUDIES,SSCI,6353,5.2,Q1,1.65,44.11%,36/191,7,Q1,4.8,0.7,25/191,Q1,87.17,0.00811,1.80638,1.931,81.4,Q1,21/183,120,91.67%,5.1,4.9,110
Environmental Education Research,ENVIRON EDUC RES,"ROUTLEDGE JOURNALS, TAYLOR & FRANCIS LTD",2300-1682,1469-5871,ENVIRONMENTAL STUDIES,SSCI,6131,3.1,Q2,1.03,38.24%,89/191,4.6,Q2,2.5,0.5,58/191,Q2,69.9,0.0039,0.86881,0.902,53.7,Q2,77/183,140,92.86%,7.4,8,130
Environmental Innovation and Societal Transitions,ENVIRON INNOV SOC TR,ELSEVIER,2297-900X,2210-4232,ENVIRONMENTAL STUDIES,SSCI,5965,6.1,Q1,1.2,74.49%,28/191,8.2,Q1,4.7,0.9,43/191,Q1,77.75,0.0062,1.37988,1.776,85.6,Q1,24/183,113,97.35%,4.9,6.4,110
EUROPEAN PLANNING STUDIES,EUR PLAN STUD,"ROUTLEDGE JOURNALS, TAYLOR & FRANCIS LTD",2561-326X,1469-5944,ENVIRONMENTAL STUDIES,SSCI,5819,3.2,Q2,0.75,45.72%,82/191,3.6,Q2,3,0.4,93/191,Q2,51.57,0.00441,0.98279,0.82,57.3,Q3,92/183,72,100.00%,7.3,7.8,72
ENVIRONMENT AND PLANNING D-SOCIETY & SPACE,ENVIRON PLANN D,SAGE PUBLICATIONS LTD,2666-7193,1472-3433,ENVIRONMENTAL STUDIES,SSCI,5787,2.5,Q3,0.76,45.29%,109/191,4.5,Q2,2.2,0.7,89/191,Q2,53.66,0.00465,1.03649,1.914,43.2,Q1,22/183,60,100.00%,10.9,7.5,60
ENVIRONMENTAL POLITICS,ENVIRON POLIT,"ROUTLEDGE JOURNALS, TAYLOR & FRANCIS LTD",0964-4016,1743-8934,ENVIRONMENTAL STUDIES,SSCI,5424,5.9,Q1,1.92,55.11%,29/191,7.1,Q1,5.4,0.8,15/191,Q1,92.41,0.00648,1.44376,2.415,85.1,Q1,14/183,69,95.65%,6.6,6.5,66
REGIONAL SCIENCE AND URBAN ECONOMICS,REG SCI URBAN ECON,ELSEVIER,0166-0462,1879-2308,ENVIRONMENTAL STUDIES,SSCI,4813,2.9,Q3,0.96,22.44%,96/191,3.7,Q2,2.7,0.7,65/191,Q2,66.23,0.00407,0.90576,1.427,50,Q1,43/183,60,100.00%,10.2,9.8,60
HOUSING STUDIES,HOUSING STUD,"ROUTLEDGE JOURNALS, TAYLOR & FRANCIS LTD",0267-3037,1466-1810,ENVIRONMENTAL STUDIES,SSCI,4544,2.9,Q3,0.59,44.98%,96/191,3.9,Q2,2.5,0.5,116/191,Q3,39.53,0.00489,1.09018,1.129,50,Q2,58/183,97,98.97%,6.5,8.1,96
SOCIETY & NATURAL RESOURCES,SOC NATUR RESOUR,TAYLOR & FRANCIS INC,0894-1920,1521-0723,ENVIRONMENTAL STUDIES,SSCI,4500,1.9,Q3,0.64,22.80%,133/191,2.7,Q3,1.7,0.3,109/191,Q3,43.19,0.00249,0.55466,0.678,30.6,Q3,105/183,61,95.08%,10.4,8.6,58
Extractive Industries and Society,EXTRACT IND SOC,ELSEVIER SCI LTD,2214-790X,2214-7918,ENVIRONMENTAL STUDIES,SSCI,4272,4.3,Q2,0.93,35.86%,49/191,3.8,Q2,3.4,1,70/191,Q2,63.61,0.00494,1.1001,0.784,74.6,Q3,95/183,169,91.12%,3.9,5.8,154
Energy & Environment,ENERG ENVIRON-UK,SAGE PUBLICATIONS LTD,2393-6401,2048-4070,ENVIRONMENTAL STUDIES,SSCI,3967,4.8,Q1,1.09,1.86%,40/191,4.2,Q2,4.5,1.3,52/191,Q2,73.04,0.00338,0.75394,0.572,79.3,Q3,127/183,163,95.71%,2.7,4.3,156
Local Environment,LOCAL ENVIRON,"ROUTLEDGE JOURNALS, TAYLOR & FRANCIS LTD",2351-9894,1469-6711,ENVIRONMENTAL STUDIES,SSCI,3645,2.8,Q3,0.63,33.79%,101/191,3.4,Q3,2.6,0.5,112/191,Q3,41.62,0.00281,0.6265,0.846,47.4,Q2,88/183,115,94.78%,7.4,6.8,109
Environment and Planning C-Politics and Space,ENVIRON PLAN C-POLIT,SAGE PUBLICATIONS LTD,2666-6065,2399-6552,ENVIRONMENTAL STUDIES,SSCI,3544,2.2,Q3,0.62,41.61%,122/191,3.1,Q3,2.1,0.4,113/191,Q3,41.1,0.00462,1.028,1.186,36.4,Q2,55/183,95,100.00%,7.1,8.6,95
Utilities Policy,UTIL POLICY,ELSEVIER SCI LTD,0957-1787,1878-4356,ENVIRONMENTAL STUDIES,SSCI,3517,4.4,Q2,0.97,30.15%,48/191,3.7,Q2,4,1.1,64/191,Q2,66.75,0.00303,0.67508,0.652,75.1,Q3,111/183,125,99.20%,3.9,5.7,124
International Journal of Sustainable Transportation,INT J SUSTAIN TRANSP,TAYLOR & FRANCIS INC,1556-8318,1556-8334,ENVIRONMENTAL STUDIES,SSCI,3424,3.9,Q2,0.62,26.90%,59/191,5,Q2,3.7,0.3,113/191,Q3,41.1,0.00327,0.72904,1.039,69.4,Q2,67/183,69,91.30%,5,5.4,63
ORGANIZATION & ENVIRONMENT,ORGAN ENVIRON,SAGE PUBLICATIONS INC,2664-3731,1552-7417,ENVIRONMENTAL STUDIES,SSCI,3374,7.3,Q1,1.19,46.55%,20/191,7.5,Q1,6.6,1.5,45/191,Q1,76.7,0.00212,0.47183,2.048,89.8,Q1,19/183,23,91.30%,9.1,7.7,21
ENERGY JOURNAL,ENERG J,SAGE PUBLICATIONS INC,1178-203X,1944-9089,ENVIRONMENTAL STUDIES,SSCI,3266,2.4,Q3,0.67,10.73%,111/191,2.6,Q3,2.1,0.9,106/191,Q3,44.76,0.00202,0.45106,0.673,42.1,Q3,107/183,88,100.00%,8.6,7.7,88
Climate Risk Management,CLIM RISK MANAG,ELSEVIER,1424-2818,2212-0963,ENVIRONMENTAL STUDIES,SSCI,3225,5,Q1,1.09,98.89%,38/191,5.4,Q1,4.7,1.1,52/191,Q2,73.04,0.00361,0.80323,1.196,80.4,Q2,54/183,90,97.78%,3.8,6,88
HUMAN ECOLOGY,HUM ECOL,SPRINGER/PLENUM PUBLISHERS,1179-1594,1572-9915,ENVIRONMENTAL STUDIES,SSCI,3213,1.7,Q3,0.83,35.32%,142/191,2.2,Q3,1.6,0.4,81/191,Q2,57.85,0.00153,0.34136,0.559,25.9,Q3,130/183,81,98.77%,11.7,10.5,80
JOURNAL OF REGIONAL SCIENCE,J REGIONAL SCI,WILEY,0022-4146,1467-9787,ENVIRONMENTAL STUDIES,SSCI,3212,2.7,Q3,0.7,38.56%,103/191,3.1,Q3,2.3,0.3,101/191,Q3,47.38,0.00179,0.40048,0.982,46.3,Q2,73/183,66,100.00%,12.7,9.7,66
Management of Environmental Quality,MANAG ENVIRON QUAL,EMERALD GROUP PUBLISHING LTD,2662-2211,1758-6119,ENVIRONMENTAL STUDIES,ESCI,3188,4.1,Q2,1.01,2.30%,52/191,5,Q2,3.8,1,60/191,Q2,68.85,0.00232,0.51755,0.663,73,Q3,109/183,81,95.06%,4.5,5.2,77
DISASTERS,DISASTERS,WILEY,2322-5939,1467-7717,ENVIRONMENTAL STUDIES,SSCI,3142,2.6,Q3,1.09,61.64%,105/191,3.1,Q3,2.5,0.4,52/191,Q2,73.04,0.00183,0.40783,0.85,45.3,Q2,85/183,48,100.00%,11.1,7.3,48
Science and Public Policy,SCI PUBL POLICY,OXFORD UNIV PRESS,0302-3427,1471-5430,ENVIRONMENTAL STUDIES,SSCI,3140,2.3,Q3,0.74,40.50%,116/191,2.9,Q3,2,0.4,95/191,Q2,50.52,0.00263,0.5862,0.819,39.5,Q3,93/183,84,96.43%,8,7.9,81
Climate and Development,CLIM DEV,TAYLOR & FRANCIS LTD,2148-9386,1756-5537,ENVIRONMENTAL STUDIES,SSCI,3128,3.4,Q2,0.75,32.85%,77/191,4.7,Q2,3.2,0.5,93/191,Q2,51.57,0.00346,0.77042,1.058,59.9,Q2,65/183,68,91.18%,5,7.3,62
Environmental Communication-A Journal of Nature and Culture,ENVIRON COMMUN,"ROUTLEDGE JOURNALS, TAYLOR & FRANCIS LTD",2052-3211,1752-4040,ENVIRONMENTAL STUDIES,SSCI,2929,4.1,Q2,1.12,32.87%,52/191,4.3,Q2,3.4,1,49/191,Q2,74.61,0.00334,0.74338,1.116,73,Q2,61/183,91,89.01%,5.3,6.6,81
Energy Efficiency,ENERG EFFIC,SPRINGER,1570-646X,1570-6478,ENVIRONMENTAL STUDIES,SSCI,2911,4,Q2,0.64,36.30%,56/191,3.4,Q3,3.7,0.8,109/191,Q3,43.19,0.00235,0.52358,0.636,70.9,Q3,116/183,104,96.15%,5.3,6.6,100
Sustainability Accounting Management and Policy Journal,SUSTAIN ACCOUNT MANA,EMERALD GROUP PUBLISHING LTD,2632-3249,2040-803X,ENVIRONMENTAL STUDIES,SSCI,2906,7.2,Q1,1.38,14.59%,21/191,7.4,Q1,6.4,1.2,35/191,Q1,81.94,0.00228,0.50762,1.077,89.3,Q2,63/183,75,96.00%,4.4,6,72
Frontiers in Climate,FRONT CLIM,FRONTIERS MEDIA SA,2624-9553,2624-9553,ENVIRONMENTAL STUDIES,ESCI,2889,4.1,Q2,0.7,99.62%,52/191,4.8,Q2,3.9,0.9,101/191,Q3,47.38,0.00627,1.39547,1.407,73,Q1,45/183,170,85.29%,2.8,5.9,145
PAPERS IN REGIONAL SCIENCE,PAP REG SCI,ELSEVIER SCI LTD,1056-8190,1435-5957,ENVIRONMENTAL STUDIES,SSCI,2881,2.3,Q3,0.64,93.08%,116/191,2.7,Q3,1.9,0.7,109/191,Q3,43.19,0.00178,0.3961,0.64,39.5,Q3,115/183,44,100.00%,9.2,9.6,44
LAND ECONOMICS,LAND ECON,UNIV WISCONSIN PRESS,2673-253X,1543-8325,ENVIRONMENTAL STUDIES,SSCI,2728,1.6,Q4,0.42,14.02%,148/191,1.7,Q4,1.5,0.9,153/191,Q4,20.16,0.00087,0.19391,0.577,22.8,Q3,126/183,35,100.00%,16.7,10.4,35
ENVIRONMENT AND URBANIZATION,ENVIRON URBAN,SAGE PUBLICATIONS LTD,0956-2478,1746-0301,ENVIRONMENTAL STUDIES,SSCI,2678,2.4,Q3,0.58,39.24%,111/191,3.9,Q2,2.2,0.2,120/191,Q3,37.43,0.00118,0.26472,1.038,42.1,Q2,68/183,29,100.00%,11.3,6.5,29
ANNALS OF REGIONAL SCIENCE,ANN REGIONAL SCI,SPRINGER,0570-1864,1432-0592,ENVIRONMENTAL STUDIES,SSCI,2558,2.1,Q3,0.59,40.45%,124/191,2.2,Q3,1.9,0.3,116/191,Q3,39.53,0.00139,0.3112,0.521,35.3,Q4,138/183,69,100.00%,9.9,11.4,69
RESOURCE AND ENERGY ECONOMICS,RESOUR ENERGY ECON,ELSEVIER,2214-7829,1873-0221,ENVIRONMENTAL STUDIES,SSCI,2512,3.1,Q2,0.67,41.41%,89/191,3.5,Q3,3.1,1.1,106/191,Q3,44.76,0.00166,0.36966,1.036,53.7,Q2,69/183,24,95.83%,10.8,10.4,23
Natural Hazards Review,NAT HAZARDS REV,ASCE-AMER SOC CIVIL ENGINEERS,1527-6988,1527-6996,ENVIRONMENTAL STUDIES,SSCI,2482,2.2,Q3,0.5,11.98%,122/191,2.6,Q3,2,1.4,136/191,Q3,29.06,0.00141,0.31401,0.509,36.4,Q4,142/183,84,95.24%,7.4,7.7,80
Review of Environmental Economics and Policy,REV ENV ECON POLICY,UNIV CHICAGO PRESS,2227-9091,1750-6824,ENVIRONMENTAL STUDIES,SSCI,2428,6.6,Q1,1.89,5.26%,25/191,9.5,Q1,6.5,1.4,16/191,Q1,91.88,0.00293,0.65275,3.676,87.2,Q1,6/183,18,100.00%,7.3,8.4,18
JOURNAL OF ENVIRONMENTAL EDUCATION,J ENVIRON EDUC,"ROUTLEDGE JOURNALS, TAYLOR & FRANCIS LTD",2214-7160,1940-1892,ENVIRONMENTAL STUDIES,SSCI,2424,2.4,Q3,0.86,27.78%,111/191,3.7,Q2,2.3,0.6,79/191,Q2,58.9,0.00099,0.22211,0.865,42.1,Q2,81/183,38,100.00%,13.4,8,38
Annual Review of Resource Economics,ANNU REV RESOUR ECON,ANNUAL REVIEWS,1941-1340,1941-1359,ENVIRONMENTAL STUDIES,SSCI,2316,8.4,Q1,1.54,41.10%,15/191,8.8,Q1,8.2,0.5,30/191,Q1,84.55,0.0031,0.69182,3.173,92.4,Q1,8/183,18,33.33%,6.2,7.6,6
Global Environmental Politics,GLOBAL ENVIRON POLIT,MIT PRESS,1526-3800,1536-0091,ENVIRONMENTAL STUDIES,SSCI,2243,4,Q2,1.86,24.24%,56/191,5.4,Q1,3.8,1.5,20/191,Q1,89.79,0.00247,0.55007,2.072,70.9,Q1,18/183,32,100.00%,8.2,7.4,32
Environment and Planning E-Nature and Space,ENVIRON PLAN E-NAT,SAGE PUBLICATIONS INC,2514-8486,2514-8494,ENVIRONMENTAL STUDIES,SSCI,2214,3.2,Q2,0.99,39.80%,82/191,3.9,Q2,2.9,0.4,62/191,Q2,67.8,0.00549,1.22315,1.48,57.3,Q1,39/183,77,100.00%,3.5,7.3,77
Landscape Research,LANDSCAPE RES,"ROUTLEDGE JOURNALS, TAYLOR & FRANCIS LTD",2767-3812,1469-9710,ENVIRONMENTAL STUDIES,SSCI,2201,1.5,Q4,0.45,38.39%,151/191,1.8,Q4,1.4,0.4,147/191,Q4,23.3,0.00121,0.27085,0.421,21.2,Q4,149/183,90,97.78%,8.5,9.5,88
Journal of Housing and the Built Environment,J HOUS BUILT ENVIRON,SPRINGER,1566-4910,1573-7772,ENVIRONMENTAL STUDIES,SSCI,2197,2.1,Q3,0.51,38.24%,124/191,2.6,Q3,1.6,0.7,132/191,Q3,31.15,0.00163,0.36489,0.489,35.3,Q4,144/183,80,100.00%,5.6,7.6,80
NATURAL RESOURCES FORUM,NAT RESOUR FORUM,WILEY,1477-8947,1477-8947,ENVIRONMENTAL STUDIES,SSCI,2067,3.7,Q2,0.84,16.05%,66/191,4.2,Q2,3.1,1.3,80/191,Q2,58.38,0.00088,0.19638,0.564,65.7,Q3,129/183,194,100.00%,5.5,4.2,194
Environmental and Sustainability Indicators,ENVIRON SUSTAIN IND,ELSEVIER,2767-3170,2665-9727,ENVIRONMENTAL STUDIES,ESCI,2035,5.6,Q1,1.09,92.97%,34/191,5.9,Q1,5.3,0.9,52/191,Q2,73.04,0.00226,0.50384,0.943,82.5,Q2,75/183,237,97.05%,2.9,6.1,230
POPULATION AND ENVIRONMENT,POPUL ENVIRON,SPRINGER,2773-1391,1573-7810,ENVIRONMENTAL STUDIES,SSCI,1967,2.5,Q3,1.03,39.47%,109/191,4.1,Q2,2.3,0.8,58/191,Q2,69.9,0.00123,0.27409,1.247,43.2,Q2,50/183,28,100.00%,10.9,8.1,28
ENVIRONMENT AND DEVELOPMENT ECONOMICS,ENVIRON DEV ECON,CAMBRIDGE UNIV PRESS,2624-893X,1469-4395,ENVIRONMENTAL STUDIES,SSCI,1965,1.5,Q4,0.55,35.62%,151/191,2.6,Q3,1.5,0.6,124/191,Q3,35.34,0.00079,0.17712,0.65,21.2,Q3,112/183,25,100.00%,11.8,9.3,25
Carbon Management,CARBON MANAG,TAYLOR & FRANCIS LTD,1758-3004,1758-3012,ENVIRONMENTAL STUDIES,SSCI,1958,3.2,Q2,0.53,98.13%,82/191,3.8,Q2,3.1,0.9,126/191,Q3,34.29,0.00126,0.28116,0.744,57.3,Q3,100/183,42,88.10%,6.7,5.9,37
Urban Science,URBAN SCI,MDPI,2413-8851,2413-8851,ENVIRONMENTAL STUDIES,ESCI,1949,2.9,Q3,0.7,99.79%,96/191,2.7,Q3,2.6,0.5,101/191,Q3,47.38,0.00179,0.39913,0.46,50,Q4,147/183,263,89.35%,3.8,6,235
Weather Climate and Society,WEATHER CLIM SOC,AMER METEOROLOGICAL SOC,1948-8327,1948-8335,ENVIRONMENTAL STUDIES,SSCI,1878,1.9,Q3,0.45,2.76%,133/191,2.3,Q3,1.7,0.5,147/191,Q4,23.3,0.00155,0.34623,0.567,30.6,Q3,128/183,54,92.59%,6.6,6.7,50
Journal of the Association of Environmental and Resource Economists,J ASSOC ENVIRON RESO,UNIV CHICAGO PRESS,2333-5955,2333-5963,ENVIRONMENTAL STUDIES,SSCI,1867,3.2,Q2,0.96,1.46%,82/191,4.4,Q2,3,1.2,65/191,Q2,66.23,0.00422,0.93972,2.699,57.3,Q1,10/183,54,100.00%,6,8.9,54
Environmental Policy and Governance,ENVIRON POLICY GOV,"WILEY PERIODICALS, INC",1756-932X,1756-9338,ENVIRONMENTAL STUDIES,SSCI,1804,3.9,Q2,0.76,65.33%,59/191,3.9,Q2,3.7,0.5,89/191,Q2,53.66,0.00167,0.37195,0.953,69.4,Q2,74/183,49,100.00%,6.1,7.9,49
CULTURAL GEOGRAPHIES,CULT GEOGR,SAGE PUBLICATIONS LTD,2509-8020,1477-0881,ENVIRONMENTAL STUDIES,SSCI,1786,1.5,Q4,0.53,55.93%,151/191,2.2,Q3,1.2,0.2,126/191,Q3,34.29,0.00179,0.3984,1.003,21.2,Q2,71/183,38,100.00%,9.8,11.6,38
Climate Services,CLIM SERV,ELSEVIER,2405-8807,2405-8807,ENVIRONMENTAL STUDIES,SSCI,1691,4.5,Q1,0.91,96.61%,47/191,4.6,Q2,3.9,1.1,72/191,Q2,62.57,0.00191,0.42654,0.889,75.7,Q2,79/183,85,94.12%,3.3,6.2,80
Disaster Prevention and Management,DISASTER PREV MANAG,EMERALD GROUP PUBLISHING LTD,2399-6641,1758-6100,ENVIRONMENTAL STUDIES,SSCI,1682,2,Q3,0.48,13.82%,130/191,2,Q4,1.8,0.3,141/191,Q3,26.44,0.0008,0.18015,0.407,32.2,Q4,151/183,56,98.21%,10.1,7.9,55
EUROPEAN URBAN AND REGIONAL STUDIES,EUR URBAN REG STUD,SAGE PUBLICATIONS LTD,0969-7764,1461-7145,ENVIRONMENTAL STUDIES,SSCI,1655,2.6,Q3,0.77,40.26%,105/191,3.7,Q2,2.2,0.4,86/191,Q2,55.24,0.00133,0.29783,1.129,45.3,Q2,58/183,17,100.00%,8.2,6.7,17
ENVIRONMENT,ENVIRONMENT,"ROUTLEDGE JOURNALS, TAYLOR & FRANCIS LTD",0013-9157,1939-9154,ENVIRONMENTAL STUDIES,SSCI,1562,3.9,Q2,0.61,44.68%,59/191,4.9,Q2,3.8,0.3,115/191,Q3,40.05,0.00083,0.18516,1.463,69.4,Q1,41/183,21,100.00%,12.3,10,21
Frontiers in Sustainable Cities,FRONT SUSTAIN CITIES,FRONTIERS MEDIA SA,2624-9634,2624-9634,ENVIRONMENTAL STUDIES,ESCI,1551,2.1,Q3,0.46,98.24%,124/191,3,Q3,2,0.5,146/191,Q4,23.82,0.00255,0.56742,0.642,35.3,Q3,114/183,99,91.92%,3.2,5.9,91
International Journal of Climate Change Strategies and Management,INT J CLIM CHANG STR,EMERALD GROUP PUBLISHING LTD,2188-5729,1756-8706,ENVIRONMENTAL STUDIES,SSCI,1526,3.5,Q2,0.79,100.00%,73/191,4.3,Q2,3.4,0.3,82/191,Q2,57.33,0.00101,0.22694,0.645,62,Q3,113/183,30,96.67%,5.6,6.5,29
Water Alternatives-An Interdisciplinary Journal on Water Politics and Development,WATER ALTERN,WATER ALTERNATIVES ASSOC,2575-8314,1965-0175,ENVIRONMENTAL STUDIES,SSCI,1479,3.6,Q2,0.68,0.00%,70/191,2.8,Q3,3.1,0.8,104/191,Q3,45.81,0.00123,0.27371,0.721,63.6,Q3,101/183,32,90.63%,7.2,8.3,29
Housing Theory & Society,HOUS THEORY SOC,"ROUTLEDGE JOURNALS, TAYLOR & FRANCIS LTD",1365-2907,1651-2278,ENVIRONMENTAL STUDIES,SSCI,1431,2,Q3,0.56,49.49%,130/191,3.4,Q3,1.6,0.7,123/191,Q3,35.86,0.00156,0.3485,1.173,32.2,Q2,57/183,42,100.00%,7.7,8.2,42
PROGRESS IN PLANNING,PROG PLANN,PERGAMON-ELSEVIER SCIENCE LTD,2213-5383,1873-4510,ENVIRONMENTAL STUDIES,SSCI,1416,5.7,Q1,1.3,38.89%,33/191,5.9,Q1,5.6,3.5,40/191,Q1,79.32,0.00059,0.13268,1.424,83,Q1,44/183,12,91.67%,12.8,10.2,11
ENVIRONMENTAL VALUES,ENVIRON VALUE,SAGE PUBLICATIONS INC,0963-2719,1752-7015,ENVIRONMENTAL STUDIES,SSCI,1399,1.6,Q4,0.74,14.95%,148/191,1.8,Q4,1.3,1.2,95/191,Q2,50.52,0.0007,0.15645,0.539,22.8,Q3,133/183,31,100.00%,11.2,9.7,31
INTERNATIONAL REGIONAL SCIENCE REVIEW,INT REGIONAL SCI REV,SAGE PUBLICATIONS INC,0160-0176,1552-6925,ENVIRONMENTAL STUDIES,SSCI,1385,2.1,Q3,0.49,14.29%,124/191,2.4,Q3,2,0.5,140/191,Q3,26.96,0.00068,0.15297,0.63,35.3,Q3,118/183,15,86.67%,13.5,8.7,13
Business Strategy and Development,BUS STRATEGY DEV,WILEY,2572-3170,2572-3170,ENVIRONMENTAL STUDIES,ESCI,1384,4.2,Q2,0.95,18.94%,50/191,4.4,Q2,3.2,1.1,67/191,Q2,65.18,0.00105,0.23534,0.515,74.1,Q4,140/183,144,100.00%,3.1,5.6,144
Conservation & Society,CONSERV SOC,WOLTERS KLUWER MEDKNOW PUBLICATIONS,2574-2531,0975-3133,ENVIRONMENTAL STUDIES,SSCI,1380,2.1,Q3,0.4,31.43%,124/191,2.3,Q3,2.1,0.2,157/191,Q4,18.06,0.00081,0.18127,0.716,35.3,Q3,103/183,18,100.00%,9.6,8.7,18
npj Urban Sustainability,NPJ URBAN SUSTAIN,SPRINGERNATURE,2661-8001,2661-8001,ENVIRONMENTAL STUDIES,SSCI,1371,8.8,Q1,2.27,100.00%,14/191,10.9,Q1,8.2,2.1,8/191,Q1,96.07,0.00262,0.58446,2.866,92.9,Q1,9/183,49,87.76%,2.6,5.8,43
Journal of Environmental Studies and Sciences,J ENVIRON STUD SCI,SPRINGER,2190-6483,2190-6491,ENVIRONMENTAL STUDIES,ESCI,1360,2.3,Q3,0.43,28.44%,116/191,2.2,Q3,2.1,0.6,152/191,Q4,20.68,0.00117,0.26038,0.533,39.5,Q3,137/183,98,90.82%,6.1,6.9,89
International Environmental Agreements-Politics Law and Economics,INT ENVIRON AGREEM-P,SPRINGER,1567-9764,1573-1553,ENVIRONMENTAL STUDIES,SSCI,1323,3.1,Q2,1.65,68.18%,89/191,2.9,Q3,2.9,0.8,25/191,Q1,87.17,0.00106,0.23711,0.762,53.7,Q3,98/183,32,100.00%,7.4,6.4,32
Impact Assessment and Project Appraisal,IMPACT ASSESS PROJ A,"ROUTLEDGE JOURNALS, TAYLOR & FRANCIS LTD",2192-1709,1471-5465,ENVIRONMENTAL STUDIES,SSCI,1301,1.9,Q3,0.44,30.58%,133/191,2.1,Q4,1.2,0.5,150/191,Q4,21.73,0.00053,0.11949,0.315,30.6,Q4,158/183,43,97.67%,8.5,7.5,42
Sustainability-Science Practice and Policy,SUSTAINABILITY-SCI P,TAYLOR & FRANCIS LTD,2381-4683,1548-7733,ENVIRONMENTAL STUDIES,ESCI,1287,4.8,Q1,0.94,97.16%,40/191,6.3,Q1,4.4,0.9,68/191,Q2,64.66,0.00192,0.42846,1.514,79.3,Q1,38/183,48,89.58%,3.7,5.9,43
Progress in Disaster Science,PROG DISASTER SCI,ELSEVIER,2590-0617,2590-0617,ENVIRONMENTAL STUDIES,ESCI,1281,3.8,Q2,0.79,97.22%,62/191,4.6,Q2,3.4,0.6,82/191,Q2,57.33,0.00189,0.42057,0.889,67.8,Q2,79/183,87,86.21%,4,6,75
Journal of Political Ecology,J POLIT ECOL,UNIV ARIZONA LIBRARIES,1073-0451,1073-0451,ENVIRONMENTAL STUDIES,ESCI,1267,2.3,Q3,0.48,1.48%,116/191,2.8,Q3,1.9,1.2,141/191,Q3,26.44,0.00153,0.34215,0.861,39.5,Q2,83/183,50,100.00%,5.4,8.6,50
Resources Environment and Sustainability,RESOUR ENVIRON SUST,ELSEVIER,2666-9161,2666-9161,ENVIRONMENTAL STUDIES,ESCI,1266,7.8,Q1,1.88,96.61%,17/191,10.4,Q1,7.5,1.8,17/191,Q1,91.36,0.00143,0.3199,1.582,91.4,Q1,36/183,40,85.00%,2.8,5.3,34
COASTAL MANAGEMENT,COAST MANAGE,TAYLOR & FRANCIS INC,0892-0753,1521-0421,ENVIRONMENTAL STUDIES,SSCI,1266,1.9,Q3,0.32,15.00%,133/191,2.8,Q3,1.8,0.2,165/191,Q4,13.87,0.0007,0.15663,0.627,30.6,Q3,119/183,25,100.00%,9.2,7.5,25
Frontiers in Sustainability,FRONT SUSTAIN,FRONTIERS MEDIA SA,2673-4524,2673-4524,ENVIRONMENTAL STUDIES,ESCI,1219,2.9,Q3,0.41,98.35%,96/191,3.2,Q3,2.8,0.5,156/191,Q4,18.59,0.00174,0.38885,0.606,50,Q3,123/183,108,86.11%,2.6,5.8,93
Journal of Agricultural Education & Extension,J AGRIC EDUC EXT,"ROUTLEDGE JOURNALS, TAYLOR & FRANCIS LTD",1389-224X,1750-8622,ENVIRONMENTAL STUDIES,SSCI,1208,2.6,Q3,0.9,38.71%,105/191,3.2,Q3,2.1,0.3,73/191,Q2,62.04,0.00062,0.14011,0.461,45.3,Q4,146/183,30,93.33%,6.5,7.4,28
Anthropocene Review,ANTHROPOCENE REV,SAGE PUBLICATIONS INC,2730-6151,2053-020X,ENVIRONMENTAL STUDIES,SSCI,1206,3.5,Q2,0.71,43.02%,73/191,3.8,Q2,3.2,0.2,99/191,Q3,48.43,0.00147,0.32784,1.341,62,Q2,48/183,21,80.95%,7.1,9.7,17
Environmental Hazards-Human and Policy Dimensions,ENVIRON HAZARDS-UK,TAYLOR & FRANCIS LTD,1747-7891,1878-0059,ENVIRONMENTAL STUDIES,SSCI,1198,1.7,Q3,0.42,27.27%,142/191,3,Q3,1.5,0.5,153/191,Q4,20.16,0.0007,0.15581,0.607,25.9,Q3,122/183,44,100.00%,9.4,6.7,44
Global Sustainability,GLOB SUSTAIN,CAMBRIDGE UNIV PRESS,2590-2296,2059-4798,ENVIRONMENTAL STUDIES,ESCI,1172,5.8,Q1,0.68,100.00%,32/191,6.8,Q1,5.4,2.9,104/191,Q3,45.81,0.0022,0.49038,2.249,83.5,Q1,15/183,45,40.00%,4.3,6.1,18
GAIA-Ecological Perspectives for Science and Society,GAIA,OEKOM VERLAG GMBH,2976-5390,2625-5413,ENVIRONMENTAL STUDIES,SSCI,1153,1.9,Q3,0.33,79.81%,133/191,1.9,Q4,1.5,2,161/191,Q4,15.97,0.00065,0.14498,0.474,30.6,Q4,145/183,44,100.00%,6.9,5.1,44
Chinese Journal of Population Resources and Environment,CHIN J POPUL RESOUR,KEAI PUBLISHING LTD,2096-9589,2325-4262,ENVIRONMENTAL STUDIES,ESCI,1110,4.8,Q1,0.88,97.48%,40/191,3.7,Q2,4.7,0.2,77/191,Q2,59.95,0.00093,0.20845,0.659,79.3,Q3,110/183,50,100.00%,4.3,4.8,50
International Journal of the Commons,INT J COMMONS,UBIQUITY PRESS LTD,2204-3136,1875-0281,ENVIRONMENTAL STUDIES,SSCI,1108,1.9,Q3,0.44,98.00%,133/191,2.4,Q3,1.5,0.6,150/191,Q4,21.73,0.00082,0.18277,0.584,30.6,Q3,125/183,45,91.11%,7.4,9.1,41
INTERNATIONAL JOURNAL OF URBAN SCIENCES,INT J URBAN SCI,"ROUTLEDGE JOURNALS, TAYLOR & FRANCIS LTD",2572-2611,2161-6779,ENVIRONMENTAL STUDIES,SSCI,1104,3,Q2,0.73,9.84%,93/191,3.3,Q3,2.8,0.3,98/191,Q3,48.95,0.00105,0.23404,0.704,51.6,Q3,104/183,63,93.65%,5,7.1,59
Ecosystems and People,ECOSYST PEOPLE,TAYLOR & FRANCIS LTD,2639-5916,2639-5916,ENVIRONMENTAL STUDIES,ESCI,1048,3.7,Q2,0.92,98.13%,66/191,5.4,Q1,3.2,0.5,71/191,Q2,63.09,0.00175,0.39037,1.213,65.7,Q2,53/183,65,89.23%,3.7,7.6,58
Cleaner Environmental Systems,CLEAN ENVIRON SYST,ELSEVIER,2056-3485,2666-7894,ENVIRONMENTAL STUDIES,ESCI,1042,4.9,Q1,0.9,96.63%,39/191,6.3,Q1,4.8,0.8,73/191,Q2,62.04,0.00132,0.29463,1.074,79.8,Q2,64/183,86,95.35%,3,5.8,82
Current Research in Environmental Sustainability,CURR RES ENVIRON SUS,ELSEVIER,1520-6688,2666-0490,ENVIRONMENTAL STUDIES,ESCI,1022,3.8,Q2,0.76,99.36%,62/191,4.8,Q2,3.7,0.8,89/191,Q2,53.66,0.00136,0.30294,0.828,67.8,Q2,91/183,34,100.00%,3.1,6.3,34
Journal of Environment & Development,J ENVIRON DEV,SAGE PUBLICATIONS INC,2642-0007,1552-5465,ENVIRONMENTAL STUDIES,SSCI,1022,2,Q3,0.51,15.56%,130/191,3.1,Q3,1.9,0.3,132/191,Q3,31.15,0.00063,0.14046,0.832,32.2,Q2,90/183,46,97.83%,9.9,6.6,45
Environmental Justice,ENVIRON JUSTICE,"MARY ANN LIEBERT, INC",1939-4071,1937-5174,ENVIRONMENTAL STUDIES,ESCI,1019,1.3,Q4,0.33,14.56%,155/191,2.1,Q4,1.2,0.2,161/191,Q4,15.97,0.00122,0.27165,0.669,19.1,Q3,108/183,64,100.00%,6.1,7.9,64
PLOS Climate,PLOS CLIM,PUBLIC LIBRARY SCIENCE,2767-3200,2767-3200,ENVIRONMENTAL STUDIES,ESCI,1000,5.1,Q1,0.77,99.65%,37/191,5.1,Q1,4.9,0.9,86/191,Q2,55.24,0.0024,0.53471,1.738,80.9,Q1,27/183,112,84.82%,1.8,6.4,95
International Journal of Housing Policy,INT J HOUS POLICY,"ROUTLEDGE JOURNALS, TAYLOR & FRANCIS LTD",1949-1247,1949-1255,ENVIRONMENTAL STUDIES,SSCI,999,2.6,Q3,0.53,42.73%,105/191,3.3,Q3,2.1,0.2,126/191,Q3,34.29,0.0016,0.35803,1.219,45.3,Q2,52/183,40,95.00%,5.3,6.8,38
Environmental Sociology,ENVIRON SOCIOL,"ROUTLEDGE JOURNALS, TAYLOR & FRANCIS LTD",2325-1042,2325-1042,ENVIRONMENTAL STUDIES,ESCI,994,2.8,Q3,0.53,25.86%,101/191,3.1,Q3,2.6,0.3,126/191,Q3,34.29,0.00146,0.32677,0.999,47.4,Q2,72/183,48,100.00%,5.3,8.2,48
Cleaner and Responsible Consumption,CLEAN RESPONS CONSUM,ELSEVIER,2666-7843,2666-7843,ENVIRONMENTAL STUDIES,ESCI,957,5.3,Q1,0.94,97.95%,35/191,5.6,Q1,4.8,1,68/191,Q2,64.66,0.00114,0.25424,0.921,81.9,Q2,76/183,81,91.36%,2.2,5.7,74
JOURNAL OF ENVIRONMENTAL LAW,J ENVIRON LAW,OXFORD UNIV PRESS,0952-8873,1464-374X,ENVIRONMENTAL STUDIES,SSCI,935,2.7,Q3,1.2,56.58%,103/191,2.4,Q3,2.3,0.4,43/191,Q1,77.75,0.00098,0.21886,0.835,46.3,Q2,89/183,25,100.00%,7.3,7,25
Human Ecology Review,HUM ECOL REV,ANU PRESS,2673-7086,2204-0919,ENVIRONMENTAL STUDIES,SSCI,920,0.4,Q4,0.18,100.00%,181/191,1.2,Q4,0.4,<0.1,176/191,Q4,8.12,0.00011,0.02496,0.29,5.5,Q4,161/183,9,100.00%,21.1,13.6,9
Discover Sustainability,DISCOV SUSTAIN,SPRINGERNATURE,2227-7099,2662-9984,ENVIRONMENTAL STUDIES,ESCI,908,3,Q2,0.51,99.68%,93/191,3.6,Q2,2.6,0.6,132/191,Q3,31.15,0.00069,0.15475,0.547,51.6,Q3,132/183,522,81.03%,1.8,5.3,423
ENVIRONMENTAL HISTORY,ENVIRON HIST-US,UNIV CHICAGO PRESS,1084-5453,1930-8892,ENVIRONMENTAL STUDIES,SSCI,895,0.8,Q4,1.11,2.33%,170/191,1,Q4,0.7,0.1,51/191,Q2,73.56,0.00072,0.16072,0.626,11.3,Q3,120/183,20,100.00%,16.1,29.7,20
Applied Spatial Analysis and Policy,APPL SPAT ANAL POLIC,SPRINGER,2076-3387,1874-4621,ENVIRONMENTAL STUDIES,SSCI,893,1.9,Q3,0.5,28.24%,133/191,2,Q4,1.8,0.6,136/191,Q3,29.06,0.00104,0.23266,0.444,30.6,Q4,148/183,44,95.45%,4.4,7.1,42
Urban Policy and Research,URBAN POLICY RES,"ROUTLEDGE JOURNALS, TAYLOR & FRANCIS LTD",2399-4908,1476-7244,ENVIRONMENTAL STUDIES,SSCI,869,1.7,Q3,0.42,42.17%,142/191,,,1.7,0.2,153/191,Q4,20.16,0.00052,0.11764,,25.9,,,33,60.61%,9,7,20
Marine Resource Economics,MAR RESOUR ECON,UNIV CHICAGO PRESS,2673-5172,2334-5985,ENVIRONMENTAL STUDIES,SSCI,821,1.7,Q3,0.57,0.00%,142/191,2.1,Q4,1.7,0.3,121/191,Q3,36.91,0.00043,0.09679,0.534,25.9,Q3,136/183,17,100.00%,11.6,9.9,17
Review of European Comparative & International Environmental Law,REV EUR COMP INT ENV,WILEY,2050-0386,2050-0394,ENVIRONMENTAL STUDIES,SSCI,816,2.3,Q3,1.74,61.60%,116/191,2.3,Q3,2.2,0.3,22/191,Q1,88.74,0.00124,0.2781,0.855,39.5,Q2,84/183,53,100.00%,5.1,4.7,53
Earth System Governance,EARTH SYST GOV-NETH,ELSEVIER,2730-7182,2589-8116,ENVIRONMENTAL STUDIES,ESCI,797,4.6,Q1,2.02,100.00%,43/191,6.3,Q1,4.2,0.4,13/191,Q1,93.46,0.00175,0.3896,1.773,77.7,Q1,25/183,25,100.00%,3.6,5.8,25
Pastoralism-Research Policy and Practice,PASTORALISM,FRONTIERS MEDIA SA,2041-7136,2041-7136,ENVIRONMENTAL STUDIES,ESCI,795,2.9,Q3,0.48,100.00%,96/191,3.2,Q3,2.7,0.2,141/191,Q3,26.44,0.00065,0.14648,0.677,50,Q3,106/183,22,81.82%,6.1,8.5,18
Maritime Studies,MARIT STUD,SPRINGER HEIDELBERG,1872-7859,2212-9790,ENVIRONMENTAL STUDIES,ESCI,775,2.3,Q3,0.54,60.48%,116/191,2.7,Q3,1.8,0.5,125/191,Q3,34.82,0.0009,0.2016,0.633,39.5,Q3,117/183,45,95.56%,4.7,8.7,43
Research in Globalization,RES GLOB,ELSEVIER,2590-051X,2590-051X,ENVIRONMENTAL STUDIES,ESCI,760,3.7,Q2,1.24,98.37%,66/191,,,3.5,1.5,41/191,Q1,78.8,0.00081,0.1803,,65.7,,,80,95.00%,1.9,6.1,76
Transnational Environmental Law,TRANSNATL ENVIRON LA,CAMBRIDGE UNIV PRESS,2572-3170,2047-1033,ENVIRONMENTAL STUDIES,SSCI,715,3.3,Q2,2.21,67.53%,80/191,3.6,Q2,2.7,1.4,9/191,Q1,95.55,0.00101,0.22644,1.182,58.4,Q2,56/183,30,100.00%,4.7,7.6,30
ENVIRONMENTAL ETHICS,ENVIRON ETHICS,ENVIRONMENTAL PHILOSOPHY INC,0163-4275,2153-7895,ENVIRONMENTAL STUDIES,SSCI,708,1.1,Q4,0.33,0.00%,161/191,0.7,Q4,0.9,0.5,161/191,Q4,15.97,0.00022,0.05,0.273,16,Q4,163/183,25,100.00%,22,13.9,25
International Journal of Disaster Resilience in the Built Environment,INT J DISASTER RESIL,EMERALD GROUP PUBLISHING LTD,2639-5916,1759-5916,ENVIRONMENTAL STUDIES,ESCI,686,1.1,Q4,0.24,0.89%,161/191,1.5,Q4,1,0.3,172/191,Q4,10.21,0.00043,0.09595,0.244,16,Q4,165/183,27,88.89%,6,6.5,24
International Journal of Urban Sustainable Development,INT J URBAN SUSTAIN,TAYLOR & FRANCIS LTD,2050-3385,1946-3146,ENVIRONMENTAL STUDIES,ESCI,666,2.4,Q3,0.53,95.89%,111/191,3.5,Q3,2.3,0.6,126/191,Q3,34.29,0.00074,0.16479,0.794,42.1,Q3,94/183,25,92.00%,5.1,7.3,23
Open House International-Sustainable & Smart Architecture and Urban Studies,OPEN HOUSE INT,EMERALD GROUP PUBLISHING LTD,0168-2601,2633-9838,ENVIRONMENTAL STUDIES,SSCI,607,1.6,Q4,1.01,2.19%,148/191,1.3,Q4,1.4,0.4,60/191,Q2,68.85,0.00038,0.0857,0.204,22.8,Q4,169/183,35,94.29%,5.1,6.9,33
Climate Change Economics,CLIM CHANG ECON,WORLD SCIENTIFIC PUBL CO PTE LTD,2405-9188,2010-0086,ENVIRONMENTAL STUDIES,SSCI,606,2.4,Q3,0.89,10.23%,111/191,2.2,Q3,2.3,0.5,76/191,Q2,60.47,0.00047,0.10574,0.51,42.1,Q4,141/183,34,100.00%,6.7,5.9,34
Australasian Journal of Environmental Management,AUSTRALAS J ENV MAN,TAYLOR & FRANCIS LTD,1448-6563,2159-5356,ENVIRONMENTAL STUDIES,SSCI,602,1.5,Q4,0.33,57.75%,151/191,2.1,Q4,1.3,1.2,161/191,Q4,15.97,0.00034,0.07769,0.417,21.2,Q4,150/183,33,93.94%,6.9,6.6,31
Environment and Society-Advances in Research,ENVIRON SOC,BERGHAHN JOURNALS,2398-631X,2150-6787,ENVIRONMENTAL STUDIES,ESCI,591,3.5,Q2,0.5,77.78%,73/191,3.7,Q2,3.5,<0.1,136/191,Q3,29.06,0.00072,0.16023,1.981,62,Q1,20/183,1,100.00%,6.6,5.6,1
Regional Sustainability,REG SUSTAIN,KEAI PUBLISHING LTD,2097-0129,2666-660X,ENVIRONMENTAL STUDIES,ESCI,540,4.6,Q1,0.98,99.04%,43/191,5.1,Q1,4.4,0.4,63/191,Q2,67.28,0.00069,0.15357,0.848,77.7,Q2,87/183,40,92.50%,2.6,5.7,37
Ethics Policy & Environment,ETHICS POLICY ENV,"ROUTLEDGE JOURNALS, TAYLOR & FRANCIS LTD",2155-0085,2155-0093,ENVIRONMENTAL STUDIES,ESCI,521,0.9,Q4,0.31,43.43%,166/191,1.4,Q4,0.7,0.2,167/191,Q4,12.83,0.00059,0.13337,0.52,13.4,Q4,139/183,28,100.00%,7,11.1,28
Environmental Research: Infrastructure and Sustainability,ENVIRON RES-INFRASTR,IOP Publishing Ltd,2634-4505,2634-4505,ENVIRONMENTAL STUDIES,ESCI,518,3.2,Q2,0.51,99.42%,82/191,3.2,Q3,2.8,0.9,132/191,Q3,31.15,0.00085,0.19071,0.748,57.3,Q3,99/183,60,88.33%,2.3,5.3,53
Journal of Environmental Economics and Policy,J ENVIRON ECON POLIC,"ROUTLEDGE JOURNALS, TAYLOR & FRANCIS LTD",1947-2579,2160-6552,ENVIRONMENTAL STUDIES,ESCI,505,1.2,Q4,0.37,19.18%,158/191,2.1,Q4,1.2,0.5,158/191,Q4,17.54,0.00064,0.14286,0.502,17.5,Q4,143/183,13,100.00%,4.7,7.4,13
Journal of Energy & Natural Resources Law,J ENERGY NAT RESO LA,TAYLOR & FRANCIS LTD,2673-611X,2376-4538,ENVIRONMENTAL STUDIES,SSCI,498,2.1,Q3,1.19,33.33%,124/191,2.4,Q3,1.8,0.5,45/191,Q1,76.7,0.00049,0.10923,0.586,35.3,Q3,124/183,24,100.00%,5.1,5.9,24
Nature + Culture,NAT CULT,BERGHAHN JOURNALS,2381-4683,1558-5468,ENVIRONMENTAL STUDIES,SSCI,484,0.6,Q4,0.14,0.00%,174/191,0.9,Q4,0.6,0.1,180/191,Q4,6.02,0.00019,0.04334,0.324,9.2,Q4,156/183,14,92.86%,11.2,9.7,13
ENVIRONMENT AND HISTORY,ENVIRON HIST-UK,WHITE HORSE PRESS,2373-7492,1752-7023,ENVIRONMENTAL STUDIES,SSCI,482,0.6,Q4,1.36,7.59%,174/191,1,Q4,0.6,0.6,37/191,Q1,80.89,0.00056,0.12566,0.616,9.2,Q3,121/183,27,96.30%,10.1,24.1,26
City and Environment Interactions,CITY ENVIRON INTERAC,ELSEVIER,2590-2520,2590-2520,ENVIRONMENTAL STUDIES,ESCI,475,3.8,Q2,0.77,98.04%,62/191,3.9,Q2,3.5,1,86/191,Q2,55.24,0.00066,0.14746,0.769,67.8,Q3,97/183,49,91.84%,2.9,5.8,45
Water Resources and Economics,WATER RESOUR ECON,ELSEVIER,2564-1891,2212-4284,ENVIRONMENTAL STUDIES,SSCI,463,1.9,Q3,0.53,35.00%,133/191,2.4,Q3,1.9,0.4,126/191,Q3,34.29,0.00044,0.10001,0.537,30.6,Q3,135/183,18,100.00%,5.2,7.6,18
NATURAL RESOURCES JOURNAL,NAT RESOUR J,"UNIV NEW MEXICO, SCH LAW",2368-7460,0028-0739,ENVIRONMENTAL STUDIES,SSCI,446,0.9,Q4,0.5,0.00%,166/191,1.2,Q4,0.7,0.1,136/191,Q3,29.06,0.00016,0.03757,0.396,13.4,Q4,153/183,10,100.00%,21.6,9,10
Desenvolvimento e Meio Ambiente,DESENVOLV MEIO AMBIE,"UNIV FEDERAL PARANA, EDITORA",2192-4007,2176-9109,ENVIRONMENTAL STUDIES,ESCI,445,0.2,Q4,0.05,92.23%,185/191,0.4,Q4,0.2,0.1,185/191,Q4,3.4,0.00038,0.08515,0.139,3.4,Q4,173/183,42,95.24%,7.1,9.6,40
Economics of Energy & Environmental Policy,ECON ENERGY ENV POL,INT ASSOC ENERGY ECONOMICS,2688-8319,2160-5890,ENVIRONMENTAL STUDIES,SSCI,407,1.2,Q4,0.35,9.09%,158/191,1.6,Q4,0.9,0.4,160/191,Q4,16.49,0.00032,0.07126,0.401,17.5,Q4,152/183,19,94.74%,7.4,6.3,18
Asia-Pacific Journal of Regional Science,ASIA-PAC J REG SCI,SPRINGERNATURE,2509-7946,2509-7954,ENVIRONMENTAL STUDIES,ESCI,391,1.7,Q3,0.47,9.63%,142/191,1.6,Q4,1.6,0.1,144/191,Q4,24.87,0.00051,0.11491,0.294,25.9,Q4,160/183,41,100.00%,3.2,6.1,41
International Journal of Environment and Sustainable Development,INT J ENVIRON SUSTAI,INDERSCIENCE ENTERPRISES LTD,2590-2296,1478-7466,ENVIRONMENTAL STUDIES,ESCI,382,0.9,Q4,0.16,1.33%,166/191,1.1,Q4,0.8,0.4,178/191,Q4,7.07,0.00014,0.03251,0.158,13.4,Q4,172/183,25,100.00%,8.3,7.5,25
Polar Journal,POLAR J-UK,TAYLOR & FRANCIS LTD,2976-5390,2154-8978,ENVIRONMENTAL STUDIES,ESCI,378,1.8,Q3,0.71,48.44%,141/191,,,1.6,0.9,99/191,Q3,48.43,0.0003,0.0684,,26.4,,,28,100.00%,6,8.9,28
Environment and Urbanization ASIA,ENVIRON URBAN ASIA,SAGE PUBLICATIONS LTD,0975-4253,0976-3546,ENVIRONMENTAL STUDIES,ESCI,377,0.9,Q4,0.28,4.69%,166/191,1.8,Q4,0.8,0.2,169/191,Q4,11.78,0.00029,0.06574,0.331,13.4,Q4,155/183,19,100.00%,5.7,8.9,19
Forests Trees and Livelihoods,FOR TREES LIVELIHOOD,TAYLOR & FRANCIS LTD,2692-4366,2164-3075,ENVIRONMENTAL STUDIES,ESCI,376,1.7,Q3,0.45,18.97%,142/191,1.6,Q4,1.7,0.2,147/191,Q4,23.3,0.0002,0.04632,0.277,25.9,Q4,162/183,23,82.61%,7.3,8.2,19
Geografisk Tidsskrift-Danish Journal of Geography,GEOGR TIDSSKR-DEN,ROYAL DANISH GEOGRAPHICAL SOC,2603-6479,1903-2471,ENVIRONMENTAL STUDIES,SSCI,361,1.1,Q4,0.28,0.00%,161/191,1.6,Q4,1.1,<0.1,169/191,Q4,11.78,0.00012,0.02793,0.324,16,Q4,156/183,7,100.00%,9.8,9.3,7
Economics and Environment,ECON ENVIRON-POL,FUNDACJA EKONOMISTOW SRODOWISKA & ZASOBOW NATURALNYCH,2957-0387,2957-0395,ENVIRONMENTAL STUDIES,ESCI,354,1,Q4,0.18,76.00%,165/191,0.8,Q4,0.7,0.3,176/191,Q4,8.12,0.00019,0.04302,0.085,13.9,Q4,177/183,137,99.27%,2.6,5.9,136
ECOLOGY LAW QUARTERLY,ECOL LAW QUART,"UNIV CALIFORNIA, BERKELEY SCH LAW",0046-1121,0046-1121,ENVIRONMENTAL STUDIES,SSCI,352,0.3,Q4,0.21,0.00%,183/191,0.8,Q4,0.3,0.2,174/191,Q4,9.16,0.00034,0.07673,0.303,4.5,Q4,159/183,5,100.00%,11,5.4,5
Journal of Human Rights and the Environment,J HUM RIGHTS ENVIRON,EDWARD ELGAR PUBLISHING LTD,1759-7188,1759-7196,ENVIRONMENTAL STUDIES,ESCI,344,3.5,Q2,2.11,2.56%,73/191,,,3.4,0.4,10/191,Q1,95.03,0.00057,0.12898,,62,,,9,100.00%,4.4,7.9,9
Problemy Ekorozwoju,PROBL EKOROZW,POLITECHNIKA LUBELSKA,1895-6912,2080-1971,ENVIRONMENTAL STUDIES,SSCI,344,1.1,Q4,0.29,70.97%,161/191,0.8,Q4,0.9,0.6,168/191,Q4,12.3,0.00019,0.04234,0.1,16,Q4,175/183,51,100.00%,3.7,5,51
PLOS Sustainability and Transformation,PLOS SUSTAIN TRANSF,PUBLIC LIBRARY SCIENCE,2767-3197,2767-3197,ENVIRONMENTAL STUDIES,ESCI,323,4.6,Q1,0.74,99.01%,43/191,4.6,Q2,4.5,0.5,95/191,Q2,50.52,0.00059,0.13185,1.119,77.7,Q2,60/183,34,91.18%,2.1,7.2,31
Environmental & Socio-Economic Studies,ENVIRON SOCIO-ECON S,SCIENDO,2354-0079,2354-0079,ENVIRONMENTAL STUDIES,ESCI,269,1.2,Q4,0.21,93.24%,158/191,1.4,Q4,1,0.1,174/191,Q4,9.16,0.00022,0.0506,0.232,17.5,Q4,167/183,25,100.00%,5,7,25
Water Economics and Policy,WATER ECON POLICY,WORLD SCIENTIFIC PUBL CO PTE LTD,2817-1705,2382-6258,ENVIRONMENTAL STUDIES,SSCI,250,1.3,Q4,0.32,5.00%,155/191,1.2,Q4,1.2,0.3,165/191,Q4,13.87,0.00024,0.05419,0.241,19.1,Q4,166/183,22,90.91%,4.6,7.5,20
INTERNATIONAL JOURNAL OF GLOBAL ENERGY ISSUES,INT J GLOBAL ENERGY,INDERSCIENCE ENTERPRISES LTD,0954-7118,1741-5128,ENVIRONMENTAL STUDIES,ESCI,236,0.6,Q4,0.13,0.00%,174/191,0.6,Q4,0.6,0.1,181/191,Q4,5.5,0.00009,0.02091,0.087,9.2,Q4,176/183,39,100.00%,9.4,5.7,39
Psyecology-Bilingual Journal of Environmental Psychology-Revista Bilingue de Psicologia Ambiental,PSYECOLOGY,SAGE PUBLICATIONS INC,2171-1976,1989-9386,ENVIRONMENTAL STUDIES,ESCI,183,0.8,Q4,0.24,21.21%,170/191,1,Q4,0.7,0.1,172/191,Q4,10.21,0.00012,0.02733,0.222,11.3,Q4,168/183,8,100.00%,7.8,12.3,8
Environmental Economics,ENVIRON ECON,LLC CPC BUSINESS PERSPECTIVES,2534-9708,1998-605X,ENVIRONMENTAL STUDIES,ESCI,173,1.3,Q4,0.37,100.00%,155/191,,,1,0.4,158/191,Q4,17.54,0.00006,0.01511,,19.1,,,32,96.88%,5.9,4.9,31
Climate Law,CLIM LAW,BRILL,1878-6553,1878-6561,ENVIRONMENTAL STUDIES,ESCI,167,0.6,Q4,0.59,41.38%,174/191,,,0.5,0.5,116/191,Q3,39.53,0.00015,0.03347,,9.2,,,11,100.00%,7.4,5,11
Case Studies in the Environment,CASE STUD ENVIRON,UNIV CALIFORNIA PRESS,2367-8194,2473-9510,ENVIRONMENTAL STUDIES,ESCI,144,0.6,Q4,0.27,0.00%,174/191,0.7,Q4,0.6,0.2,171/191,Q4,10.73,0.00021,0.0468,0.164,9.2,Q4,171/183,13,100.00%,3.9,8.4,13
Revista Brasileira de Ciencias Ambientais,REV BRAS CIENC AMBIE,ASSOCIACAO BRASILEIRA DE ENGENHARIA SANITARIA E AMBIENTAL,1808-4524,2176-9478,ENVIRONMENTAL STUDIES,ESCI,141,0.5,Q4,0.1,100.00%,180/191,,,0.3,0.1,184/191,Q4,3.93,0.00012,0.02781,,6,,,65,93.85%,3.3,5,61
Consumption and Society,CONSUM SOC,BRISTOL UNIV PRESS & POLICY PRESS,2752-8499,2752-8499,ENVIRONMENTAL STUDIES,ESCI,139,3,Q2,1.04,24.56%,93/191,3,Q3,2.4,1.5,57/191,Q2,70.42,0.00025,0.05679,0.897,51.6,Q2,78/183,21,100.00%,2,7.9,21
Ocean Yearbook,OCEAN YEARB,BRILL,0191-8575,2211-6001,ENVIRONMENTAL STUDIES,ESCI,137,0.6,Q4,0.12,10.71%,174/191,0.5,Q4,0.6,<0.1,182/191,Q4,4.97,0.00015,0.03552,0.194,9.2,Q4,170/183,16,100.00%,9.1,8,16
Revista de Estudios Regionales,REV ESTUD REG,ASOC UNIV PUBLICAS ANDALUCIA-AUPA,2672-7080,0213-7585,ENVIRONMENTAL STUDIES,ESCI,133,0.3,Q4,0.02,0.00%,183/191,0.3,Q4,0.2,0.1,188/191,Q4,1.83,0.00001,0.00438,0.025,4.5,Q4,182/183,23,100.00%,9.9,11.5,23
Global Environment,GLOB ENVIRON,WHITE HORSE PRESS,1973-3739,2053-7352,ENVIRONMENTAL STUDIES,ESCI,132,0.4,Q4,0.57,32.26%,181/191,0.5,Q4,0.4,0.1,121/191,Q3,36.91,0.00018,0.0416,0.254,5.5,Q4,164/183,24,100.00%,7.4,14.6,24
Revista Eletronica em Gestao Educacao e Tecnologia Ambiental,REV ELECTRON GEST ED,UNIV FEDERAL SANTA MARIA,1989-9882,2236-1170,ENVIRONMENTAL STUDIES,ESCI,124,0.2,Q4,0.03,93.55%,185/191,0.4,Q4,0.2,<0.1,186/191,Q4,2.88,0.00005,0.01205,0.072,3.4,Q4,178/183,4,100.00%,9.1,7.1,4
Global Social Challenges Journal,GLOB SOC CHALL J,BRISTOL UNIV PRESS & POLICY PRESS,2752-3349,2752-3349,ENVIRONMENTAL STUDIES,ESCI,123,3.6,Q2,1.38,90.00%,70/191,3.6,Q2,3.4,1,35/191,Q1,81.94,0.00034,0.07713,1.625,63.6,Q1,33/183,23,100.00%,1.5,6.8,23
Oxford Open Energy,OXF OPEN ENERGY,OXFORD UNIV PRESS,2752-5082,2752-5082,ENVIRONMENTAL STUDIES,ESCI,117,3.4,Q2,0.59,97.87%,77/191,3.4,Q3,2.8,0.5,116/191,Q3,39.53,0.00021,0.04859,0.864,59.9,Q2,82/183,15,100.00%,2,4.4,15
Trumpeter-Journal of Ecosophy,TRUMPETER,ATHABASCA UNIV PRESS,2376-6808,0832-6193,ENVIRONMENTAL STUDIES,ESCI,81,0.1,Q4,0.01,0.00%,189/191,0.1,Q4,0.1,<0.1,190/191,Q4,0.79,0,0.00155,0.034,1.3,Q4,181/183,4,100.00%,,11.3,4
Sustainability and Climate Change,SUSTAIN CLIM CHANGE,"MARY ANN LIEBERT, INC",2236-3777,2692-2932,ENVIRONMENTAL STUDIES,ESCI,79,0.8,Q4,0.12,1.14%,170/191,,,0.7,0.1,182/191,Q4,4.97,0.00011,0.02599,,11.3,,,26,96.15%,,6.7,25
Chinese Journal of Environmental Law,CHINESE J ENV LAW,BRILL,2468-6034,2468-6042,ENVIRONMENTAL STUDIES,ESCI,69,0.8,Q4,0.47,33.33%,170/191,1,Q4,0.8,0.1,144/191,Q4,24.87,0.00017,0.03916,0.391,11.3,Q4,154/183,12,100.00%,,6.5,12
Asia Pacific Journal of Environmental Law,ASIA PAC J ENVIRON,EDWARD ELGAR PUBLISHING LTD,1385-2140,1875-8258,ENVIRONMENTAL STUDIES,ESCI,69,0.2,Q4,0.16,3.45%,185/191,0.6,Q4,0.2,<0.1,178/191,Q4,7.07,0.00004,0.01047,0.119,3.4,Q4,174/183,9,100.00%,,9.2,9
Letras Verdes,LET VERDES,"FAC LATINOAMERICANA CIENCIAS SOCIALES-FLACSO, ECUADOR",2673-4133,1390-6631,ENVIRONMENTAL STUDIES,ESCI,53,0.2,Q4,0.03,100.00%,185/191,0.3,Q4,0.2,<0.1,186/191,Q4,2.88,0.00004,0.01101,0.071,3.4,Q4,179/183,17,100.00%,,9.1,17
Observatorio Medioambiental,OBS MEDIOAMBIENT,"UNIV COMPLUTENSE MADRID, SERVICIO PUBLICACIONES",2673-7159,1988-3277,ENVIRONMENTAL STUDIES,ESCI,36,0.1,Q4,0.02,97.22%,189/191,0.2,Q4,0.1,<0.1,188/191,Q4,1.83,0,0.0022,0.021,1.3,Q4,183/183,12,100.00%,,12,12
M+A-Revista Electronica de Medio Ambiente,M A-REV ELECTRON MED,"UNIV COMPLUTENSE MADRID, SERVICIO PUBLICACIONES",1886-3329,1886-3329,ENVIRONMENTAL STUDIES,ESCI,14,0.1,Q4,0.01,0.00%,189/191,0.1,Q4,0.1,<0.1,190/191,Q4,0.79,0.00002,0.00565,0.054,1.3,Q4,180/183,4,75.00%,,5.1,3
JOURNAL OF MEDICAL INTERNET RESEARCH,J MED INTERNET RES,"JMIR PUBLICATIONS, INC",2227-9032,,HEALTH CARE SCIENCES & SERVICES,SCIE,50249,6,Q1,1.58,97.83%,12/185,6.9,Q1,5.6,0.8,16/185,Q1,91.62,0.06742,15.00204,1.757,93.8,Q1,23/169,950,80.63%,4.5,5.6,766
JOURNAL OF CLINICAL EPIDEMIOLOGY,J CLIN EPIDEMIOL,ELSEVIER SCIENCE INC,0895-4356,1878-5921,HEALTH CARE SCIENCES & SERVICES,SCIE,43370,5.2,Q1,1.84,37.44%,15/185,7.5,Q1,4.7,1,12/185,Q1,93.78,0.0267,5.94292,3.07,92.2,Q1,6/169,209,81.82%,13.6,6.4,171
BMC HEALTH SERVICES RESEARCH,BMC HEALTH SERV RES,BMC,1999-4907,1472-6963,HEALTH CARE SCIENCES & SERVICES,SCIE,42261,3,Q2,0.99,99.72%,55/185,3.4,Q2,2.8,0.4,53/185,Q2,71.62,0.04775,10.62526,0.939,70.5,Q2,70/169,1644,96.53%,5.6,6.5,1587
JOURNAL OF GENERAL INTERNAL MEDICINE,J GEN INTERN MED,SPRINGER,1478-4491,1525-1497,HEALTH CARE SCIENCES & SERVICES,SCIE,32058,4.2,Q1,1.34,27.74%,25/185,5.4,Q1,3.9,0.5,23/185,Q1,87.84,0.03908,8.69694,2.216,86.8,Q1,12/169,472,91.74%,9.4,6.1,433
BMC Medical Research Methodology,BMC MED RES METHODOL,BMC,1471-2288,1471-2288,HEALTH CARE SCIENCES & SERVICES,SCIE,27987,3.4,Q1,1.19,99.46%,37/185,5.2,Q1,3.3,0.5,30/185,Q1,84.05,0.02213,4.92442,1.971,80.3,Q1,20/169,316,97.78%,9.6,8.1,309
Healthcare,HEALTHCARE-BASEL,MDPI,2227-9032,2227-9032,HEALTH CARE SCIENCES & SERVICES,SCIE,25262,2.7,Q2,0.95,99.98%,64/185,2.8,Q2,2.5,0.5,58/185,Q2,68.92,0.03851,8.56866,0.598,65.7,Q3,118/169,2569,81.51%,2.4,6.5,2094
SUPPORTIVE CARE IN CANCER,SUPPORT CARE CANCER,SPRINGER,1477-7525,1433-7339,HEALTH CARE SCIENCES & SERVICES,SCIE,23978,3,Q2,0.99,32.84%,55/185,3.4,Q2,2.7,0.7,53/185,Q2,71.62,0.02803,6.23813,0.987,70.5,Q2,64/169,783,83.27%,5.5,6.7,652
ACADEMIC MEDICINE,ACAD MED,LIPPINCOTT WILLIAMS & WILKINS,1040-2446,1938-808X,HEALTH CARE SCIENCES & SERVICES,SCIE,23675,5.2,Q1,1.88,10.54%,15/185,6.5,Q1,4.6,1.7,10/185,Q1,94.86,0.01896,4.21928,2.197,92.2,Q1,14/169,252,99.60%,9.5,7,251
QUALITY OF LIFE RESEARCH,QUAL LIFE RES,SPRINGER,0962-9343,1573-2649,HEALTH CARE SCIENCES & SERVICES,SCIE,21932,2.7,Q2,1.02,51.88%,64/185,4.1,Q1,2.5,0.6,46/185,Q1,75.41,0.01561,3.47498,1.326,65.7,Q1,38/169,273,89.01%,9.5,7.6,243
Implementation Science,IMPLEMENT SCI,BMC,1748-5908,1748-5908,HEALTH CARE SCIENCES & SERVICES,SCIE,19965,13.4,Q1,3.11,100.00%,2/185,11.7,Q1,12.7,1.9,3/185,Q1,98.65,0.01348,2.99977,3.94,99.2,Q1,5/169,73,76.71%,9.2,6.8,56
MEDICAL CARE,MED CARE,LIPPINCOTT WILLIAMS & WILKINS,2073-445X,1537-1948,HEALTH CARE SCIENCES & SERVICES,SCIE,19537,2.8,Q2,1.04,15.79%,62/185,3.4,Q2,2.8,0.7,43/185,Q1,77.03,0.00958,2.13335,1.503,66.8,Q1,27/169,123,100.00%,17.8,6.7,123
HEALTH AFFAIRS,HEALTH AFFAIR,PROJECT HOPE,1542-4278,0278-2715,HEALTH CARE SCIENCES & SERVICES,SCIE,19277,8.1,Q1,2.82,23.49%,5/185,7.8,Q1,7.9,1.5,4/185,Q1,98.11,0.03136,6.97954,4.131,97.6,Q1,4/169,162,99.38%,7.6,4.5,161
JOURNAL OF THE AMERICAN MEDICAL INFORMATICS ASSOCIATION,J AM MED INFORM ASSN,OXFORD UNIV PRESS,1520-6688,1527-974X,HEALTH CARE SCIENCES & SERVICES,SCIE,16125,4.6,Q1,1.24,35.50%,20/185,5.9,Q1,4.2,1.8,28/185,Q1,85.14,0.02033,4.52357,2.029,89.5,Q1,18/169,279,92.11%,6.1,5.1,257
JOURNAL OF PAIN AND SYMPTOM MANAGEMENT,J PAIN SYMPTOM MANAG,ELSEVIER SCIENCE INC,0885-3924,1873-6513,HEALTH CARE SCIENCES & SERVICES,SCIE,15393,3.5,Q1,1.05,14.66%,36/185,3.9,Q2,3.2,0.9,40/185,Q1,78.65,0.0125,2.78125,1.242,80.8,Q1,41/169,228,83.77%,8.3,7.1,191
VALUE IN HEALTH,VALUE HEALTH,ELSEVIER SCIENCE INC,2193-7532,1524-4733,HEALTH CARE SCIENCES & SERVICES,SCIE,14950,6,Q1,1.5,40.34%,12/185,5.7,Q1,5.5,1.4,17/185,Q1,91.08,0.01598,3.55667,2.116,93.8,Q1,15/169,179,87.71%,7.7,7.7,157
Health and Quality of Life Outcomes,HEALTH QUAL LIFE OUT,BMC,1477-7525,1477-7525,HEALTH CARE SCIENCES & SERVICES,SCIE,14917,3.4,Q1,1.17,100.00%,37/185,4.3,Q1,3.3,0.5,32/185,Q1,82.97,0.01066,2.37368,1.216,80.3,Q2,44/169,111,88.29%,9.1,7.7,98
npj Digital Medicine,NPJ DIGIT MED,NATURE PORTFOLIO,2214-594X,2398-6352,HEALTH CARE SCIENCES & SERVICES,SCIE,14912,15.1,Q1,3.55,99.86%,1/185,17,Q1,14.5,2.5,2/185,Q1,99.19,0.03449,7.67607,5.707,99.7,Q1,2/169,354,81.64%,3.4,4.7,289
MEDICAL TEACHER,MED TEACH,TAYLOR & FRANCIS LTD,2624-893X,1466-187X,HEALTH CARE SCIENCES & SERVICES,SCIE,14323,4.4,Q1,1.44,26.71%,23/185,5.3,Q1,3.9,1,20/185,Q1,89.46,0.0112,2.49397,1.479,87.8,Q1,29/169,279,98.21%,8.5,6.5,274
JMIR mHealth and uHealth,JMIR MHEALTH UHEALTH,"JMIR PUBLICATIONS, INC",2291-5222,2291-5222,HEALTH CARE SCIENCES & SERVICES,SCIE,14041,6.2,Q1,1.31,97.97%,10/185,6.1,Q1,5.9,0.9,25/185,Q1,86.76,0.01999,4.44904,1.565,94.9,Q1,25/169,176,82.95%,4.8,6.1,146
MEDICAL EDUCATION,MED EDUC,WILEY,0308-0110,1365-2923,HEALTH CARE SCIENCES & SERVICES,SCIE,12989,5.2,Q1,1.63,60.34%,15/185,6.8,Q1,4.3,1.8,14/185,Q1,92.7,0.00867,1.93105,2.112,92.2,Q1,16/169,102,62.75%,10.9,7.1,64
INTERNATIONAL JOURNAL OF MEDICAL INFORMATICS,INT J MED INFORM,ELSEVIER IRELAND LTD,1386-5056,1872-8243,HEALTH CARE SCIENCES & SERVICES,SCIE,10547,4.1,Q1,1.01,41.46%,26/185,4.9,Q1,3.9,0.6,47/185,Q2,74.86,0.01017,2.26373,1.155,86.2,Q2,52/169,319,85.89%,5.7,5.1,274
HEALTH SERVICES RESEARCH,HEALTH SERV RES,WILEY,0017-9124,1475-6773,HEALTH CARE SCIENCES & SERVICES,SCIE,10117,3.2,Q2,1.1,44.92%,48/185,4.1,Q1,3,0.5,35/185,Q1,81.35,0.01138,2.53404,2.038,74.3,Q1,17/169,134,100.00%,11.2,6.5,134
INTERNATIONAL JOURNAL FOR QUALITY IN HEALTH CARE,INT J QUAL HEALTH C,OXFORD UNIV PRESS,2035-5556,1464-3677,HEALTH CARE SCIENCES & SERVICES,SCIE,9542,2.2,Q2,0.7,40.85%,90/185,2.4,Q3,2.1,0.5,93/185,Q3,50,0.00319,0.71097,0.685,51.6,Q3,96/169,84,85.71%,17.2,6.3,72
HEALTH POLICY,HEALTH POLICY,ELSEVIER IRELAND LTD,1478-4491,1872-6054,HEALTH CARE SCIENCES & SERVICES,SCIE,8608,3.4,Q1,1.3,57.17%,37/185,3.3,Q2,3.2,0.8,26/185,Q1,86.22,0.00672,1.49723,1.028,80.3,Q2,60/169,139,85.61%,9.1,6.7,119
JOURNAL OF HEALTH ECONOMICS,J HEALTH ECON,ELSEVIER,2413-8851,1879-1646,HEALTH CARE SCIENCES & SERVICES,SCIE,8558,3.6,Q1,1.27,38.06%,35/185,4.1,Q1,3.4,0.6,27/185,Q1,85.68,0.00798,1.77626,2.211,81.4,Q1,13/169,68,100.00%,11.4,8.2,68
STATISTICAL METHODS IN MEDICAL RESEARCH,STAT METHODS MED RES,SAGE PUBLICATIONS LTD,0962-2802,1477-0334,HEALTH CARE SCIENCES & SERVICES,SCIE,8483,1.9,Q3,0.65,26.58%,110/185,2.5,Q3,1.8,0.3,107/185,Q3,42.43,0.00918,2.04476,1.229,40.8,Q2,43/169,131,93.89%,7.6,11.5,123
PALLIATIVE MEDICINE,PALLIATIVE MED,SAGE PUBLICATIONS LTD,0269-2163,1477-030X,HEALTH CARE SCIENCES & SERVICES,SCIE,8037,3.9,Q1,1.05,53.68%,31/185,4.7,Q1,3.5,1.4,40/185,Q1,78.65,0.00717,1.59695,1.399,83.5,Q1,35/169,100,75.00%,7.1,6.8,75
JOURNAL OF MEDICAL SYSTEMS,J MED SYST,SPRINGER,0148-5598,1573-689X,HEALTH CARE SCIENCES & SERVICES,SCIE,7887,5.7,Q1,1.48,38.36%,14/185,4.4,Q1,5.6,2.2,19/185,Q1,90,0.00626,1.39381,0.988,92.7,Q2,63/169,87,75.86%,6.2,4.7,66
HEALTH EXPECTATIONS,HEALTH EXPECT,WILEY,1369-6513,1369-7625,HEALTH CARE SCIENCES & SERVICES,SCIE,7565,3.2,Q2,0.99,81.81%,48/185,3.9,Q2,2.8,0.5,53/185,Q2,71.62,0.00949,2.11234,1.182,74.3,Q2,49/169,356,89.04%,5.4,6.1,317
BMJ Quality & Safety,BMJ QUAL SAF,BMJ PUBLISHING GROUP,2056-6085,2044-5423,HEALTH CARE SCIENCES & SERVICES,SCIE,7550,6.5,Q1,1.8,45.70%,9/185,6.7,Q1,6.1,1,13/185,Q1,93.24,0.00856,1.90473,2.462,95.4,Q1,10/169,69,92.75%,7.3,6.8,64
JOURNAL OF PALLIATIVE MEDICINE,J PALLIAT MED,"MARY ANN LIEBERT, INC",2673-2726,1557-7740,HEALTH CARE SCIENCES & SERVICES,SCIE,7405,2.1,Q3,0.65,3.32%,99/185,2.5,Q3,1.9,0.3,107/185,Q3,42.43,0.00714,1.58959,0.838,46.8,Q2,79/169,229,91.27%,7.3,7.1,209
HEALTH ECONOMICS,HEALTH ECON,WILEY,1057-9230,1099-1050,HEALTH CARE SCIENCES & SERVICES,SCIE,7354,2.4,Q2,0.78,43.48%,78/185,2.5,Q3,2.3,0.3,80/185,Q2,57.03,0.0069,1.53627,1.163,58.1,Q2,51/169,120,100.00%,10,8.5,120
PHARMACOECONOMICS,PHARMACOECONOMICS,ADIS INT LTD,1179-1594,1179-2027,HEALTH CARE SCIENCES & SERVICES,SCIE,7336,4.6,Q1,1.32,67.01%,20/185,5.1,Q1,4,0.6,24/185,Q1,87.3,0.00752,1.67401,1.852,89.5,Q1,21/169,103,80.58%,8.1,6.2,83
HEALTH POLICY AND PLANNING,HEALTH POLICY PLANN,OXFORD UNIV PRESS,2624-9634,1460-2237,HEALTH CARE SCIENCES & SERVICES,SCIE,6770,3.1,Q2,1,75.47%,51/185,3.8,Q2,2.8,0.7,49/185,Q2,73.78,0.00586,1.30397,1.2,72.7,Q2,46/169,124,89.52%,7.8,6.9,111
Telemedicine and e-Health,TELEMED E-HEALTH,"MARY ANN LIEBERT, INC",2322-5939,1556-3669,HEALTH CARE SCIENCES & SERVICES,SCIE,6460,2,Q3,0.81,5.24%,106/185,2.9,Q2,1.8,0.3,74/185,Q2,60.27,0.00691,1.53833,0.803,43,Q2,81/169,220,86.82%,5.9,4.5,191
MEDICAL DECISION MAKING,MED DECIS MAKING,SAGE PUBLICATIONS INC,0272-989X,1552-681X,HEALTH CARE SCIENCES & SERVICES,SCIE,6425,2.3,Q2,0.88,42.79%,82/185,3.6,Q2,2.1,0.4,66/185,Q2,64.59,0.00471,1.04833,1.41,55.9,Q1,34/169,77,93.51%,11.5,8.3,72
JOURNAL OF EVALUATION IN CLINICAL PRACTICE,J EVAL CLIN PRACT,WILEY,2300-1682,1365-2753,HEALTH CARE SCIENCES & SERVICES,SCIE,5813,2.1,Q3,0.6,42.05%,99/185,2.3,Q3,1.9,0.3,115/185,Q3,38.11,0.00441,0.98134,0.702,46.8,Q3,94/169,246,86.99%,8.8,6.6,214
Lancet Regional Health-Europe,LANCET REG HEALTH-EU,ELSEVIER,2297-900X,2666-7762,HEALTH CARE SCIENCES & SERVICES,SCIE,5685,13,Q1,4.7,90.93%,3/185,12.5,Q1,12.7,3.6,1/185,Q1,99.73,0.01523,3.39026,4.857,98.6,Q1,3/169,201,93.53%,2.2,5,188
JMIR Formative Research,JMIR FORM RES,"JMIR PUBLICATIONS, INC",2561-326X,2561-326X,HEALTH CARE SCIENCES & SERVICES,ESCI,5618,2.1,Q3,0.66,98.41%,99/185,,,2,0.5,103/185,Q3,44.59,0.01131,2.5176,,46.8,,,566,99.47%,2.6,6.5,563
HEALTH TECHNOLOGY ASSESSMENT,HEALTH TECHNOL ASSES,NIHR JOURNALS LIBRARY,2666-7193,2046-4924,HEALTH CARE SCIENCES & SERVICES,SCIE,5611,4,Q1,0.93,99.39%,30/185,4.4,Q1,3.9,0.5,61/185,Q2,67.3,0.00372,0.82857,1.566,84.1,Q1,24/169,80,81.25%,9.9,9,65
JOURNAL OF TELEMEDICINE AND TELECARE,J TELEMED TELECARE,SAGE PUBLICATIONS LTD,1357-633X,1758-1109,HEALTH CARE SCIENCES & SERVICES,SCIE,5497,3.2,Q2,1.07,11.66%,48/185,4.2,Q1,3,0.6,39/185,Q1,79.19,0.0055,1.22419,1.14,74.3,Q2,55/169,72,98.61%,6.3,5,71
BMC Palliative Care,BMC PALLIAT CARE,BMC,1472-684X,1472-684X,HEALTH CARE SCIENCES & SERVICES,SCIE,5229,3,Q2,1.01,100.00%,55/185,3.6,Q2,2.7,0.6,47/185,Q2,74.86,0.00683,1.52072,0.957,70.5,Q2,68/169,288,98.96%,4.6,6.9,285
Journal of Multidisciplinary Healthcare,J MULTIDISCIP HEALTH,DOVE MEDICAL PRESS LTD,1178-2390,1178-2390,HEALTH CARE SCIENCES & SERVICES,SCIE,5192,2.4,Q2,0.84,99.53%,78/185,2.8,Q2,2.3,0.5,72/185,Q2,61.35,0.00608,1.3528,0.636,58.1,Q3,111/169,471,81.74%,3.9,5.6,385
JMIR Research Protocols,JMIR RES PROTOC,"JMIR PUBLICATIONS, INC",1929-0748,1929-0748,HEALTH CARE SCIENCES & SERVICES,ESCI,5034,1.5,Q3,0.47,97.74%,133/185,1.5,Q4,1.4,0.3,141/185,Q4,24.05,0.00884,1.96732,0.46,28.4,Q4,133/169,612,87.91%,3.9,8,538
Digital Health,DIGIT HEALTH,SAGE PUBLICATIONS LTD,2055-2076,2055-2076,HEALTH CARE SCIENCES & SERVICES,SCIE,5009,3.3,Q1,1,96.10%,42/185,3.7,Q2,3,0.5,49/185,Q2,73.78,0.00846,1.88286,0.929,77.6,Q2,71/169,755,85.43%,2.3,5.5,645
AMERICAN JOURNAL OF MANAGED CARE,AM J MANAG CARE,MANAGED CARE & HEALTHCARE COMMUNICATIONS LLC,2393-6401,,HEALTH CARE SCIENCES & SERVICES,SCIE,4972,2.1,Q3,0.67,0.00%,99/185,2.6,Q3,2,0.4,98/185,Q3,47.3,0.00535,1.19128,1.022,46.8,Q2,61/169,117,98.29%,8.1,5.1,115
EUROPEAN JOURNAL OF CANCER CARE,EUR J CANCER CARE,WILEY,2351-9894,1365-2354,HEALTH CARE SCIENCES & SERVICES,SCIE,4882,1.9,Q3,0.66,72.32%,110/185,2.5,Q3,1.9,0.2,103/185,Q3,44.59,0.00459,1.02204,0.717,40.8,Q3,91/169,47,82.98%,6.7,6,39
Lancet Regional Health-Western Pacific,LANCET REG HEALTH-W,ELSEVIER,2666-6065,2666-6065,HEALTH CARE SCIENCES & SERVICES,SCIE,4649,8.1,Q1,2.48,75.39%,5/185,7.7,Q1,7.8,1.8,6/185,Q1,97.03,0.0114,2.537,2.577,97.6,Q1,9/169,196,91.33%,2.3,5.3,179
MILBANK QUARTERLY,MILBANK Q,WILEY,0887-378X,1468-0009,HEALTH CARE SCIENCES & SERVICES,SCIE,4614,4.1,Q1,2.03,40.00%,26/185,5.6,Q1,4,1.1,9/185,Q1,95.41,0.0051,1.13529,2.583,86.2,Q1,8/169,34,100.00%,11.8,6.4,34
Journal of Interprofessional Care,J INTERPROF CARE,TAYLOR & FRANCIS INC,1356-1820,1469-9567,HEALTH CARE SCIENCES & SERVICES,SCIE,4525,2.6,Q2,0.65,39.80%,70/185,2.9,Q2,2.2,0.2,107/185,Q3,42.43,0.0037,0.82379,0.68,62.4,Q3,97/169,83,93.98%,6.7,8.2,78
ADVANCES IN HEALTH SCIENCES EDUCATION,ADV HEALTH SCI EDUC,SPRINGER,2664-3731,1573-1677,HEALTH CARE SCIENCES & SERVICES,SCIE,4404,3.3,Q1,1.19,53.79%,42/185,4,Q1,3.1,0.5,30/185,Q1,84.05,0.00394,0.87788,1.236,77.6,Q1,42/169,83,81.93%,8.2,8,68
Therapeutics and Clinical Risk Management,THER CLIN RISK MANAG,DOVE MEDICAL PRESS LTD,1178-203X,1178-203X,HEALTH CARE SCIENCES & SERVICES,SCIE,4327,2.2,Q2,0.65,100.00%,90/185,2.5,Q3,2.2,0.4,107/185,Q3,42.43,0.00306,0.68098,0.656,51.6,Q3,101/169,83,87.95%,7.6,6.3,73
JOURNAL OF SCHOOL HEALTH,J SCHOOL HEALTH,WILEY,1424-2818,1746-1561,HEALTH CARE SCIENCES & SERVICES,SCIE,4198,1.8,Q3,0.75,31.94%,115/185,2.3,Q3,1.7,0.2,84/185,Q2,54.86,0.00303,0.67609,0.651,38.1,Q3,104/169,97,92.78%,9.3,6.6,90
Risk Management and Healthcare Policy,RISK MANAG HEALTHC P,DOVE MEDICAL PRESS LTD,1179-1594,1179-1594,HEALTH CARE SCIENCES & SERVICES,SCIE,4090,2,Q3,0.91,99.85%,106/185,2.7,Q2,1.8,0.5,62/185,Q2,66.76,0.00556,1.23907,0.58,43,Q3,121/169,266,95.11%,3.8,5.3,253
American Journal of Hospice & Palliative Medicine,AM J HOSP PALLIAT ME,SAGE PUBLICATIONS INC,1049-9091,1938-2715,HEALTH CARE SCIENCES & SERVICES,SCIE,4056,1.4,Q4,0.54,11.39%,142/185,2.1,Q3,1.3,0.2,127/185,Q3,31.62,0.00504,1.12268,0.643,23.5,Q3,108/169,164,98.78%,5.7,7,162
JBI Evidence Synthesis,JBI EVID SYNTH,LIPPINCOTT WILLIAMS & WILKINS,2662-2211,2689-8381,HEALTH CARE SCIENCES & SERVICES,ESCI,3897,4.5,Q1,0.71,7.52%,22/185,5,Q1,4.2,0.9,91/185,Q2,51.08,0.00806,1.795,1.42,88.4,Q1,33/169,162,92.59%,4.1,6.4,150
International Journal of Health Policy and Management,INT J HEALTH POLICY,KERMAN UNIV MEDICAL SCIENCES,2322-5939,2322-5939,HEALTH CARE SCIENCES & SERVICES,SCIE,3870,5.1,Q1,1.09,100.00%,18/185,4.7,Q1,4.3,0.8,37/185,Q1,80.27,0.00579,1.28905,1.46,90.5,Q1,32/169,87,85.06%,4.6,6.2,74
BMJ Supportive & Palliative Care,BMJ SUPPORT PALLIAT,BMJ PUBLISHING GROUP,2045-435X,2045-4368,HEALTH CARE SCIENCES & SERVICES,SCIE,3764,1.8,Q3,0.71,19.07%,115/185,2.4,Q3,1.8,1.2,91/185,Q2,51.08,0.00632,1.40824,0.784,38.1,Q3,86/169,252,87.30%,3.8,8.2,220
Disability and Health Journal,DISABIL HEALTH J,ELSEVIER SCIENCE INC,2148-9386,1876-7583,HEALTH CARE SCIENCES & SERVICES,SCIE,3746,3.3,Q1,1.39,25.80%,42/185,3.8,Q2,3,1.1,21/185,Q1,88.92,0.00469,1.0457,1.137,77.6,Q2,56/169,106,96.23%,5.3,6.7,102
JAMA Health Forum,JAMA-HEALTH FORUM,AMER MEDICAL ASSOC,2052-3211,2689-0186,HEALTH CARE SCIENCES & SERVICES,SCIE,3613,11.3,Q1,2.32,99.37%,4/185,11.8,Q1,10.9,2.9,7/185,Q1,96.49,0.01622,3.61,7.359,98.1,Q1,1/169,109,99.08%,2.3,5.4,108
JOURNAL OF MEDICAL ECONOMICS,J MED ECON,TAYLOR & FRANCIS LTD,1369-6998,1941-837X,HEALTH CARE SCIENCES & SERVICES,SCIE,3584,3,Q2,0.98,97.24%,55/185,2.8,Q2,2.8,0.7,56/185,Q2,70,0.00529,1.17749,0.904,70.5,Q2,74/169,165,95.15%,4.9,5,157
Lancet Regional Health-Americas,LANCET REG HEALTH-AM,ELSEVIER,2632-3249,2667-193X,HEALTH CARE SCIENCES & SERVICES,ESCI,3493,7.6,Q1,2.57,92.59%,8/185,7.6,Q1,7.5,2.2,5/185,Q1,97.57,0.00978,2.17755,3.021,95.9,Q1,7/169,169,91.72%,2.2,5.1,155
JOURNAL OF MANIPULATIVE AND PHYSIOLOGICAL THERAPEUTICS,J MANIP PHYSIOL THER,MOSBY-ELSEVIER,2624-9553,,HEALTH CARE SCIENCES & SERVICES,SCIE,3398,1.4,Q4,0.47,8.55%,142/185,1.6,Q4,1.3,0.2,141/185,Q4,24.05,0.00102,0.22881,0.392,23.5,Q4,141/169,22,90.91%,12.9,10.9,20
JOURNAL OF RURAL HEALTH,J RURAL HEALTH,WILEY,0890-765X,1748-0361,HEALTH CARE SCIENCES & SERVICES,SCIE,3382,2.7,Q2,1.05,36.32%,64/185,4,Q1,2.5,0.3,40/185,Q1,78.65,0.00467,1.04123,1.364,65.7,Q1,36/169,64,100.00%,5.7,5.9,64
Frontiers in Digital Health,FRONT DIGIT HEALTH,FRONTIERS MEDIA SA,2673-253X,2673-253X,HEALTH CARE SCIENCES & SERVICES,ESCI,3136,3.8,Q1,0.9,99.85%,33/185,4.2,Q1,3.7,0.9,63/185,Q2,66.22,0.00662,1.47445,1.189,82.4,Q2,48/169,193,81.87%,2.7,5.4,158
Journal of Managed Care & Specialty Pharmacy,J MANAG CARE SPEC PH,ACAD MANAGED CARE PHARMACY,2376-0540,2376-1032,HEALTH CARE SCIENCES & SERVICES,SCIE,3122,2.9,Q2,0.8,0.00%,60/185,2.7,Q2,2.5,0.7,77/185,Q2,58.65,0.00539,1.20043,0.924,67.8,Q2,72/169,143,96.50%,4.6,5.6,138
EASTERN MEDITERRANEAN HEALTH JOURNAL,E MEDITERR HEALTH J,WHO EASTERN MEDITERRANEAN REGIONAL OFFICE,1020-3397,1687-1634,HEALTH CARE SCIENCES & SERVICES,SCIE,3098,1.9,Q3,0.47,99.28%,110/185,2.1,Q3,1.8,0.2,141/185,Q4,24.05,0.0023,0.51306,0.491,40.8,Q4,130/169,84,90.48%,7.4,5.8,76
Internet Interventions-The Application of Information Technology in Mental and Behavioural Health,INTERNET INTERV,ELSEVIER,2214-7829,2214-7829,HEALTH CARE SCIENCES & SERVICES,SCIE,2937,4.1,Q1,1.1,97.90%,26/185,4.1,Q1,3.8,0.6,35/185,Q1,81.35,0.0043,0.958,1.164,86.2,Q2,50/169,87,94.25%,4.1,6.8,82
INTERNATIONAL JOURNAL OF TECHNOLOGY ASSESSMENT IN HEALTH CARE,INT J TECHNOL ASSESS,CAMBRIDGE UNIV PRESS,0266-4623,1471-6348,HEALTH CARE SCIENCES & SERVICES,SCIE,2646,3.1,Q2,0.64,46.11%,51/185,2.9,Q2,2.6,0.1,111/185,Q3,40.27,0.00216,0.48185,0.867,72.7,Q2,77/169,74,78.38%,9.7,5.4,58
Expert Review of Pharmacoeconomics & Outcomes Research,EXPERT REV PHARM OUT,TAYLOR & FRANCIS LTD,2227-9091,1744-8379,HEALTH CARE SCIENCES & SERVICES,SCIE,2611,1.5,Q3,0.5,33.99%,133/185,2,Q3,1.4,0.3,136/185,Q3,26.76,0.00249,0.5541,0.604,28.4,Q3,117/169,106,71.70%,7.6,5.6,76
MEDICAL CARE RESEARCH AND REVIEW,MED CARE RES REV,SAGE PUBLICATIONS INC,2214-7160,1552-6801,HEALTH CARE SCIENCES & SERVICES,SCIE,2594,2.2,Q2,0.75,12.30%,90/185,2.7,Q2,2.1,0.4,84/185,Q2,54.86,0.00281,0.6253,1.155,51.6,Q2,52/169,38,71.05%,11.4,6,27
Joint Commission Journal on Quality and Patient Safety,JT COMM J QUAL PATIE,ACADEMIC PRESS INC ELSEVIER SCIENCE,1553-7250,1938-131X,HEALTH CARE SCIENCES & SERVICES,ESCI,2579,2.4,Q2,0.81,15.28%,78/185,2.6,Q3,2.1,0.7,74/185,Q2,60.27,0.00293,0.65223,0.969,58.1,Q2,67/169,85,97.65%,7.6,7,83
INQUIRY-THE JOURNAL OF HEALTH CARE ORGANIZATION PROVISION AND FINANCING,INQUIRY-J HEALTH CAR,SAGE PUBLICATIONS INC,0046-9580,1945-7243,HEALTH CARE SCIENCES & SERVICES,SCIE,2567,2.3,Q2,0.72,92.05%,82/185,2.5,Q3,2.3,0.5,88/185,Q2,52.7,0.0038,0.84749,0.654,55.9,Q3,102/169,213,91.55%,3.6,6.4,195
JMIR Serious Games,JMIR SERIOUS GAMES,"JMIR PUBLICATIONS, INC",2291-9279,2291-9279,HEALTH CARE SCIENCES & SERVICES,SCIE,2566,4.1,Q1,1.09,98.01%,26/185,4.8,Q1,3.8,0.9,37/185,Q1,80.27,0.00329,0.73345,0.998,86.2,Q2,62/169,99,87.88%,3.6,6.4,87
Simulation in Healthcare-Journal of the Society for Simulation in Healthcare,SIMUL HEALTHC,LIPPINCOTT WILLIAMS & WILKINS,2767-3812,1559-713X,HEALTH CARE SCIENCES & SERVICES,SCIE,2559,2.1,Q3,0.68,11.82%,99/185,2.7,Q2,1.9,1.2,97/185,Q3,47.84,0.00162,0.36116,0.654,46.8,Q3,102/169,75,100.00%,8,8.1,75
Perspectives on Medical Education,PERSPECT MED EDUC,UBIQUITY PRESS LTD,2212-2761,2212-277X,HEALTH CARE SCIENCES & SERVICES,SCIE,2535,3.9,Q1,1.59,98.05%,31/185,5.9,Q1,3.7,1.2,15/185,Q1,92.16,0.00365,0.81345,1.829,83.5,Q1,22/169,66,95.45%,5.4,7.1,63
International Journal of Integrated Care,INT J INTEGR CARE,UBIQUITY PRESS LTD,1477-8947,1568-4156,HEALTH CARE SCIENCES & SERVICES,SCIE,2519,2.6,Q2,0.78,97.66%,70/185,3.1,Q2,2.3,0.6,80/185,Q2,57.03,0.00247,0.54962,0.852,62.4,Q2,78/169,86,91.86%,6.3,7,79
PLOS Digital Health,PLOS DIGIT HEALTH,PUBLIC LIBRARY SCIENCE,2767-3170,2767-3170,HEALTH CARE SCIENCES & SERVICES,ESCI,2510,7.7,Q1,2.14,99.44%,7/185,7.7,Q1,7.6,0.7,8/185,Q1,95.95,0.00565,1.25855,2.378,96.5,Q1,11/169,234,87.18%,1.7,5.5,204
Australian Health Review,AUST HEALTH REV,CSIRO PUBLISHING,2773-1391,1449-8944,HEALTH CARE SCIENCES & SERVICES,SCIE,2504,1.4,Q4,0.5,27.89%,142/185,1.8,Q3,1.3,0.2,136/185,Q3,26.76,0.00239,0.53239,0.547,23.5,Q3,123/169,117,98.29%,7.1,5.1,115
TECHNOLOGY AND HEALTH CARE,TECHNOL HEALTH CARE,IOS PRESS,2624-893X,1878-7401,HEALTH CARE SCIENCES & SERVICES,SCIE,2467,1.8,Q3,0.47,19.09%,115/185,1.5,Q4,1.2,0.4,141/185,Q4,24.05,0.00142,0.31759,0.222,38.1,Q4,153/169,432,96.06%,4.5,5.6,415
Patient-Patient Centered Outcomes Research,PATIENT,ADIS INT LTD,1178-1653,1178-1661,HEALTH CARE SCIENCES & SERVICES,SCIE,2449,3.1,Q2,1,60.29%,51/185,3.8,Q2,2.8,1.1,49/185,Q2,73.78,0.00317,0.70645,1.461,72.7,Q1,31/169,52,82.69%,6.5,6.8,43
Health Informatics Journal,HEALTH INFORM J,SAGE PUBLICATIONS INC,2413-8851,1741-2811,HEALTH CARE SCIENCES & SERVICES,SCIE,2418,2.3,Q2,0.69,95.11%,82/185,2.7,Q2,2.2,0.2,96/185,Q3,48.38,0.00304,0.67777,0.638,55.9,Q3,109/169,111,94.59%,4.8,5.8,105
Ethiopian Journal of Health Sciences,ETHIOP J HEALTH SCI,"JIMMA UNIV, ETHIOPIA",1029-1857,2413-7170,HEALTH CARE SCIENCES & SERVICES,ESCI,2350,1.5,Q3,0.42,78.99%,133/185,1.9,Q3,1.5,0.1,151/185,Q4,18.65,0.00212,0.47317,0.423,28.4,Q4,138/169,78,92.31%,6,6.8,72
Applied Health Economics and Health Policy,APPL HEALTH ECON HEA,SPRINGER INT PUBL AG,1175-5652,1179-1896,HEALTH CARE SCIENCES & SERVICES,SCIE,2326,3.3,Q1,1,52.91%,42/185,3.3,Q2,3.1,0.5,49/185,Q2,73.78,0.00327,0.72937,1.143,77.6,Q2,54/169,74,74.32%,5.5,6.6,55
Gaceta Sanitaria,GAC SANIT,ELSEVIER,0213-9111,1578-1283,HEALTH CARE SCIENCES & SERVICES,SCIE,2292,1.5,Q3,0.5,98.31%,133/185,1.8,Q3,1.3,0.6,136/185,Q3,26.76,0.00195,0.43559,0.414,28.4,Q4,139/169,58,74.14%,6.5,6.3,43
Journal of Patient-Reported Outcomes,J PATIENT-REP OUTCOM,SPRINGERNATURE,2509-8020,2509-8020,HEALTH CARE SCIENCES & SERVICES,ESCI,2287,2.9,Q2,0.95,100.00%,60/185,3.2,Q2,2.8,0.4,58/185,Q2,68.92,0.00483,1.07483,1.107,67.8,Q2,57/169,148,93.92%,3.9,7.9,139
TEACHING AND LEARNING IN MEDICINE,TEACH LEARN MED,"ROUTLEDGE JOURNALS, TAYLOR & FRANCIS LTD",1040-1334,1532-8015,HEALTH CARE SCIENCES & SERVICES,SCIE,2264,1.8,Q3,0.86,18.50%,115/185,2.7,Q2,1.7,0.5,70/185,Q2,62.43,0.00254,0.56635,0.915,38.1,Q2,73/169,44,100.00%,7.3,6.3,44
BMJ Open Quality,BMJ OPEN QUAL,BMJ PUBLISHING GROUP,2399-6641,2399-6641,HEALTH CARE SCIENCES & SERVICES,ESCI,2182,1.6,Q3,0.51,98.94%,128/185,1.7,Q4,1.6,0.3,133/185,Q3,28.38,0.00445,0.99036,0.519,31.1,Q3,126/169,247,98.79%,3.5,7.5,244
INTERNATIONAL JOURNAL OF HEALTH SERVICES,INT J HEALTH SERV,SAGE PUBLICATIONS LTD,0020-7314,1541-4469,HEALTH CARE SCIENCES & SERVICES,SCIE,2175,3.1,Q2,1.12,39.13%,51/185,2.7,Q2,3.1,,34/185,Q1,81.89,0.00148,0.3296,0.956,72.7,Q2,69/169,0,,11.5,,0
HASTINGS CENTER REPORT,HASTINGS CENT REP,WILEY,0093-0334,1552-146X,HEALTH CARE SCIENCES & SERVICES,SCIE,2138,2.3,Q2,0.9,20.73%,82/185,2.7,Q2,2.2,1.1,63/185,Q2,66.22,0.00219,0.48764,1.055,55.9,Q2,58/169,62,100.00%,8.9,6.1,62
JMIR Human Factors,JMIR HUM FACTORS,"JMIR PUBLICATIONS, INC",2624-9634,2292-9495,HEALTH CARE SCIENCES & SERVICES,ESCI,1962,3,Q2,0.88,97.75%,55/185,,,2.9,0.5,66/185,Q2,64.59,0.00313,0.69742,,70.5,,,194,97.94%,2.8,6.6,190
Journal of Patient Experience,J PATIENT EXPERIENCE,SAGE PUBLICATIONS INC,2188-5729,2374-3735,HEALTH CARE SCIENCES & SERVICES,ESCI,1896,1.8,Q3,0.57,91.99%,115/185,2,Q3,1.7,0.3,120/185,Q3,35.41,0.00389,0.86748,0.614,38.1,Q3,115/169,120,99.17%,3.8,6.8,119
SCANDINAVIAN JOURNAL OF PRIMARY HEALTH CARE,SCAND J PRIM HEALTH,TAYLOR & FRANCIS LTD,2575-8314,1502-7724,HEALTH CARE SCIENCES & SERVICES,SCIE,1886,1.8,Q3,0.78,94.91%,115/185,2.3,Q3,1.6,0.4,80/185,Q2,57.03,0.00155,0.34698,0.674,38.1,Q3,99/169,94,98.94%,7.9,7.2,93
Implementation Science Communications,IMPLEMENT SCI COMMUN,SPRINGERNATURE,1365-2907,2662-2211,HEALTH CARE SCIENCES & SERVICES,ESCI,1860,3.3,Q1,1.17,99.75%,42/185,3.5,Q2,3,0.5,32/185,Q1,82.97,0.00486,1.08222,1.212,77.6,Q2,45/169,130,90.00%,2.9,6.9,117
Journal of the American Association of Nurse Practitioners,J AM ASSOC NURSE PRA,LIPPINCOTT WILLIAMS & WILKINS,2213-5383,2327-6924,HEALTH CARE SCIENCES & SERVICES,SCIE,1798,1.6,Q3,0.6,3.45%,128/185,1.6,Q4,1.4,0.2,115/185,Q3,38.11,0.00188,0.41957,0.378,31.1,Q4,143/169,96,100.00%,5.4,5.5,96
Journal of Comparative Effectiveness Research,J COMP EFFECT RES,Becaris Publishing,2042-6305,2042-6313,HEALTH CARE SCIENCES & SERVICES,SCIE,1770,2.5,Q2,0.67,53.38%,76/185,2.2,Q3,2.3,0.6,98/185,Q3,47.3,0.00287,0.64024,0.696,59.2,Q3,95/169,90,91.11%,4.5,5.8,82
EVALUATION & THE HEALTH PROFESSIONS,EVAL HEALTH PROF,SAGE PUBLICATIONS INC,0163-2787,1552-3918,HEALTH CARE SCIENCES & SERVICES,SCIE,1699,1.6,Q3,0.7,17.32%,128/185,2.2,Q3,1.5,1.5,93/185,Q3,50,0.001,0.22293,0.65,31.1,Q3,105/169,51,92.16%,11.7,8.6,47
JOURNAL OF CONTINUING EDUCATION IN THE HEALTH PROFESSIONS,J CONTIN EDUC HEALTH,LIPPINCOTT WILLIAMS & WILKINS,2572-3170,1554-558X,HEALTH CARE SCIENCES & SERVICES,SCIE,1685,1.7,Q3,0.67,14.02%,125/185,1.8,Q3,1.5,0.9,98/185,Q3,47.3,0.00095,0.21176,0.494,32.7,Q4,129/169,46,80.43%,10.3,8.9,37
JAMIA Open,JAMIA OPEN,OXFORD UNIV PRESS,2574-2531,2574-2531,HEALTH CARE SCIENCES & SERVICES,ESCI,1663,3.4,Q1,0.88,94.77%,37/185,3.2,Q2,3.3,0.3,66/185,Q2,64.59,0.00456,1.01506,1.193,80.3,Q2,47/169,146,92.47%,3.1,5.7,135
Population Health Management,POPUL HEALTH MANAG,"MARY ANN LIEBERT, INC",2661-8001,1942-7905,HEALTH CARE SCIENCES & SERVICES,SCIE,1607,2.1,Q3,0.62,11.11%,99/185,2.6,Q3,2,0.2,114/185,Q3,38.65,0.00269,0.59907,0.973,46.8,Q2,66/169,51,92.16%,5.4,5.2,47
Current Opinion in Supportive and Palliative Care,CURR OPIN SUPPORT PA,LIPPINCOTT WILLIAMS & WILKINS,1751-4258,1751-4266,HEALTH CARE SCIENCES & SERVICES,SCIE,1598,2,Q3,0.45,9.09%,106/185,2.4,Q3,1.9,0.6,146/185,Q4,21.35,0.00134,0.29817,0.8,43,Q2,83/169,40,42.50%,7.8,4.4,17
METHODS OF INFORMATION IN MEDICINE,METHOD INFORM MED,GEORG THIEME VERLAG KG,0026-1270,2511-705X,HEALTH CARE SCIENCES & SERVICES,SCIE,1525,1.8,Q3,0.53,56.92%,115/185,1.9,Q3,1.8,1.2,130/185,Q3,30,0.00061,0.13652,0.518,38.1,Q4,127/169,6,100.00%,10.4,7.5,6
JOURNAL OF PUBLIC HEALTH POLICY,J PUBLIC HEALTH POL,PALGRAVE MACMILLAN LTD,2192-1709,1745-655X,HEALTH CARE SCIENCES & SERVICES,SCIE,1478,1.9,Q3,0.75,29.45%,110/185,2.7,Q2,1.9,0.5,84/185,Q2,54.86,0.00149,0.3334,0.87,40.8,Q2,76/169,63,66.67%,7.9,5.6,42
AMERICAN JOURNAL OF MEDICAL QUALITY,AM J MED QUAL,LIPPINCOTT WILLIAMS & WILKINS,2381-4683,1555-824X,HEALTH CARE SCIENCES & SERVICES,SCIE,1453,1.3,Q4,0.47,12.86%,146/185,1.3,Q4,1.2,0.1,141/185,Q4,24.05,0.00121,0.27024,0.532,21.4,Q3,125/169,36,100.00%,8,7.7,36
Indian Journal of Palliative Care,INDIAN J PALLIAT CAR,SCIENTIFIC SCHOLAR LLC,0973-1075,1998-3735,HEALTH CARE SCIENCES & SERVICES,ESCI,1431,1.2,Q4,0.35,100.00%,153/185,1.5,Q4,1.2,<0.1,160/185,Q4,13.78,0.0011,0.24587,0.368,17.6,Q4,144/169,52,80.77%,7.2,8.4,42
ClinicoEconomics and Outcomes Research,CLINICOECONOMIC OUTC,DOVE MEDICAL PRESS LTD,1178-6981,1178-6981,HEALTH CARE SCIENCES & SERVICES,ESCI,1426,2.2,Q2,0.67,100.00%,90/185,2.1,Q3,2.2,0.3,98/185,Q3,47.3,0.00171,0.38079,0.628,51.6,Q3,112/169,56,83.93%,5.7,6.9,47
JOURNAL OF BEHAVIORAL HEALTH SERVICES & RESEARCH,J BEHAV HEALTH SER R,SPRINGER,1094-3412,1556-3308,HEALTH CARE SCIENCES & SERVICES,SCIE,1412,1.4,Q4,0.56,23.20%,142/185,2,Q3,1.4,0.4,121/185,Q3,34.86,0.00117,0.26194,0.637,23.5,Q3,110/169,42,97.62%,7.9,7.1,41
JOURNAL OF HEALTH POLITICS POLICY AND LAW,J HEALTH POLIT POLIC,DUKE UNIV PRESS,0361-6878,,HEALTH CARE SCIENCES & SERVICES,SCIE,1356,2.8,Q2,1.49,3.36%,62/185,2.6,Q3,2.5,0.8,18/185,Q1,90.54,0.00206,0.45949,1.313,66.8,Q1,39/169,48,95.83%,8.3,5,46
Australian Journal of Primary Health,AUST J PRIM HEALTH,CSIRO PUBLISHING,2673-4524,1836-7399,HEALTH CARE SCIENCES & SERVICES,SCIE,1356,1.3,Q4,0.51,69.67%,146/185,1.5,Q4,1.2,0.3,133/185,Q3,28.38,0.00135,0.30256,0.445,21.4,Q4,135/169,61,93.44%,6.9,6.1,57
JOURNAL OF PALLIATIVE CARE,J PALLIAT CARE,SAGE PUBLICATIONS INC,0825-8597,2369-5293,HEALTH CARE SCIENCES & SERVICES,SCIE,1314,1.7,Q3,0.45,24.82%,125/185,1.9,Q3,1.5,0.3,146/185,Q4,21.35,0.00126,0.28044,0.586,32.7,Q3,120/169,33,93.94%,9.5,6.6,31
Families Systems & Health,FAM SYST HEALTH,EDUCATIONAL PUBLISHING FOUNDATION-AMERICAN PSYCHOLOGICAL ASSOC,2730-6151,1939-0602,HEALTH CARE SCIENCES & SERVICES,SCIE,1253,1,Q4,0.38,26.59%,161/185,1.3,Q4,0.9,0.4,158/185,Q4,14.86,0.00081,0.1821,0.394,13.2,Q4,140/169,48,100.00%,8.8,6.3,48
CAMBRIDGE QUARTERLY OF HEALTHCARE ETHICS,CAMB Q HEALTHC ETHIC,CAMBRIDGE UNIV PRESS,0963-1801,1469-2147,HEALTH CARE SCIENCES & SERVICES,SCIE,1217,2.3,Q2,0.84,62.57%,82/185,1.9,Q3,2.1,0.6,72/185,Q2,61.35,0.00138,0.30873,0.67,55.9,Q3,100/169,61,95.08%,7.2,9.4,58
Value in Health Regional Issues,VALUE HEALTH REG ISS,ELSEVIER,2590-2296,2212-1099,HEALTH CARE SCIENCES & SERVICES,ESCI,1134,1.5,Q3,0.55,25.34%,133/185,1.7,Q4,1.4,0.3,123/185,Q3,33.78,0.00176,0.39192,0.507,28.4,Q4,128/169,76,90.79%,4.3,7.5,69
Lancet Regional Health - Southeast Asia,LANCET REG HLTH-SE A,ELSEVIER,2976-5390,2772-3682,HEALTH CARE SCIENCES & SERVICES,ESCI,1111,6.2,Q1,1.85,92.54%,10/185,6.2,Q1,5.8,1.6,11/185,Q1,94.32,0.00235,0.52306,1.983,94.9,Q1,19/169,118,89.83%,1.6,5.7,106
Chronic Illness,CHRONIC ILLN,SAGE PUBLICATIONS LTD,1742-3953,1745-9206,HEALTH CARE SCIENCES & SERVICES,SCIE,1108,1.8,Q3,0.51,13.18%,115/185,2,Q3,1.8,0.1,133/185,Q3,28.38,0.0013,0.28978,0.597,38.1,Q3,119/169,17,94.12%,5.7,8.5,16
BULLETIN OF THE HISTORY OF MEDICINE,B HIST MED,JOHNS HOPKINS UNIV PRESS,2204-3136,1086-3176,HEALTH CARE SCIENCES & SERVICES,SCIE,1091,0.8,Q4,0.44,2.00%,166/185,1.2,Q4,0.7,0.1,148/185,Q4,20.27,0.00069,0.15522,0.901,10.5,Q2,75/169,10,100.00%,23.1,35.9,10
Health Services Insights,HEALTH SERV INSIGHTS,SAGE PUBLICATIONS INC,2572-2611,1178-6329,HEALTH CARE SCIENCES & SERVICES,ESCI,1084,2.5,Q2,0.74,97.97%,76/185,3.1,Q2,2.4,0.2,87/185,Q2,53.24,0.00138,0.30829,0.801,59.2,Q2,82/169,76,93.42%,4.4,6.6,71
AIMS Public Health,AIMS PUBLIC HEALTH,AMER INST MATHEMATICAL SCIENCES-AIMS,2639-5916,2327-8994,HEALTH CARE SCIENCES & SERVICES,ESCI,1082,2.7,Q2,0.97,100.00%,64/185,2.9,Q2,2.5,0.8,57/185,Q2,69.46,0.00133,0.29787,0.649,65.7,Q3,106/169,64,84.38%,3.8,4.7,54
BMJ Health & Care Informatics,BMJ HEALTH CARE INFO,BMJ PUBLISHING GROUP,2056-3485,2632-1009,HEALTH CARE SCIENCES & SERVICES,ESCI,1079,4.4,Q1,1.04,98.64%,23/185,4.1,Q1,4.3,0.7,43/185,Q1,77.03,0.00257,0.57359,1.332,87.8,Q1,37/169,47,89.36%,3.2,5.2,42
Advances in Simulation,ADV SIMUL,SPRINGERNATURE,1520-6688,2059-0628,HEALTH CARE SCIENCES & SERVICES,ESCI,1065,4.7,Q1,1.2,100.00%,19/185,,,3.9,0.7,29/185,Q1,84.59,0.00123,0.27435,,90,,,52,100.00%,4.2,7.6,52
NEJM Catalyst Innovations in Care Delivery,NEJM CATAL INNOV CAR,MASSACHUSETTS MEDICAL SOC,2642-0007,2642-0007,HEALTH CARE SCIENCES & SERVICES,ESCI,999,2.6,Q2,0.66,0.00%,70/185,,,2.5,1,103/185,Q3,44.59,0.00344,0.767,,62.4,,,67,100.00%,3.1,4.8,67
MEDICAL HISTORY,MED HIST,CAMBRIDGE UNIV PRESS,0025-7273,2048-8343,HEALTH CARE SCIENCES & SERVICES,SCIE,989,1.1,Q4,0.52,65.08%,158/185,1.2,Q4,1.1,0.2,131/185,Q3,29.46,0.00052,0.11695,0.646,14.9,Q3,107/169,25,100.00%,22,33,25
mHealth,MHEALTH,AME PUBLISHING COMPANY,2767-3200,2306-9740,HEALTH CARE SCIENCES & SERVICES,ESCI,966,2.2,Q2,0.55,100.00%,90/185,,,2.2,0.4,123/185,Q3,33.78,0.00119,0.2651,,51.6,,,26,73.08%,5.4,5.8,19
American Health and Drug Benefits,AM HEALTH DRUG BENEF,ENGAGE HEALTHCARE COMMUNICATIONS INC,1942-2962,1942-2970,HEALTH CARE SCIENCES & SERVICES,SCIE,936,1.5,Q3,0.31,0.00%,133/185,4.3,Q1,1.5,,164/185,Q4,11.62,0.00071,0.15856,1.503,28.4,Q1,27/169,0,,8.6,,0
Patient-Related Outcome Measures,PATIENT-RELAT OUTCOM,DOVE MEDICAL PRESS LTD,1179-271X,1179-271X,HEALTH CARE SCIENCES & SERVICES,ESCI,911,1.8,Q3,0.56,100.00%,115/185,2.7,Q2,1.8,0.6,121/185,Q3,34.86,0.00089,0.19826,0.762,38.1,Q3,89/169,21,90.48%,6.2,8.3,19
Pharmacoeconomics-Open,PHARMACOECON-OPEN,SPRINGER INT PUBL AG,2509-4262,2509-4254,HEALTH CARE SCIENCES & SERVICES,ESCI,871,2.1,Q3,0.64,100.00%,99/185,2,Q3,2,0.6,111/185,Q3,40.27,0.00192,0.42773,0.713,46.8,Q3,92/169,77,87.01%,3.6,6.4,67
Geospatial Health,GEOSPATIAL HEALTH,UNIV NAPLES FEDERICO II,1827-1987,1970-7096,HEALTH CARE SCIENCES & SERVICES,SCIE,865,0.9,Q4,0.35,97.74%,164/185,1.1,Q4,0.8,0.2,160/185,Q4,13.78,0.00049,0.1098,0.276,11.6,Q4,150/169,33,100.00%,8.9,5.4,33
Informatics for Health & Social Care,INFORM HEALTH SOC CA,TAYLOR & FRANCIS INC,2673-7086,1753-8165,HEALTH CARE SCIENCES & SERVICES,SCIE,847,2.4,Q2,0.64,12.77%,78/185,3,Q2,2.3,0.5,111/185,Q3,40.27,0.00083,0.18617,0.706,58.1,Q3,93/169,17,94.12%,5.5,6.8,16
Frontiers in Health Services,FRONT HEALTH SERV,FRONTIERS MEDIA SA,2227-7099,2813-0146,HEALTH CARE SCIENCES & SERVICES,ESCI,842,2.7,Q2,0.77,99.04%,64/185,2.7,Q2,2.6,0.4,83/185,Q2,55.41,0.00242,0.53979,1.044,65.7,Q2,59/169,135,87.41%,2.1,6.3,118
Health SA Gesondheid,HEALTH SA GESONDHEID,AOSIS,1025-9848,2071-9736,HEALTH CARE SCIENCES & SERVICES,ESCI,788,1.2,Q4,0.35,99.33%,153/185,1.4,Q4,1.1,0.2,160/185,Q4,13.78,0.00072,0.16073,0.286,17.6,Q4,148/169,133,93.23%,4.8,6.2,124
Journal for Healthcare Quality,J HEALTHC QUAL,LIPPINCOTT WILLIAMS & WILKINS,2076-3387,1945-1474,HEALTH CARE SCIENCES & SERVICES,SCIE,763,1.3,Q4,0.42,9.77%,146/185,1.2,Q4,1.3,0.1,151/185,Q4,18.65,0.00081,0.18124,0.429,21.4,Q4,137/169,50,100.00%,7.7,7.6,50
International Journal of Population Data Science (IJPDS),INT J POPUL DATA SCI,SWANSEA UNIV,2399-4908,2399-4908,HEALTH CARE SCIENCES & SERVICES,ESCI,739,2.2,Q2,0.5,74.59%,90/185,,,2,0.3,136/185,Q3,26.76,0.00187,0.41783,,51.6,,,51,98.04%,4.5,6.9,50
African Journal of Disability,AFR J DISABIL,AOSIS,2673-5172,2226-7220,HEALTH CARE SCIENCES & SERVICES,ESCI,730,1.5,Q3,0.54,100.00%,133/185,2,Q3,1.3,0.4,127/185,Q3,31.62,0.00079,0.17677,0.555,28.4,Q3,122/169,56,96.43%,5.7,6.7,54
Annali di Igiene Medicina Preventiva e di Comunita,ANN IG MED PREV COMU,SOC EDITRICE UNIV,1120-9135,1120-9135,HEALTH CARE SCIENCES & SERVICES,ESCI,700,1.3,Q4,0.58,0.00%,146/185,1.4,Q4,1.1,1,118/185,Q3,36.49,0.00076,0.16916,0.324,21.4,Q4,147/169,50,94.00%,4.9,5,47
Journal of Healthcare Informatics Research,J HEALTHC INFORM RES,SPRINGERNATURE,2730-7182,2509-498X,HEALTH CARE SCIENCES & SERVICES,ESCI,671,3.7,Q1,1.35,40.85%,34/185,5.1,Q1,3.6,0.9,22/185,Q1,88.38,0.00113,0.25266,1.261,81.9,Q1,40/169,28,96.43%,3.6,4.6,27
JOURNAL OF THE HISTORY OF MEDICINE AND ALLIED SCIENCES,J HIST MED ALL SCI,OXFORD UNIV PRESS INC,0022-5045,1468-4373,HEALTH CARE SCIENCES & SERVICES,SCIE,671,0.4,Q4,0.39,31.11%,175/185,0.7,Q4,0.4,0.1,157/185,Q4,15.41,0.00041,0.09201,0.48,5.7,Q4,132/169,35,100.00%,20.6,24.1,35
JMIR Diabetes,JMIR DIABETES,"JMIR PUBLICATIONS, INC",2371-4379,2371-4379,HEALTH CARE SCIENCES & SERVICES,ESCI,625,2.6,Q2,0.72,100.00%,70/185,,,2.5,0.2,88/185,Q2,52.7,0.00111,0.24716,,62.4,,,37,94.59%,3.6,6.4,35
JOURNAL OF AMBULATORY CARE MANAGEMENT,J AMBUL CARE MANAG,LIPPINCOTT WILLIAMS & WILKINS,2590-051X,1550-3267,HEALTH CARE SCIENCES & SERVICES,ESCI,617,1.2,Q4,0.41,12.09%,153/185,1.1,Q4,1.2,0.2,156/185,Q4,15.95,0.00051,0.11568,0.387,17.6,Q4,142/169,24,100.00%,9.8,5.2,24
Quality Management in Health Care,QUAL MANAG HEALTH CA,LIPPINCOTT WILLIAMS & WILKINS,2572-3170,1550-5154,HEALTH CARE SCIENCES & SERVICES,SCIE,607,1.2,Q4,0.44,10.19%,153/185,1.3,Q4,1.1,0.5,148/185,Q4,20.27,0.00042,0.09449,0.33,17.6,Q4,146/169,35,97.14%,9.1,8.5,34
Health Services and Outcomes Research Methodology,HEALTH SERV OUTCOME,SPRINGER,1387-3741,1572-9400,HEALTH CARE SCIENCES & SERVICES,ESCI,595,1.6,Q3,0.55,28.17%,128/185,1.6,Q4,1.5,0.3,123/185,Q3,33.78,0.00078,0.17406,0.779,31.1,Q3,88/169,16,100.00%,9.4,5.8,16
Implementation Research and Practice,IMPLEMENT RES PRACT,SAGE PUBLICATIONS INC,2639-5916,2633-4895,HEALTH CARE SCIENCES & SERVICES,ESCI,586,2.6,Q2,0.88,96.19%,70/185,3.9,Q2,2.5,0.5,66/185,Q2,64.59,0.00174,0.38871,1.504,62.4,Q1,26/169,24,100.00%,3.3,7.4,24
Journal of Health Research,J HEALTH RES,"COLL PUBLIC HEALTH SCIENCES, CHULALONGKORN UNIV",2050-3385,2586-940X,HEALTH CARE SCIENCES & SERVICES,ESCI,558,0.7,Q4,0.3,80.80%,167/185,0.9,Q4,0.7,0.1,166/185,Q4,10.54,0.00049,0.111,0.194,10,Q4,155/169,67,94.03%,5.4,7.7,63
BMJ Innovations,BMJ INNOV,BMJ PUBLISHING GROUP,2055-8074,2055-642X,HEALTH CARE SCIENCES & SERVICES,ESCI,548,1.8,Q3,0.49,54.67%,115/185,,,1.8,0.1,140/185,Q4,24.59,0.00097,0.21688,,38.1,,,12,100.00%,4,5.4,12
Drug Healthcare and Patient Safety,DRUG HEALTHC PATIENT,DOVE MEDICAL PRESS LTD,2405-9188,1179-1365,HEALTH CARE SCIENCES & SERVICES,ESCI,522,3.4,Q1,0.9,100.00%,37/185,2.7,Q2,3.3,0.3,63/185,Q2,66.22,0.00051,0.11435,0.619,80.3,Q3,113/169,13,84.62%,4.9,6.4,11
Operations Research for Health Care,OPER RES HEALTH CARE,ELSEVIER,2211-6923,2211-6923,HEALTH CARE SCIENCES & SERVICES,ESCI,518,1.9,Q3,0.66,39.29%,110/185,2,Q3,1.5,0.3,103/185,Q3,44.59,0.00032,0.07137,0.489,40.8,Q4,131/169,8,100.00%,7.6,7.3,8
BMJ Leader,BMJ LEAD,BMJ PUBLISHING GROUP,2398-631X,2398-631X,HEALTH CARE SCIENCES & SERVICES,ESCI,503,1.3,Q4,0.38,25.97%,146/185,1.9,Q3,1.1,0.3,158/185,Q4,14.86,0.00117,0.26193,0.616,21.4,Q3,114/169,59,98.31%,3.4,6,58
JBI Evidence Implementation,JBI EVID IMPLEMENT,LIPPINCOTT WILLIAMS & WILKINS,2691-3321,2691-3321,HEALTH CARE SCIENCES & SERVICES,SCIE,482,1.1,Q4,0.79,11.11%,158/185,2.9,Q2,0.7,0.4,78/185,Q2,58.11,0.00091,0.20355,0.762,14.9,Q3,89/169,40,95.00%,3.4,5.9,38
International Journal of Telemedicine and Applications,INT J TELEMED APPL,WILEY,1687-6415,1687-6423,HEALTH CARE SCIENCES & SERVICES,ESCI,446,2.2,Q2,0.86,100.00%,90/185,3.9,Q2,2.1,0.3,70/185,Q2,62.43,0.00034,0.07612,0.787,51.6,Q3,85/169,18,94.44%,6.2,4.8,17
Palliative Care & Social Practice,PALLIAT CARE SOC PR,SAGE PUBLICATIONS INC,2634-4505,2632-3524,HEALTH CARE SCIENCES & SERVICES,ESCI,434,2.2,Q2,0.67,96.00%,90/185,,,2,0.4,98/185,Q3,47.3,0.00097,0.21712,,51.6,,,79,86.08%,2.8,6.9,68
Online Journal of Public Health Informatics,ONLINE J PUBLIC HLTH,"JMIR PUBLICATIONS, INC",1947-2579,1947-2579,HEALTH CARE SCIENCES & SERVICES,ESCI,388,1.1,Q4,0.13,100.00%,158/185,,,1,0.2,175/185,Q4,5.68,0.00025,0.05661,,14.9,,,37,89.19%,7.3,5.3,33
Journal of Pharmaceutical Health Services Research,J PHARM HEALTH SERV,OXFORD UNIV PRESS,2673-611X,1759-8893,HEALTH CARE SCIENCES & SERVICES,ESCI,388,0.7,Q4,0.23,14.49%,167/185,0.8,Q4,0.7,0.2,168/185,Q4,9.46,0.00043,0.09702,0.182,10,Q4,156/169,32,87.50%,5.2,6.5,28
MDM Policy & Practice,MDM POLICY PRACT,SAGE PUBLICATIONS INC,2381-4683,2381-4683,HEALTH CARE SCIENCES & SERVICES,ESCI,383,1.7,Q3,0.59,92.13%,125/185,,,1.7,0.4,117/185,Q3,37.03,0.001,0.22459,,32.7,,,24,95.83%,4.1,7.2,23
Internet Journal of Allied Health Sciences and Practice,INTERNET J ALLIED HE,NOVA SOUTHEASTERN UNIV,2373-7492,1540-580X,HEALTH CARE SCIENCES & SERVICES,ESCI,382,0.3,Q4,0.11,0.00%,176/185,0.5,Q4,0.3,0.1,177/185,Q4,4.59,0.0003,0.06719,0.111,5.1,Q4,158/169,70,95.71%,6.5,8,67
Journal of Patient-Centered Research and Reviews,J PATIENT-CENTER RES,"AURORA HEALTH CARE, INC",2330-068X,2330-0698,HEALTH CARE SCIENCES & SERVICES,ESCI,371,1.5,Q3,0.58,88.57%,133/185,1.9,Q3,1.4,0.8,118/185,Q3,36.49,0.00065,0.14627,0.612,28.4,Q3,116/169,19,78.95%,4.6,5.7,15
JMIR Infodemiology,JMIR INFODEMIOL,"JMIR PUBLICATIONS, INC",2564-1891,2564-1891,HEALTH CARE SCIENCES & SERVICES,ESCI,350,2.3,Q2,1.03,94.53%,82/185,2.9,Q2,2.1,0.5,45/185,Q1,75.95,0.00072,0.16036,0.78,55.9,Q3,87/169,30,93.33%,2.6,4.7,28
Journal of Health Economics and Outcomes Research,J HEALTH ECON OUTCOM,"COLUMBIA DATA ANALYTICS, LLC",2368-7460,2327-2236,HEALTH CARE SCIENCES & SERVICES,ESCI,346,2.3,Q2,0.79,96.12%,82/185,,,2.2,0.2,78/185,Q2,58.11,0.00082,0.18425,,55.9,,,39,97.44%,3.2,6.5,38
Biomedical Human Kinetics,BIOMED HUM KINET,SCIENDO,2192-4007,2080-2234,HEALTH CARE SCIENCES & SERVICES,ESCI,325,1.2,Q4,0.42,100.00%,153/185,1.2,Q4,1.1,0.4,151/185,Q4,18.65,0.00035,0.07814,0.285,17.6,Q4,149/169,36,97.22%,5.2,10.1,35
Professional Case Management,PROF CASE MANAG,LIPPINCOTT WILLIAMS & WILKINS,2688-8319,1932-8095,HEALTH CARE SCIENCES & SERVICES,ESCI,320,0.9,Q4,0.31,3.96%,164/185,1.1,Q4,0.7,0.2,164/185,Q4,11.62,0.00028,0.06296,0.256,11.6,Q4,152/169,46,100.00%,6.1,5.2,46
Palliative Medicine Reports,PALLIAT MED REP,"MARY ANN LIEBERT, INC",2689-2820,2689-2820,HEALTH CARE SCIENCES & SERVICES,ESCI,315,1.3,Q4,0.43,85.09%,146/185,1.6,Q4,1.2,0.2,150/185,Q4,19.19,0.00068,0.15209,0.46,21.4,Q4,133/169,73,100.00%,3.3,7.4,73
Health Policy OPEN,HEALTH POLICY OPEN,ELSEVIER,2590-2296,2590-2296,HEALTH CARE SCIENCES & SERVICES,ESCI,282,2.3,Q2,0.7,86.57%,82/185,2.7,Q2,2.2,0.1,93/185,Q3,50,0.0008,0.17988,0.984,55.9,Q2,65/169,16,93.75%,3.3,6,15
Health Affairs Scholar,HLTH AFF SCH,OXFORD UNIV PRESS,2976-5390,2976-5390,HEALTH CARE SCIENCES & SERVICES,ESCI,281,2.7,Q2,0.72,98.62%,64/185,2.7,Q2,2.5,0.7,88/185,Q2,52.7,0.00075,0.16711,1.462,65.7,Q1,30/169,152,98.03%,1.2,4.9,149
African Journal of Health Professions Education,AFR J HEALTH PROF ED,HEALTH & MEDICAL PUBLISHING GROUP,2078-5127,2078-5127,HEALTH CARE SCIENCES & SERVICES,ESCI,253,0.6,Q4,0.15,85.88%,170/185,0.6,Q4,0.6,0.1,172/185,Q4,7.3,0.00016,0.03656,0.11,8.4,Q4,159/169,27,96.30%,6.5,7.3,26
Telemedicine Reports,TELEMED REP,"MARY ANN LIEBERT, INC",2692-4366,2692-4366,HEALTH CARE SCIENCES & SERVICES,ESCI,228,1.6,Q3,0.55,83.33%,128/185,1.9,Q3,1.4,0.6,123/185,Q3,33.78,0.00046,0.10438,0.545,31.1,Q3,124/169,46,95.65%,2.5,4.4,44
Journal of Healthcare Quality Research,J HEALTHC QUAL RES,ELSEVIER ESPANA SLU,2603-6479,2603-6479,HEALTH CARE SCIENCES & SERVICES,ESCI,224,1,Q4,0.35,0.00%,161/185,0.9,Q4,0.9,0.3,160/185,Q4,13.78,0.00033,0.07402,0.207,13.2,Q4,154/169,40,95.00%,3.3,7.3,38
IISE Transactions on Healthcare Systems Engineering,IISE T HEALTHC SYST,TAYLOR & FRANCIS LTD,2472-5579,2472-5587,HEALTH CARE SCIENCES & SERVICES,ESCI,218,1.3,Q4,0.42,3.85%,146/185,,,1.1,0.1,151/185,Q4,18.65,0.00035,0.07963,,21.4,,,18,88.89%,3.7,9.2,16
Journal of Patient Safety and Risk Management,J PATIENT SAF RISK M,SAGE PUBLICATIONS LTD,2516-0435,2516-0443,HEALTH CARE SCIENCES & SERVICES,ESCI,196,0.7,Q4,0.3,12.50%,167/185,1,Q4,0.7,0.7,166/185,Q4,10.54,0.0003,0.06773,0.266,10,Q4,151/169,33,100.00%,3.9,7.1,33
International Journal of Social Determinants of Health and Health Services,INT J SOC DETER HLTH,SAGE PUBLICATIONS LTD,2755-1938,2755-1946,HEALTH CARE SCIENCES & SERVICES,SCIE,193,2.6,Q2,0.81,27.27%,70/185,2.6,Q3,2.5,1.3,74/185,Q2,60.27,0.00033,0.07441,0.83,62.4,Q2,80/169,42,88.10%,1.3,7.7,37
Health Care Science,HEALTH CARE SCI,WILEY,2771-1749,2771-1757,HEALTH CARE SCIENCES & SERVICES,ESCI,184,3.3,Q1,0.94,93.02%,42/185,3.3,Q2,3.1,0.5,60/185,Q2,67.84,0.00026,0.05937,0.675,77.6,Q3,98/169,36,66.67%,1.6,4.8,24
Journal of Hospital Management and Health Policy,J HOSP MANAG HLTH P,AME PUBLISHING COMPANY,2767-3197,2523-2533,HEALTH CARE SCIENCES & SERVICES,ESCI,172,1,Q4,0.22,73.42%,161/185,,,0.9,0.3,169/185,Q4,8.92,0.00029,0.06489,,13.2,,,26,76.92%,3.6,5.6,20
Journal of Basic and Clinical Health Sciences,J BASIC CLIN HEALTH,DOKUZ EYLUL UNIV INST HEALTH SCIENCES,2458-8938,2564-7288,HEALTH CARE SCIENCES & SERVICES,ESCI,160,0.3,Q4,0.11,98.36%,176/185,0.4,Q4,0.3,<0.1,177/185,Q4,4.59,0.00022,0.04921,0.073,5.1,Q4,162/169,88,100.00%,3.5,9.3,88
JMIR AI,JMIR AI,"JMIR PUBLICATIONS, INC",2817-1705,2817-1705,HEALTH CARE SCIENCES & SERVICES,ESCI,152,2,Q3,0.54,100.00%,106/185,2,Q3,2,0.7,127/185,Q3,31.62,0.00032,0.07204,0.788,43,Q2,84/169,63,92.06%,1.3,5.5,58
Journal of the Liaquat University of Medical and Health Sciences,J LIAQUAT UNIV MED H,LIAQUAT UNIV MEDICAL & HEALTH SCIENCES - LUMHS,1729-0341,1729-0341,HEALTH CARE SCIENCES & SERVICES,ESCI,152,0.2,Q4,0.05,97.78%,182/185,0.2,Q4,0.2,0.1,183/185,Q4,1.35,0.00007,0.01709,0.033,1.9,Q4,168/169,64,93.75%,6.8,5.4,60
Chronic Wound Care Management and Research,CHRONIC WOUND CARE M,DOVE MEDICAL PRESS LTD,2324-481X,2324-481X,HEALTH CARE SCIENCES & SERVICES,ESCI,143,0.6,Q4,0.2,100.00%,170/185,1.6,Q4,0.6,0.3,170/185,Q4,8.38,0.00007,0.01671,0.366,8.4,Q4,145/169,3,66.67%,8,6.3,2
Human Factors in Healthcare,HUM FACTORS HEALTHC,ELSEVIER,2534-9708,2772-5014,HEALTH CARE SCIENCES & SERVICES,ESCI,117,2.2,Q2,0.52,93.85%,90/185,2.1,Q3,2,0.3,131/185,Q3,29.46,0.00017,0.03891,0.443,51.6,Q4,136/169,23,86.96%,2.4,7.8,20
Vigilancia Sanitaria em Debate-Sociedade Ciencia & Tecnologia,VIGIL SANIT DEBATE,"FUNDACAO OSWALDO CRUZ, INST NACIONAL CONTROLE QUALIDADE & SAUDE",2317-269X,2317-269X,HEALTH CARE SCIENCES & SERVICES,ESCI,116,0.3,Q4,0.06,91.60%,176/185,0.3,Q4,0.2,<0.1,182/185,Q4,1.89,0.00009,0.02206,0.05,5.1,Q4,164/169,43,93.02%,4.7,6.8,40
International Journal of Healthcare Technology and Management,INT J HEALTHC TECHNO,INDERSCIENCE ENTERPRISES LTD,2367-8194,1741-5144,HEALTH CARE SCIENCES & SERVICES,ESCI,97,0.5,Q4,0.15,0.00%,173/185,0.6,Q4,0.3,0.2,172/185,Q4,7.3,0.00003,0.0083,0.089,6.8,Q4,160/169,10,90.00%,,6.8,9
Global & Regional Health Technology Assessment,GLOB REG HEALTH TECH,ABOUTSCIENCE SRL,2284-2403,2283-5733,HEALTH CARE SCIENCES & SERVICES,ESCI,91,0.5,Q4,0.19,96.00%,173/185,0.6,Q4,0.5,0.2,171/185,Q4,7.84,0.0001,0.02314,0.14,6.8,Q4,157/169,38,97.37%,,6,37
Medecine Palliative,MED PALLIAT,ELSEVIER,2752-8499,2213-0098,HEALTH CARE SCIENCES & SERVICES,ESCI,91,0.3,Q4,0.07,6.06%,176/185,0.2,Q4,0.2,0.1,180/185,Q4,2.97,0.00007,0.01624,0.044,5.1,Q4,165/169,32,100.00%,,9.5,32
Palliative Medicine in Practice,PALLIAT MED PRACT,VIA MEDICA,2545-0425,2545-1359,HEALTH CARE SCIENCES & SERVICES,ESCI,83,0.6,Q4,0.15,96.63%,170/185,,,0.2,0.2,172/185,Q4,7.3,0.00004,0.00996,,8.4,,,33,66.67%,,7.2,22
Zeitschrift fur Palliativmedizin,Z PALLIATMEDIZIN,GEORG THIEME VERLAG KG,2672-7080,1615-293X,HEALTH CARE SCIENCES & SERVICES,ESCI,73,0.3,Q4,0.13,1.96%,176/185,0.5,Q4,0.1,0.2,175/185,Q4,5.68,0.00004,0.01042,0.071,5.1,Q4,163/169,17,100.00%,,6.5,17
Health Problems of Civilization,HEALTH PROBL CIVILIZ,John Paul II Univ Biala Podlaska,2353-6942,2354-0265,HEALTH CARE SCIENCES & SERVICES,ESCI,72,0.2,Q4,0.07,99.13%,182/185,0.2,Q4,0.2,0.3,180/185,Q4,2.97,0.00005,0.01215,0.035,1.9,Q4,167/169,40,80.00%,,6.8,32
Medycyna Paliatywna-Palliative Medicine,MED PALIATYWNA,TERMEDIA PUBLISHING HOUSE LTD,1989-9882,2081-2833,HEALTH CARE SCIENCES & SERVICES,ESCI,66,0.2,Q4,0.09,98.75%,182/185,0.3,Q4,0.2,0.1,179/185,Q4,3.51,0.00004,0.01001,0.043,1.9,Q4,166/169,30,93.33%,,8.1,28
Journal of Medicine Access,J MED ACCESS,SAGE PUBLICATIONS INC,2752-3349,2755-0834,HEALTH CARE SCIENCES & SERVICES,ESCI,61,1.5,Q3,0.42,80.85%,133/185,,,1.4,0.2,151/185,Q4,18.65,0.00008,0.01983,,28.4,,,13,84.62%,,7.6,11
Farmeconomia-Health Economics and Therapeutic Pathways,FARMECONOMIA,SEED MEDICAL PUBLISHERS,2752-5082,2240-256X,HEALTH CARE SCIENCES & SERVICES,ESCI,30,0.3,Q4,0.03,93.33%,176/185,0.4,Q4,0.3,<0.1,184/185,Q4,0.81,0.00001,0.00438,0.081,5.1,Q4,161/169,5,100.00%,,7.5,5
International journal of Health Medicine and Current Research-IJHMCR,INT J HEALTH MED CUR,INT JOURNAL HEALTH MEDICINE & CURRENT RESEARCH-IJHMCR,2376-6808,2528-3189,HEALTH CARE SCIENCES & SERVICES,ESCI,2,<0.1,Q4,0,0.00%,185/185,<0.1,Q4,<0.1,,185/185,Q4,0.27,0,0,0,0.3,Q4,169/169,0,,,,0
ACCIDENT ANALYSIS AND PREVENTION,ACCIDENT ANAL PREV,PERGAMON-ELSEVIER SCIENCE LTD,2227-9032,1879-2057,TRANSPORTATION,SSCI,31668,6.2,Q1,2.04,19.21%,9/61,6.9,Q1,5,1.5,3/61,Q1,95.9,0.02075,4.61694,1.426,86.1,Q1,10/55,325,96.62%,7.4,6.3,314
TRANSPORTATION RESEARCH PART D-TRANSPORT AND ENVIRONMENT,TRANSPORT RES D-TR E,PERGAMON-ELSEVIER SCIENCE LTD,1361-9209,1879-2340,TRANSPORTATION,SSCI,25282,7.7,Q1,1.69,30.51%,5/61,9.1,Q1,6.7,1.6,7/61,Q1,89.34,0.02403,5.34819,1.8,92.6,Q1,7/55,426,99.06%,4.7,5.2,422
TRANSPORTATION RESEARCH PART A-POLICY AND PRACTICE,TRANSPORT RES A-POL,PERGAMON-ELSEVIER SCIENCE LTD,1999-4907,1879-2375,TRANSPORTATION,SSCI,24017,6.8,Q1,1.69,37.21%,6/61,7.8,Q1,6.1,1.1,7/61,Q1,89.34,0.01799,4.0048,1.615,91,Q1,8/55,310,99.35%,6.3,6.3,308
TRANSPORTATION RESEARCH PART E-LOGISTICS AND TRANSPORTATION REVIEW,TRANSPORT RES E-LOG,PERGAMON-ELSEVIER SCIENCE LTD,1478-4491,1878-5794,TRANSPORTATION,SSCI,20266,8.8,Q1,2.03,13.49%,4/61,9.8,Q1,7.3,1.6,4/61,Q1,94.26,0.02029,4.51467,1.986,94.3,Q1,6/55,415,98.80%,4.5,5.2,410
TRANSPORTATION RESEARCH PART B-METHODOLOGICAL,TRANSPORT RES B-METH,PERGAMON-ELSEVIER SCIENCE LTD,1471-2288,1879-2367,TRANSPORTATION,SSCI,19133,6.3,Q1,1.43,22.41%,7/61,8.1,Q1,5.7,0.9,10/61,Q1,84.43,0.0134,2.98248,2.295,89.3,Q1,4/55,150,100.00%,8.3,8.6,150
Journal of Transport Geography,J TRANSP GEOGR,ELSEVIER SCI LTD,2227-9032,1873-1236,TRANSPORTATION,SSCI,16756,6.3,Q1,1.88,33.28%,7/61,7.1,Q1,5.7,0.9,5/61,Q1,92.62,0.01245,2.77052,1.448,89.3,Q1,9/55,244,97.54%,6.4,6.6,238
Transport Policy,TRANSPORT POLICY,ELSEVIER SCI LTD,1477-7525,1879-310X,TRANSPORTATION,SSCI,13783,5.3,Q1,1.71,28.59%,12/61,6.2,Q1,4.8,1.1,6/61,Q1,90.98,0.01138,2.53368,1.236,81.1,Q1,12/55,290,97.59%,5.5,6,283
TRANSPORTATION RESEARCH PART F-TRAFFIC PSYCHOLOGY AND BEHAVIOUR,TRANSPORT RES F-TRAF,ELSEVIER SCI LTD,1369-8478,1873-5517,TRANSPORTATION,SSCI,13079,4.4,Q2,1.19,36.53%,17/61,5.2,Q2,3.5,0.7,15/61,Q1,76.23,0.01032,2.29742,1.021,73,Q2,17/55,315,94.92%,5.8,6.9,299
TRANSPORTATION SCIENCE,TRANSPORT SCI,INFORMS,0041-1655,,TRANSPORTATION,SSCI,8447,4.8,Q1,0.95,0.00%,13/61,6.2,Q1,4.5,1.1,21/61,Q2,66.39,0.00689,1.53415,2.058,79.5,Q1,5/55,69,100.00%,9.4,7.7,69
TRANSPORTATION,TRANSPORTATION,SPRINGER,0049-4488,1572-9435,TRANSPORTATION,SSCI,7073,3.3,Q2,0.75,42.72%,29/61,4.7,Q2,3.1,0.7,29/61,Q2,53.28,0.00528,1.17633,1.083,53.3,Q2,15/55,116,100.00%,7.3,6.5,116
JOURNAL OF SAFETY RESEARCH,J SAFETY RES,PERGAMON-ELSEVIER SCIENCE LTD,2073-445X,1879-1247,TRANSPORTATION,SSCI,6690,4.4,Q2,1.38,25.19%,17/61,4.7,Q2,4.1,0.7,11/61,Q1,82.79,0.00633,1.40907,1.153,73,Q1,13/55,190,93.16%,5.9,7.4,177
TRANSPORT REVIEWS,TRANSPORT REV,TAYLOR & FRANCIS LTD,1542-4278,1464-5327,TRANSPORTATION,SSCI,6436,9.9,Q1,1.67,52.63%,3/61,12.7,Q1,9.7,1.2,9/61,Q1,86.07,0.00502,1.11878,2.946,95.9,Q1,3/55,34,97.06%,7.1,6.6,33
JOURNAL OF AIR TRANSPORT MANAGEMENT,J AIR TRANSP MANAG,ELSEVIER SCI LTD,1520-6688,1873-2089,TRANSPORTATION,SSCI,5623,3.6,Q2,0.97,23.43%,25/61,4.5,Q2,3.1,0.7,18/61,Q2,71.31,0.00356,0.79408,0.743,59.8,Q3,30/55,134,99.25%,6,6.9,133
Journal of Transport & Health,J TRANSP HEALTH,ELSEVIER SCI LTD,2214-1405,,TRANSPORTATION,SSCI,4783,3.3,Q2,0.87,39.25%,29/61,4,Q2,2.9,0.5,24/61,Q2,61.48,0.00542,1.20599,0.908,53.3,Q2,20/55,165,95.76%,5,6.9,158
Transportation Research Interdisciplinary Perspectives,TRANSP RES INTERDISC,ELSEVIER,2193-7532,2590-1982,TRANSPORTATION,ESCI,4605,3.8,Q2,0.95,96.47%,22/61,,,3.5,0.7,21/61,Q2,66.39,0.00667,1.48479,,64.8,,,287,95.82%,3.3,6.3,275
Traffic Injury Prevention,TRAFFIC INJ PREV,TAYLOR & FRANCIS INC,1477-7525,1538-957X,TRANSPORTATION,SSCI,4577,1.9,Q3,0.5,18.11%,45/61,2.3,Q3,1.6,0.3,42/61,Q3,31.97,0.00335,0.74707,0.545,27,Q3,39/55,207,97.10%,7,7.3,201
Travel Behaviour and Society,TRAVEL BEHAV SOC,ELSEVIER,2214-594X,2214-3688,TRANSPORTATION,SSCI,4516,5.7,Q1,1.31,28.33%,11/61,6.3,Q1,5.1,0.9,14/61,Q1,77.87,0.0059,1.31493,1.355,82.8,Q1,11/55,208,98.56%,3.6,6.2,205
International Journal of Sustainable Transportation,INT J SUSTAIN TRANSP,TAYLOR & FRANCIS INC,2624-893X,1556-8334,TRANSPORTATION,SSCI,3424,3.9,Q2,0.62,26.90%,21/61,5,Q2,3.7,0.3,35/61,Q3,43.44,0.00327,0.72904,1.039,66.4,Q2,16/55,69,91.30%,5,5.4,63
Research in Transportation Business and Management,RES TRANSP BUS MANAG,ELSEVIER,2210-5395,2210-5409,TRANSPORTATION,SSCI,3352,4.4,Q2,1.13,24.49%,17/61,4.6,Q2,4,0.7,17/61,Q2,72.95,0.00319,0.71162,0.809,73,Q3,29/55,139,99.28%,3.5,5.7,138
Case Studies on Transport Policy,CASE STUD TRANSP POL,ELSEVIER,2213-624X,2213-6258,TRANSPORTATION,ESCI,3108,3.3,Q2,0.71,29.61%,29/61,3.1,Q3,3,0.6,32/61,Q3,48.36,0.00381,0.84939,0.609,53.3,Q3,37/55,180,98.33%,3.3,6.6,177
Research in Transportation Economics,RES TRANSP ECON,ELSEVIER SCI LTD,0739-8859,1875-7979,TRANSPORTATION,SSCI,3088,3.4,Q2,1.16,31.92%,27/61,3.6,Q3,3.3,1,16/61,Q2,74.59,0.00248,0.55326,0.715,56.6,Q3,31/55,49,100.00%,5.3,6.8,49
Maritime Policy & Management,MARIT POLICY MANAG,"ROUTLEDGE JOURNALS, TAYLOR & FRANCIS LTD",0308-8839,1464-5254,TRANSPORTATION,SSCI,3061,3.6,Q2,0.85,11.56%,25/61,3.8,Q2,3.2,0.6,25/61,Q2,59.84,0.00212,0.4736,0.685,59.8,Q3,32/55,49,95.92%,6,5.3,47
Analytic Methods in Accident Research,ANAL METHODS ACCID R,ELSEVIER,2035-5556,2213-6665,TRANSPORTATION,SSCI,3012,12.6,Q1,3.64,20.69%,2/61,14.2,Q1,10,2.5,1/61,Q1,99.18,0.00387,0.86231,3.528,97.5,Q1,1/55,29,100.00%,4.3,6.3,29
Mobilities,MOBILITIES-UK,"ROUTLEDGE JOURNALS, TAYLOR & FRANCIS LTD",1478-4491,1745-011X,TRANSPORTATION,SSCI,2516,2.3,Q3,0.77,57.89%,41/61,3.1,Q3,2,0.4,28/61,Q2,54.92,0.00259,0.57629,1.005,33.6,Q2,19/55,66,100.00%,7.3,8.3,66
European Transport Research Review,EUR TRANSP RES REV,SPRINGER,2413-8851,1866-8887,TRANSPORTATION,SSCI,2320,4.2,Q2,0.96,100.00%,20/61,5.2,Q2,3.9,0.9,19/61,Q2,69.67,0.0021,0.46835,1.021,68,Q2,17/55,69,85.51%,5.1,5.7,59
Transportmetrica A-Transport Science,TRANSPORTMETRICA A,TAYLOR & FRANCIS LTD,2324-9935,2324-9943,TRANSPORTATION,SSCI,2240,3.1,Q3,0.7,12.90%,34/61,3.7,Q2,2.7,0.5,33/61,Q3,46.72,0.00293,0.65237,0.873,45.1,Q2,22/55,77,100.00%,4.7,6.5,77
Transportation Letters-The International Journal of Transportation Research,TRANSP LETT,TAYLOR & FRANCIS LTD,1942-7867,1942-7875,TRANSPORTATION,SSCI,2133,3.3,Q2,0.7,7.24%,29/61,3.3,Q3,2.9,0.5,33/61,Q3,46.72,0.00253,0.56486,0.665,53.3,Q3,34/55,98,96.94%,4.1,6.2,95
Journal of Intelligent Transportation Systems,J INTELL TRANSPORT S,TAYLOR & FRANCIS INC,1547-2450,1547-2442,TRANSPORTATION,SSCI,2019,2.8,Q3,0.62,6.71%,36/61,3.7,Q2,2.4,0.8,35/61,Q3,43.44,0.00193,0.43014,0.824,41.8,Q2,27/55,50,100.00%,5.1,6.1,50
IATSS Research,IATSS RES,ELSEVIER SCI LTD,0386-1112,2210-4240,TRANSPORTATION,ESCI,1685,3.3,Q2,0.78,96.89%,29/61,4,Q2,3.1,0.5,27/61,Q2,56.56,0.00153,0.34099,0.818,53.3,Q3,28/55,53,98.11%,5.3,7.9,52
Journal of Transport and Land Use,J TRANSP LAND USE,"UNIV MINNESOTA, CENTER TRANSPORTATION STUDIES",2056-6085,1938-7849,TRANSPORTATION,SSCI,1575,2.2,Q3,0.44,92.86%,42/61,2.9,Q3,2.1,0.5,47/61,Q4,23.77,0.00099,0.2211,0.672,32,Q3,33/55,42,95.24%,6.9,7.1,40
International Journal of Transportation Science and Technology,INT J TRANSP SCI TEC,KEAI PUBLISHING LTD,2673-2726,2046-0449,TRANSPORTATION,ESCI,1497,4.8,Q1,1.38,98.10%,13/61,,,4.6,2.1,11/61,Q1,82.79,0.00144,0.32145,,79.5,,,80,97.50%,2.8,7.3,78
Maritime Economics & Logistics,MARIT ECON LOGIST,PALGRAVE MACMILLAN LTD,1479-2931,1479-294X,TRANSPORTATION,SSCI,1466,4.8,Q1,0.9,17.89%,13/61,4.9,Q2,4.4,1.8,23/61,Q2,63.11,0.00115,0.25644,0.868,79.5,Q2,24/55,28,100.00%,4.9,5.1,28
Journal of Transportation Safety & Security,J TRANSP SAF SECUR,TAYLOR & FRANCIS INC,1179-1594,1943-9970,TRANSPORTATION,SSCI,1332,2.6,Q3,0.56,2.74%,38/61,2.7,Q3,2.3,0.3,41/61,Q3,33.61,0.00189,0.42096,0.663,38.5,Q3,35/55,43,97.67%,4.3,6,42
Transportmetrica B-Transport Dynamics,TRANSPORTMETRICA B,TAYLOR & FRANCIS LTD,2624-9634,2168-0582,TRANSPORTATION,SSCI,1171,3.4,Q2,0.72,11.04%,27/61,3.3,Q3,2.8,1,31/61,Q3,50,0.00176,0.39265,0.827,56.6,Q2,26/55,63,100.00%,3.8,6.5,63
Journal of Public Transportation,J PUBLIC TRANSPORT,ELSEVIER,2322-5939,2375-0901,TRANSPORTATION,SSCI,1124,3.7,Q2,0.75,99.05%,23/61,4.3,Q2,3.4,0.5,29/61,Q2,53.28,0.00056,0.12525,0.848,63.1,Q2,25/55,34,100.00%,9.5,6.3,34
Communications in Transportation Research,COMMUN TRANSP RES,ELSEVIER,2772-4247,2772-4247,TRANSPORTATION,SSCI,915,14.5,Q1,2.62,97.33%,1/61,13.5,Q1,13.7,1.5,2/61,Q1,97.54,0.00166,0.36935,3.282,99.2,Q1,2/55,31,93.55%,2.4,4.6,29
Asian Journal of Shipping and Logistics,ASIAN J SHIPPING LOG,ELSEVIER,2300-1682,2352-4871,TRANSPORTATION,ESCI,908,3.7,Q2,0.84,91.80%,23/61,3.5,Q3,3.5,0.8,26/61,Q2,58.2,0.00056,0.1254,0.557,63.1,Q3,38/55,22,100.00%,5.8,8.1,22
JOURNAL OF TRANSPORT ECONOMICS AND POLICY,J TRANSP ECON POLICY,UNIV BATH,2297-900X,1754-5951,TRANSPORTATION,SSCI,852,0.9,Q4,0.24,0.00%,54/61,0.8,Q4,0.9,<0.1,54/61,Q4,12.3,0.00012,0.0278,0.19,12.3,Q4,49/55,15,100.00%,19.6,11.9,15
Journal of Rail Transport Planning & Management,J RAIL TRANSPORT PLA,ELSEVIER SCI LTD,2561-326X,2210-9714,TRANSPORTATION,ESCI,696,2.7,Q3,0.62,40.71%,37/61,3.1,Q3,2.3,0.4,35/61,Q3,43.44,0.00073,0.16461,0.624,40.2,Q3,36/55,38,97.37%,4.4,7.7,37
WMU Journal of Maritime Affairs,WMU J MARIT AFF,SPRINGER HEIDELBERG,2666-7193,1654-1642,TRANSPORTATION,ESCI,576,2.4,Q3,0.6,51.39%,39/61,2.3,Q3,2.2,0.4,39/61,Q3,36.89,0.00042,0.09509,0.419,36.9,Q3,41/55,21,100.00%,5.7,5.7,21
International Journal of Shipping and Transport Logistics,INT J SHIP TRANS LOG,INDERSCIENCE ENTERPRISES LTD,1756-6517,1756-6525,TRANSPORTATION,SSCI,513,1.2,Q4,0.31,4.96%,52/61,1.5,Q4,1,0.2,50/61,Q4,18.85,0.00028,0.06383,0.227,15.6,Q4,48/55,43,100.00%,6.2,7.4,43
TRANSPORTATION JOURNAL,TRANSPORT J,WILEY,0041-1612,2157-328X,TRANSPORTATION,SSCI,513,1,Q4,0.27,7.02%,53/61,1.4,Q4,0.7,0.4,53/61,Q4,13.93,0.00014,0.03284,0.252,13.9,Q4,47/55,26,92.31%,11.7,7.8,24
Economics of Transportation,ECON TRANSP,ELSEVIER,2212-0122,2212-0130,TRANSPORTATION,SSCI,484,1.7,Q4,0.61,30.00%,46/61,2.9,Q3,1.6,0.8,38/61,Q3,38.52,0.0006,0.13506,0.893,25.4,Q2,21/55,20,95.00%,5.5,8.9,19
Urban Rail Transit,URBAN RAIL TRANSIT,SPRINGER HEIDELBERG,2199-6687,2199-6679,TRANSPORTATION,ESCI,451,2.9,Q3,0.49,98.61%,35/61,2.7,Q3,2.4,0.2,44/61,Q3,28.69,0.00039,0.0885,0.47,43.4,Q3,40/55,27,92.59%,4.8,5.4,25
Journal of Urban Mobility,J URBAN MOBIL,ELSEVIER,2667-0917,2667-0917,TRANSPORTATION,ESCI,416,6.1,Q1,1.33,91.76%,10/61,5.9,Q1,5.5,0.4,13/61,Q1,79.51,0.00059,0.133,1.112,84.4,Q2,14/55,27,100.00%,2.3,6.1,27
Maritime Transport Research,MARIT TRANSPORT RES,ELSEVIER,2393-6401,2666-822X,TRANSPORTATION,ESCI,413,4.8,Q1,0.96,98.46%,13/61,4.6,Q2,4.2,1.3,19/61,Q2,69.67,0.00058,0.13037,0.872,79.5,Q2,23/55,17,100.00%,2.7,5.1,17
Future Transportation,FUTURE TRANSP-BASEL,MDPI,2351-9894,2673-7590,TRANSPORTATION,ESCI,386,1.7,Q4,0.42,100.00%,46/61,2,Q4,1.6,0.6,48/61,Q4,22.13,0.00044,0.09836,0.322,25.4,Q4,46/55,77,84.42%,2.2,6,65
Transportation in Developing Economies,TRANSP DEV ECON,SPRINGER INT PUBL AG,2666-6065,2199-9295,TRANSPORTATION,ESCI,368,2.1,Q3,0.46,4.76%,44/61,2.1,Q4,2.1,0.5,46/61,Q4,25.41,0.00036,0.08224,0.4,28.7,Q4,43/55,34,100.00%,3.9,7.1,34
Maritime Business Review,MARIT BUS REV,EMERALD GROUP PUBLISHING LTD,2397-3757,2397-3765,TRANSPORTATION,ESCI,364,2.4,Q3,0.58,100.00%,39/61,2.4,Q3,2.1,0.3,40/61,Q3,35.25,0.00036,0.08163,0.411,36.9,Q4,42/55,20,100.00%,4,5.4,20
European Transport-Trasporti Europei,EUR TRANSP,"UNIV STUDI TRIESTE, IST STUDIO TRASPORTI INTEGRAZIONE ECON EUROPEA-ISTIEE",1825-3997,1825-3997,TRANSPORTATION,ESCI,362,0.8,Q4,0.21,0.00%,55/61,1,Q4,0.8,0.3,55/61,Q4,10.66,0.00024,0.05396,0.154,10.7,Q4,50/55,40,97.50%,4.9,7.6,39
International Journal of Automotive Technology and Management,INT J AUTO TECH MAN,INDERSCIENCE ENTERPRISES LTD,2664-3731,1741-5012,TRANSPORTATION,ESCI,324,1.5,Q4,0.28,1.52%,49/61,,,0.7,0.3,52/61,Q4,15.57,0.00013,0.03009,,20.5,,,25,100.00%,5.8,7.1,25
Asian Transport Studies,ASIAN TRANSP STUD,ELSEVIER,1178-203X,2185-5560,TRANSPORTATION,ESCI,284,2.2,Q3,0.49,100.00%,42/61,,,1.9,0.2,44/61,Q3,28.69,0.00035,0.07984,,32,,,33,100.00%,2.9,8.1,33
Applied Mobilities,APPL MOBIL,TAYLOR & FRANCIS LTD,1424-2818,2380-0135,TRANSPORTATION,ESCI,261,1.5,Q4,0.5,34.72%,49/61,,,1.4,0.6,42/61,Q3,31.97,0.00032,0.0729,,20.5,,,19,100.00%,4.4,9.2,19
Komunikacie - vedecke listy Zilinskej univerzity v Ziline,KOMUN VED LISTY ZIL,UNIV ZILINA,1179-1594,2585-7878,TRANSPORTATION,ESCI,244,0.6,Q4,0.12,95.10%,58/61,,,0.5,0.2,58/61,Q4,5.74,0.00017,0.03968,,5.7,,,55,98.18%,3.4,6.4,54
Pomorstvo-Scientific Journal of Maritime Research,POMORSTVO,"UNIV RIJEKA, FAC MARITIME STUDIES",1332-0718,1846-8438,TRANSPORTATION,ESCI,212,0.7,Q4,0.14,100.00%,56/61,0.8,Q4,0.6,0.1,57/61,Q4,7.38,0.00017,0.03983,0.124,9,Q4,52/55,23,91.30%,4.6,8.5,21
Journal of Transportation Security,J TRANSP SECUR,SPRINGER,2662-2211,1938-775X,TRANSPORTATION,ESCI,207,1.6,Q4,0.3,25.53%,48/61,1.6,Q4,1.2,0.6,51/61,Q4,17.21,0.00017,0.03802,0.343,22.1,Q4,45/55,22,77.27%,5.1,4.6,17
Frontiers in Future Transportation,FRONT FUTURE TRANSP,FRONTIERS MEDIA SA,2322-5939,2673-5210,TRANSPORTATION,ESCI,194,1.5,Q4,0.32,100.00%,49/61,1.9,Q4,1.4,0.8,49/61,Q4,20.49,0.00027,0.06151,0.361,20.5,Q4,44/55,17,94.12%,2.8,6.6,16
International Journal of Transport Economics,INT J TRANSP ECON,FABRIZIO SERRA EDITORE,0391-8440,,TRANSPORTATION,SSCI,175,0.5,Q4,0.12,0.00%,60/61,0.4,Q4,0.5,<0.1,58/61,Q4,5.74,0.00006,0.01367,0.09,2.5,Q4,54/55,9,100.00%,9,8.1,9
Journal of Eta Maritime Science,J ETA MARIT SCI,GALENOS PUBL HOUSE,2148-9386,2148-9386,TRANSPORTATION,ESCI,126,0.7,Q4,0.2,100.00%,56/61,0.7,Q4,0.6,0.2,56/61,Q4,9.02,0.0001,0.02394,0.111,9,Q4,53/55,39,100.00%,3.8,10.3,39
Revista de Transporte y Territorio,REV TRANSP TERRIT,"UNIV BUENOS AIRES, INST GEOGRAFIA",2052-3211,1852-7175,TRANSPORTATION,ESCI,88,0.1,Q4,0.02,62.07%,61/61,0.2,Q4,0.1,<0.1,61/61,Q4,0.82,0.00009,0.02111,0.079,0.8,Q4,55/55,26,96.15%,,8.7,25
Journal of Road Safety-JRS,J ROAD SAF-JRS,AUSTRALASIAN COLL ROAD SAFETY,2652-4260,2652-4252,TRANSPORTATION,ESCI,67,0.6,Q4,0.1,91.55%,58/61,0.6,Q4,0.6,0.3,60/61,Q4,2.46,0.00009,0.02196,0.133,5.7,Q4,51/55,24,95.83%,,9.8,23
FOOD POLICY,FOOD POLICY,ELSEVIER SCI LTD,2227-9032,1873-5657,AGRICULTURAL ECONOMICS & POLICY,SCIE,10970,6,Q1,1.89,46.11%,2/43,7,Q1,5.6,0.9,1/43,Q1,98.84,0.00792,1.76234,1.63,96.5,Q1,2/39,126,99.21%,7.5,6.5,125
British Food Journal,BRIT FOOD J,EMERALD GROUP PUBLISHING LTD,0007-070X,1758-4108,AGRICULTURAL ECONOMICS & POLICY,SCIE,10205,4.2,Q1,1.13,13.53%,5/43,4,Q2,3.5,0.7,10/43,Q1,77.91,0.00597,1.32842,0.531,89.5,Q2,14/39,239,97.07%,5.2,5.7,232
AMERICAN JOURNAL OF AGRICULTURAL ECONOMICS,AM J AGR ECON,WILEY,1999-4907,1467-8276,AGRICULTURAL ECONOMICS & POLICY,SCIE,8859,3.3,Q2,1.48,53.33%,11/43,4.7,Q1,3.1,0.8,6/43,Q1,87.21,0.00522,1.16355,1.518,75.6,Q1,3/39,49,100.00%,13.7,8.6,49
AGRICULTURAL ECONOMICS,AGR ECON-BLACKWELL,WILEY,1478-4491,1574-0862,AGRICULTURAL ECONOMICS & POLICY,SCIE,5306,4,Q1,1.05,51.57%,7/43,4.5,Q1,3.9,0.9,11/43,Q2,75.58,0.00244,0.54512,0.981,84.9,Q1,7/39,55,98.18%,9.9,9.4,54
JOURNAL OF AGRICULTURAL ECONOMICS,J AGR ECON,WILEY,1471-2288,1477-9552,AGRICULTURAL ECONOMICS & POLICY,SCIE,2985,4.2,Q1,1.28,63.16%,5/43,4.4,Q1,4.1,1.1,8/43,Q1,82.56,0.00194,0.432,1.007,89.5,Q1,6/39,33,100.00%,8.9,7.9,33
Applied Economic Perspectives and Policy,APPL ECON PERSPECT P,WILEY,2227-9032,2040-5804,AGRICULTURAL ECONOMICS & POLICY,SCIE,2699,3.4,Q1,1.39,47.31%,10/43,4.4,Q1,3.1,0.7,7/43,Q1,84.88,0.00373,0.83162,1.105,77.9,Q1,5/39,75,100.00%,4.3,6.7,75
Annual Review of Resource Economics,ANNU REV RESOUR ECON,ANNUAL REVIEWS,1477-7525,1941-1359,AGRICULTURAL ECONOMICS & POLICY,SCIE,2316,8.4,Q1,1.54,41.10%,1/43,8.8,Q1,8.2,0.5,3/43,Q1,94.19,0.0031,0.69182,3.173,98.8,Q1,1/39,18,33.33%,6.2,7.6,6
EUROPEAN REVIEW OF AGRICULTURAL ECONOMICS,EUR REV AGRIC ECON,OXFORD UNIV PRESS,0165-1587,1464-3618,AGRICULTURAL ECONOMICS & POLICY,SCIE,2230,3.5,Q1,1.27,27.78%,9/43,4.3,Q1,3.3,0.3,9/43,Q1,80.23,0.00222,0.49607,1.176,80.2,Q1,4/39,34,94.12%,6.7,8.7,32
China Agricultural Economic Review,CHINA AGR ECON REV,EMERALD GROUP PUBLISHING LTD,1756-137X,1756-1388,AGRICULTURAL ECONOMICS & POLICY,SCIE,1905,4.6,Q1,1.67,3.85%,3/43,5.4,Q1,4.4,0.3,2/43,Q1,96.51,0.00149,0.33237,0.883,94.2,Q1,8/39,58,100.00%,4.9,6.4,58
Scientific Papers-Series Management Economic Engineering in Agriculture and Rural Development,SCI PAP-SER MANAG EC,UNIV AGRONOMIC SCIENCES & VETERINARY MEDICINE BUCHAREST - USAMV,2284-7995,2285-3952,AGRICULTURAL ECONOMICS & POLICY,ESCI,1675,0.9,Q4,0.43,0.00%,33/43,0.7,Q4,0.3,0.2,29/43,Q3,33.72,0.00042,0.09419,0.033,24.4,Q4,38/39,415,99.28%,3.4,6.1,412
AUSTRALIAN JOURNAL OF AGRICULTURAL AND RESOURCE ECONOMICS,AUST J AGR RESOUR EC,WILEY,2073-445X,1467-8489,AGRICULTURAL ECONOMICS & POLICY,SCIE,1592,2.1,Q2,0.81,44.83%,13/43,3.4,Q2,2.1,0.4,15/43,Q2,66.28,0.00122,0.27353,0.71,70.9,Q2,10/39,44,100.00%,6.4,8.5,44
Agribusiness,AGRIBUSINESS,WILEY,1542-4278,1520-6297,AGRICULTURAL ECONOMICS & POLICY,SCIE,1531,2,Q2,0.66,40.53%,15/43,2.6,Q2,1.8,0.4,18/43,Q2,59.3,0.00106,0.23722,0.451,66.3,Q2,15/39,113,100.00%,5.4,7.7,113
International Food and Agribusiness Management Review,INT FOOD AGRIBUS MAN,BRILL,1520-6688,1559-2448,AGRICULTURAL ECONOMICS & POLICY,SCIE,1233,1.5,Q3,0.61,100.00%,22/43,1.9,Q2,1.4,0.4,20/43,Q2,54.65,0.00054,0.12158,0.274,50,Q3,24/39,49,95.92%,7.2,7.2,47
AQUACULTURE ECONOMICS & MANAGEMENT,AQUACULT ECON MANAG,TAYLOR & FRANCIS INC,1365-7305,1551-8663,AGRICULTURAL ECONOMICS & POLICY,SCIE,1163,3.7,Q1,1.5,21.05%,8/43,4,Q2,2.8,1.3,5/43,Q1,89.53,0.00072,0.16096,0.649,82.6,Q2,11/39,26,80.77%,5.8,6.1,21
Agricultural and Food Economics,AGR FOOD ECON,SPRINGERNATURE,2193-7532,2193-7532,AGRICULTURAL ECONOMICS & POLICY,SCIE,1132,4.5,Q1,1.54,100.00%,4/43,4.7,Q1,4.3,0.8,3/43,Q1,94.19,0.00091,0.20286,0.749,91.9,Q1,9/39,48,85.42%,4.1,6,41
CANADIAN JOURNAL OF AGRICULTURAL ECONOMICS-REVUE CANADIENNE D AGROECONOMIE,CAN J AGR ECON,WILEY,1477-7525,1744-7976,AGRICULTURAL ECONOMICS & POLICY,SCIE,1110,2.1,Q2,0.91,45.45%,13/43,3.6,Q2,2,0.7,14/43,Q2,68.6,0.00069,0.1546,0.628,70.9,Q2,13/39,30,100.00%,6.8,9.5,30
Agricultural Economics-Zemedelska Ekonomika,AGR ECON-CZECH,CZECH ACADEMY AGRICULTURAL SCIENCES,2214-594X,1805-9295,AGRICULTURAL ECONOMICS & POLICY,SCIE,1058,1.8,Q2,1.05,100.00%,17/43,1.9,Q2,1.7,0.2,11/43,Q2,75.58,0.00056,0.12676,0.27,61.6,Q3,25/39,48,100.00%,6,5.7,48
JOURNAL OF AGRICULTURAL AND RESOURCE ECONOMICS,J AGR RESOUR ECON,WESTERN AGRICULTURAL ECONOMICS ASSOC,2624-893X,2327-8285,AGRICULTURAL ECONOMICS & POLICY,SCIE,1051,1.4,Q3,0.45,0.00%,25/43,1.6,Q3,1.4,0.5,28/43,Q3,36.05,0.00057,0.1286,0.435,43,Q2,16/39,29,100.00%,12.4,11.4,29
Journal of Agribusiness in Developing and Emerging Economies,J AGRIBUS DEV EMERG,EMERALD GROUP PUBLISHING LTD,2044-0839,2044-0847,AGRICULTURAL ECONOMICS & POLICY,ESCI,928,1.8,Q2,0.79,6.95%,17/43,2.3,Q2,1.5,0.4,16/43,Q2,63.95,0.0007,0.15654,0.288,61.6,Q3,23/39,43,100.00%,3.9,6.6,43
Journal of Agriculture Food Systems and Community Development,J AGRIC FOOD SYST CO,LYSON CENTER CIVIC AGRICULTURE & FOOD SYSTEMS,2152-0798,2152-0801,AGRICULTURAL ECONOMICS & POLICY,ESCI,909,1.8,Q2,0.57,100.00%,17/43,1.9,Q2,1.4,0.3,23/43,Q3,47.67,0.00082,0.18405,0.373,61.6,Q2,18/39,46,100.00%,5.3,6.1,46
Agricultural Finance Review,AGRIC FINANCE REV,EMERALD GROUP PUBLISHING LTD,0002-1466,2041-6326,AGRICULTURAL ECONOMICS & POLICY,ESCI,889,1.9,Q2,0.61,12.35%,16/43,2,Q2,1.6,0.3,20/43,Q2,54.65,0.00049,0.10956,0.293,64,Q3,22/39,28,100.00%,6.2,7.2,28
Journal of Agricultural and Applied Economics,J AGRIC APPL ECON,CAMBRIDGE UNIV PRESS,1074-0708,2056-7405,AGRICULTURAL ECONOMICS & POLICY,ESCI,876,1.1,Q3,0.48,100.00%,29/43,1.6,Q3,1,0.2,26/43,Q3,40.7,0.00046,0.10452,0.325,33.7,Q3,20/39,34,94.12%,10.4,9.6,32
Agricultural and Resource Economics Review,AGRIC RESOUR ECON RE,CAMBRIDGE UNIV PRESS,2035-5556,2372-2614,AGRICULTURAL ECONOMICS & POLICY,ESCI,669,1.4,Q3,0.6,100.00%,25/43,1.5,Q3,1.3,0.3,22/43,Q3,50,0.00033,0.07378,0.347,43,Q2,19/39,21,100.00%,10.9,7.6,21
Journal of Wine Economics,J WINE ECON,CAMBRIDGE UNIV PRESS,1478-4491,1931-437X,AGRICULTURAL ECONOMICS & POLICY,SCIE,596,1.5,Q3,0.49,80.70%,22/43,1.6,Q3,1,0.5,24/43,Q3,45.35,0.00024,0.05363,0.299,50,Q3,21/39,21,100.00%,8.4,9.7,21
Agrekon,AGREKON,"ROUTLEDGE JOURNALS, TAYLOR & FRANCIS LTD",2413-8851,2078-0400,AGRICULTURAL ECONOMICS & POLICY,SCIE,592,1.6,Q2,0.65,33.33%,20/43,1.5,Q3,1.5,<0.1,19/43,Q2,56.98,0.00025,0.05719,0.241,54.7,Q3,26/39,21,100.00%,8.5,9.1,21
Wine Economics and Policy,WINE ECON POLICY,FIRENZE UNIV PRESS,2213-3968,2212-9774,AGRICULTURAL ECONOMICS & POLICY,ESCI,512,1.6,Q2,0.68,100.00%,20/43,,,1.2,0.3,17/43,Q2,61.63,0.00017,0.0384,,54.7,,,18,100.00%,7.7,6.8,18
EuroChoices,EUROCHOICES,WILEY,1478-0917,1746-692X,AGRICULTURAL ECONOMICS & POLICY,ESCI,504,3.1,Q2,0.95,68.00%,12/43,2.9,Q2,3,0.4,13/43,Q2,70.93,0.0006,0.13353,0.644,73.3,Q2,12/39,31,100.00%,4.4,3.8,31
New Medit,NEW MEDIT,Bologna Univ Press,1594-5685,2611-1128,AGRICULTURAL ECONOMICS & POLICY,SCIE,474,1.4,Q3,0.41,99.08%,25/43,1.3,Q3,0.9,0.2,30/43,Q3,31.4,0.00019,0.04379,0.132,43,Q3,29/39,35,100.00%,5.7,6.9,35
Ekonomika Poljoprivreda-Economics of Agriculture,EKON POLJOPR,BALKAN SCIENTIFIC ASSOC AGRARIAN ECONOMISTS,0352-3462,0352-3462,AGRICULTURAL ECONOMICS & POLICY,ESCI,428,0.7,Q4,0.29,99.58%,36/43,0.6,Q4,0.4,0.1,35/43,Q4,19.77,0.00012,0.02755,0.04,17.4,Q4,36/39,85,96.47%,5.4,5.8,82
Studies in Agricultural Economics,STUD AGRIC ECON,AGRARGAZDASAGI KUTATO & INFORMATIKAI INTEZET,2056-6085,2063-0476,AGRICULTURAL ECONOMICS & POLICY,ESCI,296,1,Q3,0.49,98.00%,32/43,1.2,Q3,0.7,0.3,24/43,Q3,45.35,0.00011,0.02533,0.166,26.7,Q3,28/39,19,100.00%,7.8,5.1,19
Agris on-line Papers in Economics and Informatics,AGRIS ON-LINE PAP EC,"Czech Univ Life Sciences Prague, Fac Economics and Management",2673-2726,1804-1930,AGRICULTURAL ECONOMICS & POLICY,ESCI,284,0.7,Q4,0.31,90.00%,36/43,,,0.7,0.2,34/43,Q4,22.09,0.00013,0.03111,,17.4,,,40,100.00%,5.9,7.1,40
African Journal of Agricultural and Resource Economics-AFJARE,AFR J AGRIC RESOUR E,AFRICAN ASSOC AGRICULTURAL ECONOMISTS,1993-3738,1993-3738,AGRICULTURAL ECONOMICS & POLICY,ESCI,268,0.5,Q4,0.18,0.00%,39/43,0.6,Q4,0.5,<0.1,39/43,Q4,10.47,0.00008,0.0197,0.101,10.5,Q4,32/39,12,100.00%,9.2,7.6,12
Poljoprivreda,POLJOPRIVREDA,FAC AGRICULTURE OSIJEK,1179-1594,1848-8080,AGRICULTURAL ECONOMICS & POLICY,ESCI,257,1.2,Q3,0.37,100.00%,28/43,1,Q3,1,0.4,32/43,Q3,26.74,0.0001,0.02335,0.127,36,Q4,30/39,21,100.00%,7,9.3,21
Culture Agriculture Food and Environment,CULT AGRIC FOOD ENVI,WILEY,2624-9634,2153-9561,AGRICULTURAL ECONOMICS & POLICY,ESCI,207,0.8,Q4,0.34,25.00%,34/43,1.3,Q3,0.8,0.5,33/43,Q4,24.42,0.00018,0.04035,0.389,22.1,Q2,17/39,8,100.00%,7.7,8.5,8
Agricultural and Resource Economics-International Scientific E-Journal,AGR RESOUR EC INT SC,INST EASTERN EUROPEAN RESEARCH & CONSULTING,2322-5939,2414-584X,AGRICULTURAL ECONOMICS & POLICY,ESCI,205,1.1,Q3,0.47,92.41%,29/43,0.8,Q4,0.9,0.2,27/43,Q3,38.37,0.00016,0.03754,0.093,33.7,Q4,33/39,47,100.00%,2.7,5.2,47
Custos e Agronegocio On Line,CUST AGRONEGOCIO,"UNIV FED RURAL PERNAMBUCO, DEPT ADMINISTRACAO",1808-2882,1808-2882,AGRICULTURAL ECONOMICS & POLICY,SCIE,196,0.1,Q4,0.07,0.00%,42/43,0.2,Q4,0.1,<0.1,40/43,Q4,8.14,0.00013,0.02896,0.034,3.5,Q4,37/39,12,100.00%,5.7,9.7,12
German Journal of Agricultural Economics,GER J AGR ECON,TIB Open Publishing,2300-1682,2191-4028,AGRICULTURAL ECONOMICS & POLICY,SCIE,184,1.5,Q3,0.41,19.15%,22/43,0.8,Q4,1.4,0.3,30/43,Q3,31.4,0.00015,0.03402,0.171,50,Q3,27/39,12,100.00%,5.7,6.5,12
Agricultura Sociedad y Desarrollo,AGRIC SOC DESARRO,COLEGIO POSTGRADUADOS,2297-900X,2594-0244,AGRICULTURAL ECONOMICS & POLICY,ESCI,174,0.3,Q4,0.06,81.19%,40/43,0.2,Q4,0.3,<0.1,41/43,Q4,5.81,0.00004,0.00918,0.032,8.1,Q4,39/39,35,100.00%,8.3,8.4,35
Zagadnienia Ekonomiki Rolnej,ZAG EKON ROL,Inst Agricultural and Food Economics-Natl Research Inst,2561-326X,2392-3458,AGRICULTURAL ECONOMICS & POLICY,ESCI,159,0.6,Q4,0.25,100.00%,38/43,,,0.5,0.2,37/43,Q4,15.12,0.00013,0.02972,,12.8,,,20,100.00%,4.1,6.2,20
Economia Agro-alimentare,ECON AGRO-ALIMENT,FRANCO ANGELI,2666-7193,1972-4802,AGRICULTURAL ECONOMICS & POLICY,ESCI,106,0.8,Q4,0.2,87.10%,34/43,,,0.8,0.2,38/43,Q4,12.79,0.00007,0.01738,,22.1,,,19,100.00%,3.8,7.1,19
Research on World Agricultural Economy,RES WORLD AGR ECON,Nan Yang Acad Sciences - NASS,2737-4777,2737-4785,AGRICULTURAL ECONOMICS & POLICY,ESCI,82,1.1,Q3,0.28,83.87%,29/43,0.8,Q4,0.9,0.2,36/43,Q4,17.44,0.00006,0.0155,0.106,33.7,Q4,31/39,70,95.71%,,6.4,67
Australasian Agribusiness Review,AUSTRALAS AGRIBUS RE,"UNIV NEW ENGLAND,UNE BUSINESS SCH, CTR AGRIBUSINESS",1833-5675,1442-6951,AGRICULTURAL ECONOMICS & POLICY,ESCI,50,0.1,Q4,0.05,0.00%,42/43,0.4,Q4,<0.1,<0.1,42/43,Q4,3.49,0.00001,0.00335,0.06,3.5,Q4,34/39,3,33.33%,,,1
AUSTRALIAN FARM BUSINESS MANAGEMENT JOURNAL,AUST FARM BUS MANAGE,"UNIV NEW ENGLAND,UNE BUSINESS SCH, CTR AGRIBUSINESS",1449-5937,1449-7875,AGRICULTURAL ECONOMICS & POLICY,ESCI,13,0.3,Q4,0.03,0.00%,40/43,0.3,Q4,0.3,,43/43,Q4,1.16,0,0.00129,0.049,8.1,Q4,35/39,0,,,,0
LANDSCAPE AND URBAN PLANNING,LANDSCAPE URBAN PLAN,ELSEVIER,2227-9032,1872-6062,GEOGRAPHY,SSCI,32710,9.2,Q1,2.4,42.41%,2/173,10.4,Q1,8.7,1.5,1/173,Q1,99.71,0.01877,4.1782,2.15,99.1,Q1,5/169,186,95.70%,7.9,6.7,178
GLOBAL ENVIRONMENTAL CHANGE-HUMAN AND POLICY DIMENSIONS,GLOBAL ENVIRON CHANG,ELSEVIER SCI LTD,0959-3780,1872-9495,GEOGRAPHY,SSCI,26254,9.1,Q1,2.37,62.32%,3/173,11.5,Q1,8.8,1.2,2/173,Q1,99.13,0.01761,3.92018,3.368,98.6,Q1,2/169,111,100.00%,8.5,6.4,111
Journal of Transport Geography,J TRANSP GEOGR,ELSEVIER SCI LTD,1999-4907,1873-1236,GEOGRAPHY,SSCI,16756,6.3,Q1,1.88,33.28%,7/173,7.1,Q1,5.7,0.9,7/173,Q1,96.24,0.01245,2.77052,1.448,96.2,Q1,18/169,244,97.54%,6.4,6.6,238
Journal of Rural Studies,J RURAL STUD,PERGAMON-ELSEVIER SCIENCE LTD,1478-4491,1873-1392,GEOGRAPHY,SSCI,14806,5.7,Q1,1.64,48.18%,10/173,6.1,Q1,5.1,0.7,9/173,Q1,95.09,0.012,2.67183,1.188,94.5,Q1,26/169,277,98.92%,5.4,7.7,274
GEOFORUM,GEOFORUM,PERGAMON-ELSEVIER SCIENCE LTD,1471-2288,1872-9398,GEOGRAPHY,SSCI,11951,3.1,Q1,1.19,52.65%,27/173,3.9,Q1,3,0.9,23/173,Q1,86.99,0.01192,2.65285,1.274,84.7,Q1,22/169,198,98.48%,7.4,7.7,195
APPLIED GEOGRAPHY,APPL GEOGR,ELSEVIER SCI LTD,2227-9032,1873-7730,GEOGRAPHY,SSCI,11938,5.4,Q1,2.08,20.39%,11/173,5.3,Q1,4.9,1.5,5/173,Q1,97.4,0.00669,1.48959,1.059,93.9,Q1,32/169,227,100.00%,7.4,6.2,227
Environment and Planning A-Economy and Space,ENVIRON PLANN A,SAGE PUBLICATIONS INC,1477-7525,1472-3409,GEOGRAPHY,SSCI,11477,4,Q1,1.14,47.64%,17/173,4.4,Q1,3.7,0.8,25/173,Q1,85.84,0.00799,1.77914,1.664,90.5,Q1,14/169,81,100.00%,12.4,7.6,81
REGIONAL STUDIES,REG STUD,"ROUTLEDGE JOURNALS, TAYLOR & FRANCIS LTD",0034-3404,1360-0591,GEOGRAPHY,SSCI,11305,4.2,Q1,1.12,40.79%,16/173,5.1,Q1,3.6,0.9,26/173,Q1,85.26,0.0092,2.04706,1.343,91,Q1,20/169,106,100.00%,7.7,7.6,106
PROGRESS IN HUMAN GEOGRAPHY,PROG HUM GEOG,SAGE PUBLICATIONS LTD,0309-1325,1477-0288,GEOGRAPHY,SSCI,9758,6.1,Q1,2.22,60.25%,8/173,7.8,Q1,5.7,1,4/173,Q1,97.98,0.00959,2.1344,3.22,95.7,Q1,3/169,46,100.00%,9.8,7.1,46
INTERNATIONAL JOURNAL OF GEOGRAPHICAL INFORMATION SCIENCE,INT J GEOGR INF SCI,TAYLOR & FRANCIS LTD,1365-8816,1362-3087,GEOGRAPHY,SSCI,9334,5.1,Q1,1.42,20.33%,12/173,6,Q1,4.4,1.2,16/173,Q1,91.04,0.00523,1.16447,1.24,93.4,Q1,23/169,137,98.54%,8.6,6.5,135
COMPUTERS ENVIRONMENT AND URBAN SYSTEMS,COMPUT ENVIRON URBAN,ELSEVIER SCI LTD,2073-445X,1873-7587,GEOGRAPHY,SSCI,8300,8.3,Q1,1.64,35.29%,5/173,8.5,Q1,7.9,1.1,9/173,Q1,95.09,0.00715,1.5924,1.709,97.4,Q1,12/169,104,98.08%,5.4,6.3,102
Environment and Planning B-Urban Analytics and City Science,ENVIRON PLAN B-URBAN,SAGE PUBLICATIONS LTD,1542-4278,2399-8091,GEOGRAPHY,SSCI,6639,3.1,Q1,0.76,25.05%,27/173,3.8,Q1,2.8,0.4,51/173,Q2,70.81,0.00458,1.02058,0.779,84.7,Q2,50/169,169,100.00%,7.6,6.8,169
POLITICAL GEOGRAPHY,POLIT GEOGR,ELSEVIER SCI LTD,1520-6688,1873-5096,GEOGRAPHY,SSCI,6548,4.9,Q1,1.77,57.21%,13/173,4.7,Q1,4.4,0.9,8/173,Q1,95.66,0.00918,2.04458,1.808,92.8,Q1,11/169,135,96.30%,6.3,7.6,130
ANTIPODE,ANTIPODE,WILEY,0066-4812,1467-8330,GEOGRAPHY,SSCI,6532,2.7,Q1,1.24,56.15%,35/173,4.7,Q1,2.4,0.9,22/173,Q1,87.57,0.00797,1.77363,2.005,80.1,Q1,6/169,100,100.00%,8.3,7.6,100
INTERNATIONAL JOURNAL OF URBAN AND REGIONAL RESEARCH,INT J URBAN REGIONAL,WILEY,2193-7532,1468-2427,GEOGRAPHY,SSCI,6116,1.9,Q2,0.7,52.60%,64/173,3.7,Q1,1.8,0.4,64/173,Q2,63.29,0.00339,0.75559,1.322,63.3,Q1,21/169,62,100.00%,11.1,8.8,62
GEOJOURNAL,GEOJOURNAL,SPRINGER,1477-7525,1572-9893,GEOGRAPHY,ESCI,5886,1.9,Q2,0.74,16.96%,64/173,2.5,Q2,1.7,0.5,55/173,Q2,68.5,0.00422,0.94048,0.477,63.3,Q2,73/169,264,95.45%,5.9,7.8,252
EUROPEAN PLANNING STUDIES,EUR PLAN STUD,"ROUTLEDGE JOURNALS, TAYLOR & FRANCIS LTD",2214-594X,1469-5944,GEOGRAPHY,SSCI,5819,3.2,Q1,0.75,45.72%,25/173,3.6,Q1,3,0.4,54/173,Q2,69.08,0.00441,0.98279,0.82,85.8,Q2,47/169,72,100.00%,7.3,7.8,72
ENVIRONMENT AND PLANNING D-SOCIETY & SPACE,ENVIRON PLANN D,SAGE PUBLICATIONS LTD,2624-893X,1472-3433,GEOGRAPHY,SSCI,5787,2.5,Q1,0.76,45.29%,40/173,4.5,Q1,2.2,0.7,51/173,Q2,70.81,0.00465,1.03649,1.914,77.2,Q1,8/169,60,100.00%,10.9,7.5,60
TRANSACTIONS OF THE INSTITUTE OF BRITISH GEOGRAPHERS,T I BRIT GEOGR,WILEY,0020-2754,1475-5661,GEOGRAPHY,SSCI,5275,3.6,Q1,1.26,68.31%,20/173,4.2,Q1,3.1,0.9,21/173,Q1,88.15,0.0048,1.06907,1.675,88.7,Q1,13/169,63,100.00%,11.2,7.6,63
ECONOMIC GEOGRAPHY,ECON GEOGR,TAYLOR & FRANCIS LTD,0013-0095,1944-8287,GEOGRAPHY,SSCI,4944,8.9,Q1,2.07,58.49%,4/173,8.4,Q1,8.8,0.9,6/173,Q1,96.82,0.00223,0.49721,2.668,98,Q1,4/169,10,100.00%,11.6,6.9,10
URBAN GEOGRAPHY,URBAN GEOGR,"ROUTLEDGE JOURNALS, TAYLOR & FRANCIS LTD",0272-3638,1938-2847,GEOGRAPHY,SSCI,4801,2.6,Q1,0.94,40.44%,37/173,3.8,Q1,2.3,0.8,36/173,Q1,79.48,0.00486,1.08239,1.2,78.9,Q1,25/169,95,100.00%,6.8,7.7,95
JOURNAL OF ECONOMIC GEOGRAPHY,J ECON GEOGR,OXFORD UNIV PRESS,1468-2702,1468-2710,GEOGRAPHY,SSCI,4794,2.9,Q1,1.05,45.97%,30/173,4.5,Q1,2.6,0.6,28/173,Q1,84.1,0.00355,0.79127,1.891,82.9,Q1,9/169,49,100.00%,10.5,9.6,49
GEOGRAPHICAL ANALYSIS,GEOGR ANAL,WILEY,2035-5556,1538-4632,GEOGRAPHY,SSCI,4699,4.3,Q1,1.29,54.88%,15/173,4.2,Q1,4.2,0.6,19/173,Q1,89.31,0.00157,0.35064,1.108,91.6,Q1,30/169,29,100.00%,27.1,9.9,29
Annals of the American Association of Geographers,ANN AM ASSOC GEOGR,"ROUTLEDGE JOURNALS, TAYLOR & FRANCIS LTD",1478-4491,2469-4460,GEOGRAPHY,SSCI,4513,2.9,Q1,1.16,33.61%,30/173,4.2,Q1,2.7,0.8,24/173,Q1,86.42,0.00779,1.73337,1.418,82.9,Q1,19/169,131,100.00%,4.8,8.2,131
Geography Compass,GEOGR COMPASS,WILEY,2413-8851,1749-8198,GEOGRAPHY,SSCI,3896,3.5,Q1,1,59.65%,21/173,5.1,Q1,3.3,0.8,33/173,Q1,81.21,0.00305,0.67929,1.84,88.2,Q1,10/169,37,18.92%,10,7.9,7
Local Environment,LOCAL ENVIRON,"ROUTLEDGE JOURNALS, TAYLOR & FRANCIS LTD",1354-9839,1469-6711,GEOGRAPHY,SSCI,3645,2.8,Q1,0.63,33.79%,34/173,3.4,Q1,2.6,0.5,72/173,Q2,58.67,0.00281,0.6265,0.846,80.6,Q2,46/169,115,94.78%,7.4,6.8,109
Environment and Planning C-Politics and Space,ENVIRON PLAN C-POLIT,SAGE PUBLICATIONS LTD,2399-6544,2399-6552,GEOGRAPHY,SSCI,3544,2.2,Q2,0.62,41.61%,48/173,3.1,Q1,2.1,0.4,74/173,Q2,57.51,0.00462,1.028,1.186,72.5,Q1,27/169,95,100.00%,7.1,8.6,95
Population Space and Place,POPUL SPACE PLACE,WILEY,1544-8444,1544-8452,GEOGRAPHY,SSCI,3516,2.6,Q1,1.04,56.69%,37/173,2.9,Q1,2.3,0.2,29/173,Q1,83.53,0.00363,0.80909,0.875,78.9,Q2,43/169,103,100.00%,6.9,8.9,103
GEOGRAPHICAL JOURNAL,GEOGR J,WILEY,0016-7398,1475-4959,GEOGRAPHY,SSCI,3411,3.1,Q1,1.01,59.87%,27/173,3.7,Q1,3,0.6,31/173,Q1,82.37,0.00219,0.48756,1.206,84.7,Q1,24/169,34,100.00%,12.9,7.4,34
AREA,AREA,WILEY,2056-6085,1475-4762,GEOGRAPHY,SSCI,3310,2.1,Q2,0.74,70.62%,54/173,2.2,Q2,1.8,0.4,55/173,Q2,68.5,0.00273,0.60962,0.793,69.1,Q2,49/169,64,100.00%,9.7,7.2,64
Gender Place and Culture,GENDER PLACE CULT,"ROUTLEDGE JOURNALS, TAYLOR & FRANCIS LTD",2673-2726,1360-0524,GEOGRAPHY,SSCI,3231,1.1,Q3,0.59,34.10%,88/173,1.8,Q2,1.1,0.3,77/173,Q2,55.78,0.00316,0.70459,0.742,49.4,Q2,52/169,50,98.00%,8.1,9.5,49
Geopolitics,GEOPOLITICS,"ROUTLEDGE JOURNALS, TAYLOR & FRANCIS LTD",1465-0045,1557-3028,GEOGRAPHY,SSCI,3043,3.4,Q1,1.44,47.57%,22/173,3.8,Q1,2.9,0.9,15/173,Q1,91.62,0.00443,0.98658,1.465,87.6,Q1,17/169,96,98.96%,5.6,7.4,95
SOCIAL & CULTURAL GEOGRAPHY,SOC CULT GEOGR,"ROUTLEDGE JOURNALS, TAYLOR & FRANCIS LTD",1179-1594,1470-1197,GEOGRAPHY,SSCI,3006,2.3,Q1,0.85,55.03%,43/173,2.7,Q2,2.2,0.1,43/173,Q1,75.43,0.00358,0.79705,1.09,75.4,Q1,31/169,59,100.00%,8.7,9.4,59
PAPERS IN REGIONAL SCIENCE,PAP REG SCI,ELSEVIER SCI LTD,2624-9634,1435-5957,GEOGRAPHY,SSCI,2881,2.3,Q1,0.64,93.08%,43/173,2.7,Q2,1.9,0.7,71/173,Q2,59.25,0.00178,0.3961,0.64,75.4,Q2,57/169,44,100.00%,9.2,9.6,44
Transactions in GIS,T GIS,WILEY,2322-5939,1467-9671,GEOGRAPHY,SSCI,2862,2.3,Q1,0.82,23.69%,43/173,2.7,Q2,2,0.3,46/173,Q2,73.7,0.00237,0.52811,0.558,75.4,Q2,65/169,153,98.69%,5.6,6.6,151
SOCIOLOGIA RURALIS,SOCIOL RURALIS,WILEY,0038-0199,1467-9523,GEOGRAPHY,SSCI,2853,3.7,Q1,1.48,74.17%,19/173,4.2,Q1,3.4,0.6,13/173,Q1,92.77,0.00158,0.352,0.935,89.3,Q1,39/169,26,100.00%,9.7,8.8,26
PROFESSIONAL GEOGRAPHER,PROF GEOGR,"ROUTLEDGE JOURNALS, TAYLOR & FRANCIS LTD",2300-1682,1467-9272,GEOGRAPHY,SSCI,2761,1.9,Q2,0.66,16.11%,64/173,1.7,Q2,1.8,0.3,69/173,Q2,60.4,0.00133,0.29665,0.488,63.3,Q2,72/169,60,100.00%,12.5,8.5,60
Cambridge Journal of Regions Economy and Society,CAMB J REG ECON SOC,OXFORD UNIV PRESS,2297-900X,1752-1386,GEOGRAPHY,SSCI,2627,4.7,Q1,1.35,51.38%,14/173,5.7,Q1,4.5,1.5,17/173,Q1,90.46,0.00251,0.55956,1.989,92.2,Q1,7/169,34,100.00%,6.9,5.8,34
ANNALS OF REGIONAL SCIENCE,ANN REGIONAL SCI,SPRINGER,2561-326X,1432-0592,GEOGRAPHY,SSCI,2558,2.1,Q2,0.59,40.45%,54/173,2.2,Q2,1.9,0.3,77/173,Q2,55.78,0.00139,0.3112,0.521,69.1,Q2,69/169,69,100.00%,9.9,11.4,69
GEOGRAPHICAL REVIEW,GEOGR REV,TAYLOR & FRANCIS INC,2666-7193,1931-0846,GEOGRAPHY,SSCI,2545,1.2,Q2,0.56,12.35%,85/173,1.9,Q2,1.1,0.6,80/173,Q2,54.05,0.00077,0.17324,0.544,51.2,Q2,66/169,41,100.00%,31.7,7.7,41
Mobilities,MOBILITIES-UK,"ROUTLEDGE JOURNALS, TAYLOR & FRANCIS LTD",1745-0101,1745-011X,GEOGRAPHY,SSCI,2516,2.3,Q1,0.77,57.89%,43/173,3.1,Q1,2,0.4,49/173,Q2,71.97,0.00259,0.57629,1.005,75.4,Q1,36/169,66,100.00%,7.3,8.3,66
Journal of Maps,J MAPS,TAYLOR & FRANCIS LTD,1744-5647,1744-5647,GEOGRAPHY,SSCI,2479,2.1,Q2,0.66,97.90%,54/173,2.2,Q2,1.8,0.5,69/173,Q2,60.4,0.00215,0.48018,0.518,69.1,Q2,70/169,95,98.95%,6.2,12.6,94
Environment and Planning E-Nature and Space,ENVIRON PLAN E-NAT,SAGE PUBLICATIONS INC,2514-8486,2514-8494,GEOGRAPHY,SSCI,2214,3.2,Q1,0.99,39.80%,25/173,3.9,Q1,2.9,0.4,34/173,Q1,80.64,0.00549,1.22315,1.48,85.8,Q1,16/169,77,100.00%,3.5,7.3,77
Landscape Research,LANDSCAPE RES,"ROUTLEDGE JOURNALS, TAYLOR & FRANCIS LTD",0142-6397,1469-9710,GEOGRAPHY,SSCI,2201,1.5,Q2,0.45,38.39%,77/173,1.8,Q2,1.4,0.4,92/173,Q3,47.11,0.00121,0.27085,0.421,55.8,Q2,83/169,90,97.78%,8.5,9.5,88
Childrens Geographies,CHILD GEOGR,"ROUTLEDGE JOURNALS, TAYLOR & FRANCIS LTD",1473-3285,1473-3277,GEOGRAPHY,SSCI,2152,2.2,Q2,0.71,42.46%,48/173,2.8,Q1,2,0.7,61/173,Q2,65.03,0.00253,0.56394,0.881,72.5,Q1,42/169,51,100.00%,6,8.8,51
GLOBAL NETWORKS-A JOURNAL OF TRANSNATIONAL AFFAIRS,GLOBAL NETW,WILEY,2393-6401,1471-0374,GEOGRAPHY,SSCI,2105,2.2,Q2,1.29,52.11%,48/173,2.8,Q1,2,0.4,19/173,Q1,89.31,0.00194,0.43287,1.026,72.5,Q1,33/169,40,97.50%,10.1,8.9,39
Urban Science,URBAN SCI,MDPI,2351-9894,2413-8851,GEOGRAPHY,ESCI,1949,2.9,Q1,0.7,99.79%,30/173,2.7,Q2,2.6,0.5,64/173,Q2,63.29,0.00179,0.39913,0.46,82.9,Q2,75/169,263,89.35%,3.8,6,235
TIJDSCHRIFT VOOR ECONOMISCHE EN SOCIALE GEOGRAFIE,TIJDSCHR ECON SOC GE,WILEY,2666-6065,1467-9663,GEOGRAPHY,SSCI,1789,1.8,Q2,0.69,61.95%,69/173,2.8,Q1,1.4,1.1,66/173,Q2,62.14,0.00126,0.28099,0.754,60.4,Q2,51/169,38,100.00%,10.5,8.2,38
CULTURAL GEOGRAPHIES,CULT GEOGR,SAGE PUBLICATIONS LTD,1474-4740,1477-0881,GEOGRAPHY,SSCI,1786,1.5,Q2,0.53,55.93%,77/173,2.2,Q2,1.2,0.2,84/173,Q2,51.73,0.00179,0.3984,1.003,55.8,Q1,37/169,38,100.00%,9.8,11.6,38
EUROPEAN URBAN AND REGIONAL STUDIES,EUR URBAN REG STUD,SAGE PUBLICATIONS LTD,0969-7764,1461-7145,GEOGRAPHY,SSCI,1655,2.6,Q1,0.77,40.26%,37/173,3.7,Q1,2.2,0.4,49/173,Q2,71.97,0.00133,0.29783,1.129,78.9,Q1,28/169,17,100.00%,8.2,6.7,17
Dialogues in Human Geography,DIALOGUES HUM GEOGR,SAGE PUBLICATIONS LTD,2664-3731,2043-8214,GEOGRAPHY,SSCI,1622,9.6,Q1,2.25,48.65%,1/173,12.1,Q1,8.1,2.5,3/173,Q1,98.55,0.00308,0.68645,4.704,99.7,Q1,1/169,23,100.00%,4.6,7.1,23
CANADIAN GEOGRAPHIES-GEOGRAPHIES CANADIENNES,CAN GEOGR-GEOGR CAN,WILEY,1178-203X,1541-0064,GEOGRAPHY,SSCI,1534,1.3,Q2,0.5,43.22%,83/173,1.6,Q2,1,0.6,86/173,Q2,50.58,0.00084,0.1876,0.427,52.3,Q2,81/169,25,96.00%,11.4,8.1,24
Cartography and Geographic Information Science,CARTOGR GEOGR INF SC,TAYLOR & FRANCIS INC,1424-2818,1545-0465,GEOGRAPHY,SSCI,1503,2.4,Q1,1.01,21.05%,41/173,2.5,Q2,1.8,1.1,31/173,Q1,82.37,0.00074,0.16651,0.462,76.6,Q2,74/169,47,95.74%,8.1,7.8,45
Emotion Space and Society,EMOT SPACE SOC,ELSEVIER SCI LTD,1179-1594,1878-0040,GEOGRAPHY,SSCI,1468,1.7,Q2,0.85,44.09%,72/173,2.1,Q2,1.5,0.4,43/173,Q1,75.43,0.00168,0.37424,0.851,58.7,Q2,45/169,36,100.00%,7.9,9.4,36
GEOGRAFISKA ANNALER SERIES B-HUMAN GEOGRAPHY,GEOGR ANN B,TAYLOR & FRANCIS LTD,0435-3684,1468-0467,GEOGRAPHY,SSCI,1406,2.1,Q2,0.74,63.41%,54/173,2.2,Q2,2.1,0.1,55/173,Q2,68.5,0.0009,0.20111,0.817,69.1,Q2,48/169,15,100.00%,16.5,10.2,15
Geographical Research,GEOGR RES-AUST,WILEY,2662-2211,1745-5871,GEOGRAPHY,SSCI,1363,2.7,Q1,0.85,70.41%,35/173,3.1,Q1,2.2,1.5,43/173,Q1,75.43,0.00122,0.27207,0.884,80.1,Q1,41/169,37,100.00%,6.9,7.6,37
EURASIAN GEOGRAPHY AND ECONOMICS,EURASIAN GEOGR ECON,"ROUTLEDGE JOURNALS, TAYLOR & FRANCIS LTD",2322-5939,1938-2863,GEOGRAPHY,SSCI,1356,2.2,Q2,1.58,31.00%,48/173,2.8,Q1,1.9,0.6,12/173,Q1,93.35,0.00142,0.31598,0.864,72.5,Q2,44/169,28,96.43%,7.6,8.8,27
Territory Politics Governance,TERRIT POLIT GOV,"ROUTLEDGE JOURNALS, TAYLOR & FRANCIS LTD",2162-2671,2162-268X,GEOGRAPHY,SSCI,1268,2.3,Q1,0.98,42.55%,43/173,2.6,Q2,2,0.5,35/173,Q1,80.06,0.0028,0.62302,1.015,75.4,Q1,35/169,49,100.00%,4.3,8.4,49
Competition & Change,COMPET CHANG,SAGE PUBLICATIONS LTD,2148-9386,1477-2221,GEOGRAPHY,SSCI,1209,3.4,Q1,0.87,55.45%,22/173,4.3,Q1,2.9,0.7,39/173,Q1,77.75,0.00211,0.47149,1.587,87.6,Q1,15/169,39,100.00%,4.8,6.7,39
JOURNAL OF HISTORICAL GEOGRAPHY,J HIST GEOGR,ACADEMIC PRESS LTD- ELSEVIER SCIENCE LTD,2052-3211,1095-8614,GEOGRAPHY,SSCI,1193,1.1,Q3,1.02,48.50%,88/173,1.3,Q3,0.9,0.4,30/173,Q1,82.95,0.00087,0.19559,0.625,49.4,Q2,59/169,83,93.98%,12.6,21.1,78
Annals of GIS,ANN GIS,TAYLOR & FRANCIS LTD,1947-5683,1947-5691,GEOGRAPHY,ESCI,1136,3.3,Q1,0.87,100.00%,24/173,4.5,Q1,3.2,2.4,39/173,Q1,77.75,0.00115,0.25692,0.974,86.4,Q1,38/169,32,84.38%,4.6,5.7,27
JOURNAL OF GEOGRAPHY IN HIGHER EDUCATION,J GEOGR HIGHER EDUC,"ROUTLEDGE JOURNALS, TAYLOR & FRANCIS LTD",2632-3249,1466-1845,GEOGRAPHY,SSCI,1126,1,Q3,0.61,53.06%,98/173,1.7,Q2,0.8,<0.1,75/173,Q2,56.94,0.00069,0.1546,0.389,43.6,Q3,86/169,28,96.43%,8.7,8.3,27
Regional Science Policy and Practice,REG SCI POLICY PRACT,ELSEVIER SCI LTD,2624-9553,1757-7802,GEOGRAPHY,ESCI,1109,2.1,Q2,0.74,87.50%,54/173,1.9,Q2,2,0.9,55/173,Q2,68.5,0.00149,0.33362,0.42,69.1,Q2,84/169,68,100.00%,3.6,6.6,68
Journal of Geographical Systems,J GEOGR SYST,SPRINGER HEIDELBERG,1435-5930,1435-5949,GEOGRAPHY,SSCI,1030,2.9,Q1,1.08,42.86%,30/173,2.6,Q2,2.6,0.8,27/173,Q1,84.68,0.00061,0.13689,0.628,82.9,Q2,58/169,18,100.00%,11.2,10.8,18
AUSTRALIAN GEOGRAPHER,AUST GEOGR,"ROUTLEDGE JOURNALS, TAYLOR & FRANCIS LTD",2673-253X,1465-3311,GEOGRAPHY,SSCI,955,2,Q2,0.73,44.57%,60/173,2.1,Q2,1.9,0.1,59/173,Q2,66.18,0.00078,0.17527,0.665,65.6,Q2,56/169,24,100.00%,9.7,6.5,24
Regional Studies Regional Science,REG STUD REG SCI,"ROUTLEDGE JOURNALS, TAYLOR & FRANCIS LTD",2168-1376,2168-1376,GEOGRAPHY,ESCI,939,2.4,Q1,0.86,98.74%,41/173,2.5,Q2,2.2,0.3,41/173,Q1,76.59,0.00129,0.28818,0.674,76.6,Q2,55/169,48,100.00%,4.9,6.9,48
Applied Spatial Analysis and Policy,APPL SPAT ANAL POLIC,SPRINGER,1874-463X,1874-4621,GEOGRAPHY,SSCI,893,1.9,Q2,0.5,28.24%,64/173,2,Q2,1.8,0.6,86/173,Q2,50.58,0.00104,0.23266,0.444,63.3,Q2,78/169,44,95.45%,4.4,7.1,42
Journal of Geovisualization and Spatial Analysis,J GEOVIS SPAT ANAL,SPRINGERNATURE,2214-7829,2509-8829,GEOGRAPHY,ESCI,887,6.8,Q1,1.6,22.33%,6/173,5.4,Q1,5.6,2.4,11/173,Q1,93.93,0.00094,0.20945,0.889,96.8,Q1,40/169,38,92.11%,2.6,6.3,35
Urban Policy and Research,URBAN POLICY RES,"ROUTLEDGE JOURNALS, TAYLOR & FRANCIS LTD",0811-1146,1476-7244,GEOGRAPHY,SSCI,869,1.7,Q2,0.42,42.17%,72/173,,,1.7,0.2,94/173,Q3,45.95,0.00052,0.11764,,58.7,,,33,60.61%,9,7,20
Space and Culture,SPACE CULT,SAGE PUBLICATIONS INC,2227-9091,1552-8308,GEOGRAPHY,SSCI,868,1.2,Q2,0.86,30.25%,85/173,1.1,Q3,1.2,0.4,41/173,Q1,76.59,0.00093,0.20838,0.42,51.2,Q2,84/169,14,100.00%,9.3,12.6,14
SINGAPORE JOURNAL OF TROPICAL GEOGRAPHY,SINGAPORE J TROP GEO,WILEY,2214-7160,1467-9493,GEOGRAPHY,SSCI,849,2.1,Q2,0.82,35.21%,54/173,2.2,Q2,1.8,1.2,46/173,Q2,73.7,0.00067,0.14947,0.72,69.1,Q2,53/169,25,92.00%,9.9,8.5,23
Journal of Borderlands Studies,J BORDERL STUD,"ROUTLEDGE JOURNALS, TAYLOR & FRANCIS LTD",0886-5655,2159-1229,GEOGRAPHY,ESCI,817,1.4,Q2,0.49,22.88%,81/173,1.5,Q2,1.2,0.1,89/173,Q3,48.84,0.0013,0.29031,0.569,53.5,Q2,63/169,60,100.00%,5.5,9.1,60
Asia Pacific Viewpoint,ASIA PAC VIEWP,WILEY,1360-7456,1467-8373,GEOGRAPHY,SSCI,811,1.5,Q2,1.46,38.30%,77/173,1.8,Q2,1.3,0.3,14/173,Q1,92.2,0.00073,0.16464,0.561,55.8,Q2,64/169,28,100.00%,8.4,8.7,28
Quaestiones Geographicae,QUAEST GEOGR,SCIENDO,0137-477X,2081-6383,GEOGRAPHY,ESCI,778,0.8,Q3,0.34,87.12%,107/173,1,Q3,0.7,0.2,104/173,Q3,40.17,0.00029,0.06553,0.177,38.4,Q3,119/169,42,97.62%,8.9,9.7,41
Norsk Geografisk Tidsskrift-Norwegian Journal of Geography,NORSK GEOGR TIDSSKR,"ROUTLEDGE JOURNALS, TAYLOR & FRANCIS LTD",2767-3812,1502-5292,GEOGRAPHY,SSCI,771,1.9,Q2,0.56,66.67%,64/173,2,Q2,1.8,0.6,80/173,Q2,54.05,0.00052,0.11631,0.624,63.3,Q2,60/169,23,100.00%,11.4,6.8,23
JOURNAL OF GEOGRAPHY,J GEOGR,TAYLOR & FRANCIS INC,0022-1341,1752-6868,GEOGRAPHY,SSCI,745,1.8,Q2,0.19,27.50%,69/173,2.2,Q2,1.7,0.3,128/173,Q3,26.3,0.00031,0.07001,0.453,60.4,Q2,77/169,17,100.00%,12.3,9.2,17
CARTOGRAPHIC JOURNAL,CARTOGR J,TAYLOR & FRANCIS LTD,1477-8947,1743-2774,GEOGRAPHY,SSCI,696,0.8,Q3,0.27,26.79%,107/173,1.2,Q3,0.8,0.1,118/173,Q3,32.08,0.00026,0.05906,0.297,38.4,Q3,98/169,13,100.00%,13.1,10.9,13
GEOGRAPHY,GEOGRAPHY,TAYLOR & FRANCIS LTD,2767-3170,2043-6564,GEOGRAPHY,SSCI,667,1.1,Q3,0.35,0.00%,88/173,1.3,Q3,1,0.8,103/173,Q3,40.75,0.00022,0.05056,0.346,49.4,Q3,89/169,18,100.00%,18.1,7.1,18
SCOTTISH GEOGRAPHICAL JOURNAL,SCOT GEOGR J,"ROUTLEDGE JOURNALS, TAYLOR & FRANCIS LTD",2773-1391,1751-665X,GEOGRAPHY,SSCI,651,2,Q2,0.68,58.65%,60/173,1.6,Q2,1.2,0.8,68/173,Q2,60.98,0.0003,0.0676,0.35,65.6,Q3,88/169,40,87.50%,14,9.6,35
Cartographica,CARTOGRAPHICA,UNIV TORONTO PRESS INC,2624-893X,1911-9925,GEOGRAPHY,ESCI,639,0.6,Q3,0.26,0.00%,120/173,1.2,Q3,0.5,<0.1,119/173,Q3,31.5,0.00037,0.08432,0.533,30.9,Q2,68/169,6,100.00%,21,10.4,6
Boletin de la Asociacion de Geografos Espanoles,B ASOC GEOGR ESP,ASOCIACION ESPANOLES DE GEOGRAFIA,0212-9426,2605-3322,GEOGRAPHY,SSCI,617,0.7,Q3,0.28,99.17%,114/173,1,Q3,0.6,<0.1,113/173,Q3,34.97,0.00047,0.10675,0.229,34.4,Q3,104/169,25,96.00%,7,8.4,24
Island Studies Journal,ISL STUD J,Island Studies Journal,2413-8851,1715-2593,GEOGRAPHY,SSCI,599,0.7,Q3,0.61,96.81%,114/173,1.2,Q3,0.5,0.6,75/173,Q2,56.94,0.00043,0.09786,0.293,34.4,Q3,99/169,17,100.00%,6.8,9.7,17
Erdkunde,ERDKUNDE,"UNIV BONN, GEOGRAPHISCHES INST",0014-0015,0014-0015,GEOGRAPHY,SSCI,578,1.1,Q3,0.31,0.00%,88/173,1.2,Q3,0.9,0.3,109/173,Q3,37.28,0.00024,0.0539,0.344,49.4,Q3,90/169,16,100.00%,11.5,9.5,16
South African Geographical Journal,S AFR GEOGR J,"ROUTLEDGE JOURNALS, TAYLOR & FRANCIS LTD",0373-6245,2151-2418,GEOGRAPHY,SSCI,575,1.4,Q2,0.51,34.94%,81/173,1.8,Q2,1.4,0.3,85/173,Q2,51.16,0.00036,0.0816,0.316,53.5,Q3,93/169,33,100.00%,6.5,8.9,33
SPACE AND POLITY,SPACE POLITY,"ROUTLEDGE JOURNALS, TAYLOR & FRANCIS LTD",1356-2576,1470-1235,GEOGRAPHY,ESCI,562,1.1,Q3,0.48,61.22%,88/173,1.6,Q2,1.1,0.3,91/173,Q3,47.69,0.00045,0.10138,0.571,49.4,Q2,62/169,12,100.00%,10.7,7.3,12
European Countryside,EUR COUNTRYS,SCIENDO,2509-8020,1803-8417,GEOGRAPHY,ESCI,514,1,Q3,0.42,96.23%,98/173,1.5,Q2,0.9,0.2,94/173,Q3,45.95,0.0004,0.09099,0.28,43.6,Q3,100/169,34,100.00%,5.5,6.5,34
African Geographical Review,AFR GEOGR REV,"ROUTLEDGE JOURNALS, TAYLOR & FRANCIS LTD",1937-6812,2163-2642,GEOGRAPHY,ESCI,505,1.1,Q3,0.38,11.30%,88/173,1.5,Q2,1,0.2,99/173,Q3,43.06,0.00048,0.10875,0.306,49.4,Q3,95/169,38,100.00%,4.9,7.1,38
Revista de Geografia Norte Grande,REV GEOGR NORTE GD,"PONTIFICA UNIV CATOLICA CHILE, INST GEOGRAFIA",2399-6641,0718-3402,GEOGRAPHY,SSCI,489,0.5,Q3,0.05,1.40%,129/173,0.7,Q3,0.5,0.1,149/173,Q4,14.16,0.00032,0.07192,0.188,25.7,Q3,114/169,55,100.00%,9.2,10.6,55
Journal of Latin American Geography,J LAT AM GEOGR,CONFERENCE LATIN AMER GEOGRAPHERS,1545-2476,1548-5811,GEOGRAPHY,ESCI,474,0.5,Q3,0.17,4.11%,129/173,1.1,Q3,0.5,<0.1,133/173,Q4,23.41,0.00057,0.12877,0.426,25.7,Q2,82/169,27,100.00%,7.3,7.9,27
Geographia Polonica,GEOGR POL,"POLISH ACAD SCIENCES, INST GEOGRAPHY & SPATIAL ORGANIZATION",0016-7282,2300-7362,GEOGRAPHY,ESCI,473,0.5,Q3,0.34,68.85%,129/173,0.7,Q3,0.5,0.6,104/173,Q3,40.17,0.00015,0.03516,0.15,25.7,Q4,129/169,19,100.00%,9.5,12,19
Moravian Geographical Reports,MORAV GEOGR REP,SCIENDO,2624-9634,2199-6202,GEOGRAPHY,SSCI,432,1.6,Q2,0.69,98.39%,75/173,1.8,Q2,1.5,0.4,66/173,Q2,62.14,0.00037,0.08322,0.442,56.9,Q2,79/169,21,100.00%,6.4,9.4,21
Journal of Urban Mobility,J URBAN MOBIL,ELSEVIER,2188-5729,2667-0917,GEOGRAPHY,ESCI,416,6.1,Q1,1.33,91.76%,8/173,5.9,Q1,5.5,0.4,18/173,Q1,89.88,0.00059,0.133,1.112,95.7,Q1,29/169,27,100.00%,2.3,6.1,27
Fennia-International Journal of Geography,FENNIA,GEOGRAPHICAL SOC FINLAND,2575-8314,1798-5617,GEOGRAPHY,ESCI,408,1.6,Q2,0.72,98.04%,75/173,1.8,Q2,1.2,1.1,60/173,Q2,65.61,0.00041,0.0926,0.543,56.9,Q2,67/169,14,100.00%,6.4,8,14
Wellbeing Space and Society,WELLBEING SPACE SOC,ELSEVIER,1365-2907,2666-5581,GEOGRAPHY,ESCI,407,2.2,Q2,0.76,100.00%,48/173,2.5,Q2,2,0.4,51/173,Q2,70.81,0.00086,0.19228,0.706,72.5,Q2,54/169,46,97.83%,2.7,7.2,45
Bulletin of Geography-Socio-Economic Series,B GEOGR-SOCIO-ECO,NICOLAUS COPERNICUS UNIV TORUN,2213-5383,2083-8298,GEOGRAPHY,ESCI,401,0.8,Q3,0.29,97.50%,107/173,1,Q3,0.7,0.2,112/173,Q3,35.55,0.00027,0.06111,0.175,38.4,Q3,120/169,38,100.00%,5.9,8.3,38
Scripta Nova-Revista Electronica de Geografia y Ciencias Sociales,SCRIPTA NOVA,"UNIV BARCELONA, DEPT GEOGRAFIA HUMANA",1138-9788,1138-9788,GEOGRAPHY,SSCI,381,0.4,Q4,0.09,83.33%,135/173,0.6,Q3,0.4,0.2,144/173,Q4,17.05,0.00021,0.04751,0.189,22.3,Q3,111/169,32,100.00%,13.8,10,32
Polar Journal,POLAR J-UK,TAYLOR & FRANCIS LTD,2154-896X,2154-8978,GEOGRAPHY,ESCI,378,1.8,Q2,0.71,48.44%,69/173,,,1.6,0.9,61/173,Q2,65.03,0.0003,0.0684,,60.4,,,28,100.00%,6,8.9,28
Geografisk Tidsskrift-Danish Journal of Geography,GEOGR TIDSSKR-DEN,ROYAL DANISH GEOGRAPHICAL SOC,2572-3170,1903-2471,GEOGRAPHY,SSCI,361,1.1,Q3,0.28,0.00%,88/173,1.6,Q2,1.1,<0.1,113/173,Q3,34.97,0.00012,0.02793,0.324,49.4,Q3,92/169,7,100.00%,9.8,9.3,7
New Zealand Geographer,NEW ZEAL GEOGR,WILEY,2574-2531,1745-7939,GEOGRAPHY,SSCI,359,1.2,Q2,0.56,80.77%,85/173,1.4,Q3,1.1,0.9,80/173,Q2,54.05,0.00029,0.06646,0.43,51.2,Q2,80/169,16,100.00%,9.6,8.5,16
Hungarian Geographical Bulletin,HUNG GEOGR BULL,CSFK GEOGRAPHICAL INST,2661-8001,2064-5147,GEOGRAPHY,ESCI,350,1.1,Q3,0.36,79.10%,88/173,,,0.9,0.4,102/173,Q3,41.33,0.00022,0.05034,,49.4,,,23,91.30%,6.6,9.3,21
Southeastern Geographer,SOUTHEAST GEOGR,ASSOC AMER GEOGRAPHERS,0038-366X,1549-6929,GEOGRAPHY,ESCI,350,0.8,Q3,0.25,0.00%,107/173,0.9,Q3,0.6,0.1,122/173,Q3,29.77,0.0002,0.04514,0.299,38.4,Q3,96/169,23,91.30%,8.8,10.5,21
Documents d Analisi Geografica,DOC ANAL GEOGR,UNIV AUTONOMA BARCELONA,0212-1573,2014-4512,GEOGRAPHY,ESCI,348,0.7,Q3,0.2,97.14%,114/173,0.9,Q3,0.6,0.4,127/173,Q3,26.88,0.0002,0.0462,0.229,34.4,Q3,104/169,20,100.00%,8.9,7.2,20
Geography and Natural Resources,GEOGR NAT RESOUR,MAIK NAUKA/INTERPERIODICA/SPRINGER,2192-1709,1875-371X,GEOGRAPHY,ESCI,343,0.4,Q4,0.11,0.00%,135/173,0.4,Q4,0.3,<0.1,139/173,Q4,19.94,0.00018,0.04074,0.083,22.3,Q4,141/169,74,100.00%,7.5,14.6,74
Raumforschung und Raumordnung-Spatial Research and Planning,RAUMFORSCH RAUMORDN,OEKOM VERLAG GMBH,2381-4683,1869-4179,GEOGRAPHY,ESCI,339,1,Q3,0.41,100.00%,98/173,1.3,Q3,0.8,0.5,96/173,Q3,44.8,0.00026,0.05862,0.278,43.6,Q3,101/169,30,100.00%,5.9,6.8,30
Geographica Pannonica,GEOGR PANNONICA,"UNIV & NOVOM SADU, PRIRODNO-MATEMATICKI FAK",0354-8724,1820-7138,GEOGRAPHY,ESCI,334,0.9,Q3,0.43,98.67%,102/173,1.3,Q3,0.9,0.1,93/173,Q3,46.53,0.00025,0.05715,0.226,41.3,Q3,106/169,19,100.00%,5.7,6.9,19
Letters in Spatial and Resource Sciences,LETT SPAT RESOUR SCI,SPRINGER HEIDELBERG,1864-4031,1864-404X,GEOGRAPHY,ESCI,333,1.1,Q3,0.63,17.39%,88/173,1,Q3,1.1,0.6,72/173,Q2,58.67,0.00022,0.05041,0.189,49.4,Q3,111/169,31,100.00%,5.1,5.6,31
Cuadernos Geograficos,CUAD GEOGR,UNIV GRANADA,0210-5462,2340-0129,GEOGRAPHY,ESCI,323,0.8,Q3,0.21,97.87%,107/173,0.9,Q3,0.7,0.3,126/173,Q3,27.46,0.00038,0.08612,0.245,38.4,Q3,103/169,31,96.77%,5.2,9.5,30
CyberGeo-European Journal of Geography,CYBERGEO,CYBERGEO,1278-3366,1278-3366,GEOGRAPHY,ESCI,323,0.5,Q3,0.11,87.50%,129/173,0.5,Q4,0.5,0.4,139/173,Q4,19.94,0.00022,0.05001,0.179,25.7,Q3,118/169,5,100.00%,9.9,12.8,5
ERDE,ERDE,GESELLSCHAFT ERDKUNDE BERLIN,2673-4524,0013-9998,GEOGRAPHY,SSCI,321,0.6,Q3,0.32,0.00%,120/173,1,Q3,0.6,<0.1,108/173,Q3,37.86,0.00021,0.04871,0.315,30.9,Q3,94/169,6,83.33%,9,8,5
Journal of Cultural Geography,J CULT GEOGR,"ROUTLEDGE JOURNALS, TAYLOR & FRANCIS LTD",0887-3631,1940-6320,GEOGRAPHY,ESCI,315,0.9,Q3,0.33,21.21%,102/173,1.1,Q3,0.8,0.1,107/173,Q3,38.44,0.00025,0.05583,0.46,41.3,Q2,75/169,13,100.00%,11.7,9.7,13
Geo-Geography and Environment,GEO-GEOGR ENVIRON,WILEY,2730-6151,2054-4049,GEOGRAPHY,ESCI,312,3.8,Q1,0.94,88.10%,18/173,3.5,Q1,3.4,1.1,36/173,Q1,79.48,0.00033,0.07343,1.019,89.9,Q1,34/169,20,95.00%,5.5,5.9,19
Geohumanities,GEOHUMANITIES,TAYLOR & FRANCIS LTD,2373-566X,2373-5678,GEOGRAPHY,ESCI,302,1.1,Q3,0.37,43.53%,88/173,1,Q3,1,0.1,100/173,Q3,42.49,0.00065,0.14567,0.499,49.4,Q2,71/169,33,100.00%,5.3,8.6,33
Regional Statistics,REG STAT,HUNGARIAN CENTRAL STATISTICAL OFFICE,2590-2296,2064-8243,GEOGRAPHY,ESCI,270,1.3,Q2,0.59,83.17%,83/173,1.3,Q3,0.7,0.2,77/173,Q2,55.78,0.0002,0.0466,0.172,52.3,Q3,125/169,26,100.00%,3.7,8.5,26
Geografie,GEOGRAFIE-PRAGUE,CZECH GEOGRAPHIC SOC,2976-5390,1212-0014,GEOGRAPHY,SSCI,265,0.9,Q3,0.39,100.00%,102/173,0.8,Q3,0.8,0.1,97/173,Q3,44.22,0.00012,0.02886,0.175,41.3,Q3,120/169,19,94.74%,9.1,9.7,18
Applied Mobilities,APPL MOBIL,TAYLOR & FRANCIS LTD,2380-0127,2380-0135,GEOGRAPHY,ESCI,261,1.5,Q2,0.5,34.72%,77/173,,,1.4,0.6,86/173,Q2,50.58,0.00032,0.0729,,55.8,,,19,100.00%,4.4,9.2,19
Journal of Spatial Information Science,J SPAT INF SCI,UNIV MAINE,2204-3136,1948-660X,GEOGRAPHY,ESCI,260,0.6,Q3,0.49,100.00%,120/173,1.3,Q3,0.6,0.4,89/173,Q3,48.84,0.00013,0.03002,0.251,30.9,Q3,102/169,8,100.00%,7.3,7.8,8
Estudios Geograficos,ESTUD GEOGR,CONSEJO SUPERIOR INVESTIGACIONES CIENTIFICAS-CSIC,2572-2611,1988-8546,GEOGRAPHY,ESCI,249,0.3,Q4,0.11,97.33%,139/173,0.6,Q3,0.3,<0.1,139/173,Q4,19.94,0.00016,0.03602,0.155,19.9,Q4,128/169,23,100.00%,10.5,8.8,23
Revue de Geographie Alpine-Journal of Alpine Research,REV GEOGR ALP,IGA-ASSOC DIFFUSION RECHERCHE ALPINE,2639-5916,1760-7426,GEOGRAPHY,SSCI,234,0.3,Q4,0.07,36.84%,139/173,0.4,Q4,0.3,<0.1,146/173,Q4,15.9,0.0002,0.04659,0.175,19.9,Q3,120/169,21,100.00%,11.1,8.2,21
Miscellanea Geographica,MISC GEOGR,SCIENDO,2056-3485,2084-6118,GEOGRAPHY,ESCI,231,0.5,Q3,0.26,96.05%,129/173,0.7,Q3,0.5,<0.1,119/173,Q3,31.5,0.0002,0.04477,0.194,25.7,Q3,110/169,31,100.00%,6.5,11.6,31
Asian Geographer,ASIAN GEOGR,"ROUTLEDGE JOURNALS, TAYLOR & FRANCIS LTD",1520-6688,2158-1762,GEOGRAPHY,ESCI,228,2.2,Q2,0.92,24.00%,48/173,1.8,Q2,1.9,0.4,38/173,Q1,78.32,0.00016,0.03667,0.372,72.5,Q3,87/169,5,100.00%,6.6,7,5
Imago Mundi-The International Journal for the History of Cartography,IMAGO MUNDI,"ROUTLEDGE JOURNALS, TAYLOR & FRANCIS LTD",2642-0007,1479-7801,GEOGRAPHY,SSCI,226,0.5,Q3,0.39,18.42%,129/173,0.4,Q4,0.4,0.1,97/173,Q3,44.22,0.00009,0.02056,0.198,25.7,Q3,109/169,12,100.00%,25.8,25.9,12
Journal of the Geographical Institute Jovan Cvijic SASA,J GEOGR INST JOVAN C,GEOGRAFSKI INST JOVAN CVIJIC SASA,0350-7599,1821-2808,GEOGRAPHY,ESCI,221,0.8,Q3,0.37,100.00%,107/173,1,Q3,0.8,0.2,100/173,Q3,42.49,0.00015,0.03354,0.156,38.4,Q4,127/169,21,100.00%,5.7,7.3,21
International Journal of Cartography,INT J CARTOGRAPHY,TAYLOR & FRANCIS LTD,2767-3200,2372-9341,GEOGRAPHY,ESCI,219,0.9,Q3,0.22,23.86%,102/173,0.9,Q3,0.8,<0.1,125/173,Q3,28.03,0.0002,0.04598,0.185,41.3,Q3,115/169,30,100.00%,5.5,9.5,30
European Spatial Research and Policy,EUR SPAT RES POLICY,LODZ UNIV PRESS,1231-1952,1896-1525,GEOGRAPHY,ESCI,200,0.7,Q3,0.15,76.36%,114/173,0.8,Q3,0.7,0.3,135/173,Q4,22.25,0.00016,0.03607,0.175,34.4,Q3,120/169,13,92.31%,6,8.7,12
Shima-The International Journal of Research into Island Cultures,SHIMA,"MACQUARIE UNIV, DIV HUMANITIES",1834-6049,1834-6057,GEOGRAPHY,ESCI,196,0.4,Q4,0.28,83.51%,135/173,0.5,Q4,0.3,0.4,113/173,Q3,34.97,0.00021,0.04771,0.185,22.3,Q3,115/169,28,92.86%,8.2,10.9,26
Finisterra-Revista Portuguesa de Geografia,FINISTERRA,"UNIV LISBOA, CENTRO ESTUDOS GEOGRAFICOS",0430-5027,2182-2905,GEOGRAPHY,ESCI,194,0.3,Q4,0.1,0.00%,139/173,0.5,Q4,0.2,0.1,143/173,Q4,17.63,0.00019,0.04334,0.141,19.9,Q4,130/169,14,92.86%,7.5,8.7,13
Estudios Fronterizos,ESTUD FRONT,UNIV AUTONOMA BAJA CALIFORNIA,0187-6961,2395-9134,GEOGRAPHY,ESCI,188,0.8,Q3,0.15,100.00%,107/173,0.9,Q3,0.7,0.1,135/173,Q4,22.25,0.0003,0.06758,0.334,38.4,Q3,91/169,22,100.00%,5,7.6,22
Geographies,GEOGRAPHIES-BASEL,MDPI,2673-7086,2673-7086,GEOGRAPHY,ESCI,179,1.7,Q2,0.54,100.00%,72/173,1.6,Q2,1.7,0.3,83/173,Q2,52.31,0.00024,0.05525,0.299,58.7,Q3,96/169,43,95.35%,2.1,11,41
Ter es Tarsadalom,TER TARSAD,"CENTRE ECONOMIC & REGIONAL STUDIES, HUNGARIAN ACAD SCI, INST REGIONAL STUD",2227-7099,2062-9923,GEOGRAPHY,ESCI,171,0.6,Q3,0.24,98.91%,120/173,0.4,Q4,0.4,0.8,123/173,Q3,29.19,0.00008,0.01809,0.058,30.9,Q4,146/169,32,100.00%,5.2,8.3,32
Confins-Revue Franco-Bresilienne de Geographie-Revista Franco-Brasileira de Geografia,CONFINS,REVUES ORG,1958-9212,1958-9212,GEOGRAPHY,ESCI,170,0.1,Q4,0.01,81.52%,157/173,0.2,Q4,0.1,0.1,167/173,Q4,3.76,0.00017,0.03938,0.048,9.5,Q4,152/169,68,97.06%,6.3,12.8,66
Present Environment and Sustainable Development,PRESENT ENV SUST DEV,"ALEXANDRU IOAN CUZA UNIV PRESS, Alexandru Ioan Cuza Univ Iasi",2076-3387,2284-7820,GEOGRAPHY,ESCI,167,0.6,Q3,0.19,100.00%,120/173,0.5,Q4,0.4,0.1,128/173,Q3,26.3,0.0001,0.02323,0.064,30.9,Q4,145/169,47,97.87%,4.5,7.1,46
AUC Geographica,AUC GEOGR,"CHARLES UNIV PRAGUE, KAROLINUM PRESS",2399-4908,2336-1980,GEOGRAPHY,ESCI,164,0.9,Q3,0.3,100.00%,102/173,0.8,Q3,0.9,0.3,110/173,Q3,36.71,0.00014,0.0313,0.189,41.3,Q3,111/169,18,94.44%,6,9.4,17
Folia Geographica,FOLIA GEOGR-SLOVAKIA,UNIV PRESOV,2673-5172,2454-1001,GEOGRAPHY,ESCI,163,2,Q2,0.71,0.00%,60/173,1.4,Q3,1.4,2.9,61/173,Q2,65.03,0.00009,0.02194,0.173,65.6,Q3,124/169,8,100.00%,4.2,5,8
GEOGRAFICKY CASOPIS-Geographical Journal,GEOGRAFICKY CASOPIS,"SLOVAK ACAD SCIENCE, INST GEOGRAPHY",0016-7193,2453-8787,GEOGRAPHY,ESCI,161,0.7,Q3,0.24,100.00%,114/173,0.6,Q3,0.6,0.1,123/173,Q3,29.19,0.00008,0.01915,0.111,34.4,Q4,135/169,20,95.00%,9.1,8.8,19
Revista Geografica de America Central,REV GEOGR AM CENT,"UNIV NACL, ESCUELA CIENCIAS GEOGRAFICAS",2730-7182,2215-2563,GEOGRAPHY,ESCI,150,0.3,Q4,0.07,84.04%,139/173,0.3,Q4,0.2,0.1,146/173,Q4,15.9,0.00004,0.00963,0.043,19.9,Q4,154/169,40,97.50%,10.8,11.4,39
Investigaciones Geograficas-Spain,INVESTIG GEOGR-SPAIN,UNIV ALICANTE,0213-4691,1989-9890,GEOGRAPHY,ESCI,148,0.6,Q3,0.34,97.33%,120/173,0.6,Q3,0.6,0.3,104/173,Q3,40.17,0.00013,0.03,0.131,30.9,Q4,133/169,22,100.00%,5,9.2,22
Prace Komisji Geografii Przemyslu Polskiego Towarzystwa Geograficznego-Studies of the Industrial Geography Commission of the Polish Geographical Society,PRACE KOMISJI GEOGRA,"PEDAGOGICAL UNIV CRACOW, INST GEOGR, DEPT ENTREPRENEURSHIP & SPATIAL MGMT",2080-1653,2449-903X,GEOGRAPHY,ESCI,136,0.6,Q3,0.19,98.91%,120/173,0.4,Q4,0.5,0.1,128/173,Q3,26.3,0.00009,0.02087,0.053,30.9,Q4,148/169,22,100.00%,4.2,6.6,22
Journal of Settlements and Spatial Planning,J SETTL SPAT PLAN,CLUJ UNIV PRESS,2590-051X,2248-2199,GEOGRAPHY,ESCI,130,0.3,Q4,0.28,87.80%,139/173,0.8,Q3,0.3,0.3,113/173,Q3,34.97,0.00008,0.01971,0.122,19.9,Q4,134/169,10,100.00%,5.2,7.8,10
Geodetski Vestnik,GEOD VESTN,ASSOC SURVEYORS SLOVENIA,2572-3170,1581-1328,GEOGRAPHY,SSCI,129,0.3,Q4,0.14,68.18%,139/173,0.3,Q4,0.2,0.2,137/173,Q4,21.1,0.00003,0.00854,0.035,19.9,Q4,158/169,17,100.00%,8.3,9.2,17
GEOgraphia-UFF,GEOGRAPHIA-UFF,UNIV FEDERAL FLUMINENSE,1517-7793,1517-7793,GEOGRAPHY,ESCI,127,0.1,Q4,0.02,55.88%,157/173,0.2,Q4,0.1,<0.1,159/173,Q4,8.38,0.00011,0.02585,0.075,9.5,Q4,143/169,45,100.00%,8.1,15.8,45
Journal of Urban and Regional Analysis,J URBAN REG ANAL,BUCHAREST UNIV PRESS,2639-5916,2068-9969,GEOGRAPHY,ESCI,123,1,Q3,0.3,100.00%,98/173,0.8,Q3,0.8,0.3,110/173,Q3,36.71,0.00006,0.01407,0.11,43.6,Q4,136/169,12,100.00%,5.7,6.5,12
Anales de Geografia de la Universidad Complutense,AN GEOGR UNIV COMPLU,"UNIV COMPLUTENSE MADRID, SERVICIO PUBLICACIONES",2050-3385,1988-2378,GEOGRAPHY,ESCI,121,0.1,Q4,0.08,97.33%,157/173,0.3,Q4,0.1,<0.1,145/173,Q4,16.47,0.00006,0.0151,0.077,9.5,Q4,142/169,26,96.15%,11.2,11.1,25
Hrvatski Geografski Glasnik-Croatian Geographical Bulletin,HRVAT GEORGR GLAS,CROATIAN GEOGRAPHICAL SOC,1331-5854,1848-6401,GEOGRAPHY,ESCI,119,0.4,Q4,0.11,93.55%,135/173,0.6,Q3,0.4,<0.1,139/173,Q4,19.94,0.00006,0.01381,0.167,22.3,Q3,126/169,12,100.00%,10.7,12.6,12
MITTEILUNGEN DER OSTERREICHISCHEN GEOGRAPHISCHEN GESELLSCHAFT,MITT OSTERR GEOGR G,OSTERR GEOGRAPH GESELLSCHAFT,2405-9188,0029-9138,GEOGRAPHY,SSCI,119,0.2,Q4,0.06,100.00%,149/173,0.2,Q4,0.2,,148/173,Q4,14.74,0.00003,0.00694,0.05,14.2,Q4,150/169,0,,18.7,,0
GeoScape,GEOSCAPE,SCIENDO,1802-1115,1802-1115,GEOGRAPHY,ESCI,110,0.6,Q3,0.28,100.00%,120/173,1.1,Q3,0.4,0.1,113/173,Q3,34.97,0.0001,0.02301,0.201,30.9,Q3,107/169,13,100.00%,4.6,9.7,13
Geoadria,GEOADRIA,UNIV ZADAR,2398-631X,1848-9710,GEOGRAPHY,ESCI,108,0.2,Q4,0.13,61.90%,149/173,0.5,Q4,0.2,<0.1,138/173,Q4,20.52,0.00004,0.00971,0.135,14.2,Q4,132/169,2,100.00%,19.1,,2
Espaces-Populations-Societes,ESPACES-POPUL-SOC,UNIV LILLE I SCI & TECH,0755-7809,2104-3752,GEOGRAPHY,ESCI,108,0.1,Q4,0.01,69.81%,157/173,0.3,Q4,0.1,0.6,167/173,Q4,3.76,0.00009,0.02038,0.099,9.5,Q4,138/169,15,100.00%,10.8,11.8,15
Eria-Revista cuatrimestral de Geografia,ERIA,UNIV OVIEDO,0211-0563,0211-0563,GEOGRAPHY,ESCI,105,0.3,Q4,0.05,0.00%,139/173,0.4,Q4,0.3,<0.1,149/173,Q4,14.16,0.0001,0.02434,0.201,19.9,Q3,107/169,7,100.00%,13.3,12.7,7
Geoconservation Research,GEOCONSERV RES,OICC Press,2634-4505,2588-7343,GEOGRAPHY,ESCI,97,0.7,Q3,0.26,0.00%,114/173,0.7,Q3,0.7,<0.1,119/173,Q3,31.5,0.00017,0.03836,0.18,34.4,Q3,117/169,6,100.00%,,7.7,6
Developpement Durable & Territoires,DEV DURABLE TERRIT,RESEAU DEVELOPPEMENT DURABLE & TERRITOIRES FRAGILES,1947-2579,1772-9971,GEOGRAPHY,ESCI,97,0.2,Q4,0.03,23.46%,149/173,0.2,Q4,0.2,0.4,158/173,Q4,8.96,0.00007,0.01626,0.049,14.2,Q4,151/169,19,100.00%,,9.8,19
ZFW-Advances in Economic Geography,ZFW-ADV ECON GEOGR,WALTER DE GRUYTER GMBH,2673-611X,2748-1964,GEOGRAPHY,SSCI,88,2,Q2,0.8,86.05%,60/173,2.3,Q2,1.7,1.5,48/173,Q2,72.54,0.00014,0.03325,0.61,65.6,Q2,61/169,12,83.33%,,6.4,10
International Journal of Applied Geospatial Research,INT J APPL GEOSPAT R,IGI GLOBAL,2381-4683,1947-9662,GEOGRAPHY,ESCI,76,0.3,Q4,0.16,30.30%,139/173,0.5,Q4,0.3,0.2,134/173,Q4,22.83,0.00006,0.01443,0.105,19.9,Q4,137/169,6,100.00%,,7.2,6
Geo UERJ,GEO UERJ,UNIV ESTADO RIO JANEIRO,2373-7492,1981-9021,GEOGRAPHY,ESCI,72,0.1,Q4,0.02,51.75%,157/173,0.1,Q4,0.1,<0.1,159/173,Q4,8.38,0.00005,0.01314,0.025,9.5,Q4,162/169,108,100.00%,,11.2,108
Atelie Geografico,ATELIE GEOGR,"UNIV FED GOIAS, INST ESTUDOS SOCIO-AMBIENTAIS",1982-1956,1982-1956,GEOGRAPHY,ESCI,70,0.2,Q4,0.05,0.00%,149/173,0.2,Q4,0.1,<0.1,149/173,Q4,14.16,0.00015,0.03369,0.09,14.2,Q4,139/169,43,100.00%,,9.9,43
Perspectiva Geografica,PERSPECT GEOGR,UNIV PEDAGOGICA & TECNOLOGICA COLOMBIA,2564-1891,2500-8684,GEOGRAPHY,ESCI,68,0.3,Q4,0.02,73.44%,139/173,0.3,Q4,0.2,<0.1,159/173,Q4,8.38,0.00008,0.01782,0.141,19.9,Q4,130/169,32,100.00%,,10.8,32
Espace Politique,ESPAC POLIT,UNIV REIMS CHAMPAGNE-ARDENNES,2368-7460,1958-5500,GEOGRAPHY,ESCI,62,0.3,Q4,0.01,84.21%,139/173,0.1,Q4,0.3,<0.1,167/173,Q4,3.76,0.00007,0.01624,0.068,19.9,Q4,144/169,18,100.00%,,13.7,18
Revista Geografica Venezolana,REV GEOGR VENEZ,"UNIV ANDES, INST GEOGRAFIA & CONSERVACION RECURSOS NATURALES",2192-4007,2244-8853,GEOGRAPHY,ESCI,61,0.1,Q4,0.04,4.76%,157/173,0.1,Q4,0.1,<0.1,153/173,Q4,11.85,0.00005,0.01196,0.038,9.5,Q4,157/169,14,85.71%,,13.6,12
Documenti Geografici,DOC GEOGR,"UNIV STUDI ROMA TOR VERGATA, FAC LETTERE & FILOSOFIA",2688-8319,2281-7549,GEOGRAPHY,ESCI,59,0.2,Q4,0.04,0.00%,149/173,0.2,Q4,0.1,<0.1,153/173,Q4,11.85,0.00003,0.00804,0.019,14.2,Q4,165/169,77,98.70%,,8.1,76
Journal of Geography-Cografya Dergisi,J GEOGR-ISTANBUL,"ISTANBUL UNIV, FAC LETTERS, DEPT GEOGRAPHY",1302-7212,1305-2128,GEOGRAPHY,ESCI,54,0.2,Q4,0.19,21.59%,149/173,0.2,Q4,0.2,<0.1,128/173,Q3,26.3,0.00004,0.01093,0.043,14.2,Q4,154/169,27,100.00%,,9.8,27
Geographia Cassoviensis,GEOGR CASSOVIENSIS,"PAVOL JOZEF SAFARIK UNIV, FAC SCI, INST GEOGRAPHY",2590-2296,2454-0005,GEOGRAPHY,ESCI,53,0.6,Q3,0.18,100.00%,120/173,0.4,Q4,0.3,0.1,132/173,Q4,23.99,0.00002,0.00598,0.057,30.9,Q4,147/169,9,100.00%,,9.7,9
Cadernos de Geografia,CAD GEOGR-COIMBRA,"UNIV COIMBRA, FAC LETRAS",2976-5390,2183-4016,GEOGRAPHY,ESCI,50,0.2,Q4,0.05,100.00%,149/173,0.3,Q4,0.1,<0.1,149/173,Q4,14.16,0.00002,0.0047,0.034,14.2,Q4,159/169,21,100.00%,,10.3,21
Geograficando,GEOGRAFICANDO,"UNIV NAC LA PLATA, FAC HUMANIDADES & CIENCIAS EDUC",1850-1885,2346-898X,GEOGRAPHY,ESCI,39,0.1,Q4,0.02,98.31%,157/173,0.1,Q4,0.1,<0.1,159/173,Q4,8.38,0.00003,0.00677,0.047,9.5,Q4,153/169,26,100.00%,,10.6,26
Estudios Socioterritoriales,ESTUD SOCIOTERRITORI,"UNIV NACL CENTRO PROVINCIA BUENOS AIRES, CENTRO INVESTIGACIONES GEOGRAFICA",2692-4366,1853-4392,GEOGRAPHY,ESCI,39,<0.1,Q4,0.02,75.64%,169/173,0.1,Q4,<0.1,<0.1,159/173,Q4,8.38,0.00003,0.00807,0.031,2.6,Q4,160/169,16,100.00%,,11.4,16
Territoire en Mouvement,TERRIT MOUVEMENT,UNIV LILLE I SCI & TECH,2603-6479,1950-5698,GEOGRAPHY,ESCI,37,0.1,Q4,0.02,90.32%,157/173,0.1,Q4,0.1,<0.1,159/173,Q4,8.38,0.00002,0.00556,0.03,9.5,Q4,161/169,17,100.00%,,10,17
Boletin Goiano de Geografia,BOL GOIANO GEOGR,"UNIV FEDERAL GOIAS, INST ESTUDOS SOCIO-AMBIENTAIS",0101-708X,1984-8501,GEOGRAPHY,ESCI,35,0.1,Q4,0.01,69.51%,157/173,<0.1,Q4,0.1,<0.1,167/173,Q4,3.76,0.00001,0.00429,0.018,9.5,Q4,166/169,23,100.00%,,10.3,23
Information Geographique,INFORM GEOGR,ARMAND COLIN,0020-0093,1777-5876,GEOGRAPHY,ESCI,34,0.1,Q4,0.04,0.00%,157/173,0.1,Q4,0.1,<0.1,153/173,Q4,11.85,0.00002,0.00459,0.022,9.5,Q4,163/169,18,100.00%,,9.1,18
Geografares,GEOGRAFARES,UNIV FEDERAL ESPIRITO SANTO,2175-3709,2175-3709,GEOGRAPHY,ESCI,30,0.2,Q4,0.01,78.16%,149/173,0.1,Q4,0.1,<0.1,167/173,Q4,3.76,0.00003,0.00872,0.043,14.2,Q4,154/169,34,97.06%,,12.9,33
Boletin Geografico,BOL GEOGR-ARGENTINA,"UNIV NAC COMAHUE, DEPT GEOGRAFIA",0326-1735,2313-903X,GEOGRAPHY,ESCI,28,0.1,Q4,0.04,0.00%,157/173,0.4,Q4,0.1,<0.1,153/173,Q4,11.85,0.00003,0.00771,0.086,9.5,Q4,140/169,9,100.00%,,8.4,9
Geograficidade,GEOGRAFICIDADE,UNIV FEDERAL FLUMINENSE,2767-3197,2238-0205,GEOGRAPHY,ESCI,25,<0.1,Q4,0.01,0.00%,169/173,0.1,Q4,<0.1,,167/173,Q4,3.76,0.00005,0.01193,0.051,2.6,Q4,149/169,0,,,,0
Entorno Geografico,ENTORNO GEOGR,UNIV VALLE,1692-0074,2382-3518,GEOGRAPHY,ESCI,24,0.1,Q4,0.04,100.00%,157/173,0.1,Q4,0.1,0.2,153/173,Q4,11.85,0.00001,0.0027,0.022,9.5,Q4,163/169,16,100.00%,,9.7,16
Revista Acta Geografica,REV ACTA GEOGR,UNIV FEDERAL RORAIMA,2817-1705,2177-4307,GEOGRAPHY,ESCI,24,<0.1,Q4,0,35.24%,169/173,<0.1,Q4,<0.1,<0.1,173/173,Q4,0.29,0,0.00174,0.005,2.6,Q4,169/169,34,100.00%,,14.3,34
Revista Geoaraguaia,REV GEOARAGUAIA,UNIV FEDERAL MATO GROSSO,1809-094X,2236-9716,GEOGRAPHY,ESCI,13,<0.1,Q4,0.02,0.00%,169/173,<0.1,Q4,<0.1,<0.1,159/173,Q4,8.38,0,0.00173,0.006,2.6,Q4,168/169,53,98.11%,,10.5,52
Revista Formacao Online,REV FORM ONLINE,UNIV ESTADUAL PAULISTA JULIO MESQUITA FILHO,2178-7298,1517-543X,GEOGRAPHY,ESCI,10,<0.1,Q4,0.02,1.75%,169/173,<0.1,Q4,<0.1,0.1,159/173,Q4,8.38,0.00001,0.00282,0.01,2.6,Q4,167/169,12,100.00%,,12.4,12
JOURNAL OF APPLIED PSYCHOLOGY,J APPL PSYCHOL,AMER PSYCHOLOGICAL ASSOC,2227-9032,1939-1854,MANAGEMENT,SSCI,52066,6.1,Q1,2.14,5.22%,67/420,10.6,Q1,5.6,0.9,18/421,Q1,95.84,0.02099,4.67069,4.812,84.2,Q1,11/399,94,96.81%,19.5,12.6,91
MANAGEMENT SCIENCE,MANAGE SCI,INFORMS,0025-1909,1526-5501,MANAGEMENT,SSCI,50198,4.9,Q1,1.08,0.00%,97/420,6.6,Q1,4.8,1.3,117/421,Q2,72.33,0.07084,15.76391,4.18,77,Q1,14/399,260,100.00%,11.5,11.2,260
ACADEMY OF MANAGEMENT JOURNAL,ACAD MANAGE J,ACAD MANAGEMENT,1999-4907,1948-0989,MANAGEMENT,SSCI,47303,10.5,Q1,2.43,0.00%,12/420,13.8,Q1,10,5,9/421,Q1,97.98,0.02184,4.86138,7.788,97.3,Q1,5/399,54,100.00%,17,12.9,54
STRATEGIC MANAGEMENT JOURNAL,STRATEGIC MANAGE J,WILEY,1478-4491,1097-0266,MANAGEMENT,SSCI,46042,7.2,Q1,1.5,55.07%,46/420,11.5,Q1,6.6,1.3,65/421,Q1,84.68,0.02281,5.07744,5.629,89.2,Q1,8/399,96,100.00%,15.1,11.6,96
ACADEMY OF MANAGEMENT REVIEW,ACAD MANAGE REV,ACAD MANAGEMENT,1471-2288,1930-3807,MANAGEMENT,SSCI,41552,13.9,Q1,3.83,0.00%,4/420,19.3,Q1,13.2,7.1,2/421,Q1,99.64,0.01458,3.24419,10.194,99.2,Q1,2/399,38,97.37%,23.7,14.5,37
JOURNAL OF MANAGEMENT,J MANAGE,SAGE PUBLICATIONS INC,2227-9032,1557-1211,MANAGEMENT,SSCI,37269,9,Q1,1.92,25.34%,19/420,15.7,Q1,8.4,1.4,28/421,Q1,93.47,0.02409,5.36029,6.159,95.6,Q1,7/399,104,77.88%,12.6,11.5,81
RESEARCH POLICY,RES POLICY,ELSEVIER,1477-7525,1873-7625,MANAGEMENT,SSCI,34282,8,Q1,1.83,51.99%,28/420,10.5,Q1,7.5,1.2,33/421,Q1,92.28,0.02077,4.62226,2.974,93.5,Q1,33/399,145,100.00%,10.2,10.2,145
Tourism Management,TOURISM MANAGE,ELSEVIER SCI LTD,0261-5177,1879-3193,MANAGEMENT,SSCI,34184,12.4,Q1,2.96,21.23%,7/420,13.6,Q1,11.3,1.7,5/421,Q1,98.93,0.01794,3.99331,2.543,98.5,Q1,41/399,163,96.93%,7.9,6.9,158
MIS QUARTERLY,MIS QUART,SOC INFORM MANAGE-MIS RES CENT,0276-7783,,MANAGEMENT,SSCI,30593,6,Q1,1.65,6.86%,70/420,11,Q1,5.7,1.1,48/421,Q1,88.72,0.01018,2.26509,3.904,83.5,Q1,17/399,68,98.53%,15.3,10,67
Business Strategy and the Environment,BUS STRATEG ENVIRON,WILEY,0964-4733,1099-0836,MANAGEMENT,SSCI,30263,13.3,Q1,2.76,47.04%,5/420,16.1,Q1,11.5,1.7,7/421,Q1,98.46,0.0262,5.83094,2.435,98.9,Q1,45/399,432,99.77%,4.1,5.5,431
ORGANIZATION SCIENCE,ORGAN SCI,INFORMS,2073-445X,,MANAGEMENT,SSCI,24780,5.4,Q1,1.21,0.35%,85/420,7.2,Q1,5,0.8,93/421,Q1,78.03,0.0187,4.16132,4.84,79.9,Q1,10/399,103,100.00%,14.5,12.8,103
ADMINISTRATIVE SCIENCE QUARTERLY,ADMIN SCI QUART,SAGE PUBLICATIONS INC,1542-4278,1930-3815,MANAGEMENT,SSCI,20693,6.5,Q1,1.63,29.87%,56/420,13.9,Q1,6.2,1.4,52/421,Q1,87.77,0.01045,2.32606,9.124,86.8,Q1,4/399,27,100.00%,25.4,12.7,27
HARVARD BUSINESS REVIEW,HARVARD BUS REV,HARVARD BUSINESS SCHOOL PUBLISHING CORPORATION,1520-6688,0017-8012,MANAGEMENT,SSCI,19526,7.8,Q1,0.21,0.00%,31/420,10.9,Q1,7.8,0.9,357/421,Q4,15.32,0.01169,2.60271,4.354,92.7,Q1,13/399,83,100.00%,15.1,,83
JOURNAL OF ORGANIZATIONAL BEHAVIOR,J ORGAN BEHAV,WILEY,0894-3796,1099-1379,MANAGEMENT,SSCI,19524,6.8,Q1,1.38,46.40%,53/420,10.1,Q1,6.5,1.1,77/421,Q1,81.83,0.00967,2.15194,3.428,87.5,Q1,22/399,76,89.47%,12.7,12,68
JOURNAL OF INTERNATIONAL BUSINESS STUDIES,J INT BUS STUD,PALGRAVE MACMILLAN LTD,2193-7532,1478-6990,MANAGEMENT,SSCI,18881,9,Q1,1.61,37.21%,19/420,13.1,Q1,8.1,1.3,56/421,Q1,86.82,0.01223,2.72132,3.84,95.6,Q1,18/399,64,95.31%,11.6,10.4,61
INDUSTRIAL MARKETING MANAGEMENT,IND MARKET MANAG,ELSEVIER SCIENCE INC,1477-7525,1873-2062,MANAGEMENT,SSCI,18688,7.5,Q1,1.64,43.63%,34/420,9,Q1,6.4,1.4,49/421,Q1,88.48,0.01316,2.93,1.615,92,Q1,72/399,156,97.44%,5.8,9.3,152
JOURNAL OF MANAGEMENT STUDIES,J MANAGE STUD,WILEY,2214-594X,1467-6486,MANAGEMENT,SSCI,17466,6.4,Q1,1.4,74.14%,57/420,10.9,Q1,5.6,1.5,73/421,Q1,82.78,0.01384,3.08147,3.921,86.5,Q1,16/399,125,92.00%,12.4,11.2,115
International Journal of Contemporary Hospitality Management,INT J CONTEMP HOSP M,EMERALD GROUP PUBLISHING LTD,2624-893X,1757-1049,MANAGEMENT,SSCI,16716,9,Q1,2.25,3.02%,19/420,9.2,Q1,8,2.6,15/421,Q1,96.56,0.01441,3.20726,1.592,95.6,Q1,73/399,144,98.61%,4.6,5.3,142
ORGANIZATIONAL BEHAVIOR AND HUMAN DECISION PROCESSES,ORGAN BEHAV HUM DEC,ACADEMIC PRESS INC ELSEVIER SCIENCE,0749-5978,1095-9920,MANAGEMENT,SSCI,16370,3.8,Q2,1.09,22.61%,143/420,6.1,Q1,3.7,1.4,114/421,Q2,73.04,0.00725,1.61344,3.028,66.1,Q1,30/399,30,100.00%,24.4,12.6,30
Corporate Social Responsibility and Environmental Management,CORP SOC RESP ENV MA,WILEY,1535-3958,1535-3966,MANAGEMENT,SSCI,15559,9.1,Q1,1.98,31.92%,18/420,11.3,Q1,7.6,1.3,27/421,Q1,93.71,0.01195,2.6601,1.52,95.8,Q1,78/399,369,90.51%,4.4,6.3,334
OPERATIONS RESEARCH,OPER RES,INFORMS,0030-364X,,MANAGEMENT,SSCI,15475,2.6,Q3,0.53,0.20%,223/420,3.3,Q2,2.4,0.6,257/421,Q3,39.07,0.01409,3.13644,2.308,47,Q1,47/399,132,100.00%,17.8,10.2,132
SMALL BUSINESS ECONOMICS,SMALL BUS ECON,SPRINGER,0921-898X,1573-0913,MANAGEMENT,SSCI,14548,4.8,Q1,1.37,58.42%,103/420,7.9,Q1,4.4,1.1,79/421,Q1,81.35,0.01194,2.65832,1.802,75.6,Q1,65/399,127,100.00%,6.6,10.4,127
INFORMATION & MANAGEMENT,INFORM MANAGE-AMSTER,ELSEVIER,2035-5556,1872-7530,MANAGEMENT,SSCI,14434,8.2,Q1,2.3,15.90%,27/420,11.2,Q1,7.6,1.2,13/421,Q1,97.03,0.00937,2.08533,2.184,93.7,Q1,50/399,122,97.54%,7.2,8.1,119
LEADERSHIP QUARTERLY,LEADERSHIP QUART,ELSEVIER SCIENCE INC,1478-4491,1873-3409,MANAGEMENT,SSCI,14229,9.7,Q1,2.91,18.11%,15/420,11.8,Q1,8.7,2.9,6/421,Q1,98.69,0.00704,1.56681,3.926,96.5,Q1,15/399,36,97.22%,12.7,10.8,35
INFORMATION SYSTEMS RESEARCH,INFORM SYST RES,INFORMS,2413-8851,1526-5536,MANAGEMENT,SSCI,13881,5.1,Q1,1.33,0.00%,95/420,9.2,Q1,4.7,0.8,81/421,Q1,80.88,0.0118,2.62589,3.24,77.5,Q1,24/399,72,98.61%,11.2,9.8,71
OMEGA-INTERNATIONAL JOURNAL OF MANAGEMENT SCIENCE,OMEGA-INT J MANAGE S,PERGAMON-ELSEVIER SCIENCE LTD,0305-0483,1873-5274,MANAGEMENT,SSCI,13678,7.2,Q1,1.55,21.03%,46/420,7.1,Q1,6.1,1.2,62/421,Q1,85.39,0.00964,2.14543,1.486,89.2,Q1,81/399,177,98.87%,7.2,6.2,175
ORGANIZATIONAL RESEARCH METHODS,ORGAN RES METHODS,SAGE PUBLICATIONS INC,1094-4281,1552-7425,MANAGEMENT,SSCI,13561,7.6,Q1,2.2,29.03%,33/420,14.2,Q1,7.4,1,16/421,Q1,96.32,0.0089,1.98099,6.475,92.3,Q1,6/399,20,100.00%,11.4,10.4,20
TECHNOVATION,TECHNOVATION,ELSEVIER,0166-4972,1879-2383,MANAGEMENT,SSCI,12805,10.9,Q1,2.29,40.00%,10/420,12.4,Q1,10,1.8,14/421,Q1,96.79,0.01041,2.31624,2.271,97.7,Q1,48/399,138,98.55%,4.3,8.5,136
INTERNATIONAL JOURNAL OF HUMAN RESOURCE MANAGEMENT,INT J HUM RESOUR MAN,"ROUTLEDGE JOURNALS, TAYLOR & FRANCIS LTD",0958-5192,1466-4399,MANAGEMENT,SSCI,12774,5.9,Q1,1.07,36.51%,74/420,6.9,Q1,5.5,0.6,119/421,Q2,71.85,0.00853,1.8992,1.45,82.5,Q1,83/399,88,100.00%,7.8,10,88
HUMAN RELATIONS,HUM RELAT,SAGE PUBLICATIONS LTD,2056-6085,1741-282X,MANAGEMENT,SSCI,12747,5.4,Q1,1.88,45.35%,85/420,7.3,Q1,5.1,0.5,30/421,Q1,92.99,0.00973,2.16521,2.877,79.9,Q1,36/399,48,100.00%,13.6,10.6,48
IEEE TRANSACTIONS ON ENGINEERING MANAGEMENT,IEEE T ENG MANAGE,IEEE-INST ELECTRICAL ELECTRONICS ENGINEERS INC,2673-2726,1558-0040,MANAGEMENT,SSCI,11920,5.2,Q1,1.12,7.16%,92/420,5.7,Q2,4.3,1.5,107/421,Q2,74.7,0.01115,2.48148,0.916,78.2,Q2,144/399,404,99.26%,3.2,6.2,401
JOURNAL OF OPERATIONS MANAGEMENT,J OPER MANAG,WILEY,0272-6963,1873-1317,MANAGEMENT,SSCI,11777,10.4,Q1,1.78,41.91%,13/420,11.4,Q1,9.4,1.5,37/421,Q1,91.33,0.00512,1.14042,3.103,97,Q1,27/399,45,100.00%,12.7,9.8,45
INTERNATIONAL JOURNAL OF PROJECT MANAGEMENT,INT J PROJ MANAG,ELSEVIER SCI LTD,1179-1594,1873-4634,MANAGEMENT,SSCI,11612,7.5,Q1,1.66,51.46%,34/420,8.9,Q1,5.8,1.7,45/421,Q1,89.43,0.00272,0.60668,1.158,92,Q2,110/399,47,97.87%,9.4,9.4,46
ORGANIZATION STUDIES,ORGAN STUD,SAGE PUBLICATIONS LTD,2624-9634,1741-3044,MANAGEMENT,SSCI,11167,5.2,Q1,1.1,36.81%,92/420,7.1,Q1,4.3,1.1,112/421,Q2,73.52,0.01007,2.2426,3.149,78.2,Q1,26/399,62,100.00%,11.3,10,62
MANAGEMENT DECISION,MANAGE DECIS,EMERALD GROUP PUBLISHING LTD,2322-5939,1758-6070,MANAGEMENT,SSCI,11054,5.1,Q1,1.13,9.31%,95/420,5.9,Q2,4.2,1,105/421,Q1,75.18,0.00621,1.3831,0.874,77.5,Q2,151/399,259,99.23%,6,6.8,257
Journal of Knowledge Management,J KNOWL MANAG,EMERALD GROUP PUBLISHING LTD,1367-3270,1758-7484,MANAGEMENT,SSCI,10791,9.5,Q1,2.07,10.76%,17/420,9.3,Q1,8.3,1.4,22/421,Q1,94.89,0.00663,1.47657,1.282,96.1,Q1,96/399,136,98.53%,5.3,7.3,134
PERSONNEL PSYCHOLOGY,PERS PSYCHOL,WILEY,2300-1682,1744-6570,MANAGEMENT,SSCI,10445,6.4,Q1,1.64,38.89%,57/420,7.6,Q1,6.2,1.4,49/421,Q1,88.48,0.00474,1.05539,3.45,86.5,Q1,21/399,12,100.00%,17.3,14.3,12
Academy of Management Annals,ACAD MANAG ANN,ACAD MANAGEMENT,2297-900X,1941-6067,MANAGEMENT,SSCI,10376,16.5,Q1,3.06,0.00%,2/420,26.9,Q1,15.8,4.5,4/421,Q1,99.17,0.01283,2.85531,13.88,99.6,Q1,1/399,21,95.24%,7.9,9.8,20
INTERNATIONAL JOURNAL OF OPERATIONS & PRODUCTION MANAGEMENT,INT J OPER PROD MAN,EMERALD GROUP PUBLISHING LTD,2561-326X,1758-6593,MANAGEMENT,SSCI,10068,7.4,Q1,1.78,18.93%,36/420,9.6,Q1,6.3,1.8,37/421,Q1,91.33,0.00627,1.39598,1.804,91.5,Q1,64/399,86,100.00%,6.9,7.3,86
INTERNATIONAL JOURNAL OF FORECASTING,INT J FORECASTING,ELSEVIER,2666-7193,1872-8200,MANAGEMENT,SSCI,9948,7.1,Q1,2.16,35.02%,50/420,7.5,Q1,6.7,1.6,17/421,Q1,96.08,0.00898,1.99934,2.067,88.2,Q1,56/399,97,98.97%,8.3,9.8,96
Journal of Nursing Management,J NURS MANAGE,WILEY,0966-0429,1365-2834,MANAGEMENT,SSCI,9939,4,Q2,1.37,76.63%,132/420,5.2,Q2,3.8,0.5,79/421,Q1,81.35,0.01017,2.26332,1.025,68.7,Q2,120/399,165,87.27%,4.7,5.3,144
JOURNAL OF PRODUCT INNOVATION MANAGEMENT,J PROD INNOVAT MANAG,WILEY,0737-6782,1540-5885,MANAGEMENT,SSCI,9238,8,Q1,1.62,66.14%,28/420,12.3,Q1,7.2,1.4,54/421,Q1,87.29,0.00454,1.01083,2.994,93.5,Q1,32/399,37,100.00%,10.2,10.6,37
JOURNAL OF THE OPERATIONAL RESEARCH SOCIETY,J OPER RES SOC,TAYLOR & FRANCIS LTD,0160-5682,1476-9360,MANAGEMENT,SSCI,9198,2.7,Q3,0.57,12.17%,214/420,3,Q3,2.4,0.4,245/421,Q3,41.92,0.0048,1.06973,0.658,49.2,Q2,178/399,149,94.63%,12.5,7.1,141
International Business Review,INT BUS REV,ELSEVIER,0969-5931,1873-6149,MANAGEMENT,SSCI,9074,6.1,Q1,1.48,32.44%,67/420,8.2,Q1,5.6,1.3,66/421,Q1,84.44,0.00592,1.31813,1.67,84.2,Q1,70/399,82,97.56%,7.1,10.7,80
BRITISH JOURNAL OF MANAGEMENT,BRIT J MANAGE,WILEY,1045-3172,1467-8551,MANAGEMENT,SSCI,8921,5.7,Q1,1.08,60.78%,77/420,7,Q1,5.3,1.2,117/421,Q2,72.33,0.00599,1.33493,1.672,81.8,Q1,69/399,95,100.00%,9.9,9.8,95
LONG RANGE PLANNING,LONG RANGE PLANN,ELSEVIER SCI LTD,2393-6401,1873-1872,MANAGEMENT,SSCI,8824,6.3,Q1,1.8,45.40%,63/420,9.7,Q1,5.9,1.7,36/421,Q1,91.57,0.00509,1.13364,2.461,85.1,Q1,44/399,58,100.00%,10.4,12.8,58
JOURNAL OF MANAGEMENT INFORMATION SYSTEMS,J MANAGE INFORM SYST,"ROUTLEDGE JOURNALS, TAYLOR & FRANCIS LTD",2351-9894,1557-928X,MANAGEMENT,SSCI,8788,6.2,Q1,1.62,15.57%,65/420,9.2,Q1,5.3,0.7,54/421,Q1,87.29,0.00427,0.95164,2.653,84.6,Q1,40/399,40,100.00%,11.8,7.6,40
Journal of Hospitality and Tourism Management,J HOSP TOUR MANAG,ELSEVIER,2666-6065,1839-5260,MANAGEMENT,SSCI,8403,7.8,Q1,1.99,0.84%,31/420,8.6,Q1,7.1,1.6,25/421,Q1,94.18,0.00891,1.98422,1.416,92.7,Q1,86/399,134,96.27%,3.7,6.5,129
Public Management Review,PUBLIC MANAG REV,"ROUTLEDGE JOURNALS, TAYLOR & FRANCIS LTD",1471-9037,1471-9045,MANAGEMENT,SSCI,8033,4.9,Q1,1.45,40.64%,97/420,6.2,Q1,4,0.7,68/421,Q1,83.97,0.00795,1.77082,1.559,77,Q1,75/399,128,100.00%,5.9,8.8,128
CALIFORNIA MANAGEMENT REVIEW,CALIF MANAGE REV,SAGE PUBLICATIONS INC,0008-1256,2162-8564,MANAGEMENT,SSCI,8024,7.3,Q1,1.39,44.30%,41/420,15.6,Q1,6.8,1.4,74/421,Q1,82.54,0.0039,0.86891,3.661,90.4,Q1,19/399,25,100.00%,13.5,7.7,25
Tourism Management Perspectives,TOUR MANAG PERSPECT,ELSEVIER,2664-3731,2211-9744,MANAGEMENT,SSCI,7562,6.9,Q1,1.87,23.95%,52/420,8.3,Q1,6.7,0.9,31/421,Q1,92.76,0.00673,1.49877,1.404,87.7,Q1,87/399,85,96.47%,4.6,7.7,82
Engineering Construction and Architectural Management,ENG CONSTR ARCHIT MA,EMERALD GROUP PUBLISHING LTD,1178-203X,1365-232X,MANAGEMENT,SSCI,7429,3.9,Q2,0.72,3.02%,136/420,4.7,Q2,3.2,0.7,191/421,Q2,54.75,0.0054,1.2015,0.587,67.7,Q3,200/399,325,95.69%,4,5.9,311
SUPPLY CHAIN MANAGEMENT-AN INTERNATIONAL JOURNAL,SUPPLY CHAIN MANAG,EMERALD GROUP PUBLISHING LTD,1424-2818,1758-6852,MANAGEMENT,SSCI,7401,8.4,Q1,1.64,13.74%,26/420,10.8,Q1,7.5,1.8,49/421,Q1,88.48,0.00396,0.88298,1.762,93.9,Q1,67/399,50,100.00%,7.6,6.1,50
JOURNAL OF SMALL BUSINESS MANAGEMENT,J SMALL BUS MANAGE,TAYLOR & FRANCIS INC,1179-1594,1540-627X,MANAGEMENT,SSCI,7399,6,Q1,1.56,25.00%,70/420,6.9,Q1,5.4,1.3,60/421,Q1,85.87,0.00449,1.00013,1.287,83.5,Q1,93/399,80,100.00%,7.8,9.5,80
HUMAN RESOURCE MANAGEMENT REVIEW,HUM RESOUR MANAGE R,ELSEVIER,1053-4822,1873-7889,MANAGEMENT,SSCI,7242,13,Q1,2.14,28.89%,6/420,13.2,Q1,12.7,0.6,18/421,Q1,95.84,0.00576,1.2824,3.3,98.7,Q1,23/399,31,80.65%,7.4,10.8,25
INTERNATIONAL JOURNAL OF MANAGEMENT REVIEWS,INT J MANAG REV,WILEY,2662-2211,1468-2370,MANAGEMENT,SSCI,7239,10.8,Q1,1.43,70.00%,11/420,12.2,Q1,10.2,1.3,70/421,Q1,83.49,0.00363,0.80865,3.172,97.5,Q1,25/399,27,18.52%,9.7,9.3,5
M&SOM-Manufacturing & Service Operations Management,M&SOM-MANUF SERV OP,INFORMS,2322-5939,1526-5498,MANAGEMENT,SSCI,7136,4.2,Q2,0.99,0.00%,121/420,6.6,Q1,4,0.5,135/421,Q2,68.05,0.01253,2.79008,2.722,71.3,Q1,39/399,117,100.00%,5.3,8.9,117
European Management Journal,EUR MANAG J,ELSEVIER SCI LTD,0263-2373,1873-5681,MANAGEMENT,SSCI,7114,7.3,Q1,1.78,34.32%,41/420,7.4,Q1,7.1,2.7,37/421,Q1,91.33,0.00417,0.92838,1.431,90.4,Q1,85/399,83,98.80%,7.4,11.6,82
HUMAN RESOURCE MANAGEMENT,HUM RESOUR MANAGE-US,"WILEY PERIODICALS, INC",2148-9386,1099-050X,MANAGEMENT,SSCI,6718,9,Q1,2.14,47.68%,19/420,9.4,Q1,8.2,1,18/421,Q1,95.84,0.00454,1.01015,2.542,95.6,Q1,42/399,67,100.00%,8,10.5,67
SOCIO-ECONOMIC PLANNING SCIENCES,SOCIO-ECON PLAN SCI,ELSEVIER SCIENCE INC,2052-3211,1873-6041,MANAGEMENT,SSCI,6421,5.4,Q1,1.69,25.65%,85/420,5.3,Q2,4.8,1,43/421,Q1,89.9,0.0064,1.42611,0.901,79.9,Q2,148/399,287,97.56%,2.9,6.5,280
Annual Review of Organizational Psychology and Organizational Behavior,ANNU REV ORGAN PSYCH,ANNUAL REVIEWS,2327-0608,2327-0616,MANAGEMENT,SSCI,6408,31.1,Q1,8.92,66.67%,1/420,25.1,Q1,30.9,13.3,1/421,Q1,99.88,0.00682,1.51917,9.931,99.9,Q1,3/399,20,15.00%,6.7,10.8,3
EUROPEAN JOURNAL OF INFORMATION SYSTEMS,EUR J INFORM SYST,TAYLOR & FRANCIS LTD,2632-3249,1476-9344,MANAGEMENT,SSCI,6394,8.6,Q1,1.92,33.06%,25/420,10.7,Q1,8.3,1,28/421,Q1,93.47,0.00532,1.18457,2.795,94.2,Q1,37/399,33,90.91%,8.4,8.6,30
Journal of Innovation & Knowledge,J INNOV KNOWL,ELSEVIER ESPANA,2624-9553,2444-569X,MANAGEMENT,SSCI,6367,15.5,Q1,3.81,98.30%,3/420,15,Q1,14.4,1.8,3/421,Q1,99.41,0.00645,1.4361,2.161,99.4,Q1,53/399,184,96.74%,2.3,5.6,178
JOURNAL OF OCCUPATIONAL AND ORGANIZATIONAL PSYCHOLOGY,J OCCUP ORGAN PSYCH,WILEY,0963-1798,2044-8325,MANAGEMENT,SSCI,6273,3.5,Q2,1.19,52.12%,158/420,6,Q1,3.2,0.6,96/421,Q1,77.32,0.00315,0.70289,1.825,62.5,Q1,62/399,70,100.00%,13.4,11.5,70
Benchmarking-An International Journal,BENCHMARKING,EMERALD GROUP PUBLISHING LTD,2673-253X,1758-4094,MANAGEMENT,ESCI,6166,4.4,Q2,1.02,2.61%,114/420,5.1,Q2,3.9,0.8,130/421,Q2,69.24,0.00436,0.97186,0.662,73,Q2,176/399,145,98.62%,4.3,6.2,143
PERSONNEL REVIEW,PERS REV,EMERALD GROUP PUBLISHING LTD,0048-3486,1758-6933,MANAGEMENT,SSCI,5871,4.2,Q2,1.2,5.35%,121/420,4.8,Q2,3.9,0.7,95/421,Q1,77.55,0.00494,1.09926,0.985,71.3,Q2,124/399,90,91.11%,5.7,8.1,82
European Journal of Work and Organizational Psychology,EUR J WORK ORGAN PSY,"ROUTLEDGE JOURNALS, TAYLOR & FRANCIS LTD",1359-432X,1464-0643,MANAGEMENT,SSCI,5728,3.4,Q2,1.09,42.68%,167/420,5.7,Q2,3.2,0.5,114/421,Q2,73.04,0.00439,0.97686,1.658,60.4,Q1,71/399,62,100.00%,8.6,10.3,62
Academy of Management Perspectives,ACAD MANAGE PERSPECT,ACAD MANAGEMENT,2214-7829,,MANAGEMENT,SSCI,5664,5.7,Q1,1.66,0.00%,77/420,8.3,Q1,5,2.7,45/421,Q1,89.43,0.00419,0.93279,3.609,81.8,Q1,20/399,32,100.00%,11,9.3,32
JOURNAL OF TECHNOLOGY TRANSFER,J TECHNOL TRANSFER,SPRINGER,0892-9912,1573-7047,MANAGEMENT,SSCI,5624,4.3,Q2,0.91,46.95%,119/420,5.6,Q2,3.2,0.7,146/421,Q2,65.44,0.00393,0.87594,1.117,71.8,Q2,113/399,110,100.00%,6.5,8.6,110
INTERNATIONAL JOURNAL OF ENTREPRENEURIAL BEHAVIOR & RESEARCH,INT J ENTREP BEHAV R,EMERALD GROUP PUBLISHING LTD,2227-9091,1758-6534,MANAGEMENT,SSCI,5573,4.7,Q2,0.98,20.72%,106/420,6.1,Q1,3.9,0.9,136/421,Q2,67.81,0.00416,0.92633,0.974,74.9,Q2,126/399,112,99.11%,5,9,111
TECHNOLOGY ANALYSIS & STRATEGIC MANAGEMENT,TECHNOL ANAL STRATEG,"ROUTLEDGE JOURNALS, TAYLOR & FRANCIS LTD",2214-7160,1465-3990,MANAGEMENT,SSCI,5546,2.8,Q2,0.64,6.10%,206/420,3.4,Q2,2.5,0.5,225/421,Q3,46.67,0.00375,0.8357,0.528,51.1,Q3,214/399,221,96.83%,4.9,5.8,214
GENDER WORK AND ORGANIZATION,GENDER WORK ORGAN,WILEY,0968-6673,1468-0432,MANAGEMENT,SSCI,5544,3,Q2,1.39,60.33%,188/420,4.6,Q2,2.5,0.4,74/421,Q1,82.54,0.00872,1.94198,1.547,55.4,Q1,76/399,98,100.00%,4.9,8.6,98
Journal of Destination Marketing & Management,J DESTIN MARK MANAGE,ELSEVIER,2212-571X,2212-5752,MANAGEMENT,SSCI,5512,7.4,Q1,2.13,29.57%,36/420,9.2,Q1,6.7,1.6,21/421,Q1,95.13,0.00443,0.98768,1.459,91.5,Q1,82/399,92,100.00%,4.6,6.8,92
Journal of Product and Brand Management,J PROD BRAND MANAG,EMERALD GROUP PUBLISHING LTD,1061-0421,2054-1643,MANAGEMENT,SSCI,5489,5.7,Q1,1.18,6.60%,77/420,7.1,Q1,4.4,1.3,101/421,Q1,76.13,0.00379,0.8445,1.235,81.8,Q2,101/399,82,96.34%,5.7,6.7,79
Journal of Marketing Management,J MARKET MANAG-UK,"ROUTLEDGE JOURNALS, TAYLOR & FRANCIS LTD",2767-3812,1472-1376,MANAGEMENT,SSCI,5487,3,Q2,0.69,29.89%,188/420,5.2,Q2,2.7,1.6,209/421,Q2,50.48,0.00359,0.80077,1.221,55.4,Q2,103/399,45,100.00%,8.3,9.3,45
INTERNATIONAL JOURNAL OF PHYSICAL DISTRIBUTION & LOGISTICS MANAGEMENT,INT J PHYS DISTR LOG,EMERALD GROUP PUBLISHING LTD,0960-0035,1758-664X,MANAGEMENT,SSCI,5468,7.3,Q1,1.56,24.06%,41/420,8.2,Q1,6.5,1.5,60/421,Q1,85.87,0.00246,0.54954,1.383,90.4,Q1,89/399,46,97.83%,8.3,6.9,45
European Journal of Innovation Management,EUR J INNOV MANAG,EMERALD GROUP PUBLISHING LTD,1477-8947,1758-7115,MANAGEMENT,SSCI,5369,5.7,Q1,1.18,18.52%,77/420,6.7,Q1,5.1,1.2,101/421,Q1,76.13,0.00425,0.94641,0.934,81.8,Q2,135/399,126,99.21%,4.1,5.9,125
CORPORATE GOVERNANCE-AN INTERNATIONAL REVIEW,CORP GOV-OXFORD,WILEY,2767-3170,1467-8683,MANAGEMENT,SSCI,5275,5.5,Q1,0.96,39.16%,83/420,6.6,Q1,4.8,0.9,138/421,Q2,67.34,0.00193,0.43144,1.341,80.4,Q1,91/399,56,91.07%,12,10.8,51
Journal of Manufacturing Technology Management,J MANUF TECHNOL MANA,EMERALD GROUP PUBLISHING LTD,2773-1391,1758-7786,MANAGEMENT,SSCI,5085,6,Q1,1.29,11.76%,70/420,8.6,Q1,5.2,1.1,86/421,Q1,79.69,0.00347,0.77218,1.177,83.5,Q2,107/399,92,94.57%,5,5.8,87
International Journal of Retail & Distribution Management,INT J RETAIL DISTRIB,EMERALD GROUP PUBLISHING LTD,2624-893X,1758-6690,MANAGEMENT,SSCI,4933,5.5,Q1,1.12,14.94%,83/420,5.9,Q2,4.5,0.7,107/421,Q2,74.7,0.00261,0.58274,0.774,80.4,Q2,169/399,77,98.70%,5.8,5.7,76
R & D MANAGEMENT,R&D MANAGE,WILEY,0033-6807,1467-9310,MANAGEMENT,SSCI,4888,5.7,Q1,1.19,57.56%,77/420,6.5,Q1,5.1,0.6,96/421,Q1,77.32,0.00268,0.59726,1.231,81.8,Q2,102/399,69,100.00%,8,9,69
Journal of Managerial Psychology,J MANAGE PSYCHOL,EMERALD GROUP PUBLISHING LTD,2413-8851,1758-7778,MANAGEMENT,SSCI,4862,2.7,Q3,0.79,5.81%,214/420,4.7,Q2,2.4,0.6,170/421,Q2,59.74,0.00212,0.47332,1.207,49.2,Q2,104/399,76,97.37%,12.5,9.4,74
International Journal of Logistics Management,INT J LOGIST MANAG,EMERALD GROUP PUBLISHING LTD,0957-4093,1758-6550,MANAGEMENT,SSCI,4809,6.4,Q1,1.61,14.22%,57/420,7.3,Q1,5.6,0.9,56/421,Q1,86.82,0.00307,0.68369,1.08,86.5,Q2,117/399,64,93.75%,4.9,5.9,60
ORGANIZATION,ORGANIZATION,SAGE PUBLICATIONS LTD,1350-5084,1461-7323,MANAGEMENT,SSCI,4722,3.1,Q2,0.71,38.73%,181/420,4.5,Q2,2.5,0.8,200/421,Q2,52.61,0.00492,1.09491,1.784,57,Q1,66/399,47,89.36%,9.8,9.3,42
Research in Organizational Behavior,RES ORGAN BEHAV,ELSEVIER SCIENCE INC,0191-3085,0191-3085,MANAGEMENT,SSCI,4720,3.6,Q2,0.67,32.00%,153/420,4.9,Q2,3.5,0.1,216/421,Q3,48.81,0.00075,0.16899,2.913,63.7,Q1,34/399,7,100.00%,20.5,14.5,7
DECISION SCIENCES,DECISION SCI,WILEY,2509-8020,1540-5915,MANAGEMENT,SSCI,4702,2.5,Q3,0.59,29.85%,229/420,4.8,Q2,2.4,0.3,242/421,Q3,42.64,0.00229,0.51056,1.246,45.6,Q1,99/399,26,96.15%,15,7.5,25
Review of Managerial Science,REV MANAG SCI,SPRINGER HEIDELBERG,1863-6683,1863-6691,MANAGEMENT,SSCI,4697,9.6,Q1,1.58,63.58%,16/420,8.1,Q1,8.2,2.2,59/421,Q1,86.1,0.00451,1.00498,1.27,96.3,Q1,98/399,103,84.47%,3.2,7.5,87
Journal of Intellectual Capital,J INTELLECT CAP,EMERALD GROUP PUBLISHING LTD,2399-6641,1758-7468,MANAGEMENT,SSCI,4697,6.8,Q1,1.27,10.57%,53/420,8,Q1,5.4,1.3,87/421,Q1,79.45,0.00201,0.44901,0.946,87.5,Q2,133/399,62,98.39%,6.4,6.5,61
Journal of Hospitality Marketing & Management,J HOSP MARKET MANAG,"ROUTLEDGE JOURNALS, TAYLOR & FRANCIS LTD",1936-8623,1936-8631,MANAGEMENT,SSCI,4617,11,Q1,2.63,9.63%,9/420,12,Q1,10,2.3,8/421,Q1,98.22,0.00426,0.94922,2.101,98,Q1,54/399,34,100.00%,4.5,4.9,34
International Journal of Management Education,INT J MANAG EDUC-OXF,ELSEVIER SCI LTD,1472-8117,2352-3565,MANAGEMENT,SSCI,4616,7.4,Q1,2.4,29.05%,36/420,7.2,Q1,5.6,1.5,11/421,Q1,97.51,0.00367,0.81857,0.929,91.5,Q2,137/399,159,97.48%,3,7.1,155
Asia Pacific Journal of Management,ASIA PAC J MANAG,SPRINGER,2624-9634,1572-9958,MANAGEMENT,SSCI,4600,5.8,Q1,1.1,18.75%,75/420,5.9,Q2,5.3,0.8,112/421,Q2,73.52,0.00328,0.73087,1.178,82.3,Q2,106/399,62,98.39%,6.5,10.4,61
International Entrepreneurship and Management Journal,INT ENTREP MANAG J,SPRINGER,2188-5729,1555-1938,MANAGEMENT,SSCI,4572,3.9,Q2,1.02,39.05%,136/420,5.9,Q2,3.4,1,130/421,Q2,69.24,0.00288,0.64159,0.915,67.7,Q2,145/399,73,100.00%,5.6,8.4,73
TOTAL QUALITY MANAGEMENT & BUSINESS EXCELLENCE,TOTAL QUAL MANAG BUS,"ROUTLEDGE JOURNALS, TAYLOR & FRANCIS LTD",2575-8314,1478-3371,MANAGEMENT,SSCI,4545,4.8,Q1,0.87,12.83%,103/420,4.2,Q2,3.9,0.9,153/421,Q2,63.78,0.00202,0.45153,0.509,75.6,Q3,224/399,72,90.28%,6.2,6.6,65
International Small Business Journal-Researching Entrepreneurship,INT SMALL BUS J,SAGE PUBLICATIONS LTD,1365-2907,1741-2870,MANAGEMENT,SSCI,4534,3.9,Q2,0.84,45.63%,136/420,6.3,Q1,3.6,1,160/421,Q2,62.11,0.00216,0.48134,1.448,67.7,Q1,84/399,39,100.00%,8.9,8.6,39
JOURNAL OF STRATEGIC INFORMATION SYSTEMS,J STRATEGIC INF SYST,ELSEVIER,2213-5383,1873-1198,MANAGEMENT,SSCI,4480,11.8,Q1,2.06,59.68%,8/420,21.5,Q1,10.5,1.1,23/421,Q1,94.66,0.00358,0.79707,4.626,98.2,Q1,12/399,27,92.59%,6.3,7.2,25
International Journal of Productivity and Performance Management,INT J PRODUCT PERFOR,EMERALD GROUP PUBLISHING LTD,1741-0401,1758-6658,MANAGEMENT,ESCI,4440,3.5,Q2,0.78,5.56%,158/420,4.1,Q2,3.1,0.5,174/421,Q2,58.79,0.00278,0.61962,0.521,62.5,Q3,219/399,130,96.92%,4.6,6.9,126
Journal of Service Management,J SERV MANAGE,EMERALD GROUP PUBLISHING LTD,1757-5818,1757-5826,MANAGEMENT,SSCI,4433,7.9,Q1,1.81,24.19%,30/420,10.1,Q1,7.2,1.1,35/421,Q1,91.81,0.00388,0.86349,2.173,93,Q1,51/399,37,94.59%,5.7,6.8,35
Journal of Enterprise Information Management,J ENTERP INF MANAG,EMERALD GROUP PUBLISHING LTD,2572-3170,1758-7409,MANAGEMENT,SSCI,4418,6.4,Q1,1.68,3.47%,57/420,7.6,Q1,5.6,1.2,44/421,Q1,89.67,0.00341,0.75914,1.09,86.5,Q2,116/399,48,97.92%,4.5,5.1,47
SERVICE INDUSTRIES JOURNAL,SERV IND J,"ROUTLEDGE JOURNALS, TAYLOR & FRANCIS LTD",2574-2531,1743-9507,MANAGEMENT,SSCI,4401,7.4,Q1,1.82,6.25%,36/420,7.4,Q1,6.3,1.9,34/421,Q1,92.04,0.00292,0.65044,1.237,91.5,Q2,100/399,46,97.83%,5.7,5.5,45
Human Resource Management Journal,HUM RESOUR MANAG J,WILEY,2661-8001,1748-8583,MANAGEMENT,SSCI,4354,6.2,Q1,1.54,63.57%,65/420,7.8,Q1,5.9,0.7,63/421,Q1,85.15,0.00486,1.08217,2.167,84.6,Q1,52/399,36,91.67%,5.8,9.1,33
INDUSTRIAL AND CORPORATE CHANGE,IND CORP CHANGE,OXFORD UNIV PRESS,0960-6491,1464-3650,MANAGEMENT,SSCI,4338,1.8,Q3,0.64,27.42%,281/420,3,Q3,1.7,0.6,225/421,Q3,46.67,0.00307,0.68322,1.012,33.2,Q2,121/399,44,100.00%,11.5,12.5,44
Electronic Markets,ELECTRON MARK,SPRINGER HEIDELBERG,1019-6781,1422-8890,MANAGEMENT,SSCI,4285,6.8,Q1,1.63,67.66%,53/420,10,Q1,6,1.4,52/421,Q1,87.77,0.00466,1.03737,1.867,87.5,Q1,60/399,55,100.00%,4.1,5.9,55
Business Process Management Journal,BUS PROCESS MANAG J,EMERALD GROUP PUBLISHING LTD,2192-1709,1758-4116,MANAGEMENT,SSCI,4279,5.8,Q1,1.23,9.04%,75/420,5.4,Q2,4.7,0.8,92/421,Q1,78.27,0.00248,0.55273,0.667,82.3,Q2,175/399,194,97.42%,4.8,5.7,189
LEADERSHIP & ORGANIZATION DEVELOPMENT JOURNAL,LEADERSHIP ORG DEV J,EMERALD GROUP PUBLISHING LTD,2381-4683,1472-5347,MANAGEMENT,SSCI,4276,3.6,Q2,0.96,7.33%,153/420,5.2,Q2,3.2,0.9,138/421,Q2,67.34,0.00244,0.54461,0.858,63.7,Q2,153/399,87,100.00%,6.5,9.5,87
MANAGERIAL AND DECISION ECONOMICS,MANAG DECIS ECON,JOHN WILEY & SONS LTD,0143-6570,1099-1468,MANAGEMENT,SSCI,4177,2.7,Q3,0.75,9.12%,214/420,2.6,Q3,2.1,0.7,181/421,Q2,57.13,0.00325,0.72529,0.399,49.2,Q3,262/399,385,100.00%,3.5,6,385
International Journal of Construction Management,INT J CONSTR MANAG,TAYLOR & FRANCIS LTD,1562-3599,2331-2327,MANAGEMENT,ESCI,4127,3.4,Q2,0.66,14.64%,167/420,4.2,Q2,3,0.5,218/421,Q3,48.34,0.0033,0.73575,0.504,60.4,Q3,226/399,128,100.00%,4.1,6.7,128
GROUP & ORGANIZATION MANAGEMENT,GROUP ORGAN MANAGE,SAGE PUBLICATIONS INC,1059-6011,1552-3993,MANAGEMENT,SSCI,4010,3.3,Q2,1,18.28%,174/420,4.9,Q2,2.9,0.6,133/421,Q2,68.53,0.00309,0.68901,1.675,58.7,Q1,68/399,65,100.00%,10.9,11.7,65
Strategic Entrepreneurship Journal,STRATEG ENTREP J,WILEY,1932-4391,1932-443X,MANAGEMENT,SSCI,3999,6.3,Q1,1.15,44.44%,63/420,8,Q1,5.9,0.7,104/421,Q1,75.42,0.00362,0.80597,3.036,85.1,Q1,29/399,30,100.00%,7.6,11.3,30
INTERNATIONAL JOURNAL OF MANPOWER,INT J MANPOWER,EMERALD GROUP PUBLISHING LTD,2673-4524,1758-6577,MANAGEMENT,SSCI,3881,3.5,Q2,1.32,9.45%,158/420,5.2,Q2,3.3,0.5,83/421,Q1,80.4,0.00313,0.69787,0.886,62.5,Q2,150/399,82,100.00%,4.8,9.1,82
International Journal of Emerging Markets,INT J EMERG MARK,EMERALD GROUP PUBLISHING LTD,1746-8809,1746-8817,MANAGEMENT,SSCI,3851,3,Q2,0.77,4.20%,188/420,3.4,Q2,2.9,0.5,176/421,Q2,58.31,0.00342,0.76225,0.458,55.4,Q3,240/399,98,97.96%,3.5,6,96
MIT SLOAN MANAGEMENT REVIEW,MIT SLOAN MANAGE REV,"SLOAN MANAGEMENT REVIEW ASSOC, MIT SLOAN SCHOOL MANAGEMENT",2730-6151,1532-8937,MANAGEMENT,SSCI,3704,4,Q2,0.28,0.00%,132/420,4.3,Q2,4,0.9,337/421,Q4,20.07,0.00202,0.45063,1.385,68.7,Q1,88/399,17,64.71%,10.3,5.3,11
International Transactions in Operational Research,INT T OPER RES,WILEY,0969-6016,1475-3995,MANAGEMENT,SSCI,3683,2.9,Q2,0.65,25.00%,198/420,2.9,Q3,2.2,0.5,224/421,Q3,46.91,0.00371,0.82735,0.559,53,Q3,206/399,138,99.28%,4.5,6.5,137
International Journal of Quality & Reliability Management,INT J QUAL RELIAB MA,EMERALD GROUP PUBLISHING LTD,2590-2296,1758-6682,MANAGEMENT,ESCI,3679,3,Q2,0.66,4.83%,188/420,3.2,Q3,2.7,0.9,218/421,Q3,48.34,0.00187,0.41761,0.434,55.4,Q3,247/399,104,96.15%,6,6.7,100
Journal of Supply Chain Management,J SUPPLY CHAIN MANAG,WILEY,2976-5390,1745-493X,MANAGEMENT,SSCI,3677,9.9,Q1,2.41,71.43%,14/420,11.7,Q1,8.7,2.3,10/421,Q1,97.74,0.00205,0.45701,2.795,96.8,Q1,37/399,17,100.00%,9.3,9.2,17
TQM Journal,TQM J,EMERALD GROUP PUBLISHING LTD,1754-2731,1754-274X,MANAGEMENT,ESCI,3638,4.4,Q2,1.12,12.64%,114/420,,,3.7,0.8,107/421,Q2,74.7,0.00241,0.53696,,73,,,120,98.33%,3.4,5.8,118
Journal of Business Logistics,J BUS LOGIST,WILEY,2204-3136,2158-1592,MANAGEMENT,SSCI,3632,7.4,Q1,1.99,44.00%,36/420,10.6,Q1,6,2.9,25/421,Q1,94.18,0.00193,0.43051,1.975,91.5,Q1,58/399,17,100.00%,10,7.8,17
Academy of Management Learning & Education,ACAD MANAG LEARN EDU,ACAD MANAGEMENT,2572-2611,,MANAGEMENT,SSCI,3601,5.2,Q1,1.87,0.00%,92/420,6,Q1,4.1,2.8,31/421,Q1,92.76,0.00213,0.47529,1.945,78.2,Q1,59/399,24,100.00%,11.3,9.8,24
Project Management Journal,PROJ MANAG J,SAGE PUBLICATIONS INC,2639-5916,1938-9507,MANAGEMENT,SSCI,3376,4.4,Q2,1.05,25.37%,114/420,5.7,Q2,3.5,1.2,122/421,Q2,71.14,0.00158,0.3518,0.918,73,Q2,142/399,50,100.00%,7.9,10.5,50
ORGANIZATION & ENVIRONMENT,ORGAN ENVIRON,SAGE PUBLICATIONS INC,2056-3485,1552-7417,MANAGEMENT,SSCI,3374,7.3,Q1,1.19,46.55%,41/420,7.5,Q1,6.6,1.5,96/421,Q1,77.32,0.00212,0.47183,2.048,90.4,Q1,57/399,23,91.30%,9.1,7.7,21
International Journal of Logistics-Research and Applications,INT J LOGIST-RES APP,TAYLOR & FRANCIS LTD,1520-6688,1469-848X,MANAGEMENT,SSCI,3355,4.9,Q1,1.05,16.91%,97/420,6.2,Q1,4.5,1.1,122/421,Q2,71.14,0.00288,0.64211,0.966,77,Q2,128/399,62,100.00%,4.3,5.4,62
Social Responsibility Journal,SOC RESPONSIB J,EMERALD GROUP PUBLISHING LTD,2642-0007,1758-857X,MANAGEMENT,ESCI,3354,4.1,Q2,0.87,6.53%,126/420,4.6,Q2,3.6,0.8,153/421,Q2,63.78,0.00205,0.45648,0.583,70.1,Q3,201/399,96,96.88%,5,7.2,93
Research in Transportation Business and Management,RES TRANSP BUS MANAG,ELSEVIER,2210-5395,2210-5409,MANAGEMENT,SSCI,3352,4.4,Q2,1.13,24.49%,114/420,4.6,Q2,4,0.7,105/421,Q1,75.18,0.00319,0.71162,0.809,73,Q2,160/399,139,99.28%,3.5,5.7,138
Management Research Review,MANAG RES REV,EMERALD GROUP PUBLISHING LTD,2767-3200,2040-8277,MANAGEMENT,ESCI,3286,3.5,Q2,0.71,7.26%,158/420,3.9,Q2,3.3,0.5,200/421,Q2,52.61,0.00213,0.47521,0.626,62.5,Q2,190/399,77,93.51%,5.8,8.8,72
Strategic Organization,STRATEG ORGAN,SAGE PUBLICATIONS LTD,1476-1270,1741-315X,MANAGEMENT,SSCI,3256,3.8,Q2,1,28.83%,143/420,6.6,Q1,3.4,2.4,133/421,Q2,68.53,0.00435,0.96913,2.886,66.1,Q1,35/399,37,100.00%,6.8,12.1,37
Journal of Brand Management,J BRAND MANAG,PALGRAVE MACMILLAN LTD,1350-231X,1479-1803,MANAGEMENT,SSCI,3239,4.1,Q2,0.88,21.78%,126/420,5.1,Q2,3.8,1.2,150/421,Q2,64.49,0.00179,0.39896,1.008,70.1,Q2,122/399,25,100.00%,9.1,8.3,25
Sport Management Review,SPORT MANAG REV,TAYLOR & FRANCIS LTD,1441-3523,1839-2083,MANAGEMENT,SSCI,3238,3.8,Q2,0.89,30.61%,143/420,5,Q2,3.4,0.5,148/421,Q2,64.96,0.00261,0.58139,1.277,66.1,Q1,97/399,33,100.00%,7.1,8.8,33
Journal of International Management,J INT MANAG,ELSEVIER,1075-4253,1873-0620,MANAGEMENT,SSCI,3221,4.9,Q1,1.32,43.52%,97/420,5.9,Q2,4.5,1.4,83/421,Q1,80.4,0.00278,0.62051,1.352,77,Q1,90/399,71,97.18%,5.8,10,69
EMPLOYEE RELATIONS,EMPL RELAT,EMERALD GROUP PUBLISHING LTD,2673-7086,1758-7069,MANAGEMENT,SSCI,3161,3.2,Q2,1.05,10.55%,180/420,3.8,Q2,2.8,0.8,122/421,Q2,71.14,0.00214,0.47782,0.633,57.3,Q2,185/399,88,96.59%,5.6,8.1,85
Science and Public Policy,SCI PUBL POLICY,OXFORD UNIV PRESS,2227-7099,1471-5430,MANAGEMENT,SSCI,3140,2.3,Q3,0.74,40.50%,247/420,2.9,Q3,2,0.4,184/421,Q2,56.41,0.00263,0.5862,0.819,41.3,Q2,158/399,84,96.43%,8,7.9,81
JOURNAL OF ORGANIZATIONAL CHANGE MANAGEMENT,J ORGAN CHANGE MANAG,EMERALD GROUP PUBLISHING LTD,0953-4814,1758-7816,MANAGEMENT,SSCI,3137,2.7,Q3,0.71,10.41%,214/420,3.4,Q2,2.5,0.8,200/421,Q2,52.61,0.00162,0.36214,0.583,49.2,Q3,201/399,90,98.89%,7.6,8.7,89
Administrative Sciences,ADM SCI,MDPI,2076-3387,2076-3387,MANAGEMENT,ESCI,3100,3.1,Q2,0.82,100.00%,181/420,3.1,Q3,2.8,0.6,164/421,Q2,61.16,0.003,0.66889,0.486,57,Q3,228/399,345,87.25%,3,6.6,301
Global Business Review,GLOB BUS REV,SAGE PUBLICATIONS LTD,2399-4908,0973-0664,MANAGEMENT,ESCI,3057,1.9,Q3,0.4,3.98%,273/420,2.4,Q3,1.7,0.5,280/421,Q3,33.61,0.00203,0.45171,0.305,35.1,Q3,289/399,101,100.00%,4.5,7.6,101
JOURNAL OF FORECASTING,J FORECASTING,WILEY,2673-5172,1099-131X,MANAGEMENT,SSCI,3044,2.7,Q3,0.81,24.15%,214/420,2.9,Q3,2.3,0.4,166/421,Q2,60.69,0.00225,0.50276,0.615,49.2,Q2,193/399,183,100.00%,6.8,9.4,183
Career Development International,CAREER DEV INT,EMERALD GROUP PUBLISHING LTD,1362-0436,1758-6003,MANAGEMENT,SSCI,3038,4.1,Q2,1.02,13.39%,126/420,4.2,Q2,3.4,0.3,130/421,Q2,69.24,0.00156,0.3486,0.949,70.1,Q2,131/399,52,98.08%,9,8.6,51
ORGANIZATIONAL DYNAMICS,ORGAN DYN,ELSEVIER SCIENCE INC,2730-7182,1873-3530,MANAGEMENT,SSCI,3022,2.5,Q3,0.75,30.30%,229/420,2.3,Q3,2.5,1.7,181/421,Q2,57.13,0.00098,0.21893,0.649,45.6,Q2,182/399,36,100.00%,17.5,7.6,36
JOURNAL OF SPORT MANAGEMENT,J SPORT MANAGE,HUMAN KINETICS PUBL INC,0888-4773,1543-270X,MANAGEMENT,SSCI,3012,3.5,Q2,1.03,4.92%,158/420,3.9,Q2,3.1,0.5,127/421,Q2,69.95,0.00163,0.36434,0.929,62.5,Q2,137/399,29,100.00%,9.5,8.8,29
Journal of Management & Organization,J MANAGE ORGAN,CAMBRIDGE UNIV PRESS,1833-3672,1839-3527,MANAGEMENT,SSCI,3000,2.8,Q2,0.81,23.63%,206/420,3.8,Q2,2.5,0.6,166/421,Q2,60.69,0.00244,0.54364,0.724,51.1,Q2,171/399,81,98.77%,5.3,10.8,80
International Journal of Organizational Analysis,INT J ORGAN ANAL,EMERALD GROUP PUBLISHING LTD,2590-051X,1758-8561,MANAGEMENT,ESCI,2978,2.9,Q2,0.64,4.70%,198/420,3.5,Q2,2.5,0.4,225/421,Q3,46.67,0.00228,0.50824,0.47,53,Q3,234/399,186,95.70%,4.1,7.5,178
Electronic Commerce Research,ELECTRON COMMER RES,SPRINGER,2572-3170,1572-9362,MANAGEMENT,SSCI,2975,4.7,Q2,0.94,17.59%,106/420,4.6,Q2,4.2,0.9,141/421,Q2,66.63,0.0027,0.60273,0.729,74.9,Q2,170/399,130,100.00%,3.5,5.7,130
Sustainability Accounting Management and Policy Journal,SUSTAIN ACCOUNT MANA,EMERALD GROUP PUBLISHING LTD,2040-8021,2040-803X,MANAGEMENT,SSCI,2906,7.2,Q1,1.38,14.59%,46/420,7.4,Q1,6.4,1.2,77/421,Q1,81.83,0.00228,0.50762,1.077,89.2,Q2,118/399,75,96.00%,4.4,6,72
Creativity and Innovation Management,CREAT INNOV MANAG,WILEY,2639-5916,1467-8691,MANAGEMENT,SSCI,2832,4.2,Q2,0.92,51.32%,121/420,4.4,Q2,3.3,0.6,143/421,Q2,66.15,0.00152,0.33861,0.783,71.3,Q2,165/399,62,100.00%,8.1,9,62
JOURNAL OF INFORMATION TECHNOLOGY,J INF TECHNOL-UK,SAGE PUBLICATIONS LTD,2050-3385,1466-4437,MANAGEMENT,SSCI,2730,5.4,Q1,1.39,44.74%,85/420,6.5,Q1,5.1,0.8,74/421,Q1,82.54,0.00178,0.3969,1.806,79.9,Q1,63/399,17,100.00%,9,8.5,17
JOURNAL OF MANAGEMENT DEVELOPMENT,J MANAG DEV,EMERALD GROUP PUBLISHING LTD,0262-1711,1758-7492,MANAGEMENT,ESCI,2717,3.1,Q2,0.66,7.02%,181/420,3.7,Q2,2.8,0.6,218/421,Q3,48.34,0.001,0.22463,0.594,57,Q2,196/399,45,97.78%,8.5,9.2,44
Journal of Purchasing and Supply Management,J PURCH SUPPLY MANAG,ELSEVIER SCI LTD,2405-9188,1873-6505,MANAGEMENT,SSCI,2679,8.7,Q1,1.73,39.08%,24/420,7.5,Q1,7.2,2.9,41/421,Q1,90.38,0.00175,0.3898,1.328,94.4,Q1,92/399,32,96.88%,6,7.1,31
International Journal of Educational Management,INT J EDUC MANAG,EMERALD GROUP PUBLISHING LTD,0951-354X,1758-6518,MANAGEMENT,ESCI,2622,2.4,Q3,0.56,5.78%,237/420,2.4,Q3,2,0.5,250/421,Q3,40.74,0.00155,0.34706,0.386,43.7,Q3,267/399,118,100.00%,6.1,7.6,118
Journal of Family Business Strategy,J FAM BUS STRATEG,ELSEVIER,2398-631X,1877-8593,MANAGEMENT,SSCI,2621,6.1,Q1,1.76,32.26%,67/420,7.8,Q1,5.5,2,40/421,Q1,90.62,0.0016,0.35731,1.517,84.2,Q1,79/399,29,100.00%,7.3,12,29
Industry and Innovation,IND INNOV,"ROUTLEDGE JOURNALS, TAYLOR & FRANCIS LTD",1366-2716,1469-8390,MANAGEMENT,SSCI,2568,4.2,Q2,1.03,39.07%,121/420,4.5,Q2,3.8,0.4,127/421,Q2,69.95,0.00243,0.54139,1.162,71.3,Q2,109/399,60,100.00%,6.6,9.8,60
Journal of Fashion Marketing and Management,J FASH MARK MANAG,EMERALD GROUP PUBLISHING LTD,1361-2026,1758-7433,MANAGEMENT,SSCI,2554,3.3,Q2,0.71,2.72%,174/420,4.9,Q2,3,0.5,200/421,Q2,52.61,0.00162,0.36055,0.78,58.7,Q2,167/399,40,95.00%,5.9,8,38
Managerial Auditing Journal,MANAG AUDIT J,EMERALD GROUP PUBLISHING LTD,2634-4505,1758-7735,MANAGEMENT,SSCI,2543,2.8,Q2,0.7,2.44%,206/420,3.5,Q2,2.5,0.5,206/421,Q2,51.19,0.00089,0.19872,0.477,51.1,Q3,231/399,37,100.00%,9,11.4,37
JOURNAL OF APPLIED BEHAVIORAL SCIENCE,J APPL BEHAV SCI,SAGE PUBLICATIONS INC,1947-2579,1552-6879,MANAGEMENT,SSCI,2534,2.4,Q3,0.72,32.97%,237/420,3.9,Q2,2.1,0.4,191/421,Q2,54.75,0.00159,0.35573,1.163,43.7,Q2,108/399,28,96.43%,13.1,10,27
Journal of Leadership & Organizational Studies,J LEADERSH ORG STUD,SAGE PUBLICATIONS INC,2673-611X,1939-7089,MANAGEMENT,SSCI,2503,4.9,Q1,1.19,28.79%,97/420,5.7,Q2,4.8,0.5,96/421,Q1,77.32,0.00175,0.39117,1.524,77,Q1,77/399,23,100.00%,8.7,12.1,23
MANAGEMENT INTERNATIONAL REVIEW,MANAGE INT REV,SPRINGER HEIDELBERG,2381-4683,1861-8901,MANAGEMENT,SSCI,2469,4.1,Q2,0.92,63.16%,126/420,4.7,Q2,3.8,0.6,143/421,Q2,66.15,0.00129,0.28756,1.105,70.1,Q2,114/399,30,100.00%,9.7,9.4,30
European Sport Management Quarterly,EUR SPORT MANAG Q,"ROUTLEDGE JOURNALS, TAYLOR & FRANCIS LTD",2373-7492,1746-031X,MANAGEMENT,SSCI,2432,3.7,Q2,0.79,33.58%,149/420,4.3,Q2,3.4,0.5,170/421,Q2,59.74,0.00224,0.49896,0.93,64.6,Q2,136/399,37,94.59%,5.2,8.2,35
JOURNAL OF ECONOMICS & MANAGEMENT STRATEGY,J ECON MANAGE STRAT,WILEY,1058-6407,1530-9134,MANAGEMENT,SSCI,2403,1.4,Q3,0.36,44.09%,310/420,1.9,Q3,1.3,0.6,293/421,Q3,30.52,0.0021,0.46739,1.141,26.3,Q2,111/399,46,97.83%,13.5,12.2,45
Management Accounting Research,MANAGE ACCOUNT RES,ELSEVIER,2564-1891,1096-1224,MANAGEMENT,SSCI,2344,4,Q2,0.92,37.78%,132/420,4.9,Q2,3.6,1.2,143/421,Q2,66.15,0.00074,0.16557,1.207,68.7,Q2,104/399,15,100.00%,12.2,12.9,15
Human Resource Development Review,HUM RESOUR DEV REV,SAGE PUBLICATIONS INC,2368-7460,1552-6712,MANAGEMENT,SSCI,2328,4.6,Q2,0.73,15.94%,110/420,8.2,Q1,4.2,0.4,188/421,Q2,55.46,0.00138,0.3071,1.839,73.9,Q1,61/399,20,35.00%,8.9,7.4,7
Computational Economics,COMPUT ECON,SPRINGER,2192-4007,1572-9974,MANAGEMENT,SSCI,2293,2.2,Q3,0.64,20.00%,251/420,2.1,Q3,1.8,0.3,225/421,Q3,46.67,0.00253,0.56359,0.417,40.4,Q3,253/399,288,100.00%,4.2,7.9,288
International Journal of Innovation Management,INT J INNOV MANAG,WORLD SCIENTIFIC PUBL CO PTE LTD,2688-8319,1757-5877,MANAGEMENT,ESCI,2271,1.2,Q4,0.3,5.91%,326/420,1.7,Q3,1.1,0.2,326/421,Q4,22.68,0.001,0.22433,0.277,22.5,Q3,298/399,45,88.89%,7.6,7.5,40
JOURNAL OF MANAGEMENT INQUIRY,J MANAGE INQUIRY,SAGE PUBLICATIONS INC,1056-4926,1552-6542,MANAGEMENT,SSCI,2262,3.8,Q2,0.88,37.68%,143/420,3.5,Q2,3.5,0.6,150/421,Q2,64.49,0.0023,0.51258,1.503,66.1,Q1,80/399,30,100.00%,9.3,11.5,30
Gender in Management,GEND MANAG,EMERALD GROUP PUBLISHING LTD,2590-2296,1754-2421,MANAGEMENT,SSCI,2244,2.6,Q3,0.86,9.09%,223/420,3.4,Q2,2.3,0.6,156/421,Q2,63.06,0.00143,0.31883,0.632,47,Q2,186/399,49,95.92%,7,8.1,47
MANAGEMENT LEARNING,MANAGE LEARN,SAGE PUBLICATIONS LTD,2976-5390,1461-7307,MANAGEMENT,SSCI,2219,3,Q2,0.61,47.01%,188/420,4,Q2,2.3,0.6,236/421,Q3,44.06,0.00211,0.46952,1.284,55.4,Q1,95/399,37,100.00%,8.8,10.4,37
Management Review Quarterly,MANAG REV Q,SPRINGERNATURE,2198-1620,2198-1639,MANAGEMENT,ESCI,2206,9,Q1,2.4,49.42%,19/420,,,7.7,2.8,11/421,Q1,97.51,0.002,0.44644,,95.6,,,163,100.00%,2.5,7.5,163
Management and Organization Review,MANAGE ORGAN REV,CAMBRIDGE UNIV PRESS,2692-4366,1740-8784,MANAGEMENT,SSCI,2153,3,Q2,0.66,24.07%,188/420,3.7,Q2,2.7,0.5,218/421,Q3,48.34,0.00148,0.3309,0.914,55.4,Q2,146/399,34,82.35%,8.9,11.1,28
Human Resource Development Quarterly,HUM RESOUR DEV Q,"WILEY PERIODICALS, INC",2603-6479,1532-1096,MANAGEMENT,SSCI,2150,3.8,Q2,1.27,32.61%,143/420,5.5,Q2,3.4,0.7,87/421,Q1,79.45,0.00103,0.23073,1.122,66.1,Q2,112/399,22,100.00%,10.9,9,22
Global Strategy Journal,GLOB STRATEG J,WILEY,2042-5791,2042-5805,MANAGEMENT,SSCI,2135,4.7,Q2,1.21,60.76%,106/420,7.4,Q1,4.4,0.4,93/421,Q1,78.03,0.00287,0.63925,2.244,74.9,Q1,49/399,14,100.00%,5.2,10.1,14
Journal of Management and Governance,J MANAG GOV,SPRINGER,1385-3457,1572-963X,MANAGEMENT,ESCI,2135,4,Q2,0.76,48.04%,132/420,4,Q2,3.7,0.7,178/421,Q2,57.84,0.00127,0.28296,0.657,68.7,Q2,179/399,35,100.00%,6.8,9.7,35
SMALL GROUP RESEARCH,SMALL GR RES,SAGE PUBLICATIONS INC,1046-4964,1552-8278,MANAGEMENT,SSCI,2118,1.9,Q3,0.71,25.56%,273/420,3.4,Q2,1.7,0.4,200/421,Q2,52.61,0.00108,0.24131,0.96,35.1,Q2,129/399,33,100.00%,13.4,11.8,33
Operations Management Research,OPER MANAGE RES,SPRINGER,1936-9735,1936-9743,MANAGEMENT,SSCI,2115,5.3,Q1,1.59,21.15%,89/420,6.1,Q1,4.8,1,58/421,Q1,86.34,0.00217,0.48399,0.952,78.9,Q2,130/399,73,100.00%,2.8,5.5,73
Knowledge Management Research & Practice,KNOWL MAN RES PRACT,TAYLOR & FRANCIS LTD,2767-3197,1477-8246,MANAGEMENT,SSCI,2043,3.8,Q2,0.87,13.46%,143/420,3.7,Q2,3,0.4,153/421,Q2,63.78,0.00122,0.27332,0.48,66.1,Q3,230/399,61,95.08%,4.8,7.7,58
Journal of Contingencies and Crisis Management,J CONTING CRISIS MAN,WILEY,0966-0879,1468-5973,MANAGEMENT,SSCI,1994,2.2,Q3,0.57,38.17%,251/420,2.9,Q3,1.6,0.4,245/421,Q3,41.92,0.00116,0.25956,0.553,40.4,Q3,207/399,114,100.00%,6.7,8.1,114
Cornell Hospitality Quarterly,CORNELL HOSP Q,SAGE PUBLICATIONS INC,2817-1705,1938-9663,MANAGEMENT,SSCI,1974,3,Q2,0.93,17.78%,188/420,4.2,Q2,2.9,0.4,142/421,Q2,66.39,0.00149,0.33314,0.977,55.4,Q2,125/399,36,100.00%,7.7,10.1,36
NEW TECHNOLOGY WORK AND EMPLOYMENT,NEW TECH WORK EMPLOY,WILEY,0268-1072,1468-005X,MANAGEMENT,SSCI,1935,7.3,Q1,1.42,73.75%,41/420,7.2,Q1,6.3,0.3,71/421,Q1,83.25,0.00228,0.50948,2.318,90.4,Q1,46/399,32,100.00%,6.3,6.3,32
INTERNATIONAL JOURNAL OF SELECTION AND ASSESSMENT,INT J SELECT ASSESS,WILEY,0965-075X,1468-2389,MANAGEMENT,SSCI,1925,2.4,Q3,0.72,48.74%,237/420,3,Q3,2,0.3,191/421,Q2,54.75,0.00155,0.34701,0.987,43.7,Q2,123/399,42,97.62%,12.4,12,41
European Management Review,EUR MANAG REV,"WILEY PERIODICALS, INC",2534-9708,1740-4762,MANAGEMENT,SSCI,1908,2.8,Q2,0.72,56.08%,206/420,3.7,Q2,2.6,0.3,191/421,Q2,54.75,0.00196,0.43715,0.782,51.1,Q2,166/399,65,93.85%,5.1,12.5,61
International Journal of Managing Projects in Business,INT J MANAG PROJ BUS,EMERALD GROUP PUBLISHING LTD,1753-8378,1753-8386,MANAGEMENT,SSCI,1898,3.1,Q2,0.57,16.92%,181/420,3.4,Q2,2.7,0.7,245/421,Q3,41.92,0.00108,0.24127,0.473,57,Q3,233/399,51,100.00%,5.7,8.3,51
Management Communication Quarterly,MANAGE COMMUN Q,SAGE PUBLICATIONS INC,2367-8194,1552-6798,MANAGEMENT,SSCI,1848,2.4,Q3,0.83,15.15%,237/420,2.8,Q3,2.1,0.5,162/421,Q2,61.64,0.00106,0.23689,0.847,43.7,Q2,154/399,28,100.00%,11.9,8.8,28
Strategic Management,STRATEG MANAG,"UNIV NOVI SAD, FAC ECONOMICS SUBOTICA",1821-3448,2334-6191,MANAGEMENT,ESCI,1848,1.4,Q3,0.26,94.94%,310/420,1.6,Q3,1.3,0.5,342/421,Q4,18.88,0.00035,0.07799,0.349,26.3,Q3,276/399,15,93.33%,37,6.1,14
HUMAN RESOURCE DEVELOPMENT INTERNATIONAL,HUM RESOUR DEV INT,"ROUTLEDGE JOURNALS, TAYLOR & FRANCIS LTD",2752-8499,1469-8374,MANAGEMENT,ESCI,1847,3.9,Q2,0.85,21.09%,136/420,4.4,Q2,3.6,0.7,158/421,Q2,62.59,0.0012,0.26726,0.826,67.7,Q2,156/399,49,100.00%,7.3,7.7,49
Equality Diversity and Inclusion,EQUAL DIVERS INCL,EMERALD GROUP PUBLISHING LTD,2040-7149,2040-7157,MANAGEMENT,ESCI,1842,2.2,Q3,0.75,9.21%,251/420,3,Q3,2,0.4,181/421,Q2,57.13,0.00248,0.55291,0.917,40.4,Q2,143/399,109,95.41%,5.1,8.4,104
International Journal of Lean Six Sigma,INT J LEAN SIX SIG,EMERALD GROUP PUBLISHING LTD,2672-7080,2040-4174,MANAGEMENT,SSCI,1813,3.7,Q2,0.72,13.11%,149/420,4,Q2,3.2,0.6,191/421,Q2,54.75,0.00098,0.21821,0.426,64.6,Q3,249/399,68,97.06%,4.6,7.5,66
SYSTEMS RESEARCH AND BEHAVIORAL SCIENCE,SYST RES BEHAV SCI,WILEY,1092-7026,1099-1743,MANAGEMENT,SSCI,1801,1.8,Q3,0.64,34.70%,281/420,2.2,Q3,1.5,0.3,225/421,Q3,46.67,0.00112,0.24961,0.387,33.2,Q3,266/399,80,100.00%,6.7,9.3,80
INTERNATIONAL JOURNAL OF TECHNOLOGY MANAGEMENT,INT J TECHNOL MANAGE,INDERSCIENCE ENTERPRISES LTD,1989-9882,1741-5276,MANAGEMENT,SSCI,1797,1.4,Q3,0.42,0.76%,310/420,1.8,Q3,1.4,0.3,277/421,Q3,34.32,0.00041,0.09326,0.26,26.3,Q4,306/399,47,97.87%,13.4,9.5,46
International Journal of Public Sector Management,INT J PUBLIC SECT MA,EMERALD GROUP PUBLISHING LTD,2752-3349,1758-6666,MANAGEMENT,ESCI,1775,2.5,Q3,0.77,19.29%,229/420,3.4,Q2,1.9,0.5,176/421,Q2,58.31,0.00099,0.22219,0.593,45.6,Q2,198/399,64,90.63%,7.7,8.4,58
Scandinavian Journal of Management,SCAND J MANAG,ELSEVIER SCI LTD,2752-5082,1873-3387,MANAGEMENT,SSCI,1739,2.5,Q3,0.57,45.98%,229/420,3,Q3,2.2,0.4,245/421,Q3,41.92,0.00083,0.18633,0.797,45.6,Q2,161/399,24,100.00%,11.2,10.9,24
RESEARCH-TECHNOLOGY MANAGEMENT,RES TECHNOL MANAGE,TAYLOR & FRANCIS INC,2376-6808,1930-0166,MANAGEMENT,SSCI,1731,3,Q2,0.3,28.28%,188/420,3.4,Q2,2.5,0.5,326/421,Q4,22.68,0.00056,0.12671,0.538,55.4,Q3,212/399,51,100.00%,9.3,6.6,51
JOURNAL OF ENGINEERING AND TECHNOLOGY MANAGEMENT,J ENG TECHNOL MANAGE,ELSEVIER,2236-3777,1879-1719,MANAGEMENT,SSCI,1729,3.9,Q2,0.73,26.67%,136/420,4.3,Q2,3.5,0.6,188/421,Q2,55.46,0.00071,0.15868,0.627,67.7,Q2,189/399,36,97.22%,8,8.5,35
Information and Organization,INFORM ORGAN-UK,ELSEVIER SCI LTD,1471-7727,1873-7919,MANAGEMENT,SSCI,1721,4.7,Q2,1.54,38.60%,106/420,6.9,Q1,4.5,1.3,63/421,Q1,85.15,0.00142,0.3165,2.069,74.9,Q1,55/399,22,100.00%,6.6,9,22
AUSTRALIAN JOURNAL OF MANAGEMENT,AUST J MANAGE,SAGE PUBLICATIONS LTD,0312-8962,1327-2020,MANAGEMENT,SSCI,1686,2.1,Q3,0.42,25.83%,260/420,4.6,Q2,1.9,0.2,277/421,Q3,34.32,0.00153,0.34189,0.922,38.2,Q2,141/399,32,100.00%,5,10.2,32
Disaster Prevention and Management,DISASTER PREV MANAG,EMERALD GROUP PUBLISHING LTD,2673-4133,1758-6100,MANAGEMENT,SSCI,1682,2,Q3,0.48,13.82%,269/420,2,Q3,1.8,0.3,264/421,Q3,37.41,0.0008,0.18015,0.407,36.1,Q3,258/399,56,98.21%,10.1,7.9,55
Facilities,FACILITIES,EMERALD GROUP PUBLISHING LTD,2673-7159,1758-7131,MANAGEMENT,ESCI,1677,1.9,Q3,0.44,14.20%,273/420,2.2,Q3,1.7,0.3,274/421,Q3,35.04,0.00074,0.16483,0.308,35.1,Q3,287/399,44,100.00%,7.9,7.4,44
School Leadership & Management,SCH LEADERSH MANAG,"ROUTLEDGE JOURNALS, TAYLOR & FRANCIS LTD",1363-2434,1364-2626,MANAGEMENT,ESCI,1661,3.3,Q2,0.98,33.75%,174/420,5.3,Q2,2.8,0.9,136/421,Q2,67.81,0.00141,0.31452,1.287,58.7,Q1,93/399,21,85.71%,6.5,6.5,18
SYSTEM DYNAMICS REVIEW,SYST DYNAM REV,WILEY,2588-3526,1099-1727,MANAGEMENT,SSCI,1625,2.5,Q3,0.72,56.52%,229/420,2.8,Q3,1.5,1.6,191/421,Q2,54.75,0.00036,0.08228,0.532,45.6,Q3,213/399,28,100.00%,18.5,13.1,28
MIS Quarterly Executive,MIS Q EXEC,"INDIANA UNIV, OPER & DECISION TECHNOL DEPT",2950-5097,1540-1979,MANAGEMENT,SSCI,1552,2.9,Q2,0.76,0.00%,198/420,6.1,Q1,2.1,0.8,178/421,Q2,57.84,0.001,0.22356,1.57,53,Q1,74/399,26,100.00%,7.6,4.8,26
Journal of Service Theory and Practice,J SERV THEOR PRACT,EMERALD GROUP PUBLISHING LTD,2055-6225,2055-6225,MANAGEMENT,SSCI,1516,4.4,Q2,0.9,14.41%,114/420,4.5,Q2,3.7,1.5,147/421,Q2,65.2,0.00121,0.26931,0.837,73,Q2,155/399,32,93.75%,5,7.2,30
International Journal of Islamic and Middle Eastern Finance and Management,INT J ISLAMIC MIDDLE,EMERALD GROUP PUBLISHING LTD,1753-8394,1753-8408,MANAGEMENT,SSCI,1507,2.2,Q3,0.67,1.79%,251/420,3,Q3,1.9,0.5,216/421,Q3,48.81,0.00069,0.15412,0.314,40.4,Q3,286/399,76,97.37%,5.1,6.8,74
Nonprofit Management & Leadership,NONPROFIT MANAG LEAD,"WILEY PERIODICALS, INC",1467-8489,1542-7854,MANAGEMENT,SSCI,1506,1.9,Q3,0.73,27.12%,273/420,2.6,Q3,1.6,0.3,188/421,Q2,55.46,0.00103,0.23105,0.629,35.1,Q2,188/399,28,100.00%,9.3,11.6,28
Logistics-Basel,LOGISTICS-BASEL,MDPI,2305-6290,2305-6290,MANAGEMENT,ESCI,1487,3.6,Q2,0.74,99.69%,153/420,3.8,Q2,3.2,0.8,184/421,Q2,56.41,0.00133,0.29661,0.521,63.7,Q3,219/399,139,85.61%,2.9,5.3,119
Chinese Management Studies,CHIN MANAG STUD,EMERALD GROUP PUBLISHING LTD,1750-614X,1750-6158,MANAGEMENT,SSCI,1483,2.3,Q3,0.49,0.90%,247/420,2.7,Q3,2.1,0.3,263/421,Q3,37.65,0.00115,0.25762,0.435,41.3,Q3,246/399,93,100.00%,4.7,7.9,93
Asia Pacific Journal of Human Resources,ASIA PAC J HUM RESOU,WILEY,1038-4111,1744-7941,MANAGEMENT,SSCI,1472,4.5,Q2,1.26,17.50%,111/420,4.2,Q2,4.3,0.4,90/421,Q1,78.74,0.00114,0.25452,0.795,73.7,Q2,162/399,21,95.24%,5.6,7.5,20
European Journal of Training and Development,EUR J TRAIN DEV,EMERALD GROUP PUBLISHING LTD,2769-2140,2046-9020,MANAGEMENT,ESCI,1470,2.8,Q2,0.54,9.59%,206/420,3.2,Q3,2.5,0.1,255/421,Q3,39.55,0.00129,0.28924,0.56,51.1,Q3,205/399,40,90.00%,4.8,7.9,36
Journal of Science and Technology Policy Management,J SCI TECHNOL POLICY,EMERALD GROUP PUBLISHING LTD,2053-4620,1758-5538,MANAGEMENT,ESCI,1454,3.5,Q2,0.72,1.68%,158/420,3.9,Q2,3,0.9,191/421,Q2,54.75,0.00103,0.23016,0.455,62.5,Q3,241/399,113,92.04%,3.6,5.8,104
International Journal of Energy Sector Management,INT J ENERGY SECT MA,EMERALD GROUP PUBLISHING LTD,2689-3010,1750-6239,MANAGEMENT,ESCI,1442,3.3,Q2,0.72,1.59%,174/420,2.8,Q3,3,0.7,191/421,Q2,54.75,0.00116,0.2597,0.377,58.7,Q3,269/399,91,97.80%,4,5.7,89
International Journal of Entrepreneurship & Small Business,INT J ENTREP SMALL B,INDERSCIENCE ENTERPRISES LTD,2658-7734,1741-8054,MANAGEMENT,ESCI,1431,0.7,Q4,0.16,0.90%,363/420,,,0.7,0.2,368/421,Q4,12.71,0.00037,0.08279,,13.7,,,74,100.00%,9.3,11.3,74
GROUP DECISION AND NEGOTIATION,GROUP DECIS NEGOT,SPRINGER,1695-5498,1572-9907,MANAGEMENT,SSCI,1420,2.5,Q3,1.12,25.00%,229/420,2.4,Q3,2.2,0.4,107/421,Q2,74.7,0.00115,0.25713,0.567,45.6,Q3,204/399,40,100.00%,7.2,8.4,40
International Journal of Accounting and Information Management,INT J ACCOUNT INF MA,EMERALD GROUP PUBLISHING LTD,1834-7649,1758-9037,MANAGEMENT,ESCI,1418,4.9,Q1,1.09,1.72%,97/420,5.5,Q2,4.2,0.8,114/421,Q2,73.04,0.00097,0.21629,0.654,77,Q2,181/399,38,100.00%,4.4,8.5,38
International Journal of Accounting Information Systems,INT J ACCOUNT INF SY,ELSEVIER,1467-0895,1873-4723,MANAGEMENT,SSCI,1414,6,Q1,1.19,32.10%,70/420,6.3,Q1,5.6,0.5,96/421,Q1,77.32,0.00092,0.20529,1.091,83.5,Q2,115/399,27,96.30%,6.2,6.9,26
Learning Organization,LEARN ORGAN,EMERALD GROUP PUBLISHING LTD,0969-6474,1758-7905,MANAGEMENT,ESCI,1405,2.7,Q3,0.63,20.25%,214/420,2.6,Q3,1.9,0.7,232/421,Q3,45.01,0.0006,0.1342,0.329,49.2,Q3,283/399,63,98.41%,7,8.6,62
Leadership,LEADERSHIP-LONDON,SAGE PUBLICATIONS INC,1742-7150,1742-7169,MANAGEMENT,SSCI,1399,2.2,Q3,0.5,40.51%,251/420,2.7,Q3,1.7,0.2,261/421,Q3,38.12,0.0012,0.26788,0.824,40.4,Q2,157/399,27,100.00%,8.3,10.4,27
Organizational Psychology Review,ORGAN PSYCHOL REV,SAGE PUBLICATIONS INC,2041-3866,2041-3874,MANAGEMENT,SSCI,1385,7.1,Q1,1.45,26.23%,50/420,8.1,Q1,6.7,1,68/421,Q1,83.97,0.00164,0.36616,2.54,88.2,Q1,43/399,22,100.00%,6.2,12.1,22
Journal of Responsible Innovation,J RESPONSIBLE INNOV,"ROUTLEDGE JOURNALS, TAYLOR & FRANCIS LTD",2329-9460,2329-9037,MANAGEMENT,SSCI,1384,4.1,Q2,2.02,99.19%,126/420,5,Q2,2.3,1,24/421,Q1,94.42,0.00094,0.20943,0.713,70.1,Q2,172/399,63,98.41%,4.6,7.1,62
Academy of Management Discoveries,ACAD MANAG DISCOV,ACAD MANAGEMENT,2168-1007,2168-1007,MANAGEMENT,SSCI,1359,4.8,Q1,1.07,0.00%,103/420,6.2,Q1,4.5,2,119/421,Q2,71.85,0.0033,0.7354,3.075,75.6,Q1,28/399,26,100.00%,5,12.1,26
Journal of Family Business Management,J FAM BUS MANAG,EMERALD GROUP PUBLISHING LTD,2043-6238,2043-6246,MANAGEMENT,ESCI,1358,3.4,Q2,0.81,15.35%,167/420,3.7,Q2,2.5,0.5,166/421,Q2,60.69,0.00094,0.21076,0.444,60.4,Q3,245/399,68,94.12%,3.7,8.1,64
Asia Pacific Management Review,ASIA PAC MANAG REV,ELSEVIER TAIWAN,2719-3454,1029-3132,MANAGEMENT,ESCI,1355,5.6,Q1,1.48,98.25%,82/420,5.1,Q2,5,0.9,66/421,Q1,84.44,0.00089,0.19852,0.631,80.6,Q2,187/399,24,91.67%,3.9,7.4,22
Journal of Modelling in Management,J MODEL MANAG,EMERALD GROUP PUBLISHING LTD,1746-5664,1746-5672,MANAGEMENT,ESCI,1321,2.2,Q3,0.48,0.51%,251/420,2.5,Q3,1.8,1.1,264/421,Q3,37.41,0.00091,0.20351,0.333,40.4,Q3,281/399,94,96.81%,4.3,5.8,91
Asia Pacific Business Review,ASIA PAC BUS REV,"ROUTLEDGE JOURNALS, TAYLOR & FRANCIS LTD",1360-2381,1743-792X,MANAGEMENT,SSCI,1314,1.9,Q3,0.38,9.04%,273/420,2.2,Q3,1.6,0.9,289/421,Q3,31.47,0.00072,0.16238,0.369,35.1,Q3,271/399,76,97.37%,6.3,7.3,74
Service Business,SERV BUS,SPRINGER HEIDELBERG,2630-5488,1862-8508,MANAGEMENT,SSCI,1296,4.1,Q2,0.95,26.88%,126/420,4.4,Q2,3.7,0.6,140/421,Q2,66.86,0.0009,0.20126,0.673,70.1,Q2,174/399,21,95.24%,4.8,7,20
VINE Journal of Information and Knowledge Management Systems,VINE J INF KNOWL MAN,EMERALD GROUP PUBLISHING LTD,2245-408X,2059-5905,MANAGEMENT,ESCI,1293,2.9,Q2,0.84,4.00%,198/420,3.3,Q2,2.6,1.1,160/421,Q2,62.11,0.00104,0.23213,0.426,53,Q3,249/399,37,94.59%,3.8,5.6,35
Journal of Strategy and Management,J STRATEGY MANAG,EMERALD GROUP PUBLISHING LTD,1755-425X,1755-425X,MANAGEMENT,ESCI,1224,3,Q2,0.79,8.59%,188/420,3.8,Q2,2.6,0.5,170/421,Q2,59.74,0.00093,0.20761,0.593,55.4,Q2,198/399,54,100.00%,4.6,8,54
International Journal of Innovation and Technology Management,INT J INNOV TECHNOL,WORLD SCIENTIFIC PUBL CO PTE LTD,0219-8770,1793-6950,MANAGEMENT,ESCI,1223,1.3,Q4,0.29,2.17%,319/420,2.3,Q3,1.1,0.4,333/421,Q4,21.02,0.00098,0.21987,0.352,24.2,Q3,274/399,42,90.48%,5.2,6.1,38
Journal of Organizational and End User Computing,J ORGAN END USER COM,IGI GLOBAL,2636-8943,1546-5012,MANAGEMENT,SSCI,1217,3.4,Q2,1.07,98.77%,167/420,3.1,Q3,2.8,1.2,119/421,Q2,71.85,0.0008,0.18016,0.381,60.4,Q3,268/399,93,98.92%,3,3.8,92
European Research on Management and Business Economics,EUR RES MANAG BUS EC,ELSEVIER SCI LTD,2444-8834,2444-8842,MANAGEMENT,SSCI,1212,6.4,Q1,1.72,96.43%,57/420,6.7,Q1,5.8,1.2,42/421,Q1,90.14,0.00092,0.20688,0.912,86.5,Q2,147/399,32,93.75%,3.9,7.2,30
Management,MANAGEMENT-FRANCE,ASSOC INT MANAGEMENT STRATEGIQUE-AIMS,2630-6220,1286-4692,MANAGEMENT,ESCI,1211,1.9,Q3,0.22,94.44%,273/420,1.6,Q3,1.7,0.2,352/421,Q4,16.51,0.00037,0.08323,0.412,35.1,Q3,255/399,23,100.00%,10.2,12.3,23
Information Systems and E-Business Management,INF SYST E-BUS MANAG,SPRINGER HEIDELBERG,2368-9587,1617-9854,MANAGEMENT,SSCI,1205,3.6,Q2,0.6,59.78%,153/420,3.3,Q2,3.5,0.9,240/421,Q3,43.11,0.00076,0.16985,0.522,63.7,Q3,218/399,28,100.00%,5.7,7.6,28
Innovation-Organization & Management,INNOV-ORGAN MANAG,"ROUTLEDGE JOURNALS, TAYLOR & FRANCIS LTD",1447-9338,2204-0226,MANAGEMENT,SSCI,1203,1.8,Q3,0.66,45.31%,281/420,3.5,Q2,1.8,0.4,218/421,Q3,48.34,0.0011,0.24533,0.924,33.2,Q2,140/399,20,100.00%,7.1,10.2,20
BRQ-Business Research Quarterly,BRQ-BUS RES Q,SAGE PUBLICATIONS INC,2340-9444,2340-9444,MANAGEMENT,SSCI,1199,3.4,Q2,0.68,90.32%,167/420,4.5,Q2,3.3,0.8,211/421,Q3,50,0.00102,0.22743,0.862,60.4,Q2,152/399,19,100.00%,5.3,9.9,19
REVIEW OF INDUSTRIAL ORGANIZATION,REV IND ORGAN,SPRINGER,2666-7215,1573-7160,MANAGEMENT,SSCI,1198,0.7,Q4,0.24,36.30%,363/420,1.2,Q4,0.6,0.7,347/421,Q4,17.7,0.00142,0.31798,0.662,13.7,Q2,176/399,67,100.00%,11.7,13.4,67
Baltic Journal of Management,BALT J MANAG,EMERALD GROUP PUBLISHING LTD,1746-5265,1746-5273,MANAGEMENT,SSCI,1128,2.5,Q3,0.66,14.52%,229/420,3.2,Q3,2.3,0.4,218/421,Q3,48.34,0.00088,0.19644,0.525,45.6,Q3,217/399,38,100.00%,4.9,8.7,38
CANADIAN JOURNAL OF ADMINISTRATIVE SCIENCES-REVUE CANADIENNE DES SCIENCES DE L ADMINISTRATION,CAN J ADM SCI,WILEY,0825-0383,1936-4490,MANAGEMENT,SSCI,1101,0.9,Q4,0.23,18.09%,352/420,1.5,Q4,0.8,0.3,350/421,Q4,16.98,0.00047,0.10475,0.298,16.3,Q3,293/399,25,96.00%,9.8,9.8,24
JOURNAL OF CHANGE MANAGEMENT,J CHANG MANAG,"ROUTLEDGE JOURNALS, TAYLOR & FRANCIS LTD",1469-7017,1479-1811,MANAGEMENT,ESCI,1062,2.1,Q3,0.69,52.08%,260/420,3.5,Q2,2,<0.1,209/421,Q2,50.48,0.00066,0.14751,0.815,38.2,Q2,159/399,11,100.00%,10.5,13.6,11
Journal of Facilities Management,J FACIL MANAG,EMERALD GROUP PUBLISHING LTD,1472-5967,1741-0983,MANAGEMENT,ESCI,1057,2.7,Q3,0.56,8.00%,214/420,2.6,Q3,2.4,0.5,250/421,Q3,40.74,0.00062,0.13798,0.338,49.2,Q3,280/399,33,93.94%,4.7,6.4,31
Journal of Competitiveness,J COMPETITIVENESS,"UNIV TOMASE BATI & ZLINE, FAK MANAGEMENTU EKONOMIKY",1804-171X,1804-1728,MANAGEMENT,SSCI,1055,2.6,Q3,1.05,78.03%,223/420,3.5,Q2,2.4,0.7,122/421,Q2,71.14,0.00067,0.15058,0.42,47,Q3,252/399,48,100.00%,4.3,5.6,48
Supply Chain Forum,SUPPLY CHAIN FORUM,TAYLOR & FRANCIS LTD,1625-8312,1624-6039,MANAGEMENT,ESCI,1038,4.2,Q2,0.86,9.24%,121/420,4.7,Q2,3.5,0.6,156/421,Q2,63.06,0.00078,0.17453,0.649,71.3,Q2,182/399,50,98.00%,4.3,7.1,49
Vision-The Journal of Business Perspective,VISION-INDIA,SAGE PUBLICATIONS INDIA PVT LTD,2193-7532,2249-5304,MANAGEMENT,ESCI,1038,3.1,Q2,0.6,4.05%,181/420,3,Q3,3.1,1.3,240/421,Q3,43.11,0.00071,0.159,0.409,57,Q3,257/399,53,88.68%,4.1,12,47
Journal of Organizational Effectiveness-People and Performance,J ORGAN EFF-PEOPLE P,EMERALD GROUP PUBLISHING LTD,2051-6614,2051-6622,MANAGEMENT,ESCI,1030,3.3,Q2,0.8,8.75%,174/420,3.8,Q2,2.8,0.5,169/421,Q2,59.98,0.00079,0.17638,0.623,58.7,Q2,191/399,67,95.52%,4.5,7.7,64
International Journal of Cross Cultural Management,INT J CROSS CULT MAN,SAGE PUBLICATIONS INC,1470-5958,1741-2838,MANAGEMENT,ESCI,1019,2.4,Q3,0.57,25.93%,237/420,3.2,Q3,1.8,0.9,245/421,Q3,41.92,0.00051,0.11525,0.613,43.7,Q2,194/399,32,100.00%,10.1,11.6,32
Organization Theory,ORGAN THEOR,SAGE PUBLICATIONS INC,2631-7877,2631-7877,MANAGEMENT,ESCI,1014,6.4,Q1,1.33,98.57%,57/420,9.4,Q1,5.8,1.5,81/421,Q1,80.88,0.00419,0.9341,5.158,86.5,Q1,9/399,22,100.00%,3.5,10.5,22
Polish Journal of Management Studies,POL J MANAG STUD,CZESTOCHOWA UNIV TECHNOLOGY,2081-7452,2081-7452,MANAGEMENT,ESCI,995,1.1,Q4,0.29,99.27%,335/420,1.1,Q4,0.9,0.2,333/421,Q4,21.02,0.00059,0.13261,0.123,20.4,Q4,348/399,83,96.39%,4.8,4.8,80
Action Research,ACTION RES-LONDON,SAGE PUBLICATIONS LTD,1476-7503,1741-2617,MANAGEMENT,SSCI,982,2.1,Q3,0.63,36.73%,260/420,2.6,Q3,1.6,0.6,232/421,Q3,45.01,0.00094,0.20964,0.79,38.2,Q2,163/399,14,92.86%,8.4,9.8,13
Journal of Advances in Management Research,J ADV MANAG RES,EMERALD GROUP PUBLISHING LTD,0972-7981,2049-3207,MANAGEMENT,ESCI,977,2.6,Q3,0.64,2.54%,223/420,3.3,Q2,2.4,0.4,225/421,Q3,46.67,0.0006,0.13402,0.417,47,Q3,253/399,50,100.00%,5,7.3,50
Work Aging and Retirement,WORK AGING RETIRE,OXFORD UNIV PRESS,2054-4642,2054-4650,MANAGEMENT,SSCI,972,2.3,Q3,0.79,32.65%,247/420,3,Q3,1.9,0.6,170/421,Q2,59.74,0.00107,0.23944,0.787,41.3,Q2,164/399,23,86.96%,5.4,9.9,20
Amfiteatru Economic,AMFITEATRU ECON,EDITURA ASE,1582-9146,2247-9104,MANAGEMENT,SSCI,966,2,Q3,0.54,91.40%,269/420,1.9,Q3,1.9,0.8,255/421,Q3,39.55,0.00057,0.12891,0.249,36.1,Q4,310/399,72,95.83%,4.5,4.3,69
Journal of Global Responsibility,J GLOB RESPONSIB,EMERALD GROUP PUBLISHING LTD,2041-2568,2041-2576,MANAGEMENT,ESCI,953,3.9,Q2,0.7,2.15%,136/420,3.7,Q2,3.7,0.9,206/421,Q2,51.19,0.00052,0.11737,0.47,67.7,Q3,234/399,34,97.06%,5.5,7.9,33
Journal of Management Analytics,J MANAG ANAL,"ROUTLEDGE JOURNALS, TAYLOR & FRANCIS LTD",2327-0012,2327-0039,MANAGEMENT,SSCI,949,4.5,Q2,1.05,2.94%,111/420,5.8,Q2,4.2,1.9,122/421,Q2,71.14,0.001,0.22302,0.947,73.7,Q2,132/399,26,96.15%,4.3,7.1,25
International Journal of Quality and Service Sciences,INT J QUAL SERV SCI,EMERALD GROUP PUBLISHING LTD,1756-669X,1756-6703,MANAGEMENT,ESCI,943,3.9,Q2,0.68,4.62%,136/420,3.3,Q2,3.4,0.8,211/421,Q3,50,0.0005,0.11165,0.392,67.7,Q3,264/399,25,96.00%,5.1,7.1,24
Managing Sport and Leisure,MANAG SPORT LEIS,"ROUTLEDGE JOURNALS, TAYLOR & FRANCIS LTD",2375-0472,2375-0480,MANAGEMENT,ESCI,924,1.8,Q3,0.39,36.92%,281/420,2.5,Q3,1.6,0.3,285/421,Q3,32.42,0.0014,0.31226,0.594,33.2,Q2,196/399,75,100.00%,4.3,7.9,75
European Journal of International Management,EUR J INT MANAG,INDERSCIENCE ENTERPRISES LTD,1751-6757,1751-6765,MANAGEMENT,SSCI,922,0.9,Q4,0.3,5.14%,352/420,1.4,Q4,0.8,0.3,326/421,Q4,22.68,0.00038,0.08552,0.176,16.3,Q4,338/399,83,100.00%,6.7,13,83
Knowledge and Process Management,KNOWL PROCESS MANAG,WILEY,1092-4604,1099-1441,MANAGEMENT,ESCI,912,1.7,Q3,0.61,32.14%,289/420,2.7,Q3,1.7,0.3,236/421,Q3,44.06,0.00051,0.11456,0.393,31.3,Q3,263/399,20,100.00%,5.9,9.2,20
FIIB Business Review,FIIB BUS REV,SAGE PUBLICATIONS INDIA PVT LTD,2319-7145,2455-2658,MANAGEMENT,ESCI,911,2.8,Q2,0.61,2.08%,206/420,2.5,Q3,2.6,0.8,236/421,Q3,44.06,0.00085,0.18951,0.34,51.1,Q3,279/399,43,93.02%,2.5,6.2,40
Asian Business & Management,ASIAN BUS MANAG,PALGRAVE MACMILLAN LTD,1472-4782,1476-9328,MANAGEMENT,SSCI,908,2.8,Q2,0.5,13.83%,206/420,3.2,Q3,2.5,1.3,261/421,Q3,38.12,0.00075,0.16879,0.516,51.1,Q3,221/399,23,91.30%,4.5,10.2,21
International Journal of Training and Development,INT J TRAIN DEV,WILEY,2515-964X,1468-2419,MANAGEMENT,ESCI,904,1.5,Q3,0.36,56.00%,301/420,2,Q3,1.3,0.4,293/421,Q3,30.52,0.00048,0.10799,0.469,28.5,Q3,236/399,20,95.00%,9.6,9.9,19
Strategy Science,STRATEG SCI,INFORMS,2333-2050,2333-2077,MANAGEMENT,ESCI,903,3.4,Q2,1.11,3.80%,167/420,4.6,Q2,3.3,1.5,111/421,Q2,73.75,0.00277,0.61693,2.999,60.4,Q1,31/399,27,100.00%,4.8,11.5,27
Spanish Journal of Marketing-ESIC,SPAN J MARK-ESIC,EMERALD GROUP PUBLISHING LTD,2444-9695,2444-9709,MANAGEMENT,ESCI,891,5.3,Q1,1.27,96.63%,89/420,,,5,1.7,87/421,Q1,79.45,0.00061,0.1369,,78.9,,,48,91.67%,4,5.9,44
Information Technology & Management,INFORM TECHNOL MANAG,SPRINGER,1385-951X,1573-7667,MANAGEMENT,SSCI,888,2.9,Q2,0.68,12.09%,198/420,2.8,Q3,2.8,0.6,211/421,Q3,50,0.00048,0.10704,0.491,53,Q3,227/399,27,100.00%,7.9,7.6,27
Engineering Management Journal,ENG MANAG J,TAYLOR & FRANCIS LTD,1042-9247,2377-0643,MANAGEMENT,SSCI,882,2.6,Q3,0.39,5.49%,223/420,2.6,Q3,2.3,0.2,285/421,Q3,32.42,0.00041,0.09226,0.347,47,Q3,277/399,39,97.44%,6.6,6.9,38
SA Journal of Human Resource Management,SA J HUM RESOUR MANA,AOSIS,1683-7584,2071-078X,MANAGEMENT,ESCI,882,1.4,Q3,0.31,99.48%,310/420,1.7,Q3,1,0.2,320/421,Q4,24.11,0.00045,0.10065,0.224,26.3,Q4,320/399,89,97.75%,5.7,6.7,87
Qualitative Research in Accounting and Management,QUAL RES ACCOUNT MAN,EMERALD GROUP PUBLISHING LTD,1176-6093,1758-7654,MANAGEMENT,SSCI,863,3.1,Q2,0.68,23.53%,181/420,2.8,Q3,2.8,0.3,211/421,Q3,50,0.00064,0.14412,0.603,57,Q2,195/399,26,96.15%,6.9,9.6,25
European Journal of Management and Business Economics,EUR J MANAG BUS ECON,EMERALD GROUP PUBLISHING LTD,2444-8451,2444-8494,MANAGEMENT,ESCI,861,3.7,Q2,1.16,99.19%,149/420,4.1,Q2,3.4,1.6,103/421,Q1,75.65,0.00058,0.12982,0.543,64.6,Q3,211/399,47,100.00%,4,7,47
Eurasian Business Review,EURASIAN BUS REV,SPRINGER HEIDELBERG,1309-4297,2147-4281,MANAGEMENT,SSCI,856,3.5,Q2,1.03,43.68%,158/420,3.7,Q2,3.1,1.1,127/421,Q2,69.95,0.00068,0.1526,0.616,62.5,Q2,192/399,32,100.00%,4.6,10.8,32
INDUSTRIAL AND COMMERCIAL TRAINING,IND COMMER TRAIN,EMERALD GROUP PUBLISHING LTD,0019-7858,1758-5767,MANAGEMENT,ESCI,842,2.1,Q3,0.63,0.00%,260/420,2.3,Q3,1.9,0.5,232/421,Q3,45.01,0.0004,0.09006,0.344,38.2,Q3,278/399,34,100.00%,7.2,7.3,34
Management Revue,MANAG REVUE,NOMOS VERLAGSGESELLSCHAFT MBH & CO KG,1805-4862,1861-9908,MANAGEMENT,ESCI,836,1.7,Q3,0.11,5.77%,289/420,1.7,Q3,1.6,0.4,385/421,Q4,8.67,0.00026,0.05795,0.351,31.3,Q3,275/399,17,82.35%,13.4,9.6,14
Qualitative Research in Organizations and Management,QUAL RES ORGAN MANAG,EMERALD GROUP PUBLISHING LTD,1746-5648,1746-5656,MANAGEMENT,ESCI,812,1.8,Q3,0.34,16.07%,281/420,2.4,Q3,1.4,0.3,302/421,Q3,28.38,0.00073,0.16386,0.656,33.2,Q2,180/399,20,100.00%,7.4,11.8,20
INTERNATIONAL STUDIES OF MANAGEMENT & ORGANIZATION,INT STUD MANAG ORG,"ROUTLEDGE JOURNALS, TAYLOR & FRANCIS LTD",0020-8825,1558-0911,MANAGEMENT,ESCI,803,2.1,Q3,0.36,25.40%,260/420,2.1,Q3,1.7,0.7,293/421,Q3,30.52,0.00024,0.05419,0.324,38.2,Q3,284/399,32,81.25%,16.7,9.3,26
Property Management,PROP MANAG,EMERALD GROUP PUBLISHING LTD,0263-7472,1758-731X,MANAGEMENT,ESCI,782,1.5,Q3,0.32,4.31%,301/420,1.6,Q3,1.3,0.6,312/421,Q3,26.01,0.00039,0.0881,0.221,28.5,Q4,322/399,35,100.00%,6.2,8.1,35
Cross Cultural & Strategic Management,CROSS CULT STRATEG M,EMERALD GROUP PUBLISHING LTD,2059-5794,2059-5794,MANAGEMENT,SSCI,779,3,Q2,0.55,2.02%,188/420,2.8,Q3,2.7,0.5,252/421,Q3,40.26,0.00074,0.16517,0.573,55.4,Q3,203/399,41,100.00%,4.9,11.3,41
Journal of Humanitarian Logistics and Supply Chain Management,J HUMANIT LOGIST SUP,EMERALD GROUP PUBLISHING LTD,2042-6747,2042-6755,MANAGEMENT,ESCI,770,2.8,Q2,0.72,75.00%,206/420,3.1,Q3,2.3,0.6,191/421,Q2,54.75,0.00057,0.12889,0.527,51.1,Q3,215/399,25,100.00%,4.9,7.1,25
International Journal of Disclosure and Governance,INT J DISCL GOV,PALGRAVE MACMILLAN LTD,1741-3591,1746-6539,MANAGEMENT,ESCI,769,2.4,Q3,0.61,14.79%,237/420,3.3,Q2,2.2,0.6,236/421,Q3,44.06,0.0005,0.1132,0.4,43.7,Q3,261/399,57,100.00%,4,8,57
IMA Journal of Management Mathematics,IMA J MANAG MATH,OXFORD UNIV PRESS,1471-678X,1471-6798,MANAGEMENT,SSCI,766,4.3,Q2,0.74,20.78%,119/420,2.6,Q3,3.1,0.6,184/421,Q2,56.41,0.00053,0.11924,0.465,71.8,Q3,237/399,36,100.00%,5.5,6.7,36
SYSTEMIC PRACTICE AND ACTION RESEARCH,SYST PRACT ACT RES,SPRINGER/PLENUM PUBLISHERS,1094-429X,1573-9295,MANAGEMENT,SSCI,753,1.6,Q3,0.34,52.29%,296/420,1.6,Q3,1.4,0.3,302/421,Q3,28.38,0.00047,0.10463,0.302,29.6,Q3,291/399,40,90.00%,7.7,13.1,36
Nankai Business Review International,NANKAI BUS REV NT,EMERALD GROUP PUBLISHING LTD,2040-8749,2040-8757,MANAGEMENT,ESCI,741,2.6,Q3,0.35,0.00%,223/420,2.2,Q3,2.5,1.1,298/421,Q3,29.33,0.00048,0.10823,0.366,47,Q3,272/399,18,100.00%,5.8,8.3,18
South African Journal of Economic and Management Sciences,S AFR J ECON MANAG S,AOSIS,1015-8812,2222-3436,MANAGEMENT,SSCI,702,1.4,Q3,0.35,99.02%,310/420,1.5,Q4,1.3,0.1,298/421,Q3,29.33,0.00026,0.0599,0.226,26.3,Q4,318/399,48,100.00%,6.8,8,48
International Journal of Strategic Property Management,INT J STRATEG PROP M,VILNIUS GEDIMINAS TECH UNIV,1648-715X,1648-9179,MANAGEMENT,SSCI,695,1.7,Q3,0.42,96.67%,289/420,1.8,Q3,1.4,0.1,277/421,Q3,34.32,0.00032,0.07272,0.255,31.3,Q4,307/399,30,93.33%,6.9,7,28
Journal of Management Science and Engineering,J MANAGE SCI ENG,KEAI PUBLISHING LTD,2096-2320,2589-5532,MANAGEMENT,ESCI,680,3.7,Q2,1.25,94.95%,149/420,,,3.5,0.7,91/421,Q1,78.5,0.0009,0.20203,,64.6,,,32,96.88%,3.3,6.6,31
Team Performance Management,TEAM PERFORM MANAG,EMERALD GROUP PUBLISHING LTD,1352-7592,1758-6860,MANAGEMENT,ESCI,679,2.2,Q3,0.47,7.27%,251/420,2.3,Q3,2,0.6,266/421,Q3,36.94,0.00045,0.10144,0.465,40.4,Q3,237/399,14,100.00%,7,13.5,14
Construction Economics and Building,CONSTR ECON BUILD,"UNIV TECHNOLOGY, SYDNEY-UTS EPRESS",2691-1361,1837-9133,MANAGEMENT,ESCI,672,1.1,Q4,0.35,92.86%,335/420,2.1,Q3,1.1,0.1,298/421,Q3,29.33,0.00024,0.05341,0.281,20.4,Q3,297/399,23,91.30%,7.7,7.5,21
Culture and Organization,CULT ORGAN,"ROUTLEDGE JOURNALS, TAYLOR & FRANCIS LTD",1475-9551,1477-2760,MANAGEMENT,SSCI,670,1.5,Q3,0.34,52.73%,301/420,1.8,Q3,1,0.4,302/421,Q3,28.38,0.00085,0.18938,0.645,28.5,Q2,184/399,36,100.00%,6.5,9.8,36
IIMB Management Review,IIMB MANAG REV,ELSEVIER,0970-3896,2212-4446,MANAGEMENT,ESCI,668,1,Q4,0.32,96.43%,341/420,1.9,Q3,1,0.5,312/421,Q3,26.01,0.00036,0.08145,0.307,18.9,Q3,288/399,24,100.00%,6.4,10.3,24
HUMAN SYSTEMS MANAGEMENT,HUM SYST MANAGE,IOS PRESS,0167-2533,1875-8703,MANAGEMENT,ESCI,660,1.3,Q4,0.37,2.08%,319/420,1.6,Q3,0.9,0.5,292/421,Q3,30.76,0.0004,0.09068,0.22,24.2,Q4,323/399,48,89.58%,4.6,6.5,43
Journal of Global Operations and Strategic Sourcing,J GLOB OPER STRATEG,EMERALD GROUP PUBLISHING LTD,2398-5364,2398-5364,MANAGEMENT,ESCI,647,2.7,Q3,0.71,2.17%,214/420,3.4,Q2,2.5,4,200/421,Q2,52.61,0.00055,0.12298,0.454,49.2,Q3,243/399,17,100.00%,3.3,6.3,17
Journal of Multi-Criteria Decision Analysis,J MULTI-CRITERIA DEC,WILEY,1057-9214,1099-1360,MANAGEMENT,ESCI,646,2.4,Q3,0.45,24.44%,237/420,1.9,Q3,2.4,<0.1,271/421,Q3,35.75,0.00037,0.08351,0.406,43.7,Q3,260/399,16,100.00%,11.2,8.3,16
JOURNAL OF GENERAL MANAGEMENT,J GEN MANAG,SAGE PUBLICATIONS LTD,0306-3070,1759-6106,MANAGEMENT,ESCI,624,1.3,Q4,0.34,12.18%,319/420,1.6,Q3,1.2,0.3,302/421,Q3,28.38,0.00037,0.08273,0.267,24.2,Q4,303/399,39,100.00%,6.4,10.2,39
RAE-Revista de Administracao de Empresas,RAE-REV ADMIN EMPRES,FUNDACAO GETULIO VARGAS,0034-7590,2178-938X,MANAGEMENT,SSCI,616,0.6,Q4,0.1,89.24%,368/420,0.9,Q4,0.5,0.2,389/421,Q4,7.72,0.00032,0.07341,0.19,12.5,Q4,331/399,46,95.65%,8.5,7.6,44
Journal of Industrial Integration and Management-Innovation and Entrepreneurship,J IND INTEGR MANAG,WORLD SCIENTIFIC PUBL CO PTE LTD,2424-8622,2424-8630,MANAGEMENT,ESCI,598,3.3,Q2,0.76,0.00%,174/420,3.5,Q2,2.8,0.2,178/421,Q2,57.84,0.00057,0.1286,0.511,58.7,Q3,223/399,24,100.00%,4,5.6,24
JOURNAL OF ORGANIZATIONAL BEHAVIOR MANAGEMENT,J ORGAN BEHAV MANAGE,"ROUTLEDGE JOURNALS, TAYLOR & FRANCIS LTD",0160-8061,1540-8604,MANAGEMENT,SSCI,597,1.2,Q4,0.47,7.55%,326/420,1.8,Q3,0.9,0.2,266/421,Q3,36.94,0.00037,0.08344,0.475,22.5,Q3,232/399,17,100.00%,11.2,10.9,17
Journal of Management Control,J MANAG CONTROL,SPRINGER,2191-4761,2191-477X,MANAGEMENT,ESCI,579,3.6,Q2,0.64,72.34%,153/420,4.4,Q2,3.4,0.7,225/421,Q3,46.67,0.00044,0.09964,0.776,63.7,Q2,168/399,19,94.74%,4.9,11.3,18
Journal of Leadership Studies,J LEADERSH STUD,WILEY,1935-2611,1935-262X,MANAGEMENT,ESCI,576,0.6,Q4,0.15,46.59%,368/420,0.9,Q4,0.6,0.3,369/421,Q4,12.47,0.00023,0.05261,0.182,12.5,Q4,334/399,31,100.00%,8.9,11.3,31
World Journal of Entrepreneurship Management and Sustainable Development,WORLD J ENTREP MANAG,WORLD ASSOC SUSTAINABLE DEVELOPMENT,2042-5961,2042-597X,MANAGEMENT,ESCI,570,0.8,Q4,0.34,0.00%,357/420,2,Q3,0.7,0.1,302/421,Q3,28.38,0.00036,0.0801,0.271,15.1,Q4,302/399,11,81.82%,5,7.1,9
Journal of Professions and Organization,J PROF ORGAN,OXFORD UNIV PRESS,2051-8803,2051-8811,MANAGEMENT,ESCI,566,2.2,Q3,0.85,45.45%,251/420,2.7,Q3,1.6,0.8,158/421,Q2,62.59,0.00082,0.18255,0.927,40.4,Q2,139/399,17,100.00%,5.2,9.9,17
Science Technology and Society,SCI TECHNOL SOC,SAGE PUBLICATIONS INDIA PVT LTD,0971-7218,0973-0796,MANAGEMENT,SSCI,562,1.9,Q3,0.44,6.52%,273/420,2.2,Q3,1.8,0.1,274/421,Q3,35.04,0.00062,0.14001,0.527,35.1,Q3,215/399,29,100.00%,5.2,7.8,29
International Journal of Innovation Studies,INT J INNOV STUD,KEAI PUBLISHING LTD,2096-2487,2589-2975,MANAGEMENT,ESCI,557,5.3,Q1,1.41,95.77%,89/420,,,4.9,2.5,72/421,Q1,83.02,0.00044,0.09901,,78.9,,,25,92.00%,2.7,5.9,23
Journal of Organization Design,J ORGAN DES,SPRINGERNATURE,2245-408X,2245-408X,MANAGEMENT,ESCI,547,1.7,Q3,0.39,57.69%,289/420,2.3,Q3,1.4,0.5,285/421,Q3,32.42,0.00067,0.14947,0.945,31.3,Q2,134/399,12,100.00%,6.4,10.5,12
Marketing and Management of Innovations,MARK MANAG INNOV,"SUMY STATE UNIV, DEPT MARKETING & MANAGEMENT INNOVATIVE ACTIVITY",2218-4511,2227-6718,MANAGEMENT,ESCI,541,1.2,Q4,0.31,97.18%,326/420,0.9,Q4,1.1,0.4,320/421,Q4,24.11,0.00037,0.08385,0.101,22.5,Q4,358/399,53,100.00%,3.7,5.2,53
Service Science,SERV SCI,INFORMS,2164-3962,2164-3970,MANAGEMENT,SSCI,532,1.3,Q4,0.4,0.00%,319/420,2.5,Q3,1.2,0.8,280/421,Q3,33.61,0.00059,0.133,0.89,24.2,Q2,149/399,17,100.00%,7,6.8,17
Operations and Supply Chain Management-An International Journal,OPER SUPPLY CHAIN MA,OSCM FORUM,1979-3561,2579-9363,MANAGEMENT,ESCI,527,1.8,Q3,0.51,0.88%,281/420,2.4,Q3,1.2,0.5,260/421,Q3,38.36,0.0004,0.08924,0.292,33.2,Q3,296/399,30,76.67%,3.7,5.8,23
Journal of Global Mobility-The Home of Expatriate Management Research,J GLOB MOBIL,EMERALD GROUP PUBLISHING LTD,2049-8799,2049-8802,MANAGEMENT,ESCI,525,2,Q3,0.47,13.16%,269/420,2.3,Q3,1.5,0.5,266/421,Q3,36.94,0.00045,0.10108,0.46,36.1,Q3,239/399,26,92.31%,4.9,10.8,24
Decision Analysis,DECIS ANAL,INFORMS,2683-1007,1545-8504,MANAGEMENT,SSCI,516,1.5,Q3,0.43,0.00%,301/420,1.6,Q3,1.1,0.6,276/421,Q3,34.56,0.00042,0.09486,0.551,28.5,Q3,209/399,16,100.00%,9.3,9.6,16
Digital Business,DIGIT BUS,ELSEVIER,2590-051X,2666-9544,MANAGEMENT,ESCI,514,7.2,Q1,1.32,95.18%,46/420,7.3,Q1,6.2,1,83/421,Q1,80.4,0.0005,0.1124,0.969,89.2,Q2,127/399,30,96.67%,2.4,4.8,29
RAUSP Management Journal,RAUSP MANAG J,EMERALD GROUP PUBLISHING LTD,2531-0488,2531-0488,MANAGEMENT,ESCI,514,2.2,Q3,0.36,96.88%,251/420,3.4,Q2,2.1,0.5,293/421,Q3,30.52,0.00057,0.12743,0.553,40.4,Q3,207/399,21,90.48%,5.1,8,19
Journal of Management History,J MANAG HIST,EMERALD GROUP PUBLISHING LTD,1751-1348,1758-7751,MANAGEMENT,ESCI,514,1.7,Q3,0.33,8.11%,289/420,1.5,Q4,1.3,0.2,310/421,Q3,26.48,0.00031,0.06921,0.248,31.3,Q4,311/399,51,92.16%,6.6,15.2,47
International Journal of Shipping and Transport Logistics,INT J SHIP TRANS LOG,INDERSCIENCE ENTERPRISES LTD,1756-6517,1756-6525,MANAGEMENT,SSCI,513,1.2,Q4,0.31,4.96%,326/420,1.5,Q4,1,0.2,320/421,Q4,24.11,0.00028,0.06383,0.227,22.5,Q4,317/399,43,100.00%,6.2,7.4,43
TRANSPORTATION JOURNAL,TRANSPORT J,WILEY,0041-1612,2157-328X,MANAGEMENT,SSCI,513,1,Q4,0.27,7.02%,341/420,1.4,Q4,0.7,0.4,341/421,Q4,19.12,0.00014,0.03284,0.252,18.9,Q4,309/399,26,92.31%,11.7,7.8,24
Project Leadership and Society,PROJ LEADERSH SOC,ELSEVIER,2666-7215,2666-7215,MANAGEMENT,ESCI,509,4.5,Q2,0.89,91.82%,111/420,5.1,Q2,3.8,1,148/421,Q2,64.96,0.00049,0.10909,0.697,73.7,Q2,173/399,53,88.68%,2.7,7.3,47
E & M Ekonomie a Management,E M EKON MANAG,TECHNICAL UNIV LIBEREC,2225-1146,2336-5064,MANAGEMENT,SSCI,506,1.2,Q4,0.38,100.00%,326/420,1.1,Q4,1,0.4,289/421,Q3,31.47,0.00027,0.0609,0.137,22.5,Q4,347/399,54,100.00%,5.2,6.2,54
Journal of Corporate Real Estate,J CORP REAL ESTATE,EMERALD GROUP PUBLISHING LTD,1463-001X,1479-1048,MANAGEMENT,ESCI,497,1,Q4,0.45,25.64%,341/420,2.5,Q3,0.8,0.3,271/421,Q3,35.75,0.00027,0.06123,0.374,18.9,Q3,270/399,13,100.00%,6.4,7.8,13
Evidence-based HRM-A Global Forum for Empirical Scholarship,EVID-BASED HRM,EMERALD GROUP PUBLISHING LTD,2049-3983,2049-3991,MANAGEMENT,ESCI,495,2,Q3,0.46,1.80%,269/420,1.9,Q3,1.5,0.3,270/421,Q3,35.99,0.00038,0.08549,0.272,36.1,Q4,301/399,65,100.00%,3.7,9.4,65
South African Journal of Business Management,S AFR J BUS MANAG,AOSIS,2078-5585,2078-5976,MANAGEMENT,SSCI,488,1.2,Q4,0.24,100.00%,326/420,1.5,Q4,1,0.3,347/421,Q4,17.7,0.00021,0.04874,0.193,22.5,Q4,330/399,57,98.25%,6.6,6.3,56
German Journal of Human Resource Management-Zeitschrift fur Personalforschung,GER J HUM RESOUR MAN,SAGE PUBLICATIONS INC,2397-0022,2397-0030,MANAGEMENT,SSCI,478,3.5,Q2,0.88,40.38%,158/420,4.4,Q2,3.3,1.2,150/421,Q2,64.49,0,,,62.5,,,21,100.00%,4,8.2,21
Academia-Revista Latinoamericana de Administracion,ACAD-REV LATINOAM AD,EMERALD GROUP PUBLISHING LTD,1012-8255,2056-5127,MANAGEMENT,SSCI,477,1.4,Q3,0.34,8.14%,310/420,1.6,Q3,1.2,1.1,302/421,Q3,28.38,0.00023,0.05325,0.209,26.3,Q4,325/399,35,97.14%,5.1,6.7,34
Innovation & Management Review,INNOV MANAG REV,EMERALD GROUP PUBLISHING LTD,2515-8961,2515-8961,MANAGEMENT,ESCI,444,3.4,Q2,0.83,98.61%,167/420,2.9,Q3,3.2,0.5,162/421,Q2,61.64,0.00042,0.09459,0.424,60.4,Q3,251/399,17,100.00%,3.3,7,17
Journal of Global Sport Management,J GLOB SPORT MANAGE,TAYLOR & FRANCIS LTD,2470-4067,2470-4075,MANAGEMENT,ESCI,438,1.9,Q3,0.82,11.51%,273/420,1.8,Q3,1.8,0.1,164/421,Q2,61.16,0.00062,0.1382,0.407,35.1,Q3,258/399,31,100.00%,3.1,9.5,31
Journal of Innovation Economics & Management,J INNOV ECON MANAG,DE BOECK UNIV,2032-5355,2032-5355,MANAGEMENT,ESCI,434,2.3,Q3,0.47,2.35%,247/420,1.9,Q3,1.9,0.4,266/421,Q3,36.94,0.0003,0.06688,0.295,41.3,Q3,295/399,32,100.00%,4.8,6.9,32
REGE-Revista de Gestao,REGE-REV GEST,EMERALD GROUP PUBLISHING LTD,1809-2276,2177-8736,MANAGEMENT,ESCI,431,2.1,Q3,0.4,97.01%,260/420,2.1,Q3,2,0.8,280/421,Q3,33.61,0.00033,0.07482,0.302,38.2,Q3,291/399,4,100.00%,4.3,7.8,4
IJISPM-International Journal of Information Systems and Project Management,IJISPM-INT J INF SYS,SCIKA,2182-7796,2182-7788,MANAGEMENT,ESCI,429,2.9,Q2,0.53,100.00%,198/420,2.7,Q3,2.4,0.4,257/421,Q3,39.07,0.00021,0.0469,0.333,53,Q3,281/399,16,75.00%,5.7,7.9,12
Quality Management Journal,QUAL MANAG J,TAYLOR & FRANCIS LTD,2405-9188,2575-6222,MANAGEMENT,ESCI,426,2.9,Q2,0.78,10.00%,198/420,,,2.6,0.4,174/421,Q2,58.79,0.00017,0.03856,,53,,,18,88.89%,6.6,7.7,16
RBGN-Revista Brasileira de Gestao de Negocios,RBGN-REV BRAS GEST N,FUND ESCOLA COMERCIO ALVARES PENTEADO-FECAP,1806-4892,1983-0807,MANAGEMENT,SSCI,422,0.8,Q4,0.15,98.97%,357/420,1.1,Q4,0.8,0.1,369/421,Q4,12.47,0.00033,0.0747,0.206,15.1,Q4,328/399,27,100.00%,5.5,9.1,27
International Journal of Entrepreneurial Venturing,INT J ENTREP VENTUR,INDERSCIENCE ENTERPRISES LTD,1742-5360,1742-5379,MANAGEMENT,ESCI,421,0.8,Q4,0.22,0.00%,357/420,1.3,Q4,0.7,<0.1,352/421,Q4,16.51,0.0002,0.04566,0.209,15.1,Q4,325/399,20,100.00%,6.5,7.6,20
Management Research-The Journal of the Iberoamerican Academy of Management,MANAG RES,EMERALD GROUP PUBLISHING LTD,1536-5433,1558-0946,MANAGEMENT,ESCI,411,1.3,Q4,0.28,6.76%,319/420,1.6,Q3,0.9,0.6,337/421,Q4,20.07,0.00019,0.0426,0.233,24.2,Q4,315/399,33,100.00%,6.6,8.2,33
Journal of Trust Research,J TRUST RES,"ROUTLEDGE JOURNALS, TAYLOR & FRANCIS LTD",2151-5581,2151-559X,MANAGEMENT,ESCI,404,3.5,Q2,0.7,45.16%,158/420,3.5,Q2,2.7,1.4,206/421,Q2,51.19,0.00037,0.08345,1.032,62.5,Q2,119/399,9,100.00%,6.9,9.4,9
LogForum,LOGFORUM,POZNAN SCH LOGISTICS,1895-2038,1734-459X,MANAGEMENT,ESCI,402,1,Q4,0.3,86.18%,341/420,1.4,Q4,0.8,0.2,326/421,Q4,22.68,0.00028,0.06433,0.173,18.9,Q4,340/399,39,97.44%,4.5,5.2,38
NEGOTIATION JOURNAL,NEGOTIATION J,MIT PRESS,0748-4526,1571-9979,MANAGEMENT,SSCI,398,0.6,Q4,0.28,51.06%,368/420,0.6,Q4,0.6,<0.1,337/421,Q4,20.07,0.00024,0.0556,0.241,12.5,Q4,313/399,7,100.00%,15.8,10.9,7
INTERNATIONAL JOURNAL OF LEARNING AND INTELLECTUAL CAPITAL,INT J LEARN INTELL C,INDERSCIENCE ENTERPRISES LTD,1479-4853,1479-4861,MANAGEMENT,ESCI,392,1.4,Q3,0.32,0.00%,310/420,,,0.8,0.4,312/421,Q3,26.01,0.00012,0.028,,26.3,,,32,100.00%,6.1,9.6,32
Journal of Work-Applied Management,J WORK-APPL MANAGE,EMERALD GROUP PUBLISHING LTD,2205-2062,2205-149X,MANAGEMENT,ESCI,389,2.7,Q3,0.74,98.78%,214/420,,,2.3,1.4,184/421,Q2,56.41,0.00037,0.08378,,49.2,,,41,95.12%,3.3,6.7,39
Africa Journal of Management,AFR J MANAGE,"ROUTLEDGE JOURNALS, TAYLOR & FRANCIS LTD",2332-2373,2332-2381,MANAGEMENT,ESCI,380,1.6,Q3,0.31,34.48%,296/420,2.1,Q3,1.2,0.7,320/421,Q4,24.11,0.00021,0.04722,0.274,29.6,Q3,299/399,20,100.00%,5,10.1,20
ENGINEERING ECONOMIST,ENG ECON,TAYLOR & FRANCIS INC,0013-791X,1547-2701,MANAGEMENT,SSCI,379,1.2,Q4,0.15,8.82%,326/420,1.2,Q4,1,<0.1,369/421,Q4,12.47,0.00016,0.03579,0.264,22.5,Q4,305/399,12,91.67%,12.8,11.1,11
Intangible Capital,INTANG CAP,OMNIASCIENCE,2014-3214,1697-9818,MANAGEMENT,ESCI,376,1.3,Q4,0.32,100.00%,319/420,1.3,Q4,1.2,0.3,312/421,Q3,26.01,0.0001,0.02321,0.159,24.2,Q4,342/399,27,92.59%,7.8,8.3,25
Journal of Distribution Science,J DISTRIB SCI,KODISA Foundation,1738-3110,2093-7717,MANAGEMENT,ESCI,373,0.4,Q4,0.09,0.00%,388/420,,,0.3,0.1,392/421,Q4,7.01,0.00027,0.06094,,7.7,,,131,99.24%,4.2,7.3,130
Negotiation and Conflict Management Research,NEGOT CONFL MANAG R,IACM-NCMR-INT ASSOC CONFLICT MANAGEMENT,1750-4708,1750-4716,MANAGEMENT,SSCI,371,0.6,Q4,0.18,0.00%,368/420,1.2,Q4,0.5,0.1,362/421,Q4,14.13,0.00034,0.07751,0.513,12.5,Q3,222/399,13,92.31%,9.1,14,12
Maritime Business Review,MARIT BUS REV,EMERALD GROUP PUBLISHING LTD,2397-3757,2397-3765,MANAGEMENT,ESCI,364,2.4,Q3,0.58,100.00%,237/420,2.4,Q3,2.1,0.3,243/421,Q3,42.4,0.00036,0.08163,0.411,43.7,Q3,256/399,20,100.00%,4,5.4,20
Journal of Co-operative Organization and Management,J CO-OP ORGAN MANAG,ELSEVIER,2213-297X,2213-2988,MANAGEMENT,ESCI,357,2.5,Q3,0.55,41.51%,229/420,2.6,Q3,2.2,0.5,252/421,Q3,40.26,0.0003,0.06726,0.455,45.6,Q3,241/399,13,100.00%,4.3,10.1,13
Organizacija,ORGANIZACIJA,SCIENDO,1318-5454,1581-1832,MANAGEMENT,ESCI,352,1.5,Q3,0.36,100.00%,301/420,1.9,Q3,1.4,0.3,293/421,Q3,30.52,0.0002,0.04644,0.245,28.5,Q4,312/399,27,100.00%,5.3,8.1,27
Management & Organizational History,MANAG ORGAN HIST,"ROUTLEDGE JOURNALS, TAYLOR & FRANCIS LTD",1744-9359,1744-9367,MANAGEMENT,SSCI,346,1.4,Q3,1.66,35.71%,310/420,1.2,Q4,0.9,0.5,45/421,Q1,89.43,0.00028,0.06384,0.484,26.3,Q3,229/399,26,100.00%,10.6,15.4,26
Real Estate Management and Valuation,REAL ESTATE MANAGE V,WALTER DE GRUYTER GMBH,1733-2478,2300-5289,MANAGEMENT,ESCI,343,1.1,Q4,0.25,100.00%,335/420,1.1,Q4,0.6,0.3,345/421,Q4,18.17,0.00016,0.03599,0.118,20.4,Q4,351/399,43,100.00%,4.9,7.7,43
International Journal of Innovation and Learning,INT J INNOV LEARN,INDERSCIENCE ENTERPRISES LTD,1471-8197,1741-8089,MANAGEMENT,ESCI,343,0.6,Q4,0.14,0.69%,368/420,0.7,Q4,0.4,0.1,375/421,Q4,11.05,0.00018,0.04094,0.094,12.5,Q4,360/399,47,95.74%,5.9,7.9,45
Foresight and STI Governance,FORESIGHT STI GOV,NATL RESEARCH UNIV HIGHER SCH ECONOMICS,1995-459X,2500-2597,MANAGEMENT,ESCI,332,1,Q4,0.29,84.09%,341/420,1.3,Q4,1,<0.1,333/421,Q4,21.02,0.00031,0.06913,0.267,18.9,Q4,303/399,29,96.55%,5.4,6.7,28
International Journal of Organizational Leadership,INT J ORGAN LEADERSH,CANADIAN INST KNOWLEDGE DEVELOPMENT - CIKD,2383-1103,2345-6744,MANAGEMENT,ESCI,329,1,Q4,0.23,80.95%,341/420,1,Q4,0.9,0.3,350/421,Q4,16.98,0.00018,0.04152,0.155,18.9,Q4,345/399,48,97.92%,6.1,5.9,47
Asian Academy of Management Journal,ASIAN ACAD MANAG J,PENERBIT UNIV SAINS MALAYSIA,1394-2603,1985-8280,MANAGEMENT,ESCI,324,0.8,Q4,0.17,94.20%,357/420,1.1,Q4,0.8,<0.1,364/421,Q4,13.66,0.00013,0.03008,0.141,15.1,Q4,346/399,19,94.74%,7,8.9,18
Decision,DECISION-INDIA,SPRINGER,0304-0941,2197-1722,MANAGEMENT,ESCI,320,1,Q4,0.3,26.14%,341/420,1.4,Q4,0.9,0.2,326/421,Q4,22.68,0.00026,0.0593,0.254,18.9,Q4,308/399,39,94.87%,4.9,10.9,37
International Journal of Arts Management,INT J ARTS MANAG,ECOLE DES HAUTES ETUDES COMMERCIALES DE MONTREAL,1480-8986,1480-8986,MANAGEMENT,SSCI,313,0.6,Q4,0.55,0.00%,368/420,0.8,Q4,0.5,<0.1,252/421,Q3,40.26,0.00016,0.03609,0.205,12.5,Q4,329/399,18,94.44%,9.8,11.7,17
Iranian Journal of Management Studies,IRAN J MANAG STUD,UNIV TEHRAN,2008-7055,2345-3745,MANAGEMENT,ESCI,305,0.8,Q4,0.22,0.00%,357/420,1,Q4,0.8,,352/421,Q4,16.51,0.00019,0.04398,0.121,15.1,Q4,349/399,0,,4.3,,0
Journal of Organizational Ethnography,J ORGAN ETHNOGR,EMERALD GROUP PUBLISHING LTD,2046-6749,2046-6757,MANAGEMENT,ESCI,304,1,Q4,0.25,14.75%,341/420,1.2,Q4,0.5,0.4,345/421,Q4,18.17,0.00038,0.08658,0.432,18.9,Q3,248/399,28,100.00%,6.1,10.8,28
Central European Management Journal,CENT EUR MANAG J,EMERALD GROUP PUBLISHING LTD,2658-0845,2658-2430,MANAGEMENT,ESCI,290,2.9,Q2,0.52,99.07%,198/420,2,Q3,2.8,0.6,259/421,Q3,38.6,0.00029,0.06548,0.296,53,Q3,294/399,47,97.87%,2,9,46
Management-Journal of Contemporary Management Issues,MANAG-J CONTEMP MANA,"UNIV SPLIT, FAC ECONOMICS",1331-0194,1846-3363,MANAGEMENT,ESCI,289,0.5,Q4,0.14,96.77%,382/420,0.9,Q4,0.5,0.1,375/421,Q4,11.05,0.00015,0.03499,0.112,9.2,Q4,354/399,21,95.24%,5.7,9.4,20
Quality Innovation Prosperity-Kvalita Inovacia Prosperita,QUAL INNOV PROSPER,TECHNICAL UNIV KOSICE,1335-1745,1338-984X,MANAGEMENT,ESCI,288,1.2,Q4,0.34,96.47%,326/420,1.4,Q4,0.9,0.2,302/421,Q3,28.38,0.00016,0.0358,0.159,22.5,Q4,342/399,31,96.77%,4.6,6.7,30
Triple Helix,TRIPLE HELIX-NETH,BRILL,2590-0366,2197-1927,MANAGEMENT,ESCI,282,3.1,Q2,0.68,84.85%,181/420,3.2,Q3,2.4,0.2,211/421,Q3,50,0.00017,0.03867,0.449,57,Q3,244/399,9,88.89%,3.9,8.6,8
Journal of East European Management Studies,J E EUR MANAG STUD,NOMOS VERLAGSGESELLSCHAFT MBH & CO KG,0949-6181,1862-0019,MANAGEMENT,SSCI,280,0.6,Q4,0.13,1.19%,368/420,0.6,Q4,0.5,<0.1,379/421,Q4,10.1,0.0001,0.02232,0.081,12.5,Q4,364/399,28,100.00%,8.7,10.4,28
INFORMS Journal on Applied Analytics,INFORMS J APPL ANAL,INFORMS,2644-0865,2644-0873,MANAGEMENT,SSCI,277,1.8,Q3,0.32,0.00%,281/420,1.6,Q3,1.4,0.2,312/421,Q3,26.01,0.00071,0.15824,0.549,33.2,Q3,210/399,32,100.00%,3.3,5.9,32
International Journal of Knowledge Management,INT J KNOWL MANAG,IGI GLOBAL,1548-0666,1548-0658,MANAGEMENT,ESCI,274,2.1,Q3,0.38,100.00%,260/420,1.5,Q4,1.8,0.3,289/421,Q3,31.47,0.00019,0.04313,0.229,38.2,Q4,316/399,24,100.00%,4.7,6.5,24
Serbian Journal of Management,SERB J MANAG,"UNIV BELGRADE, TECHNICAL FACULTY AT BOR",1452-4864,1452-4864,MANAGEMENT,ESCI,274,1,Q4,0.22,98.80%,341/420,0.9,Q4,0.9,0.1,352/421,Q4,16.51,0.00011,0.02535,0.106,18.9,Q4,356/399,25,92.00%,6.9,6.1,23
Journal of the International Council for Small Business,J INT COUNC SMALL BU,TAYLOR & FRANCIS LTD,2643-7015,2643-7023,MANAGEMENT,ESCI,270,1.5,Q3,0.32,19.61%,301/420,,,0.9,0.8,312/421,Q3,26.01,0.00016,0.03654,,28.5,,,82,100.00%,2.2,6.7,82
Proceedings of the Institution of Civil Engineers-Management Procurement and Law,PROC INST CIV ENG-MA,EMERALD GROUP PUBLISHING LTD,1751-4304,1751-4312,MANAGEMENT,ESCI,267,1.1,Q4,0.31,1.49%,335/420,1.4,Q4,0.7,0.5,320/421,Q4,24.11,0.00014,0.03233,0.18,20.4,Q4,335/399,33,100.00%,5.1,6.3,33
Philosophy of Management,PHILOS MANAG,SPRINGER INT PUBL AG,1740-3812,2052-9597,MANAGEMENT,ESCI,259,1,Q4,0.3,29.33%,341/420,1.1,Q4,0.8,0.2,326/421,Q4,22.68,0.00025,0.0563,0.237,18.9,Q4,314/399,25,100.00%,4.6,11.8,25
International Journal of Emergency Management,INT J EMERG MANAG,INDERSCIENCE ENTERPRISES LTD,1471-4825,1741-5071,MANAGEMENT,ESCI,259,0.6,Q4,0.11,0.00%,368/420,0.9,Q4,0.5,<0.1,385/421,Q4,8.67,0.00009,0.02099,0.171,12.5,Q4,341/399,3,100.00%,11.5,6.6,3
Journal of Creating Value,J CREAT VALUE,SAGE PUBLICATIONS INC,2394-9643,2454-213X,MANAGEMENT,ESCI,256,1.5,Q3,0.24,14.55%,301/420,,,1,0.4,347/421,Q4,17.7,0.00017,0.03864,,28.5,,,17,100.00%,5.7,8.6,17
Journal of Chinese Human Resources Management,J CHIN HUM RESOUR MA,WORLD SCI PUBL HOUSE,2040-8005,2040-8013,MANAGEMENT,ESCI,255,2.4,Q3,0.58,23.33%,237/420,2.2,Q3,2.3,2.2,243/421,Q3,42.4,0.00015,0.03387,0.316,43.7,Q3,285/399,28,100.00%,2.2,8.8,28
Journal of Project Management,J PROJ MANAGE,GROWING SCIENCE,2371-8366,2371-8374,MANAGEMENT,ESCI,251,1.5,Q3,0.32,82.61%,301/420,1.6,Q3,1.4,0.2,312/421,Q3,26.01,0.0002,0.04562,0.222,28.5,Q4,321/399,43,97.67%,3.9,6.8,42
Journal of Transport and Supply Chain Management,J TRANSP SUPPLY CHAI,AOSIS,2310-8789,1995-5235,MANAGEMENT,ESCI,251,1.3,Q4,0.31,96.63%,319/420,1.3,Q4,1.2,0.2,320/421,Q4,24.11,0.00016,0.03612,0.19,24.2,Q4,331/399,28,96.43%,4.7,5.5,27
South Asian Journal of Human Resource Management,S ASIAN J HUM RE MAN,SAGE PUBLICATIONS INDIA PVT LTD,2322-0937,2349-5790,MANAGEMENT,ESCI,242,1.4,Q3,0.35,7.46%,310/420,1.8,Q3,1.3,0.1,298/421,Q3,29.33,0.00025,0.0575,0.359,26.3,Q3,273/399,18,100.00%,4.4,7.5,18
International Journal of Business Performance Management,INT J BUS PERFORM MA,INDERSCIENCE ENTERPRISES LTD,1368-4892,1741-5039,MANAGEMENT,ESCI,242,0.8,Q4,0.14,2.17%,357/420,0.8,Q4,0.7,0.3,375/421,Q4,11.05,0.00005,0.01281,0.059,15.1,Q4,369/399,40,100.00%,6.8,9.7,40
Indian Economic Review,INDIAN ECON REV,SPRINGERNATURE,0019-4670,2520-1778,MANAGEMENT,ESCI,239,0.6,Q4,0.17,10.75%,368/420,,,0.5,0.1,364/421,Q4,13.66,0.00027,0.06068,,12.5,,,27,100.00%,7,11.6,27
IIM Kozhikode Society & Management Review,IIM KOZHIKODE SOC MA,SAGE PUBLICATIONS INDIA PVT LTD,2277-9752,2321-029X,MANAGEMENT,ESCI,230,1.1,Q4,0.4,9.80%,335/420,1.6,Q3,1.1,0.2,280/421,Q3,33.61,0.00023,0.05255,0.274,20.4,Q3,299/399,11,100.00%,3.9,8.1,11
Cuadernos de Gestion,CUAD GEST,"UNIV PAIS VASCO, INST ECONOMIA APLICADA EMPRESA",1131-6837,1988-2157,MANAGEMENT,ESCI,222,2.1,Q3,0.45,100.00%,260/420,1.4,Q4,2,<0.1,271/421,Q3,35.75,0.00014,0.03129,0.174,38.2,Q4,339/399,10,90.00%,3.7,4.8,9
International Journal of Human Capital and Information Technology Professionals,INT J HUM CAP INF TE,IGI GLOBAL,1947-3478,1947-3486,MANAGEMENT,ESCI,213,1.7,Q3,0.22,96.55%,289/420,1.6,Q3,1.7,7.5,352/421,Q4,16.51,0.00014,0.03207,0.22,31.3,Q4,323/399,2,100.00%,4.4,,2
International Journal of Management Studies,INT J MANAG STUD,UNIV UTARA MALAYSIA PRESS,2232-1608,2180-2467,MANAGEMENT,ESCI,212,0.9,Q4,0.15,87.04%,352/420,1.7,Q3,0.7,0.1,369/421,Q4,12.47,0.00009,0.02135,0.184,16.3,Q4,333/399,24,100.00%,5.8,9.8,24
Organization Technology and Management in Construction,ORGAN TECHNOL MANAG,SCIENDO,1847-5450,1847-6228,MANAGEMENT,ESCI,207,1.7,Q3,0.32,100.00%,289/420,1.6,Q3,1.5,<0.1,312/421,Q3,26.01,0.00013,0.03044,0.225,31.3,Q4,319/399,19,100.00%,5.3,9.3,19
EURO Journal on Decision Processes,EURO J DECIS PROCESS,ELSEVIER,2193-9438,2193-9446,MANAGEMENT,ESCI,199,2.1,Q3,0.63,100.00%,260/420,1.9,Q3,1.9,0.3,232/421,Q3,45.01,0.00017,0.03917,0.391,38.2,Q3,265/399,7,100.00%,5.5,8.8,7
International Journal of Knowledge Management Studies,INT J KNOWL MAN STUD,INDERSCIENCE ENTERPRISES LTD,1743-8268,1743-8276,MANAGEMENT,ESCI,198,1.6,Q3,0.29,0.00%,296/420,,,0.9,0.1,333/421,Q4,21.02,0.00008,0.018,,29.6,,,20,90.00%,4.9,8.9,18
Management-Poland,MANAGE-POL,UNIV ZIELONA GORA PRESS,1429-9321,2299-193X,MANAGEMENT,ESCI,194,0.4,Q4,0.13,90.54%,388/420,0.7,Q4,0.4,0.1,379/421,Q4,10.1,0.0001,0.02349,0.115,7.7,Q4,353/399,37,97.30%,6.7,7.6,36
International Journal of Services Technology and Management,INT J SERV TECHNOL M,INDERSCIENCE ENTERPRISES LTD,2073-4336,1741-525X,MANAGEMENT,ESCI,188,0.3,Q4,0.06,2.56%,393/420,0.4,Q4,0.2,0.1,396/421,Q4,6.06,0.00004,0.00987,0.052,6.5,Q4,374/399,16,100.00%,13.7,7,16
Acta Logistica,ACTA LOGISTICA,"4S go, s.r.o",1339-5629,1339-5629,MANAGEMENT,ESCI,178,0.9,Q4,0.2,97.40%,352/420,,,0.8,0.1,359/421,Q4,14.85,0.00014,0.03259,,16.3,,,46,100.00%,2.5,4.7,46
Journal of Research Administration,J RES ADMIN,SOC RESEARCH ADMIN INT,1539-1590,1539-1590,MANAGEMENT,ESCI,177,1.6,Q3,0.13,0.00%,296/420,1.2,Q4,1.4,1,379/421,Q4,10.1,0.00009,0.02053,0.18,29.6,Q4,335/399,11,100.00%,6,7.6,11
International Journal of Information Systems and Supply Chain Management,INT J INF SYST SUPPL,IGI GLOBAL,1935-5726,1935-5734,MANAGEMENT,ESCI,177,1,Q4,0.26,93.48%,341/420,0.9,Q4,0.9,0.2,342/421,Q4,18.88,0.00011,0.02578,0.118,18.9,Q4,351/399,29,96.55%,4.4,3.7,28
Infrastructure Asset Management,INFRASTRUCT ASSET MA,EMERALD GROUP PUBLISHING LTD,2053-0242,2053-0250,MANAGEMENT,ESCI,174,1.5,Q3,0.39,11.32%,301/420,1,Q4,1.2,0.7,285/421,Q3,32.42,0.00014,0.03248,0.178,28.5,Q4,337/399,19,100.00%,3.9,4.9,19
Latin American Business Review,LAT AM BUS REV,TAYLOR & FRANCIS LTD,1097-8526,1528-6932,MANAGEMENT,ESCI,169,0.7,Q4,0.3,0.00%,363/420,,,0.7,0.1,326/421,Q4,22.68,0.0001,0.02411,,13.7,,,12,100.00%,6.6,10.3,12
BETRIEBSWIRTSCHAFTLICHE FORSCHUNG UND PRAXIS,BETRIEB FORSCH PRAX,VERLAG NEUE WIRTSCHAFTS-BRIEFE,0340-5370,0340-5370,MANAGEMENT,SSCI,167,0.2,Q4,0.01,0.00%,401/420,0.2,Q4,0.1,<0.1,412/421,Q4,2.26,0.00003,0.0082,0.032,4.6,Q4,384/399,32,96.88%,14.3,9.4,31
Middle East Journal of Management,MIDDLE EAST J MANAG,INDERSCIENCE ENTERPRISES LTD,2050-3636,2050-3644,MANAGEMENT,ESCI,164,0.6,Q4,0.21,0.00%,368/420,0.7,Q4,0.5,0.1,357/421,Q4,15.32,0.00011,0.02665,0.091,12.5,Q4,362/399,32,100.00%,4.2,10.5,32
Foundations of Management,FOUND MANAGE,SCIENDO,2080-7279,2300-5661,MANAGEMENT,ESCI,164,0.5,Q4,0.11,100.00%,382/420,0.8,Q4,0.5,<0.1,385/421,Q4,8.67,0.00006,0.01432,0.094,9.2,Q4,360/399,24,95.83%,6.4,7.8,23
Scientific Papers of the University of Pardubice-Series D-Faculty of Economics and Administration,SCI PAP U PARD-SER D,"Univ Pardubice, Fac Economics Adm",1211-555X,1804-8048,MANAGEMENT,ESCI,145,1.1,Q4,0.28,97.75%,335/420,,,0.7,0.4,337/421,Q4,20.07,0.00012,0.02743,,20.4,,,33,81.82%,2.9,4.8,27
International Journal of Value Chain Management,INT J VALUE CHAIN MA,INDERSCIENCE ENTERPRISES LTD,1741-5357,1741-5365,MANAGEMENT,ESCI,144,0.6,Q4,0.15,0.00%,368/420,0.8,Q4,0.5,<0.1,369/421,Q4,12.47,0.00007,0.01677,0.103,12.5,Q4,357/399,10,100.00%,5.9,5.6,10
Management Research and Practice,MANAG RES PRACT,RESEARCH CENTER PUBLIC ADM & PUBLIC SERVICE,2067-2462,2067-2462,MANAGEMENT,ESCI,143,0.6,Q4,0.17,0.00%,368/420,0.5,Q4,0.5,0.2,364/421,Q4,13.66,0.00005,0.0112,0.064,12.5,Q4,366/399,20,100.00%,8.4,5.7,20
European Journal of Family Business,EUR J FAM BUS,UNIV MALAGA,2444-8788,2444-877X,MANAGEMENT,ESCI,142,1.2,Q4,0.26,89.13%,326/420,,,0.8,0.1,342/421,Q4,18.88,0.00008,0.01816,,22.5,,,16,93.75%,4.6,9.9,15
Acta Structilia,ACTA STRUCTILIA,"UNIV FREE STATE, DEPT QUANTITY SURVEYING & CONSTRUCTION MANAGEMENT",1023-0564,2415-0487,MANAGEMENT,ESCI,137,0.6,Q4,0.14,68.29%,368/420,0.8,Q4,0.5,0.5,375/421,Q4,11.05,0.00006,0.01375,0.12,12.5,Q4,350/399,13,76.92%,6.5,6.9,10
Revista Gestao & Tecnologia-Journal of Management and Technology,REV GEST TECNOL,FUNDACAO PEDRO LEOPOLDO,1677-9479,2177-6652,MANAGEMENT,ESCI,125,0.3,Q4,0.08,1.37%,393/420,0.3,Q4,0.1,0.1,393/421,Q4,6.77,0.00005,0.01256,0.02,6.5,Q4,391/399,109,99.08%,3.4,6.5,108
Tec Empresarial,TEC EMPRESARIAL,INST TECNOLOGICO COSTA RICA,1659-2395,1659-2395,MANAGEMENT,ESCI,124,2.4,Q3,0.4,91.67%,237/420,1.4,Q4,2.4,0.5,280/421,Q3,33.61,0.00017,0.03902,0.304,43.7,Q3,290/399,18,94.44%,2.5,7.9,17
Problemy Zarzadzania-Management Issues,PROBL ZARZ,"UNIV WARSAW, FAC MANAGEMENT",1644-9584,2300-8792,MANAGEMENT,ESCI,124,0.4,Q4,0.06,94.44%,388/420,0.4,Q4,0.4,,396/421,Q4,6.06,0.00006,0.01387,0.047,7.7,Q4,376/399,0,,5.9,,0
Indonesian Journal of Sustainability Accounting and Management,INDONES J SUSTAIN AC,UNIV PASUNDAN,2597-6214,2597-6222,MANAGEMENT,ESCI,119,0.3,Q4,0.15,72.50%,393/420,0.5,Q4,0.3,,369/421,Q4,12.47,0.00007,0.01561,0.059,6.5,Q4,369/399,0,,4.7,,0
Irish Journal of Management,IR J MANAG,SCIENDO,1649-248X,2451-2834,MANAGEMENT,ESCI,118,0.7,Q4,0.18,84.62%,363/420,0.8,Q4,0.7,0.3,362/421,Q4,14.13,0.00007,0.01639,0.207,13.7,Q4,327/399,3,100.00%,7.8,9.2,3
RISUS-Journal on Innovation and Sustainability,RISUS,PONTIFICIA UNIV CATOLICA SAO PAULO-PUC-SP,2179-3565,2179-3565,MANAGEMENT,ESCI,118,0.3,Q4,0.05,78.77%,393/420,0.3,Q4,0.2,<0.1,400/421,Q4,5.11,0.00007,0.01619,0.038,6.5,Q4,381/399,53,96.23%,4.9,6.8,51
South East Asian Journal of Management,S E ASIAN J MANAGE,UNIV INDONESIA,1978-1989,2355-6641,MANAGEMENT,ESCI,117,0.9,Q4,0.2,91.67%,352/420,1,Q4,0.6,0.2,359/421,Q4,14.85,0.00005,0.01282,0.112,16.3,Q4,354/399,12,100.00%,5.6,6.7,12
Business Management and Economics Engineering,BUS MANAG ECON ENG,VILNIUS GEDIMINAS TECH UNIV,2669-2481,2669-249X,MANAGEMENT,ESCI,108,1.6,Q3,0.34,100.00%,296/420,1.5,Q4,1.6,0.3,302/421,Q3,28.38,0.00007,0.01678,0.159,29.6,Q4,342/399,21,100.00%,2.7,5.3,21
International Journal of Information Technology Project Management,INT J INF TECHNOL PR,IGI GLOBAL,1938-0232,1938-0240,MANAGEMENT,ESCI,101,0.3,Q4,0.11,23.40%,393/420,0.5,Q4,0.3,0.3,385/421,Q4,8.67,0.00005,0.01241,0.064,6.5,Q4,366/399,3,100.00%,5.6,9.2,3
International Journal of Applied Management Science,INT J APPL MANAG SCI,INDERSCIENCE ENTERPRISES LTD,1755-8913,1755-8921,MANAGEMENT,ESCI,99,0.5,Q4,0.1,0.00%,382/420,,,0.5,0.1,389/421,Q4,7.72,0.00006,0.01528,,9.2,,,21,100.00%,,11.4,21
Direccion y Organizacion,DIR ORGAN,UNIV POLITECNICA MADRID-CEPADE,1132-175X,2171-6323,MANAGEMENT,ESCI,95,0.4,Q4,0.12,75.81%,388/420,0.5,Q4,0.4,<0.1,383/421,Q4,9.14,0.00004,0.00942,0.052,7.7,Q4,374/399,22,95.45%,,8.9,21
Rossiiskii Zhurnal Menedzhmenta-Russian Management Journal,ROSS ZH MENEDZH,ST PETERSBURG UNIV PRESS,1729-7427,2618-6977,MANAGEMENT,ESCI,88,0.5,Q4,0.07,87.01%,382/420,0.4,Q4,0.3,0.1,394/421,Q4,6.53,0.00005,0.01312,0.062,9.2,Q4,368/399,29,100.00%,,5.9,29
Administracao-Ensino e Pesquisa,ADMINISTRACAO,ASSOC NAC CURSOS GRADUACAO & ADMINISTRACAO,2177-6083,2358-0917,MANAGEMENT,ESCI,86,0.1,Q4,0.03,93.55%,406/420,0.4,Q4,0.1,<0.1,404/421,Q4,4.16,0.00006,0.01533,0.082,3.5,Q4,363/399,18,100.00%,,6.5,18
ACCESS-Access to science business innovation in the digital economy,ACCESS-ACCESS SCI BU,Access Press Publishing House,2683-1007,2683-1007,MANAGEMENT,ESCI,80,0.6,Q4,0.2,90.80%,368/420,0.7,Q4,0.4,0.5,359/421,Q4,14.85,0.00003,0.00717,0.046,12.5,Q4,377/399,32,96.88%,,5.5,31
Upravlenets-The Manager,UPRAVLENETS,URAL STATE UNIV ECONOMICS,2218-5003,2218-5003,MANAGEMENT,ESCI,70,0.4,Q4,0.12,66.09%,388/420,0.3,Q4,0.3,<0.1,383/421,Q4,9.14,0.00007,0.0169,0.045,7.7,Q4,378/399,35,100.00%,,9.5,35
Cuadernos de Administracion-Universidad del Valle,CUAD ADM-U VALLE,UNIV VALLE,0120-4645,2256-5078,MANAGEMENT,ESCI,63,0.1,Q4,0.04,98.53%,406/420,0.4,Q4,0.1,<0.1,402/421,Q4,4.63,0.00006,0.01385,0.059,3.5,Q4,369/399,18,83.33%,,7.7,15
NTU Management Review,NTU MANAG REV,"NATL TAIWAN UNIV, COLL MANAGEMENT",1018-1601,2410-2490,MANAGEMENT,ESCI,61,0.2,Q4,0.03,0.00%,401/420,0.2,Q4,0.1,<0.1,404/421,Q4,4.16,0.00001,0.00245,0.016,4.6,Q4,393/399,16,93.75%,,11,15
Contabilidade Gestao e Governanca,CONTAB GEST GOV,"UNIV BRASILIA, BUS ADM DEPT",1984-3925,1984-3925,MANAGEMENT,ESCI,60,0.3,Q4,0.03,95.83%,393/420,0.2,Q4,0.3,<0.1,404/421,Q4,4.16,0.00005,0.01116,0.057,6.5,Q4,372/399,11,100.00%,,7.3,11
NMIMS Management Review,NMIMS MANAG REV,SAGE PUBLICATIONS INC,0971-1023,0971-1023,MANAGEMENT,ESCI,59,0.5,Q4,0.07,50.00%,382/420,0.3,Q4,0.5,<0.1,394/421,Q4,6.53,0.00004,0.01027,0.053,9.2,Q4,373/399,22,86.36%,,8.4,19
Navus-Revista de Gestao e Tecnologia,NAVUS-REV GEST TECNO,CENTRO UNIV SENAC,2237-4558,2237-4558,MANAGEMENT,ESCI,57,<0.1,Q4,0.01,92.41%,414/420,0.1,Q4,<0.1,<0.1,412/421,Q4,2.26,0.00003,0.00888,0.022,1.5,Q4,390/399,36,97.22%,,7.7,35
Revista Gestao Organizacional,REV GEST ORGAN,UNIV COMUNITARIA REGIONAL CHAPECO-UNOCHAPECO,1983-6635,1983-6635,MANAGEMENT,ESCI,52,0.2,Q4,0.05,95.60%,401/420,0.2,Q4,0.2,0.1,400/421,Q4,5.11,0.00004,0.0096,0.03,4.6,Q4,385/399,18,94.44%,,9.4,17
Annals of Corporate Governance,ANN CORP GOV,NOW PUBLISHERS INC,2381-6732,2381-6732,MANAGEMENT,ESCI,49,1.8,Q3,0.33,100.00%,281/420,1.4,Q4,1.5,<0.1,310/421,Q3,26.48,0.00007,0.01687,0.505,33.2,Q3,225/399,2,100.00%,,11.3,2
Academy Review,ACAD REV,ALFRED NOBEL UNIV,2673-4060,2522-9745,MANAGEMENT,ESCI,46,0.2,Q4,0.06,100.00%,401/420,,,0.2,0.1,396/421,Q4,6.06,0.00002,0.00483,,4.6,,,41,97.56%,,6.6,40
Revista Ciencias Administrativas,REV CIENC ADM,RUSSIAN SOC HISTORIANS & ARCHIVISTS,1414-0896,2318-0722,MANAGEMENT,ESCI,46,0.1,Q4,0.02,79.35%,406/420,0.2,Q4,0.1,<0.1,408/421,Q4,3.21,0.00004,0.01071,0.045,3.5,Q4,378/399,27,100.00%,,8,27
Sistemas & Gestao,SIST GEST,"UNIV FEDERAL FLUMINENSE, ESCOLA ENGENHARIA, DEPT ENGENHARIA PRODUCAO",1980-5160,1980-5160,MANAGEMENT,ESCI,44,0.1,Q4,0.02,78.00%,406/420,0.1,Q4,0.1,,408/421,Q4,3.21,0.00003,0.00781,0.03,3.5,Q4,385/399,0,,,,0
Revista Eletronica de Estrategia e Negocios-REEN,REV ELETRONICA ESTRA,UNIV SUL SANTA CATARINA-UNISUL,2515-964X,1984-3372,MANAGEMENT,ESCI,41,<0.1,Q4,0,0.00%,414/420,<0.1,Q4,<0.1,,418/421,Q4,0.83,0.00001,0.00236,0.008,1.5,Q4,394/399,0,,,,0
Asian Journal of Management Cases,ASIAN J MANAG CASES,SAGE PUBLICATIONS INDIA PVT LTD,0972-8201,0973-0621,MANAGEMENT,ESCI,39,0.2,Q4,0.03,0.00%,401/420,0.2,Q4,0.2,<0.1,404/421,Q4,4.16,0.00003,0.0078,0.033,4.6,Q4,383/399,44,100.00%,,4.8,44
SMART-Journal of Business Management Studies,SMART-J BUS MANAG ST,SCIENTIFIC MANAGEMENT & ADVANCED RESEARCH TRUST,0973-1598,2321-2012,MANAGEMENT,ESCI,34,0.3,Q4,0.1,8.00%,393/420,0.3,Q4,0.2,0.2,389/421,Q4,7.72,0.00001,0.00436,0.024,6.5,Q4,388/399,16,100.00%,,7.7,16
Dalhousie Journal of Interdisciplinary Management,DALHOUS J INTERDISCI,"DALHOUSIE UNIV, FAC MANAGEMENT",1923-6530,1923-6530,MANAGEMENT,ESCI,34,<0.1,Q4,0.01,18.18%,414/420,0.2,Q4,<0.1,<0.1,412/421,Q4,2.26,0.00001,0.00403,0.096,1.5,Q4,359/399,2,100.00%,,,2
Teoria e Pratica em Administracao-TPA,TEOR PRAT ADM-TPA,UNIV FEDERAL PARAIBA,2238-104X,2238-104X,MANAGEMENT,ESCI,31,0.1,Q4,0.02,40.63%,406/420,0.2,Q4,<0.1,<0.1,408/421,Q4,3.21,0.00001,0.00428,0.023,3.5,Q4,389/399,11,100.00%,,9.7,11
Journal of Organisational Studies and Innovation,J ORGAN STUD INNOV,MANAGEMENT & BUSINESS ACAD,2056-9122,2056-9130,MANAGEMENT,ESCI,30,0.5,Q4,0.06,0.00%,382/420,0.4,Q4,0.5,<0.1,396/421,Q4,6.06,0.00001,0.00432,0.041,9.2,Q4,380/399,4,75.00%,,8.4,3
JIMS8M-The Journal of Indian Management & Strategy,JIMS8M-J INDIAN MANA,JAGANNATH INT MANAGEMENT SCH,0973-9335,0973-9343,MANAGEMENT,ESCI,26,0.1,Q4,0.02,0.00%,406/420,0.1,Q4,0.1,<0.1,408/421,Q4,3.21,0.00002,0.00487,0.018,3.5,Q4,392/399,24,91.67%,,8.4,22
Vision Gerencial,VIS GERENC,"UNIV LOS ANDES, CENTRO INVESTIGACIONES & DESARROLLO EMPRESAR",2477-9547,1317-8822,MANAGEMENT,ESCI,26,0.1,Q4,0,24.71%,406/420,<0.1,Q4,<0.1,<0.1,418/421,Q4,0.83,0,0.001,0.005,3.5,Q4,396/399,36,97.22%,,9.3,35
Revista Gestion de las Personas y Tecnologia,REV GEST PERSONAS TE,"UNIV SANTIAGO CHILE, FAC TECNOLOGICA",0718-5693,0718-5693,MANAGEMENT,ESCI,23,0.3,Q4,0.04,71.74%,393/420,0.2,Q4,0.2,<0.1,402/421,Q4,4.63,0.00002,0.00549,0.038,6.5,Q4,381/399,18,88.89%,,7,16
Gecontec-Revista Internacional de Gestion del Conocimiento y la Tecnologia,GECONTEC,UNESCO Chair Information Management Organizations,2255-5684,2255-5684,MANAGEMENT,ESCI,21,0.1,Q4,0.01,0.00%,406/420,0.2,Q4,0.1,0.3,412/421,Q4,2.26,0.00001,0.00292,0.029,3.5,Q4,387/399,12,100.00%,,6.4,12
Revista Administracao em Dialogo,REV ADM DIALOGO,PONTIFICIA UNIV CATOLICA SAO PAULO-PUC-SP,2178-0080,2178-0080,MANAGEMENT,ESCI,19,<0.1,Q4,0.01,88.68%,414/420,<0.1,Q4,<0.1,<0.1,412/421,Q4,2.26,0,0.00096,0.005,1.5,Q4,396/399,5,100.00%,,8,5
European Management Studies,EUR MANAGE STUD,"UNIV WARSAW, FAC MANAGEMENT",2956-7602,2956-7602,MANAGEMENT,ESCI,16,0.7,Q4,0.17,100.00%,363/420,0.7,Q4,0.6,<0.1,364/421,Q4,13.66,0.00001,0.0028,0.072,13.7,Q4,365/399,13,100.00%,,7.3,13
Annals in Social Responsibility,ANN SOC RESPONSI,EMERALD GROUP PUBLISHING LTD,2056-3515,2056-3523,MANAGEMENT,ESCI,15,<0.1,Q4,0,0.00%,414/420,<0.1,Q4,<0.1,<0.1,418/421,Q4,0.83,0,0,0,1.5,Q4,398/399,18,0.00%,,,0
Interdisciplinary Journal of Management Studies,INTERD J MANAGE STUD,UNIV TEHRAN,2981-0795,2981-0795,MANAGEMENT,ESCI,14,,,,0.00%,,,,,0.2,,,,0,0.0004,,,,,74,97.30%,,7.6,72
Revista ENIAC Pesquisa,REV ENIAC PESQ,FAC ENIAC,2316-2341,2316-2341,MANAGEMENT,ESCI,6,<0.1,Q4,0.01,57.14%,414/420,<0.1,Q4,<0.1,<0.1,412/421,Q4,2.26,0,0.00126,0.008,1.5,Q4,394/399,15,100.00%,,10.5,15
Revista CICAG,REV CICAG,UNIV DR RAFAEL BELLOSO CHACIN,1856-6189,1856-6189,MANAGEMENT,ESCI,2,<0.1,Q4,0,2.78%,414/420,<0.1,Q4,<0.1,<0.1,418/421,Q4,0.83,0,0,0,1.5,Q4,398/399,20,100.00%,,6.5,20
Brazilian Administration Review,BRAZ ADM REV,ANPAD-ASSOC NACL POS-GRADUACAO & PESQUISA ADM,1807-7692,1807-7692,MANAGEMENT,ESCI,0,,,0.13,,,,,,,379/421,Q4,10.1,0,0,,,,,0,,,,0
Journal of Business Research,J BUS RES,ELSEVIER SCIENCE INC,2227-9032,1873-7978,BUSINESS,SSCI,86954,9.8,Q1,2.08,30.12%,14/316,12.8,Q1,9.3,1.6,11/317,Q1,96.69,0.08073,17.96383,2.4,95.7,Q1,35/295,526,97.53%,4.6,8.8,513
TECHNOLOGICAL FORECASTING AND SOCIAL CHANGE,TECHNOL FORECAST SOC,ELSEVIER SCIENCE INC,0040-1625,1873-5509,BUSINESS,SSCI,61913,13.3,Q1,2.53,28.93%,4/316,13.9,Q1,12.2,2.6,6/317,Q1,98.26,0.05957,13.25588,2.311,98.9,Q1,36/295,686,97.81%,3.7,5.6,671
JOURNAL OF BUSINESS ETHICS,J BUS ETHICS,SPRINGER,1999-4907,1573-0697,BUSINESS,SSCI,56122,6.7,Q1,1.87,41.81%,43/316,8.7,Q1,6,0.8,18/317,Q1,94.48,0.0334,7.43332,2.172,86.6,Q1,41/295,305,98.36%,8.8,10.1,300
ACADEMY OF MANAGEMENT JOURNAL,ACAD MANAGE J,ACAD MANAGEMENT,1478-4491,1948-0989,BUSINESS,SSCI,47303,10.5,Q1,2.43,0.00%,10/316,13.8,Q1,10,5,8/317,Q1,97.63,0.02184,4.86138,7.788,97,Q1,4/295,54,100.00%,17,12.9,54
STRATEGIC MANAGEMENT JOURNAL,STRATEGIC MANAGE J,WILEY,1471-2288,1097-0266,BUSINESS,SSCI,46042,7.2,Q1,1.5,55.07%,34/316,11.5,Q1,6.6,1.3,38/317,Q1,88.17,0.02281,5.07744,5.629,89.4,Q1,7/295,96,100.00%,15.1,11.6,96
ACADEMY OF MANAGEMENT REVIEW,ACAD MANAGE REV,ACAD MANAGEMENT,2227-9032,1930-3807,BUSINESS,SSCI,41552,13.9,Q1,3.83,0.00%,3/316,19.3,Q1,13.2,7.1,1/317,Q1,99.84,0.01458,3.24419,10.194,99.2,Q1,2/295,38,97.37%,23.7,14.5,37
JOURNAL OF MANAGEMENT,J MANAGE,SAGE PUBLICATIONS INC,1477-7525,1557-1211,BUSINESS,SSCI,37269,9,Q1,1.92,25.34%,17/316,15.7,Q1,8.4,1.4,16/317,Q1,95.11,0.02409,5.36029,6.159,94.8,Q1,6/295,104,77.88%,12.6,11.5,81
Journal of Retailing and Consumer Services,J RETAIL CONSUM SERV,ELSEVIER SCI LTD,0969-6989,1873-1384,BUSINESS,SSCI,31322,13.1,Q1,2.5,17.81%,6/316,12.8,Q1,9.7,3,7/317,Q1,97.95,0.02571,5.72199,1.824,98.3,Q1,52/295,461,99.13%,3.7,4.6,457
Business Strategy and the Environment,BUS STRATEG ENVIRON,WILEY,0964-4733,1099-0836,BUSINESS,SSCI,30263,13.3,Q1,2.76,47.04%,4/316,16.1,Q1,11.5,1.7,4/317,Q1,98.9,0.0262,5.83094,2.435,98.9,Q1,34/295,432,99.77%,4.1,5.5,431
JOURNAL OF MARKETING RESEARCH,J MARKETING RES,SAGE PUBLICATIONS INC,0022-2437,1547-7193,BUSINESS,SSCI,29047,5,Q1,1.02,16.23%,76/316,8.1,Q1,4.9,0.9,85/317,Q2,73.34,0.01231,2.73939,4.556,76.1,Q1,9/295,39,100.00%,34.2,12.3,39
JOURNAL OF MARKETING,J MARKETING,SAGE PUBLICATIONS INC,2073-445X,1547-7185,BUSINESS,SSCI,27402,10.4,Q1,2.05,21.80%,11/316,17.9,Q1,9.6,2.8,14/317,Q1,95.74,0.01537,3.42131,7.343,96.7,Q1,5/295,47,100.00%,18.4,9.6,47
JOURNAL OF CONSUMER RESEARCH,J CONSUM RES,OXFORD UNIV PRESS INC,1542-4278,1537-5277,BUSINESS,SSCI,25303,6.4,Q1,1.3,31.58%,45/316,9.4,Q1,5.8,2,57/317,Q1,82.18,0.00998,2.22272,4.091,85.9,Q1,14/295,83,100.00%,17.2,12.4,83
JOURNAL OF THE ACADEMY OF MARKETING SCIENCE,J ACAD MARKET SCI,SPRINGER,1520-6688,1552-7824,BUSINESS,SSCI,22232,10.1,Q1,1.67,42.99%,13/316,15.8,Q1,9.7,1.2,27/317,Q1,91.64,0.0131,2.91622,4.794,96,Q1,8/295,67,97.01%,9.6,10.4,65
ADMINISTRATIVE SCIENCE QUARTERLY,ADMIN SCI QUART,SAGE PUBLICATIONS INC,0001-8392,1930-3815,BUSINESS,SSCI,20693,6.5,Q1,1.63,29.87%,44/316,13.9,Q1,6.2,1.4,32/317,Q1,90.06,0.01045,2.32606,9.124,86.2,Q1,3/295,27,100.00%,25.4,12.7,27
HARVARD BUSINESS REVIEW,HARVARD BUS REV,HARVARD BUSINESS SCHOOL PUBLISHING CORPORATION,2193-7532,0017-8012,BUSINESS,SSCI,19526,7.8,Q1,0.21,0.00%,26/316,10.9,Q1,7.8,0.9,260/317,Q4,18.14,0.01169,2.60271,4.354,91.9,Q1,10/295,83,100.00%,15.1,,83
JOURNAL OF ORGANIZATIONAL BEHAVIOR,J ORGAN BEHAV,WILEY,1477-7525,1099-1379,BUSINESS,SSCI,19524,6.8,Q1,1.38,46.40%,39/316,10.1,Q1,6.5,1.1,46/317,Q1,85.65,0.00967,2.15194,3.428,87.8,Q1,19/295,76,89.47%,12.7,12,68
JOURNAL OF INTERNATIONAL BUSINESS STUDIES,J INT BUS STUD,PALGRAVE MACMILLAN LTD,2214-594X,1478-6990,BUSINESS,SSCI,18881,9,Q1,1.61,37.21%,17/316,13.1,Q1,8.1,1.3,35/317,Q1,89.12,0.01223,2.72132,3.84,94.8,Q1,16/295,64,95.31%,11.6,10.4,61
INDUSTRIAL MARKETING MANAGEMENT,IND MARKET MANAG,ELSEVIER SCIENCE INC,2624-893X,1873-2062,BUSINESS,SSCI,18688,7.5,Q1,1.64,43.63%,29/316,9,Q1,6.4,1.4,30/317,Q1,90.69,0.01316,2.93,1.615,91,Q1,58/295,156,97.44%,5.8,9.3,152
JOURNAL OF MANAGEMENT STUDIES,J MANAGE STUD,WILEY,0022-2380,1467-6486,BUSINESS,SSCI,17466,6.4,Q1,1.4,74.14%,45/316,10.9,Q1,5.6,1.5,43/317,Q1,86.59,0.01384,3.08147,3.921,85.9,Q1,15/295,125,92.00%,12.4,11.2,115
JOURNAL OF BUSINESS VENTURING,J BUS VENTURING,ELSEVIER,0883-9026,1873-2003,BUSINESS,SSCI,16234,8.9,Q1,1.51,36.11%,20/316,12.1,Q1,7.8,1.1,37/317,Q1,88.49,0.00935,2.08084,4.212,93.8,Q1,12/295,49,97.96%,12.6,11,48
ENTREPRENEURSHIP THEORY AND PRACTICE,ENTREP THEORY PRACT,SAGE PUBLICATIONS INC,1042-2587,1540-6520,BUSINESS,SSCI,15911,7.9,Q1,1.33,40.00%,25/316,12.8,Q1,7.5,1,50/317,Q1,84.38,0.00982,2.18543,4.157,92.2,Q1,13/295,42,100.00%,11.5,10.8,42
Corporate Social Responsibility and Environmental Management,CORP SOC RESP ENV MA,WILEY,1535-3958,1535-3966,BUSINESS,SSCI,15559,9.1,Q1,1.98,31.92%,15/316,11.3,Q1,7.6,1.3,15/317,Q1,95.43,0.01195,2.6601,1.52,95.4,Q1,62/295,369,90.51%,4.4,6.3,334
SMALL BUSINESS ECONOMICS,SMALL BUS ECON,SPRINGER,2035-5556,1573-0913,BUSINESS,SSCI,14548,4.8,Q2,1.37,58.42%,83/316,7.9,Q1,4.4,1.1,47/317,Q1,85.33,0.01194,2.65832,1.802,73.9,Q1,53/295,127,100.00%,6.6,10.4,127
PSYCHOLOGY & MARKETING,PSYCHOL MARKET,WILEY,1478-4491,1520-6793,BUSINESS,SSCI,13017,9.1,Q1,2.06,43.57%,15/316,8.9,Q1,8,1.1,13/317,Q1,96.06,0.01119,2.49073,1.995,95.4,Q1,48/295,204,88.73%,6,8,181
JOURNAL OF ENVIRONMENTAL ECONOMICS AND MANAGEMENT,J ENVIRON ECON MANAG,ACADEMIC PRESS INC ELSEVIER SCIENCE,2413-8851,1096-0449,BUSINESS,SSCI,12038,5.9,Q1,1.46,40.00%,56/316,7.5,Q1,5.6,1.1,40/317,Q1,87.54,0.00991,2.2061,2.681,82.4,Q1,27/295,136,99.26%,8.5,8.3,135
IEEE TRANSACTIONS ON ENGINEERING MANAGEMENT,IEEE T ENG MANAGE,IEEE-INST ELECTRICAL ELECTRONICS ENGINEERS INC,0018-9391,1558-0040,BUSINESS,SSCI,11920,5.2,Q1,1.12,7.16%,71/316,5.7,Q2,4.3,1.5,74/317,Q1,76.81,0.01115,2.48148,0.916,77.7,Q2,96/295,404,99.26%,3.2,6.2,401
MANAGEMENT DECISION,MANAGE DECIS,EMERALD GROUP PUBLISHING LTD,0025-1747,1758-6070,BUSINESS,SSCI,11054,5.1,Q1,1.13,9.31%,73/316,5.9,Q2,4.2,1,72/317,Q1,77.44,0.00621,1.3831,0.874,77.1,Q2,104/295,259,99.23%,6,6.8,257
Academy of Management Annals,ACAD MANAG ANN,ACAD MANAGEMENT,1941-6520,1941-6067,BUSINESS,SSCI,10376,16.5,Q1,3.06,0.00%,1/316,26.9,Q1,15.8,4.5,3/317,Q1,99.21,0.01283,2.85531,13.88,99.8,Q1,1/295,21,95.24%,7.9,9.8,20
EUROPEAN JOURNAL OF MARKETING,EUR J MARKETING,EMERALD GROUP PUBLISHING LTD,0309-0566,1758-7123,BUSINESS,SSCI,10278,5.1,Q1,0.86,9.80%,73/316,6.4,Q1,4.9,1,114/317,Q2,64.2,0.00694,1.54415,1.377,77.1,Q1,68/295,82,100.00%,8.1,10.5,82
JOURNAL OF PRODUCT INNOVATION MANAGEMENT,J PROD INNOVAT MANAG,WILEY,2056-6085,1540-5885,BUSINESS,SSCI,9238,8,Q1,1.62,66.14%,24/316,12.3,Q1,7.2,1.4,34/317,Q1,89.43,0.00454,1.01083,2.994,92.6,Q1,23/295,37,100.00%,10.2,10.6,37
JOURNAL OF RETAILING,J RETAILING,ELSEVIER SCIENCE INC,2673-2726,1873-3271,BUSINESS,SSCI,9180,10.2,Q1,1.78,34.75%,12/316,10.3,Q1,9.4,1.2,22/317,Q1,93.22,0.00392,0.87328,2.614,96.4,Q1,30/295,38,94.74%,14.3,9,36
International Business Review,INT BUS REV,ELSEVIER,0969-5931,1873-6149,BUSINESS,SSCI,9074,6.1,Q1,1.48,32.44%,51/316,8.2,Q1,5.6,1.3,39/317,Q1,87.85,0.00592,1.31813,1.67,84,Q1,57/295,82,97.56%,7.1,10.7,80
BRITISH JOURNAL OF MANAGEMENT,BRIT J MANAGE,WILEY,1179-1594,1467-8551,BUSINESS,SSCI,8921,5.7,Q1,1.08,60.78%,59/316,7,Q1,5.3,1.2,81/317,Q2,74.61,0.00599,1.33493,1.672,81.5,Q1,56/295,95,100.00%,9.9,9.8,95
LONG RANGE PLANNING,LONG RANGE PLANN,ELSEVIER SCI LTD,2624-9634,1873-1872,BUSINESS,SSCI,8824,6.3,Q1,1.8,45.40%,48/316,9.7,Q1,5.9,1.7,21/317,Q1,93.53,0.00509,1.13364,2.461,85,Q1,33/295,58,100.00%,10.4,12.8,58
MARKETING SCIENCE,MARKET SCI,INFORMS,2322-5939,1526-548X,BUSINESS,SSCI,8794,4.9,Q2,0.88,0.00%,80/316,6.6,Q1,4.4,0.6,109/317,Q2,65.77,0.01073,2.38757,4.297,74.8,Q1,11/295,71,100.00%,12.9,9.2,71
BUSINESS HORIZONS,BUS HORIZONS,ELSEVIER,0007-6813,1873-6068,BUSINESS,SSCI,8665,7,Q1,1.31,30.51%,36/316,10,Q1,6.7,4.9,54/317,Q1,83.12,0.00553,1.23157,2.085,88.8,Q1,46/295,53,100.00%,7,5.3,53
JOURNAL OF CONSUMER PSYCHOLOGY,J CONSUM PSYCHOL,JOHN WILEY & SONS LTD,2300-1682,1532-7663,BUSINESS,SSCI,8500,6.1,Q1,1.36,40.71%,51/316,6.2,Q2,5.8,1.2,48/317,Q1,85.02,0.0064,1.4242,2.783,84,Q1,25/295,40,97.50%,12,11.6,39
International Journal of Consumer Studies,INT J CONSUM STUD,WILEY,2297-900X,1470-6431,BUSINESS,SSCI,8324,7.6,Q1,1.39,24.44%,28/316,9.7,Q1,6.3,1.7,44/317,Q1,86.28,0.006,1.33696,1.578,91.3,Q1,60/295,94,67.02%,4.6,6,63
JOURNAL OF WORLD BUSINESS,J WORLD BUS,ELSEVIER SCIENCE INC,2561-326X,1878-5573,BUSINESS,SSCI,8240,8.8,Q1,1.75,38.78%,21/316,9.2,Q1,8.3,1.4,25/317,Q1,92.27,0.00584,1.2996,2.612,93.5,Q1,32/295,36,100.00%,8.2,9.7,36
CALIFORNIA MANAGEMENT REVIEW,CALIF MANAGE REV,SAGE PUBLICATIONS INC,2666-7193,2162-8564,BUSINESS,SSCI,8024,7.3,Q1,1.39,44.30%,32/316,15.6,Q1,6.8,1.4,44/317,Q1,86.28,0.0039,0.86891,3.661,90,Q1,17/295,25,100.00%,13.5,7.7,25
JOURNAL OF SERVICE RESEARCH,J SERV RES-US,SAGE PUBLICATIONS INC,1094-6705,1552-7379,BUSINESS,SSCI,7555,8.6,Q1,1.46,42.74%,22/316,11.6,Q1,8.2,1,40/317,Q1,87.54,0.00514,1.14532,3.323,93.2,Q1,20/295,35,100.00%,9.7,7.5,35
SUPPLY CHAIN MANAGEMENT-AN INTERNATIONAL JOURNAL,SUPPLY CHAIN MANAG,EMERALD GROUP PUBLISHING LTD,1359-8546,1758-6852,BUSINESS,SSCI,7401,8.4,Q1,1.64,13.74%,23/316,10.8,Q1,7.5,1.8,30/317,Q1,90.69,0.00396,0.88298,1.762,92.9,Q1,54/295,50,100.00%,7.6,6.1,50
Internet Research,INTERNET RES,EMERALD GROUP PUBLISHING LTD,1066-2243,1066-2243,BUSINESS,SSCI,7291,6.8,Q1,1.36,9.03%,39/316,8.2,Q1,6,0.7,48/317,Q1,85.02,0.0061,1.35888,1.549,87.8,Q1,61/295,117,96.58%,5.3,7,113
INTERNATIONAL JOURNAL OF MANAGEMENT REVIEWS,INT J MANAG REV,WILEY,1460-8545,1468-2370,BUSINESS,SSCI,7239,10.8,Q1,1.43,70.00%,9/316,12.2,Q1,10.2,1.3,42/317,Q1,86.91,0.00363,0.80865,3.172,97.3,Q1,21/295,27,18.52%,9.7,9.3,5
JOURNAL OF ADVERTISING,J ADVERTISING,"ROUTLEDGE JOURNALS, TAYLOR & FRANCIS LTD",0091-3367,1557-7805,BUSINESS,SSCI,7234,7,Q1,1.88,22.31%,36/316,8.5,Q1,6.4,0.9,17/317,Q1,94.79,0.00439,0.97836,2.28,88.8,Q1,39/295,33,87.88%,10.6,7.7,29
European Management Journal,EUR MANAG J,ELSEVIER SCI LTD,2393-6401,1873-5681,BUSINESS,SSCI,7114,7.3,Q1,1.78,34.32%,32/316,7.4,Q1,7.1,2.7,22/317,Q1,93.22,0.00417,0.92838,1.431,90,Q1,65/295,83,98.80%,7.4,11.6,82
Cogent Business & Management,COGENT BUS MANAG,TAYLOR & FRANCIS LTD,2351-9894,2331-1975,BUSINESS,ESCI,6969,2.9,Q2,0.65,98.38%,155/316,3.3,Q3,2.4,0.8,148/317,Q2,53.47,0.00464,1.034,0.362,51.1,Q3,208/295,846,87.35%,2.9,6.5,739
European Business Review,EUR BUS REV,EMERALD GROUP PUBLISHING LTD,2666-6065,1758-7107,BUSINESS,ESCI,6644,3.7,Q2,0.81,7.14%,119/316,17.5,Q1,3.5,0.8,122/317,Q2,61.67,0.00518,1.15379,2.646,62.5,Q1,28/295,41,100.00%,5.7,6.9,41
INTERNATIONAL JOURNAL OF RESEARCH IN MARKETING,INT J RES MARK,ELSEVIER,0167-8116,1873-8001,BUSINESS,SSCI,6426,7.5,Q1,1.31,34.19%,29/316,8.5,Q1,7.3,2.8,54/317,Q1,83.12,0.00558,1.24184,2.738,91,Q1,26/295,41,97.56%,8.9,9.1,40
JOURNAL OF BUSINESS AND PSYCHOLOGY,J BUS PSYCHOL,SPRINGER,0889-3268,1573-353X,BUSINESS,SSCI,6406,4.9,Q2,1.18,29.27%,80/316,6.7,Q1,4.7,0.8,67/317,Q1,79.02,0.00624,1.38885,2.29,74.8,Q1,37/295,69,98.55%,8.9,11.7,68
Journal of Innovation & Knowledge,J INNOV KNOWL,ELSEVIER ESPANA,2664-3731,2444-569X,BUSINESS,SSCI,6367,15.5,Q1,3.81,98.30%,2/316,15,Q1,14.4,1.8,2/317,Q1,99.53,0.00645,1.4361,2.161,99.5,Q1,42/295,184,96.74%,2.3,5.6,178
Electronic Commerce Research and Applications,ELECTRON COMMER R A,ELSEVIER,1178-203X,1873-7846,BUSINESS,SSCI,5933,6.3,Q1,1.33,9.43%,48/316,7,Q1,5.8,1.1,50/317,Q1,84.38,0.00418,0.93043,1.176,85,Q2,76/295,100,99.00%,5.6,6.5,99
EMERGING MARKETS FINANCE AND TRADE,EMERG MARK FINANC TR,"ROUTLEDGE JOURNALS, TAYLOR & FRANCIS LTD",1424-2818,1558-0938,BUSINESS,SSCI,5871,3.1,Q2,1.09,4.52%,142/316,3.2,Q3,2.9,0.4,79/317,Q1,75.24,0.00518,1.15397,0.507,55.2,Q3,170/295,206,99.03%,4.3,6.8,204
JOURNAL OF BUSINESS & INDUSTRIAL MARKETING,J BUS IND MARK,EMERALD GROUP PUBLISHING LTD,1179-1594,2052-1189,BUSINESS,SSCI,5756,4.3,Q2,0.72,12.08%,101/316,3.9,Q2,3.4,0.8,138/317,Q2,56.62,0.00426,0.94794,0.593,68.2,Q3,148/295,134,97.01%,4.9,7.4,130
Academy of Management Perspectives,ACAD MANAGE PERSPECT,ACAD MANAGEMENT,1558-9080,,BUSINESS,SSCI,5664,5.7,Q1,1.66,0.00%,59/316,8.3,Q1,5,2.7,28/317,Q1,91.32,0.00419,0.93279,3.609,81.5,Q1,18/295,32,100.00%,11,9.3,32
JOURNAL OF INTERACTIVE MARKETING,J INTERACT MARK,SAGE PUBLICATIONS INC,2662-2211,1520-6653,BUSINESS,SSCI,5650,7.8,Q1,1.65,11.01%,26/316,11.4,Q1,7.3,0.6,29/317,Q1,91.01,0.00351,0.78274,2.634,91.9,Q1,29/295,26,96.15%,8.9,9,25
PUBLIC RELATIONS REVIEW,PUBLIC RELAT REV,ELSEVIER SCIENCE INC,2322-5939,1873-4537,BUSINESS,SSCI,5622,3.4,Q2,1.27,13.91%,129/316,4.5,Q2,2.7,0.7,59/317,Q1,81.55,0.0031,0.69024,0.835,59.3,Q2,107/295,82,96.34%,7.7,8.4,79
Journal of Services Marketing,J SERV MARK,EMERALD GROUP PUBLISHING LTD,0887-6045,0887-6045,BUSINESS,SSCI,5594,4.5,Q2,0.77,7.22%,94/316,5.3,Q2,3.8,1,126/317,Q2,60.41,0.00322,0.71738,1.012,70.4,Q2,81/295,57,98.25%,8,7.1,56
INTERNATIONAL JOURNAL OF ENTREPRENEURIAL BEHAVIOR & RESEARCH,INT J ENTREP BEHAV R,EMERALD GROUP PUBLISHING LTD,2148-9386,1758-6534,BUSINESS,SSCI,5573,4.7,Q2,0.98,20.72%,84/316,6.1,Q2,3.9,0.9,89/317,Q2,72.08,0.00416,0.92633,0.974,73.6,Q2,85/295,112,99.11%,5,9,111
Journal of Product and Brand Management,J PROD BRAND MANAG,EMERALD GROUP PUBLISHING LTD,2052-3211,2054-1643,BUSINESS,SSCI,5489,5.7,Q1,1.18,6.60%,59/316,7.1,Q1,4.4,1.3,67/317,Q1,79.02,0.00379,0.8445,1.235,81.5,Q1,72/295,82,96.34%,5.7,6.7,79
Journal of Marketing Management,J MARKET MANAG-UK,"ROUTLEDGE JOURNALS, TAYLOR & FRANCIS LTD",0267-257X,1472-1376,BUSINESS,SSCI,5487,3,Q2,0.69,29.89%,148/316,5.2,Q2,2.7,1.6,143/317,Q2,55.05,0.00359,0.80077,1.221,53.3,Q2,74/295,45,100.00%,8.3,9.3,45
European Journal of Innovation Management,EUR J INNOV MANAG,EMERALD GROUP PUBLISHING LTD,2632-3249,1758-7115,BUSINESS,SSCI,5369,5.7,Q1,1.18,18.52%,59/316,6.7,Q1,5.1,1.2,67/317,Q1,79.02,0.00425,0.94641,0.934,81.5,Q2,91/295,126,99.21%,4.1,5.9,125
International Journal of Bank Marketing,INT J BANK MARK,EMERALD GROUP PUBLISHING LTD,2624-9553,1758-5937,BUSINESS,SSCI,5294,6.9,Q1,1.31,5.83%,38/316,7.3,Q1,5.3,1.2,54/317,Q1,83.12,0.00279,0.62102,0.89,88.1,Q2,101/295,89,98.88%,5.4,7.1,88
CORPORATE GOVERNANCE-AN INTERNATIONAL REVIEW,CORP GOV-OXFORD,WILEY,0964-8410,1467-8683,BUSINESS,SSCI,5275,5.5,Q1,0.96,39.16%,65/316,6.6,Q1,4.8,0.9,92/317,Q2,71.14,0.00193,0.43144,1.341,79.6,Q1,69/295,56,91.07%,12,10.8,51
Business & Society,BUS SOC,SAGE PUBLICATIONS INC,2673-253X,1552-4205,BUSINESS,SSCI,5271,6,Q1,0.95,33.55%,54/316,8.1,Q1,5.2,0.5,94/317,Q2,70.5,0.00538,1.19717,2.285,83.1,Q1,38/295,56,100.00%,6.6,9.7,56
International Journal of Advertising,INT J ADVERT,"ROUTLEDGE JOURNALS, TAYLOR & FRANCIS LTD",0265-0487,1759-3948,BUSINESS,SSCI,5191,5.9,Q1,1.82,19.89%,56/316,8.2,Q1,4.8,0.8,20/317,Q1,93.85,0.00501,1.11526,1.866,82.4,Q1,50/295,65,100.00%,5.1,7.3,65
Journal of Consumer Behaviour,J CONSUM BEHAV,WILEY,1472-0817,1479-1838,BUSINESS,SSCI,5073,5.2,Q1,0.96,27.79%,71/316,5.3,Q2,4.2,0.7,92/317,Q2,71.14,0.00375,0.83455,0.922,77.7,Q2,93/295,139,92.09%,4.8,6.5,128
International Journal of Retail & Distribution Management,INT J RETAIL DISTRIB,EMERALD GROUP PUBLISHING LTD,2214-7829,1758-6690,BUSINESS,SSCI,4933,5.5,Q1,1.12,14.94%,65/316,5.9,Q2,4.5,0.7,74/317,Q1,76.81,0.00261,0.58274,0.774,79.6,Q2,113/295,77,98.70%,5.8,5.7,76
R & D MANAGEMENT,R&D MANAGE,WILEY,0033-6807,1467-9310,BUSINESS,SSCI,4888,5.7,Q1,1.19,57.56%,59/316,6.5,Q1,5.1,0.6,65/317,Q1,79.65,0.00268,0.59726,1.231,81.5,Q1,73/295,69,100.00%,8,9,69
Asia Pacific Journal of Marketing and Logistics,ASIA PAC J MARKET LO,EMERALD GROUP PUBLISHING LTD,2227-9091,1758-4248,BUSINESS,SSCI,4715,5.1,Q1,0.9,1.94%,73/316,5.4,Q2,4.2,0.8,102/317,Q2,67.98,0.00361,0.80495,0.734,77.1,Q2,118/295,213,100.00%,4.2,5.8,213
Journal of Intellectual Capital,J INTELLECT CAP,EMERALD GROUP PUBLISHING LTD,2214-7160,1758-7468,BUSINESS,SSCI,4697,6.8,Q1,1.27,10.57%,39/316,8,Q1,5.4,1.3,59/317,Q1,81.55,0.00201,0.44901,0.946,87.8,Q2,89/295,62,98.39%,6.4,6.5,61
Journal of Hospitality Marketing & Management,J HOSP MARKET MANAG,"ROUTLEDGE JOURNALS, TAYLOR & FRANCIS LTD",1936-8623,1936-8631,BUSINESS,SSCI,4617,11,Q1,2.63,9.63%,8/316,12,Q1,10,2.3,5/317,Q1,98.58,0.00426,0.94922,2.101,97.6,Q1,45/295,34,100.00%,4.5,4.9,34
International Journal of Management Education,INT J MANAG EDUC-OXF,ELSEVIER SCI LTD,1472-8117,2352-3565,BUSINESS,SSCI,4616,7.4,Q1,2.4,29.05%,31/316,7.2,Q1,5.6,1.5,9/317,Q1,97.32,0.00367,0.81857,0.929,90.3,Q2,92/295,159,97.48%,3,7.1,155
Construction Management and Economics,CONSTR MANAG ECON,"ROUTLEDGE JOURNALS, TAYLOR & FRANCIS LTD",0144-6193,1466-433X,BUSINESS,ESCI,4606,3.3,Q2,0.59,49.10%,134/316,3.7,Q2,3,0.6,165/317,Q3,48.11,0.00135,0.30142,0.553,57.8,Q3,151/295,42,100.00%,12.6,7.6,42
International Entrepreneurship and Management Journal,INT ENTREP MANAG J,SPRINGER,2767-3812,1555-1938,BUSINESS,SSCI,4572,3.9,Q2,1.02,39.05%,111/316,5.9,Q2,3.4,1,85/317,Q2,73.34,0.00288,0.64159,0.915,65,Q2,97/295,73,100.00%,5.6,8.4,73
JOURNAL OF CONSUMER MARKETING,J CONSUM MARK,EMERALD GROUP PUBLISHING LTD,0736-3761,2052-1200,BUSINESS,ESCI,4550,3.3,Q2,0.59,3.30%,134/316,3.8,Q2,3.1,0.8,165/317,Q3,48.11,0.00199,0.44345,0.703,57.8,Q2,125/295,58,96.55%,10.7,9,56
International Small Business Journal-Researching Entrepreneurship,INT SMALL BUS J,SAGE PUBLICATIONS LTD,1477-8947,1741-2870,BUSINESS,SSCI,4534,3.9,Q2,0.84,45.63%,111/316,6.3,Q1,3.6,1,118/317,Q2,62.93,0.00216,0.48134,1.448,65,Q1,64/295,39,100.00%,8.9,8.6,39
INTERNATIONAL MARKETING REVIEW,INT MARKET REV,EMERALD GROUP PUBLISHING LTD,2767-3170,1758-6763,BUSINESS,SSCI,4429,4.6,Q2,0.91,10.63%,89/316,6.2,Q2,3.8,0.5,100/317,Q2,68.61,0.00234,0.52261,1.058,72,Q2,79/295,56,94.64%,8.1,8.5,53
Corporate Governance-The International Journal of Business in Society,CORP GOV-INT J BUS S,EMERALD GROUP PUBLISHING LTD,2773-1391,1758-6054,BUSINESS,ESCI,4386,4.9,Q2,0.97,7.60%,80/316,6,Q2,4.4,0.6,91/317,Q2,71.45,0.00233,0.52019,0.704,74.8,Q2,124/295,105,97.14%,5.3,7.7,102
ENTREPRENEURSHIP AND REGIONAL DEVELOPMENT,ENTREP REGION DEV,"ROUTLEDGE JOURNALS, TAYLOR & FRANCIS LTD",2624-893X,1464-5114,BUSINESS,SSCI,4375,3.6,Q2,0.89,46.99%,121/316,5.5,Q2,3.2,1,105/317,Q2,67.03,0.00255,0.56879,1.274,61.9,Q1,71/295,65,100.00%,8.6,10.6,65
Journal of Marketing Theory and Practice,J MARKET THEORY PRAC,"ROUTLEDGE JOURNALS, TAYLOR & FRANCIS LTD",1069-6679,1944-7175,BUSINESS,ESCI,4344,5.3,Q1,0.86,4.55%,69/316,4.6,Q2,4.9,0.6,114/317,Q2,64.2,0.00141,0.314,0.911,78.3,Q2,99/295,48,100.00%,13.3,11,48
INDUSTRIAL AND CORPORATE CHANGE,IND CORP CHANGE,OXFORD UNIV PRESS,2413-8851,1464-3650,BUSINESS,SSCI,4338,1.8,Q3,0.64,27.42%,203/316,3,Q3,1.7,0.6,150/317,Q2,52.84,0.00307,0.68322,1.012,35.9,Q2,81/295,44,100.00%,11.5,12.5,44
Electronic Markets,ELECTRON MARK,SPRINGER HEIDELBERG,1019-6781,1422-8890,BUSINESS,SSCI,4285,6.8,Q1,1.63,67.66%,39/316,10,Q1,6,1.4,32/317,Q1,90.06,0.00466,1.03737,1.867,87.8,Q1,49/295,55,100.00%,4.1,5.9,55
Business Process Management Journal,BUS PROCESS MANAG J,EMERALD GROUP PUBLISHING LTD,1463-7154,1758-4116,BUSINESS,SSCI,4279,5.8,Q1,1.23,9.04%,58/316,5.4,Q2,4.7,0.8,62/317,Q1,80.6,0.00248,0.55273,0.667,81.8,Q2,135/295,194,97.42%,4.8,5.7,189
Journal of Islamic Marketing,J ISLAMIC MARK,EMERALD GROUP PUBLISHING LTD,1759-0833,1759-0841,BUSINESS,ESCI,4143,4.7,Q2,0.77,1.59%,84/316,5.1,Q2,2.8,0.9,126/317,Q2,60.41,0.00166,0.37108,0.357,73.6,Q3,211/295,215,96.28%,4.3,5.8,207
Family Business Review,FAM BUS REV,SAGE PUBLICATIONS INC,2509-8020,1741-6248,BUSINESS,SSCI,4103,5.6,Q1,1.09,33.33%,64/316,8.8,Q1,4.9,2.4,79/317,Q1,75.24,0.00138,0.30848,2.14,79.9,Q1,43/295,12,50.00%,12.9,9.2,6
Strategic Entrepreneurship Journal,STRATEG ENTREP J,WILEY,1932-4391,1932-443X,BUSINESS,SSCI,3999,6.3,Q1,1.15,44.44%,48/316,8,Q1,5.9,0.7,71/317,Q1,77.76,0.00362,0.80597,3.036,85,Q1,22/295,30,100.00%,7.6,11.3,30
International Journal of Emerging Markets,INT J EMERG MARK,EMERALD GROUP PUBLISHING LTD,2399-6641,1746-8817,BUSINESS,SSCI,3851,3,Q2,0.77,4.20%,148/316,3.4,Q2,2.9,0.5,126/317,Q2,60.41,0.00342,0.76225,0.458,53.3,Q3,178/295,98,97.96%,3.5,6,96
Marketing Intelligence & Planning,MARK INTELL PLAN,EMERALD GROUP PUBLISHING LTD,0263-4503,1758-8049,BUSINESS,SSCI,3756,5.4,Q1,0.92,1.35%,68/316,5.4,Q2,4.5,0.7,99/317,Q2,68.93,0.00208,0.4634,0.796,78.6,Q2,110/295,93,94.62%,6.1,7,88
MIT SLOAN MANAGEMENT REVIEW,MIT SLOAN MANAGE REV,"SLOAN MANAGEMENT REVIEW ASSOC, MIT SLOAN SCHOOL MANAGEMENT",1532-9194,1532-8937,BUSINESS,SSCI,3704,4,Q2,0.28,0.00%,110/316,4.3,Q2,4,0.9,238/317,Q4,25.08,0.00202,0.45063,1.385,65.3,Q1,66/295,17,64.71%,10.3,5.3,11
Journal of Research in Interactive Marketing,J RES INTERACT MARK,EMERALD GROUP PUBLISHING LTD,2624-9634,2040-7130,BUSINESS,SSCI,3631,11.6,Q1,2.07,3.27%,7/316,12.1,Q1,9.4,2,12/317,Q1,96.37,0.00314,0.70014,1.827,97.9,Q1,51/295,67,98.51%,3.6,5.2,66
Research in Transportation Business and Management,RES TRANSP BUS MANAG,ELSEVIER,2188-5729,2210-5409,BUSINESS,SSCI,3352,4.4,Q2,1.13,24.49%,97/316,4.6,Q2,4,0.7,72/317,Q1,77.44,0.00319,0.71162,0.809,69.5,Q2,109/295,139,99.28%,3.5,5.7,138
Strategic Organization,STRATEG ORGAN,SAGE PUBLICATIONS LTD,2575-8314,1741-315X,BUSINESS,SSCI,3256,3.8,Q2,1,28.83%,115/316,6.6,Q1,3.4,2.4,88/317,Q2,72.4,0.00435,0.96913,2.886,63.8,Q1,24/295,37,100.00%,6.8,12.1,37
MARKETING LETTERS,MARKET LETT,SPRINGER,1365-2907,1573-059X,BUSINESS,SSCI,3251,2.5,Q3,0.47,29.80%,174/316,3.6,Q2,2.4,0.5,195/317,Q3,38.64,0.00222,0.49581,1.288,45.1,Q1,70/295,50,100.00%,11.1,10.5,50
Journal of Brand Management,J BRAND MANAG,PALGRAVE MACMILLAN LTD,2213-5383,1479-1803,BUSINESS,SSCI,3239,4.1,Q2,0.88,21.78%,108/316,5.1,Q2,3.8,1.2,109/317,Q2,65.77,0.00179,0.39896,1.008,66,Q2,83/295,25,100.00%,9.1,8.3,25
Journal of Small Business and Enterprise Development,J SMALL BUS ENTERP D,EMERALD GROUP PUBLISHING LTD,1462-6004,1758-7840,BUSINESS,ESCI,3133,3.6,Q2,0.63,15.56%,121/316,4.1,Q2,3,0.7,151/317,Q2,52.52,0.00124,0.27658,0.546,61.9,Q3,156/295,84,96.43%,7.3,8.2,81
Global Business Review,GLOB BUS REV,SAGE PUBLICATIONS LTD,0972-1509,0973-0664,BUSINESS,ESCI,3057,1.9,Q3,0.4,3.98%,197/316,2.4,Q3,1.7,0.5,208/317,Q3,34.54,0.00203,0.45171,0.305,37.8,Q4,225/295,101,100.00%,4.5,7.6,101
ORGANIZATIONAL DYNAMICS,ORGAN DYN,ELSEVIER SCIENCE INC,2572-3170,1873-3530,BUSINESS,SSCI,3022,2.5,Q3,0.75,30.30%,174/316,2.3,Q3,2.5,1.7,132/317,Q2,58.52,0.00098,0.21893,0.649,45.1,Q2,139/295,36,100.00%,17.5,7.6,36
Electronic Commerce Research,ELECTRON COMMER RES,SPRINGER,2574-2531,1572-9362,BUSINESS,SSCI,2975,4.7,Q2,0.94,17.59%,84/316,4.6,Q2,4.2,0.9,98/317,Q2,69.24,0.0027,0.60273,0.729,73.6,Q2,119/295,130,100.00%,3.5,5.7,130
JOURNAL OF INTERNATIONAL MARKETING,J INT MARKETING,SAGE PUBLICATIONS INC,2661-8001,1547-7215,BUSINESS,SSCI,2892,4.2,Q2,0.85,14.06%,105/316,5.7,Q2,3.6,1.7,117/317,Q2,63.25,0.00103,0.2293,1.186,66.9,Q2,75/295,18,100.00%,10.7,12.2,18
BUSINESS ETHICS QUARTERLY,BUS ETHICS Q,CAMBRIDGE UNIV PRESS,1052-150X,2153-3326,BUSINESS,SSCI,2840,3,Q2,0.95,49.09%,148/316,4.3,Q2,2.9,0.3,94/317,Q2,70.5,0.00179,0.40004,1.996,53.3,Q1,47/295,17,94.12%,13.4,10.4,16
JOURNAL OF PUBLIC POLICY & MARKETING,J PUBLIC POLICY MARK,SAGE PUBLICATIONS INC,0743-9156,1547-7207,BUSINESS,SSCI,2823,4.7,Q2,0.84,11.11%,84/316,7.2,Q1,4,1.1,118/317,Q2,62.93,0.00266,0.59295,2.614,73.6,Q1,30/295,25,100.00%,9.8,6.7,25
INTERNATIONAL JOURNAL OF ELECTRONIC COMMERCE,INT J ELECTRON COMM,"ROUTLEDGE JOURNALS, TAYLOR & FRANCIS LTD",2192-1709,1557-9301,BUSINESS,SSCI,2794,3.8,Q2,0.91,13.33%,115/316,6.1,Q2,3.3,0.9,100/317,Q2,68.61,0.00087,0.19397,1.082,63.8,Q2,78/295,20,100.00%,12.7,7.5,20
JOURNAL OF CONSUMER AFFAIRS,J CONSUM AFF,WILEY,2381-4683,1745-6606,BUSINESS,SSCI,2755,3.2,Q2,0.73,37.58%,139/316,3.1,Q3,2.8,0.3,134/317,Q2,57.89,0.00179,0.39893,0.681,56.2,Q2,129/295,37,100.00%,9.2,7.7,37
JOURNAL OF PRODUCTIVITY ANALYSIS,J PROD ANAL,SPRINGER,0895-562X,1573-0441,BUSINESS,SSCI,2692,1.8,Q3,0.55,40.17%,203/316,1.9,Q3,1.6,0.3,173/317,Q3,45.58,0.00058,0.12929,0.451,35.9,Q3,180/295,26,100.00%,16.2,13.4,26
JOURNAL OF ADVERTISING RESEARCH,J ADVERTISING RES,TAYLOR & FRANCIS LTD,0021-8499,1740-1909,BUSINESS,SSCI,2669,2.4,Q3,0.72,0.00%,179/316,3.3,Q3,2.1,0.5,138/317,Q2,56.62,0.00103,0.22951,0.919,43.5,Q2,95/295,24,95.83%,14.7,8.3,23
Journal of Theoretical and Applied Electronic Commerce Research,J THEOR APPL EL COMM,MDPI,0718-1876,0718-1876,BUSINESS,SSCI,2657,4.6,Q2,1.02,100.00%,89/316,5.1,Q2,4,0.8,85/317,Q2,73.34,0.00234,0.52133,0.698,72,Q2,126/295,181,97.79%,3.3,5.9,177
Journal of Strategic Marketing,J STRATEG MARK,"ROUTLEDGE JOURNALS, TAYLOR & FRANCIS LTD",0965-254X,1466-4488,BUSINESS,ESCI,2637,3.1,Q2,0.69,21.21%,142/316,4.2,Q2,3,0.4,143/317,Q2,55.05,0.00203,0.45172,0.758,55.2,Q2,115/295,27,100.00%,5.4,6.8,27
Journal of Family Business Strategy,J FAM BUS STRATEG,ELSEVIER,2673-4524,1877-8593,BUSINESS,SSCI,2621,6.1,Q1,1.76,32.26%,51/316,7.8,Q1,5.5,2,24/317,Q1,92.59,0.0016,0.35731,1.517,84,Q1,63/295,29,100.00%,7.3,12,29
Australasian Marketing Journal,AUSTRALAS MARK J,SAGE PUBLICATIONS LTD,1441-3582,1839-3349,BUSINESS,ESCI,2590,3.8,Q2,0.89,32.98%,115/316,7.7,Q1,3.5,2.4,105/317,Q2,67.03,0.00219,0.48944,1.385,63.8,Q1,66/295,35,100.00%,5.4,8,35
Journal of Fashion Marketing and Management,J FASH MARK MANAG,EMERALD GROUP PUBLISHING LTD,2730-6151,1758-7433,BUSINESS,SSCI,2554,3.3,Q2,0.71,2.72%,134/316,4.9,Q2,3,0.5,140/317,Q2,55.99,0.00162,0.36055,0.78,57.8,Q2,111/295,40,95.00%,5.9,8,38
Journal of Vacation Marketing,J VACAT MARK,SAGE PUBLICATIONS LTD,1356-7667,1479-1870,BUSINESS,SSCI,2443,5,Q1,1.11,6.95%,76/316,5.3,Q2,4.6,0.7,76/317,Q1,76.18,0.0015,0.33504,0.778,76.1,Q2,112/295,66,100.00%,5.1,6.5,66
Marketing Theory,MARKETING THEOR,SAGE PUBLICATIONS INC,2590-2296,1741-301X,BUSINESS,SSCI,2300,2.8,Q3,0.59,56.52%,159/316,3.4,Q2,2.3,0.5,165/317,Q3,48.11,0.00141,0.3152,1.055,49.8,Q2,80/295,31,100.00%,10.9,10.9,31
Gender in Management,GEND MANAG,EMERALD GROUP PUBLISHING LTD,2976-5390,1754-2421,BUSINESS,SSCI,2244,2.6,Q3,0.86,9.09%,171/316,3.4,Q2,2.3,0.6,114/317,Q2,64.2,0.00143,0.31883,0.632,46,Q2,140/295,49,95.92%,7,8.1,47
Management Review Quarterly,MANAG REV Q,SPRINGERNATURE,2198-1620,2198-1639,BUSINESS,ESCI,2206,9,Q1,2.4,49.42%,17/316,,,7.7,2.8,9/317,Q1,97.32,0.002,0.44644,,94.8,,,163,100.00%,2.5,7.5,163
Global Strategy Journal,GLOB STRATEG J,WILEY,2204-3136,2042-5805,BUSINESS,SSCI,2135,4.7,Q2,1.21,60.76%,84/316,7.4,Q1,4.4,0.4,63/317,Q1,80.28,0.00287,0.63925,2.244,73.6,Q1,40/295,14,100.00%,5.2,10.1,14
Journal of Marketing Communications,J MARK COMMUN,TAYLOR & FRANCIS LTD,2572-2611,1466-4445,BUSINESS,ESCI,2112,4.6,Q2,1.83,11.90%,89/316,,,4.1,1.3,19/317,Q1,94.16,0.00138,0.30867,,72,,,86,93.02%,6.2,8.5,80
Journal of Business Economics and Management,J BUS ECON MANAG,VILNIUS GEDIMINAS TECH UNIV,2639-5916,2029-4433,BUSINESS,SSCI,2033,2.7,Q3,0.67,99.47%,164/316,2.8,Q3,2.6,0.4,147/317,Q2,53.79,0.00108,0.24073,0.387,48.3,Q3,202/295,63,100.00%,6.1,5.7,63
Journal of Macromarketing,J MACROMARKETING,SAGE PUBLICATIONS INC,2056-3485,1552-6534,BUSINESS,SSCI,1965,2.3,Q3,0.61,24.82%,183/316,3.5,Q2,1.5,0.7,156/317,Q2,50.95,0.00097,0.21628,0.591,42.2,Q3,149/295,57,100.00%,8.7,8.4,57
INTERNATIONAL JOURNAL OF MARKET RESEARCH,INT J MARKET RES,SAGE PUBLICATIONS LTD,1520-6688,2515-2173,BUSINESS,SSCI,1942,1.4,Q3,0.38,23.81%,224/316,3.3,Q3,1.2,0.3,214/317,Q3,32.65,0.00142,0.3178,0.723,29.3,Q2,120/295,35,100.00%,7.6,10,35
International Journal of Managing Projects in Business,INT J MANAG PROJ BUS,EMERALD GROUP PUBLISHING LTD,2642-0007,1753-8386,BUSINESS,SSCI,1898,3.1,Q2,0.57,16.92%,142/316,3.4,Q2,2.7,0.7,171/317,Q3,46.21,0.00108,0.24127,0.473,55.2,Q3,173/295,51,100.00%,5.7,8.3,51
Corporate Communications,CORP COMMUN,EMERALD GROUP PUBLISHING LTD,1356-3289,1758-6046,BUSINESS,ESCI,1861,3.3,Q2,0.55,10.47%,134/316,3.1,Q3,2.6,0.3,173/317,Q3,45.58,0.00114,0.25504,0.552,57.8,Q3,153/295,66,95.45%,6.8,8.6,63
RESEARCH-TECHNOLOGY MANAGEMENT,RES TECHNOL MANAGE,TAYLOR & FRANCIS INC,2767-3200,1930-0166,BUSINESS,SSCI,1731,3,Q2,0.3,28.28%,148/316,3.4,Q2,2.5,0.5,235/317,Q3,26.03,0.00056,0.12671,0.538,53.3,Q3,159/295,51,100.00%,9.3,6.6,51
JOURNAL OF ENGINEERING AND TECHNOLOGY MANAGEMENT,J ENG TECHNOL MANAGE,ELSEVIER,0923-4748,1879-1719,BUSINESS,SSCI,1729,3.9,Q2,0.73,26.67%,111/316,4.3,Q2,3.5,0.6,134/317,Q2,57.89,0.00071,0.15868,0.627,65,Q2,141/295,36,97.22%,8,8.5,35
Qualitative Market Research,QUAL MARK RES,EMERALD GROUP PUBLISHING LTD,1352-2752,1758-7646,BUSINESS,ESCI,1727,2.5,Q3,0.42,7.08%,174/316,2.5,Q3,1.9,0.7,201/317,Q3,36.75,0.00066,0.14793,0.421,45.1,Q3,187/295,38,100.00%,8.9,8.1,38
Thunderbird International Business Review,THUNDERBIRD INT BUS,WILEY,1096-4762,1520-6874,BUSINESS,ESCI,1691,3.2,Q2,0.4,32.54%,139/316,2.6,Q3,2.7,0.5,208/317,Q3,34.54,0.00091,0.20331,0.453,56.2,Q3,179/295,51,100.00%,6.6,6.5,51
AUSTRALIAN JOURNAL OF MANAGEMENT,AUST J MANAGE,SAGE PUBLICATIONS LTD,0312-8962,1327-2020,BUSINESS,SSCI,1686,2.1,Q3,0.42,25.83%,191/316,4.6,Q2,1.9,0.2,201/317,Q3,36.75,0.00153,0.34189,0.922,39.7,Q2,93/295,32,100.00%,5,10.2,32
Journal of Personal Selling & Sales Management,J PERS SELL SALES M,"ROUTLEDGE JOURNALS, TAYLOR & FRANCIS LTD",2673-7086,1557-7813,BUSINESS,ESCI,1626,3.5,Q2,0.7,10.96%,125/316,4.1,Q2,2.5,1.8,141/317,Q2,55.68,0.00099,0.22146,0.992,60.6,Q2,84/295,16,93.75%,10.5,9.1,15
BUSINESS HISTORY,BUS HIST,"ROUTLEDGE JOURNALS, TAYLOR & FRANCIS LTD",2227-7099,1743-7938,BUSINESS,SSCI,1517,1.3,Q3,0.82,51.98%,234/316,1.4,Q4,0.9,0.3,120/317,Q2,62.3,0.00193,0.42995,0.595,26.1,Q2,147/295,66,100.00%,8,15.7,66
Journal of Service Theory and Practice,J SERV THEOR PRACT,EMERALD GROUP PUBLISHING LTD,2055-6225,2055-6225,BUSINESS,SSCI,1516,4.4,Q2,0.9,14.41%,97/316,4.5,Q2,3.7,1.5,102/317,Q2,67.98,0.00121,0.26931,0.837,69.5,Q2,106/295,32,93.75%,5,7.2,30
Journal of Electronic Commerce Research,J ELECTRON COMMER RE,CALIFORNIA STATE UNIV,2076-3387,1938-9027,BUSINESS,SSCI,1504,3.4,Q2,0.6,0.00%,129/316,4.7,Q2,2.8,0.1,159/317,Q3,50,0.00052,0.11758,0.769,59.3,Q2,114/295,14,92.86%,11.2,6.4,13
Journal of Entrepreneurship in Emerging Economies,J ENTREP EMERG ECON,EMERALD GROUP PUBLISHING LTD,2399-4908,2053-4612,BUSINESS,ESCI,1503,3,Q2,0.57,8.09%,148/316,3.9,Q2,2.8,0.6,171/317,Q3,46.21,0.0013,0.29039,0.51,53.3,Q3,168/295,40,97.50%,3.9,7.4,39
International Journal of Innovation Science,INT J INOV SCI,EMERALD GROUP PUBLISHING LTD,2673-5172,1757-2231,BUSINESS,ESCI,1477,2.9,Q2,0.55,3.14%,155/316,4.3,Q2,2.7,0.5,173/317,Q3,45.58,0.00123,0.27531,0.612,51.1,Q2,145/295,46,95.65%,4.4,6.2,44
Journal of International Consumer Marketing,J INT CONSUM MARK,"ROUTLEDGE JOURNALS, TAYLOR & FRANCIS LTD",0896-1530,1528-7068,BUSINESS,ESCI,1461,2.8,Q3,0.41,15.19%,159/316,3.2,Q3,2.6,0.5,204/317,Q3,35.8,0.00068,0.15274,0.483,49.8,Q3,171/295,28,100.00%,7.9,7.3,28
Young Consumers,YOUNG CONSUM,EMERALD GROUP PUBLISHING LTD,2730-7182,1747-3616,BUSINESS,ESCI,1453,5,Q1,0.87,8.59%,76/316,4.9,Q2,4.1,1,112/317,Q2,64.83,0.00093,0.20906,0.657,76.1,Q2,137/295,52,100.00%,4.4,6,52
International Journal of Entrepreneurship & Small Business,INT J ENTREP SMALL B,INDERSCIENCE ENTERPRISES LTD,1476-1297,1741-8054,BUSINESS,ESCI,1431,0.7,Q4,0.16,0.90%,272/316,,,0.7,0.2,271/317,Q4,14.67,0.00037,0.08279,,14.1,,,74,100.00%,9.3,11.3,74
International Journal of Accounting Information Systems,INT J ACCOUNT INF SY,ELSEVIER,1467-0895,1873-4723,BUSINESS,SSCI,1414,6,Q1,1.19,32.10%,54/316,6.3,Q1,5.6,0.5,65/317,Q1,79.65,0.00092,0.20529,1.091,83.1,Q2,77/295,27,96.30%,6.2,6.9,26
Competitiveness Review,COMPET REV,EMERALD GROUP PUBLISHING LTD,2590-051X,2051-3143,BUSINESS,ESCI,1387,3.2,Q2,0.6,9.43%,139/316,3.6,Q2,2.9,0.8,159/317,Q3,50,0.00096,0.21541,0.469,56.2,Q3,174/295,57,91.23%,4.3,5.4,52
Business Strategy and Development,BUS STRATEGY DEV,WILEY,2572-3170,2572-3170,BUSINESS,ESCI,1384,4.2,Q2,0.95,18.94%,105/316,4.4,Q2,3.2,1.1,94/317,Q2,70.5,0.00105,0.23534,0.515,66.9,Q3,166/295,144,100.00%,3.1,5.6,144
Entrepreneurship and Sustainability Issues,ENTREP SUSTAIN ISS,ENTERPRENEURSHIP & SUSTAINABILITY CENTER,2345-0282,2345-0282,BUSINESS,ESCI,1379,1.3,Q3,0.26,90.53%,234/316,1.3,Q4,1.2,0.2,244/317,Q4,23.19,0.0012,0.2687,0.173,26.1,Q4,246/295,114,94.74%,4.4,4.1,108
Business Ethics the Environment & Responsibility,BUS ETHICS ENV RESP,WILEY,2639-5916,2694-6424,BUSINESS,SSCI,1340,4.2,Q2,1.2,33.93%,105/316,4.3,Q2,3.4,0.9,64/317,Q1,79.97,0.00148,0.33114,0.656,66.9,Q2,138/295,120,99.17%,2.2,8.2,119
Future Business Journal,FUTUR BUS J,SPRINGER,2050-3385,2314-7210,BUSINESS,ESCI,1340,2.7,Q3,0.58,98.99%,164/316,3.6,Q2,2.5,0.8,169/317,Q3,46.85,0.00102,0.22788,0.461,48.3,Q3,177/295,127,85.04%,3.4,6.4,108
CORPORATE REPUTATION REVIEW,CORP REPUT REV,PALGRAVE MACMILLAN LTD,1363-3589,1479-1889,BUSINESS,ESCI,1316,1.6,Q3,0.34,28.99%,215/316,2.4,Q3,1.2,0.3,227/317,Q3,28.55,0.00036,0.08026,0.411,32.1,Q3,194/295,32,100.00%,16.1,9.3,32
Asia Pacific Business Review,ASIA PAC BUS REV,"ROUTLEDGE JOURNALS, TAYLOR & FRANCIS LTD",2405-9188,1743-792X,BUSINESS,SSCI,1314,1.9,Q3,0.38,9.04%,197/316,2.2,Q3,1.6,0.9,214/317,Q3,32.65,0.00072,0.16238,0.369,37.8,Q3,206/295,76,97.37%,6.3,7.3,74
Service Business,SERV BUS,SPRINGER HEIDELBERG,1862-8516,1862-8508,BUSINESS,SSCI,1296,4.1,Q2,0.95,26.88%,108/316,4.4,Q2,3.7,0.6,94/317,Q2,70.5,0.0009,0.20126,0.673,66,Q2,130/295,21,95.24%,4.8,7,20
Revista Brasileira de Marketing,REV BRASIL MARK,UNIV NOVE de JULHO-UNINOVE,2398-631X,2177-5184,BUSINESS,ESCI,1294,0.6,Q4,0.07,97.06%,276/316,0.5,Q4,0.6,<0.1,296/317,Q4,6.78,0.00011,0.02554,0.066,12.8,Q4,273/295,21,95.24%,10.4,9.6,20
EuroMed Journal of Business,EUROMED J BUS,EMERALD GROUP PUBLISHING LTD,1450-2194,1758-888X,BUSINESS,ESCI,1291,3.9,Q2,0.79,7.51%,111/316,4.6,Q2,3.3,0.7,123/317,Q2,61.36,0.00091,0.20328,0.548,65,Q3,155/295,62,98.39%,3.7,6,61
Journal of Enterprising Communities-People and Places in the Global Economy,J ENTERP COMMUNITIES,EMERALD GROUP PUBLISHING LTD,1750-6204,1750-6212,BUSINESS,ESCI,1290,2.5,Q3,0.49,5.69%,174/316,3,Q3,2.2,0.3,190/317,Q3,40.22,0.00083,0.18676,0.391,45.1,Q3,201/295,32,96.88%,4.6,6.9,31
Journal of Social Entrepreneurship,J SOC ENTREP,"ROUTLEDGE JOURNALS, TAYLOR & FRANCIS LTD",2634-4505,1942-0684,BUSINESS,ESCI,1277,1.8,Q3,0.4,21.26%,203/316,3.6,Q2,1.4,0.8,208/317,Q3,34.54,0.0009,0.20084,0.552,35.9,Q3,153/295,48,97.92%,4.8,8.6,47
International Journal of Gender and Entrepreneurship,INT J GEND ENTREP,EMERALD GROUP PUBLISHING LTD,1947-2579,1756-6274,BUSINESS,ESCI,1228,3.4,Q2,0.61,20.90%,129/316,4.6,Q2,2.5,0.3,156/317,Q2,50.95,0.00063,0.14052,0.747,59.3,Q2,116/295,31,100.00%,7.5,7.8,31
International Journal of Business Communication,INT J BUS COMMUN,SAGE PUBLICATIONS INC,2673-611X,2329-4892,BUSINESS,SSCI,1225,3.1,Q2,1.1,7.96%,142/316,4,Q2,2.4,1.1,77/317,Q1,75.87,0.00123,0.27466,0.707,55.2,Q2,123/295,40,100.00%,4.4,9.8,40
JOURNAL OF CONSUMER POLICY,J CONSUM POLICY,SPRINGER,2381-4683,1573-0700,BUSINESS,ESCI,1225,1.6,Q3,0.35,61.76%,215/316,2.5,Q3,1.4,0.6,222/317,Q3,30.13,0.00072,0.16083,0.683,32.1,Q2,128/295,18,94.44%,10.7,7.9,17
European Research on Management and Business Economics,EUR RES MANAG BUS EC,ELSEVIER SCI LTD,2373-7492,2444-8842,BUSINESS,SSCI,1212,6.4,Q1,1.72,96.43%,45/316,6.7,Q1,5.8,1.2,26/317,Q1,91.96,0.00092,0.20688,0.912,85.9,Q2,98/295,32,93.75%,3.9,7.2,30
Journal of Asia Business Studies,J ASIA BUS STUD,EMERALD GROUP PUBLISHING LTD,1558-7894,1559-2243,BUSINESS,ESCI,1212,3,Q2,0.53,1.88%,148/316,3.5,Q2,2.6,0.7,181/317,Q3,43.06,0.00075,0.16798,0.381,53.3,Q3,204/295,74,100.00%,4.3,7.8,74
Competition & Change,COMPET CHANG,SAGE PUBLICATIONS LTD,2564-1891,1477-2221,BUSINESS,SSCI,1209,3.4,Q2,0.87,55.45%,129/316,4.3,Q2,2.9,0.7,112/317,Q2,64.83,0.00211,0.47149,1.587,59.3,Q1,59/295,39,100.00%,4.8,6.7,39
Information Systems and E-Business Management,INF SYST E-BUS MANAG,SPRINGER HEIDELBERG,2368-7460,1617-9854,BUSINESS,SSCI,1205,3.6,Q2,0.6,59.78%,121/316,3.3,Q3,3.5,0.9,159/317,Q3,50,0.00076,0.16985,0.522,61.9,Q3,163/295,28,100.00%,5.7,7.6,28
BRQ-Business Research Quarterly,BRQ-BUS RES Q,SAGE PUBLICATIONS INC,2192-4007,2340-9444,BUSINESS,SSCI,1199,3.4,Q2,0.68,90.32%,129/316,4.5,Q2,3.3,0.8,146/317,Q2,54.1,0.00102,0.22743,0.862,59.3,Q2,105/295,19,100.00%,5.3,9.9,19
Journal of Marketing Analytics,J MARK ANAL,PALGRAVE MACMILLAN LTD,2688-8319,2050-3326,BUSINESS,ESCI,1174,3.5,Q2,0.62,26.26%,125/316,5,Q2,2.7,0.9,153/317,Q2,51.89,0.0011,0.24508,0.711,60.6,Q2,122/295,85,97.65%,3.5,6.3,83
International Review of Retail Distribution and Consumer Research,INT REV RETAIL DISTR,"ROUTLEDGE JOURNALS, TAYLOR & FRANCIS LTD",0959-3969,1466-4402,BUSINESS,ESCI,1167,3,Q2,0.5,38.83%,148/316,3.2,Q3,2.7,0.4,186/317,Q3,41.48,0.00058,0.12992,0.468,53.3,Q3,176/295,34,100.00%,7.4,7.5,34
JOURNAL OF FOOD PRODUCTS MARKETING,J FOOD PROD MARK,"ROUTLEDGE JOURNALS, TAYLOR & FRANCIS LTD",2590-2296,1540-4102,BUSINESS,ESCI,1158,2.4,Q3,0.62,24.07%,179/316,3.3,Q3,2.3,0.5,153/317,Q2,51.89,0.00056,0.12535,0.509,43.5,Q3,169/295,13,100.00%,6.8,7.2,13
Measuring Business Excellence,MEAS BUS EXCELL,EMERALD GROUP PUBLISHING LTD,2976-5390,1758-8057,BUSINESS,ESCI,1150,2.8,Q3,0.54,12.79%,159/316,3.4,Q2,2.6,0.4,177/317,Q3,44.32,0.00059,0.13174,0.451,49.8,Q3,180/295,37,100.00%,5.9,6.4,37
International Journal of Engineering Business Management,INT J ENG BUS MANAG,SAGE PUBLICATIONS INC,1847-9790,1847-9790,BUSINESS,ESCI,1148,5,Q1,0.73,91.89%,76/316,5.1,Q2,4.8,1.5,134/317,Q2,57.89,0.0008,0.17869,0.669,76.1,Q2,134/295,23,95.65%,4.2,5.5,22
Asia-Pacific Journal of Business Administration,ASIA-PAC J BUS ADM,EMERALD GROUP PUBLISHING LTD,2692-4366,1757-4331,BUSINESS,ESCI,1135,4.6,Q2,0.77,2.63%,89/316,4.5,Q2,4.3,0.9,126/317,Q2,60.41,0.00083,0.18628,0.541,72,Q3,158/295,53,98.11%,3.3,5.5,52
Journal of International Business Policy,J INT BUS POLICY,SPRINGERNATURE,2603-6479,2522-0705,BUSINESS,ESCI,1135,4.4,Q2,0.98,48.21%,97/316,7.4,Q1,3.6,1.9,89/317,Q2,72.08,0.00196,0.43748,2.109,69.5,Q1,44/295,16,100.00%,4.1,7,16
Journal of Financial Services Marketing,J FINANC SERV MARK,PALGRAVE MACMILLAN LTD,1363-0539,1479-1846,BUSINESS,ESCI,1124,4.3,Q2,0.76,11.76%,101/316,4.1,Q2,3.8,0.9,131/317,Q2,58.83,0.00064,0.14458,0.435,68.2,Q3,183/295,28,96.43%,3,5.6,27
CANADIAN JOURNAL OF ADMINISTRATIVE SCIENCES-REVUE CANADIENNE DES SCIENCES DE L ADMINISTRATION,CAN J ADM SCI,WILEY,0825-0383,1936-4490,BUSINESS,SSCI,1101,0.9,Q4,0.23,18.09%,262/316,1.5,Q4,0.8,0.3,252/317,Q4,20.66,0.00047,0.10475,0.298,17.2,Q4,226/295,25,96.00%,9.8,9.8,24
Journal of International Entrepreneurship,J INT ENTREP,SPRINGER,1570-7385,1573-7349,BUSINESS,ESCI,1099,2.9,Q2,0.52,28.33%,155/316,4.1,Q2,2.1,0.5,183/317,Q3,42.43,0.00045,0.10059,0.596,51.1,Q2,146/295,26,100.00%,8.2,9.3,26
Journal of Internet Commerce,J INTERNET COMMER,"ROUTLEDGE JOURNALS, TAYLOR & FRANCIS LTD",1533-2861,1533-287X,BUSINESS,ESCI,1090,4.3,Q2,0.75,5.71%,101/316,6.1,Q2,4,0.6,132/317,Q2,58.52,0.00072,0.161,0.907,68.2,Q2,100/295,14,100.00%,5.3,5.4,14
Clothing and Textiles Research Journal,CLOTH TEXT RES J,SAGE PUBLICATIONS INC,2767-3197,1940-2473,BUSINESS,SSCI,1072,1.2,Q4,0.73,2.44%,239/316,2.3,Q3,1,<0.1,134/317,Q2,57.89,0.00041,0.09269,0.432,24.5,Q3,184/295,17,100.00%,12.6,9.1,17
Journal of Global Fashion Marketing,J GLOB FASH MARK,TAYLOR & FRANCIS LTD,2093-2685,2325-4483,BUSINESS,ESCI,1063,5.5,Q1,0.89,11.76%,65/316,4.5,Q2,4.8,1.8,105/317,Q2,67.03,0.00092,0.20638,0.81,79.6,Q2,108/295,22,100.00%,4.1,7,22
Journal of Marketing for Higher Education,J MARK HIGH EDUC,"ROUTLEDGE JOURNALS, TAYLOR & FRANCIS LTD",2817-1705,1540-7144,BUSINESS,SSCI,1061,2.1,Q3,0.78,16.13%,191/316,3,Q3,2,0.5,125/317,Q2,60.73,0.00057,0.12744,0.419,39.7,Q3,190/295,15,93.33%,6,11.8,14
Journal of Competitiveness,J COMPETITIVENESS,"UNIV TOMASE BATI & ZLINE, FAK MANAGEMENTU EKONOMIKY",1804-171X,1804-1728,BUSINESS,SSCI,1055,2.6,Q3,1.05,78.03%,171/316,3.5,Q2,2.4,0.7,82/317,Q2,74.29,0.00067,0.15058,0.42,46,Q3,189/295,48,100.00%,4.3,5.6,48
International Journal of Entrepreneurship and Innovation,INT J ENTREP INNOV,SAGE PUBLICATIONS INC,1465-7503,2043-6882,BUSINESS,ESCI,1048,2.2,Q3,0.41,40.65%,187/316,2.9,Q3,1.6,0.7,204/317,Q3,35.8,0.00054,0.12088,0.402,41,Q3,198/295,38,100.00%,6,6.1,38
Vision-The Journal of Business Perspective,VISION-INDIA,SAGE PUBLICATIONS INDIA PVT LTD,2534-9708,2249-5304,BUSINESS,ESCI,1038,3.1,Q2,0.6,4.05%,142/316,3,Q3,3.1,1.3,159/317,Q3,50,0.00071,0.159,0.409,55.2,Q3,196/295,53,88.68%,4.1,12,47
Social Enterprise Journal,SOC ENTERP J,EMERALD GROUP PUBLISHING LTD,1750-8614,1750-8533,BUSINESS,ESCI,1035,3.5,Q2,0.6,11.61%,125/316,3.3,Q3,2.8,0.3,159/317,Q3,50,0.0006,0.13447,0.52,60.6,Q3,164/295,61,96.72%,6.3,7.8,59
Consumption Markets & Culture,CONSUMP MARK CULT,"ROUTLEDGE JOURNALS, TAYLOR & FRANCIS LTD",2367-8194,1477-223X,BUSINESS,SSCI,1025,2.3,Q3,0.41,42.47%,183/316,2.4,Q3,1.9,0.3,204/317,Q3,35.8,0.00119,0.26628,0.886,42.2,Q2,103/295,16,93.75%,7.8,11.3,15
Journal of African Business,J AFR BUS,"ROUTLEDGE JOURNALS, TAYLOR & FRANCIS LTD",1522-8916,1522-9076,BUSINESS,ESCI,1006,1.8,Q3,0.36,11.93%,203/316,2.5,Q3,1.7,0.4,220/317,Q3,30.76,0.00059,0.13348,0.347,35.9,Q3,213/295,38,100.00%,5.5,9.3,38
BUSINESS HISTORY REVIEW,BUS HIST REV,CAMBRIDGE UNIV PRESS,2752-8499,2044-768X,BUSINESS,SSCI,981,1.2,Q4,0.69,18.92%,239/316,1.5,Q4,1.1,0.1,143/317,Q2,55.05,0.00093,0.20818,0.963,24.5,Q2,87/295,21,85.71%,15.2,31.2,18
Journal of Global Marketing,J GLOB MARK,TAYLOR & FRANCIS LTD,0891-1762,1528-6975,BUSINESS,ESCI,978,4.3,Q2,0.88,10.53%,101/316,,,3.6,0.5,109/317,Q2,65.77,0.00056,0.12663,,68.2,,,26,100.00%,5.7,7,26
Amfiteatru Economic,AMFITEATRU ECON,EDITURA ASE,2672-7080,2247-9104,BUSINESS,SSCI,966,2,Q3,0.54,91.40%,195/316,1.9,Q3,1.9,0.8,177/317,Q3,44.32,0.00057,0.12891,0.249,38.4,Q4,231/295,72,95.83%,4.5,4.3,69
Journal of Management Analytics,J MANAG ANAL,"ROUTLEDGE JOURNALS, TAYLOR & FRANCIS LTD",2327-0012,2327-0039,BUSINESS,SSCI,949,4.5,Q2,1.05,2.94%,94/316,5.8,Q2,4.2,1.9,82/317,Q2,74.29,0.001,0.22302,0.947,70.4,Q2,88/295,26,96.15%,4.3,7.1,25
Economics & Sociology,ECON SOCIOL,CENTER SOCIOLOGICAL RESEARCH,1989-9882,2306-3459,BUSINESS,ESCI,946,1.8,Q3,0.54,98.04%,203/316,1.6,Q4,1.4,0.4,177/317,Q3,44.32,0.0006,0.13554,0.209,35.9,Q4,236/295,63,100.00%,4.4,6.3,63
Journal of the Association for Consumer Research,J ASSOC CONSUM RES,UNIV CHICAGO PRESS,2752-3349,2378-1823,BUSINESS,ESCI,930,2.2,Q3,0.63,0.82%,187/316,,,2,1.8,151/317,Q2,52.52,0.00222,0.49532,,41,,,38,97.37%,4.9,9.5,37
FIIB Business Review,FIIB BUS REV,SAGE PUBLICATIONS INDIA PVT LTD,2752-5082,2455-2658,BUSINESS,ESCI,911,2.8,Q3,0.61,2.08%,159/316,2.5,Q3,2.6,0.8,156/317,Q2,50.95,0.00085,0.18951,0.34,49.8,Q3,218/295,43,93.02%,2.5,6.2,40
Asian Business & Management,ASIAN BUS MANAG,PALGRAVE MACMILLAN LTD,2376-6808,1476-9328,BUSINESS,SSCI,908,2.8,Q3,0.5,13.83%,159/316,3.2,Q3,2.5,1.3,186/317,Q3,41.48,0.00075,0.16879,0.516,49.8,Q3,165/295,23,91.30%,4.5,10.2,21
Spanish Journal of Marketing-ESIC,SPAN J MARK-ESIC,EMERALD GROUP PUBLISHING LTD,2236-3777,2444-9709,BUSINESS,ESCI,891,5.3,Q1,1.27,96.63%,69/316,,,5,1.7,59/317,Q1,81.55,0.00061,0.1369,,78.3,,,48,91.67%,4,5.9,44
Multinational Business Review,MULTINATL BUS REV,EMERALD GROUP PUBLISHING LTD,1525-383X,2054-1686,BUSINESS,SSCI,891,2.7,Q3,0.48,8.11%,164/316,3.3,Q3,2.3,0.1,191/317,Q3,39.91,0.00063,0.14196,0.621,48.3,Q2,142/295,28,92.86%,6.3,9.5,26
European Journal of Management and Business Economics,EUR J MANAG BUS ECON,EMERALD GROUP PUBLISHING LTD,2444-8451,2444-8494,BUSINESS,ESCI,861,3.7,Q2,1.16,99.19%,119/316,4.1,Q2,3.4,1.6,70/317,Q1,78.08,0.00058,0.12982,0.543,62.5,Q3,157/295,47,100.00%,4,7,47
Eurasian Business Review,EURASIAN BUS REV,SPRINGER HEIDELBERG,2673-4133,2147-4281,BUSINESS,SSCI,856,3.5,Q2,1.03,43.68%,125/316,3.7,Q2,3.1,1.1,84/317,Q2,73.66,0.00068,0.1526,0.616,60.6,Q2,143/295,32,100.00%,4.6,10.8,32
Sport Marketing Quarterly,SPORT MARKET Q,FIT PUBLISHING,2673-7159,1557-2528,BUSINESS,SSCI,810,1.4,Q3,0.35,0.00%,224/316,1.9,Q3,1.2,0.2,222/317,Q3,30.13,0.00036,0.08089,0.418,29.3,Q3,191/295,18,100.00%,12.2,10.4,18
Journal of Global Entrepreneurship Research,J GLOB ENTREP RES,SPRINGEROPEN,2228-7566,2251-7316,BUSINESS,ESCI,793,1.4,Q3,0.22,5.61%,224/316,2.7,Q3,1.1,0.4,255/317,Q4,19.72,0.00045,0.10199,0.337,29.3,Q3,220/295,46,84.78%,5.7,7.5,39
Journal of Financial Counseling and Planning,J FINANC COUNS PLAN,SPRINGER PUBLISHING CO,2588-3526,1947-7910,BUSINESS,ESCI,784,1.9,Q3,0.52,0.00%,197/316,2.2,Q3,0.9,0.3,183/317,Q3,42.43,0.00039,0.08752,0.341,37.8,Q3,216/295,27,96.30%,7.6,7.5,26
JOURNAL OF BUSINESS AND TECHNICAL COMMUNICATION,J BUS TECH COMMUN,SAGE PUBLICATIONS INC,2950-5097,1552-4574,BUSINESS,SSCI,782,2,Q3,0.65,4.17%,195/316,2.6,Q3,1.7,1.1,148/317,Q2,53.47,0.0004,0.09012,0.528,38.4,Q3,161/295,20,100.00%,8.7,6.3,20
Journal of Developmental Entrepreneurship,J DEV ENTREP,WORLD SCIENTIFIC PUBL CO PTE LTD,1084-9467,1793-706X,BUSINESS,ESCI,782,0.7,Q4,0.17,0.00%,272/316,1.5,Q4,0.6,0.2,267/317,Q4,15.93,0.00024,0.05398,0.229,14.1,Q4,233/295,28,100.00%,12.1,8.1,28
Entrepreneurship Research Journal,ENTREP RES J,WALTER DE GRUYTER GMBH,2194-6175,2157-5665,BUSINESS,SSCI,777,2.3,Q3,0.5,6.86%,183/316,2.4,Q3,2.2,0.6,186/317,Q3,41.48,0.00064,0.14332,0.425,42.2,Q3,186/295,17,100.00%,4.3,9.1,17
Transformations in Business & Economics,TRANSFORM BUS ECON,VILNIUS UNIV,1467-8489,,BUSINESS,SSCI,771,1.6,Q3,0.37,0.00%,215/316,1.1,Q4,1.6,0.2,218/317,Q3,31.39,0.00049,0.10916,0.131,32.1,Q4,256/295,105,98.10%,3.6,5.6,103
International Journal of Fashion Design Technology and Education,INT J FASH DES TECHN,TAYLOR & FRANCIS LTD,2305-6290,1754-3274,BUSINESS,ESCI,755,2.2,Q3,0.48,18.59%,187/316,2.5,Q3,2,0.1,191/317,Q3,39.91,0.00058,0.13041,0.384,41,Q3,203/295,49,100.00%,4.6,6.2,49
Journal of International Food & Agribusiness Marketing,J INT FOOD AGRIBUS M,"ROUTLEDGE JOURNALS, TAYLOR & FRANCIS LTD",0897-4438,1528-6983,BUSINESS,ESCI,741,2.7,Q3,0.79,10.57%,164/316,,,2.5,0.9,123/317,Q2,61.36,0.00032,0.0723,,48.3,,,57,100.00%,5.8,7.5,57
BUSINESS AND SOCIETY REVIEW,BUS SOC REV,WILEY,0045-3609,1467-8594,BUSINESS,ESCI,739,1.8,Q3,0.41,27.68%,203/316,2,Q3,1.6,0.3,204/317,Q3,35.8,0.00041,0.09143,0.369,35.9,Q3,206/295,39,97.44%,8.6,8.1,38
International Journal of Business and Society,INT J BUS SOC,"UNIV MALAYSIA SARAWAK, FAC ECONOMICS & BUSINESS",2769-2140,1511-6670,BUSINESS,ESCI,735,0.8,Q4,0.14,93.63%,268/316,0.9,Q4,0.7,0.1,276/317,Q4,13.09,0.00041,0.09201,0.111,15.3,Q4,260/295,71,98.59%,5.3,5.8,70
Critical Perspectives on International Business,CRIT PERSPECT INT BU,EMERALD GROUP PUBLISHING LTD,1742-2043,1758-6062,BUSINESS,ESCI,725,2.3,Q3,0.45,12.05%,183/316,2.7,Q3,1.4,0.8,197/317,Q3,38.01,0.00056,0.12492,0.534,42.2,Q3,160/295,44,97.73%,5.5,7,43
Asian Journal of Technology Innovation,ASIAN J TECHNOL INNO,"ROUTLEDGE JOURNALS, TAYLOR & FRANCIS LTD",2689-3010,2158-6721,BUSINESS,SSCI,723,1.7,Q3,0.42,8.16%,212/316,2.7,Q3,1.5,0.7,201/317,Q3,36.75,0.00046,0.10434,0.393,33.1,Q3,200/295,46,100.00%,4.8,9.2,46
Review of International Business and Strategy,REV INT BUS STRATEGY,EMERALD GROUP PUBLISHING LTD,2658-7734,1758-8529,BUSINESS,ESCI,695,3.3,Q2,0.59,4.65%,134/316,3.3,Q3,2.9,0.7,165/317,Q3,48.11,0.00049,0.10971,0.413,57.8,Q3,192/295,32,96.88%,3.9,9,31
Journal of Social Marketing,J SOC MARKET,EMERALD GROUP PUBLISHING LTD,1695-5498,2042-6771,BUSINESS,SSCI,688,2.6,Q3,0.5,5.00%,171/316,2.8,Q3,2.2,0.4,186/317,Q3,41.48,0.00053,0.11894,0.451,46,Q3,180/295,18,94.44%,4.9,6.5,17
Journal of Indian Business Research,J INDIAN BUS RES,EMERALD GROUP PUBLISHING LTD,1755-4195,1755-4209,BUSINESS,ESCI,682,2.7,Q3,0.47,0.00%,164/316,3.1,Q3,2.7,0.3,195/317,Q3,38.64,0.0004,0.08907,0.405,48.3,Q3,197/295,23,95.65%,5,8,22
Journal of Current Issues and Research In Advertising,J CURR ISS RES AD,TAYLOR & FRANCIS LTD,1064-1734,2164-7313,BUSINESS,ESCI,665,2.9,Q2,1.29,15.00%,155/316,3.2,Q3,2.6,1.4,58/317,Q1,81.86,0.0007,0.1568,0.743,51.1,Q2,117/295,35,100.00%,4.5,7.4,35
Society and Business Review,SOC BUS REV,EMERALD GROUP PUBLISHING LTD,1746-5680,1746-5699,BUSINESS,ESCI,663,4.6,Q2,0.7,2.35%,89/316,3.4,Q2,4.5,0.4,141/317,Q2,55.68,0.00061,0.13606,0.512,72,Q3,167/295,24,100.00%,3.3,9.6,24
Journal of Nonprofit & Public Sector Marketing,J NONPROFIT PUBLIC S,"ROUTLEDGE JOURNALS, TAYLOR & FRANCIS LTD",1049-5142,1540-6997,BUSINESS,ESCI,658,1.3,Q3,0.23,18.46%,234/316,1.9,Q3,1.1,0.3,252/317,Q4,20.66,0.00041,0.0928,0.38,26.1,Q3,205/295,35,100.00%,7.1,8.7,35
Journal of Global Scholars of Marketing Science,J GLOB SCHOLARS MARK,"ROUTLEDGE JOURNALS, TAYLOR & FRANCIS LTD",2163-9159,2163-9167,BUSINESS,ESCI,643,2.7,Q3,0.44,1.49%,164/316,2.3,Q3,2.3,0.7,199/317,Q3,37.38,0.00049,0.11016,0.358,48.3,Q3,210/295,23,100.00%,4.2,6.9,23
RAE-Revista de Administracao de Empresas,RAE-REV ADMIN EMPRES,FUNDACAO GETULIO VARGAS,0034-7590,2178-938X,BUSINESS,SSCI,616,0.6,Q4,0.1,89.24%,276/316,0.9,Q4,0.5,0.2,288/317,Q4,9.31,0.00032,0.07341,0.19,12.8,Q4,242/295,46,95.65%,8.5,7.6,44
International Review on Public and Nonprofit Marketing,INT REV PUB NON MARK,SPRINGER HEIDELBERG,2168-1007,1865-1992,BUSINESS,ESCI,610,2.1,Q3,0.37,24.47%,191/316,2.3,Q3,1.8,0.7,218/317,Q3,31.39,0.00047,0.10639,0.36,39.7,Q3,209/295,30,96.67%,4.4,6.9,29
European Business Organization Law Review,EUR BUS ORGAN LAW RE,SPRINGER HEIDELBERG,1566-7529,1741-6205,BUSINESS,SSCI,607,2.7,Q3,1.52,65.26%,164/316,2.8,Q3,2.6,0.3,36/317,Q1,88.8,0.00075,0.16747,0.615,48.3,Q2,144/295,27,100.00%,4.4,5.5,27
ENTERPRISE & SOCIETY,ENTERP SOC,CAMBRIDGE UNIV PRESS,2719-3454,1467-2235,BUSINESS,SSCI,602,0.9,Q4,0.54,56.82%,262/316,1.1,Q4,0.8,0.2,177/317,Q3,44.32,0.00115,0.25691,0.673,17.2,Q2,130/295,49,97.96%,8.6,20.6,48
Asia Pacific Journal of Innovation and Entrepreneurship,ASIA PAC J INNOV ENT,EMERALD GROUP PUBLISHING LTD,2071-1395,2398-7812,BUSINESS,ESCI,596,3.8,Q2,0.82,94.00%,115/316,4.2,Q2,3.5,0.5,120/317,Q2,62.3,0.0003,0.06756,0.469,63.8,Q3,174/295,24,95.83%,5.3,5.4,23
Journal of Research in Marketing and Entrepreneurship,J RES MARK ENTREP,EMERALD GROUP PUBLISHING LTD,1471-5201,1471-521X,BUSINESS,ESCI,570,3.1,Q2,0.53,3.85%,142/316,2.9,Q3,2.3,1,181/317,Q3,43.06,0.00028,0.06351,0.354,55.2,Q3,212/295,22,100.00%,5,7.7,22
Journal of Business-to-Business Marketing,J BUS-BUS MARK,"ROUTLEDGE JOURNALS, TAYLOR & FRANCIS LTD",2630-5488,1547-0628,BUSINESS,SSCI,563,2.5,Q3,0.44,9.68%,174/316,2.6,Q3,1.9,0.1,199/317,Q3,37.38,0.00038,0.08579,0.421,45.1,Q3,187/295,45,93.33%,5.8,8.5,42
Journal of Organization Design,J ORGAN DES,SPRINGERNATURE,2245-408X,2245-408X,BUSINESS,ESCI,547,1.7,Q3,0.39,57.69%,212/316,2.3,Q3,1.4,0.5,212/317,Q3,33.28,0.00067,0.14947,0.945,33.1,Q2,90/295,12,100.00%,6.4,10.5,12
Service Science,SERV SCI,INFORMS,2164-3962,2164-3970,BUSINESS,SSCI,532,1.3,Q3,0.4,0.00%,234/316,2.5,Q3,1.2,0.8,208/317,Q3,34.54,0.00059,0.133,0.89,26.1,Q2,101/295,17,100.00%,7,6.8,17
Transnational Corporations Review,TRANSNATL CORP REV,ELSEVIER SCIENCE INC,1918-6444,1925-2099,BUSINESS,ESCI,531,1.8,Q3,0.48,63.22%,203/316,2.1,Q3,1.6,1,191/317,Q3,39.91,0.00042,0.09425,0.317,35.9,Q4,223/295,32,90.63%,4.3,10.3,29
South Asian Journal of Business Studies,S ASIAN J BUS STUD,EMERALD GROUP PUBLISHING LTD,2636-8943,2398-6298,BUSINESS,ESCI,525,1.4,Q3,0.39,0.00%,224/316,2.9,Q3,1.3,0.1,212/317,Q3,33.28,0.00038,0.08556,0.343,29.3,Q3,215/295,14,100.00%,4.6,6.7,14
Social Marketing Quarterly,SOC MARK Q,SAGE PUBLICATIONS LTD,1524-5004,1539-4093,BUSINESS,ESCI,522,1.4,Q3,0.38,23.08%,224/316,2.2,Q3,1,0.4,214/317,Q3,32.65,0.00031,0.07097,0.412,29.3,Q3,193/295,16,100.00%,7,7.3,16
Journal of Entrepreneurship,J ENTREP,SAGE PUBLICATIONS INDIA PVT LTD,2630-6220,0973-0745,BUSINESS,ESCI,517,1.9,Q3,0.38,16.67%,197/316,2.7,Q3,1.4,0.6,214/317,Q3,32.65,0.00029,0.06573,0.398,37.8,Q3,199/295,23,100.00%,5.8,8.8,23
Digital Business,DIGIT BUS,ELSEVIER,2368-9587,2666-9544,BUSINESS,ESCI,514,7.2,Q1,1.32,95.18%,34/316,7.3,Q1,6.2,1,53/317,Q1,83.44,0.0005,0.1124,0.969,89.4,Q2,86/295,30,96.67%,2.4,4.8,29
RAUSP Management Journal,RAUSP MANAG J,EMERALD GROUP PUBLISHING LTD,2531-0488,2531-0488,BUSINESS,ESCI,514,2.2,Q3,0.36,96.88%,187/316,3.4,Q2,2.1,0.5,220/317,Q3,30.76,0.00057,0.12743,0.553,41,Q3,151/295,21,90.48%,5.1,8,19
International Journal of the Economics of Business,INT J ECON BUS,"ROUTLEDGE JOURNALS, TAYLOR & FRANCIS LTD",1357-1516,1466-1829,BUSINESS,ESCI,513,0.9,Q4,0.3,26.32%,262/316,1.7,Q3,0.9,<0.1,235/317,Q3,26.03,0.0005,0.11341,0.672,17.2,Q2,132/295,15,86.67%,13.1,10.9,13
Project Leadership and Society,PROJ LEADERSH SOC,ELSEVIER,2666-7215,2666-7215,BUSINESS,ESCI,509,4.5,Q2,0.89,91.82%,94/316,5.1,Q2,3.8,1,105/317,Q2,67.03,0.00049,0.10909,0.697,70.4,Q2,127/295,53,88.68%,2.7,7.3,47
Journal of Media Business Studies,J MEDIA BUS STUD,"ROUTLEDGE JOURNALS, TAYLOR & FRANCIS LTD",1652-2354,2376-2977,BUSINESS,ESCI,508,1.4,Q3,0.26,34.78%,224/316,2.4,Q3,1.1,0.6,244/317,Q4,23.19,0.00037,0.08311,0.525,29.3,Q3,162/295,22,100.00%,6.2,7.1,22
Innovative Marketing,INNOV MARKET,LLC CPC BUSINESS PERSPECTIVES,1814-2427,1816-6326,BUSINESS,ESCI,508,1.2,Q4,0.27,99.60%,239/316,,,1.1,0.3,241/317,Q4,24.13,0.00029,0.06532,,24.5,,,91,100.00%,3.5,6.1,91
QME-Quantitative Marketing and Economics,QME-QUANT MARK ECON,SPRINGER,1570-7156,1573-711X,BUSINESS,SSCI,503,1.1,Q4,0.51,41.86%,250/316,1.5,Q4,1.1,0.5,185/317,Q3,41.8,0.00088,0.19731,1.726,21,Q1,55/295,13,100.00%,12.5,9.9,13
South African Journal of Business Management,S AFR J BUS MANAG,AOSIS,2078-5585,2078-5976,BUSINESS,SSCI,488,1.2,Q4,0.24,100.00%,239/316,1.5,Q4,1,0.3,248/317,Q4,21.92,0.00021,0.04874,0.193,24.5,Q4,241/295,57,98.25%,6.6,6.3,56
Recherche et Applications en Marketing-English Edition,RECH APPL MARKET-ENG,SAGE PUBLICATIONS INC,2051-5707,2051-5707,BUSINESS,ESCI,479,1,Q4,0.18,1.89%,258/316,1.3,Q4,0.7,1.1,264/317,Q4,16.88,0.00022,0.05057,0.261,18.5,Q4,229/295,16,87.50%,8.6,10,14
Academia-Revista Latinoamericana de Administracion,ACAD-REV LATINOAM AD,EMERALD GROUP PUBLISHING LTD,1012-8255,2056-5127,BUSINESS,SSCI,477,1.4,Q3,0.34,8.14%,224/316,1.6,Q4,1.2,1.1,227/317,Q3,28.55,0.00023,0.05325,0.209,29.3,Q4,236/295,35,97.14%,5.1,6.7,34
Services Marketing Quarterly,SERV MARK Q,TAYLOR & FRANCIS LTD,2193-7532,1533-2977,BUSINESS,ESCI,466,1.6,Q3,0.32,7.58%,215/316,,,1.3,0.7,230/317,Q3,27.6,0.00013,0.02999,,32.1,,,22,100.00%,8,6.3,22
Journal of Industry Competition & Trade,J IND COMPET TRADE,SPRINGER,1566-1679,1573-7012,BUSINESS,ESCI,454,0.6,Q4,0.14,26.42%,276/316,1.6,Q4,0.5,1,276/317,Q4,13.09,0.00065,0.14643,0.666,12.8,Q2,136/295,20,100.00%,6.2,7,20
Journal of Entrepreneurship Management and Innovation,J ENTREP MANAG INNOV,Cognitione Foundation for the Dissemination of Knowledge and Science,2299-7075,2299-7326,BUSINESS,ESCI,435,2.4,Q3,0.48,100.00%,179/316,2.1,Q3,2.2,1.3,191/317,Q3,39.91,0.00025,0.0578,0.257,43.5,Q4,230/295,25,100.00%,4.2,7.4,25
Business and Human Rights Journal,BUS HUM RIGHTS J,CAMBRIDGE UNIV PRESS,2631-7877,2057-0201,BUSINESS,ESCI,435,1.4,Q3,1.33,65.17%,224/316,1.9,Q3,1.3,0.6,50/317,Q1,84.38,0.00087,0.19373,0.672,29.3,Q2,132/295,16,100.00%,3.7,8.5,16
Health Marketing Quarterly,HEALTH MARK Q,TAYLOR & FRANCIS LTD,0735-9683,1545-0864,BUSINESS,ESCI,430,1.6,Q3,0.62,16.44%,215/316,,,1.2,0.6,153/317,Q2,51.89,0.00019,0.04444,,32.1,,,25,100.00%,9.6,6.9,25
Small Enterprise Research,SMALL ENTERP RES,"ROUTLEDGE JOURNALS, TAYLOR & FRANCIS LTD",1321-5906,1175-0979,BUSINESS,ESCI,428,1.8,Q3,0.35,20.00%,203/316,2.1,Q3,1.7,0.4,222/317,Q3,30.13,0.00026,0.05927,0.341,35.9,Q3,216/295,10,100.00%,6,10,10
International Journal of Indian Culture and Business Management,INT J INDIAN CULT BU,INDERSCIENCE ENTERPRISES LTD,1753-0806,1753-0814,BUSINESS,ESCI,423,0.6,Q4,0.11,0.00%,276/316,0.7,Q4,0.3,0.1,286/317,Q4,9.94,0.00013,0.02893,0.045,12.8,Q4,279/295,88,97.73%,5.1,9.2,86
RBGN-Revista Brasileira de Gestao de Negocios,RBGN-REV BRAS GEST N,FUND ESCOLA COMERCIO ALVARES PENTEADO-FECAP,1806-4892,1983-0807,BUSINESS,SSCI,422,0.8,Q4,0.15,98.97%,268/316,1.1,Q4,0.8,0.1,273/317,Q4,14.04,0.00033,0.0747,0.206,15.3,Q4,239/295,27,100.00%,5.5,9.1,27
Management & Marketing,MANAG MARK,SCIENDO,1842-0206,2069-8887,BUSINESS,ESCI,419,1.2,Q4,0.31,98.94%,239/316,1.7,Q3,1.1,0.1,234/317,Q3,26.34,0.00024,0.0553,0.207,24.5,Q4,238/295,32,100.00%,4.8,5.9,32
Foundations and Trends in Entrepreneurship,FOUND TRENDS ENTREP,NOW PUBLISHERS INC,1551-3114,1551-3122,BUSINESS,ESCI,405,1.7,Q3,0.35,0.00%,212/316,2.1,Q3,1.5,0.6,222/317,Q3,30.13,0.00021,0.04679,0.719,33.1,Q2,121/295,8,87.50%,10.4,5.9,7
INTERNATIONAL JOURNAL OF INTERNET MARKETING AND ADVERTISING,INT J INTERNET MARK,INDERSCIENCE ENTERPRISES LTD,1477-5212,1741-8100,BUSINESS,ESCI,404,1.9,Q3,0.35,0.00%,197/316,,,1.5,0.1,222/317,Q3,30.13,0.00025,0.05612,,37.8,,,35,100.00%,3.6,8.5,35
INTERNATIONAL JOURNAL OF LEARNING AND INTELLECTUAL CAPITAL,INT J LEARN INTELL C,INDERSCIENCE ENTERPRISES LTD,1479-4853,1479-4861,BUSINESS,ESCI,392,1.4,Q3,0.32,0.00%,224/316,,,0.8,0.4,230/317,Q3,27.6,0.00012,0.028,,29.3,,,32,100.00%,6.1,9.6,32
Frontiers of Business Research in China,FRONT BUS RES CHINA,HIGHER EDUCATION PRESS,1673-7326,1673-7431,BUSINESS,ESCI,388,0.3,Q4,0.16,0.00%,294/316,2,Q3,0.3,<0.1,271/317,Q4,14.67,0.00025,0.05592,0.325,7.1,Q4,222/295,21,95.24%,6,9.5,20
ENGINEERING ECONOMIST,ENG ECON,TAYLOR & FRANCIS INC,0013-791X,1547-2701,BUSINESS,SSCI,379,1.2,Q4,0.15,8.82%,239/316,1.2,Q4,1,<0.1,273/317,Q4,14.04,0.00016,0.03579,0.264,24.5,Q4,228/295,12,91.67%,12.8,11.1,11
Journal of Distribution Science,J DISTRIB SCI,KODISA Foundation,1738-3110,2093-7717,BUSINESS,ESCI,373,0.4,Q4,0.09,0.00%,293/316,,,0.3,0.1,292/317,Q4,8.04,0.00027,0.06094,,7.4,,,131,99.24%,4.2,7.3,130
Maritime Business Review,MARIT BUS REV,EMERALD GROUP PUBLISHING LTD,2397-3757,2397-3765,BUSINESS,ESCI,364,2.4,Q3,0.58,100.00%,179/316,2.4,Q3,2.1,0.3,169/317,Q3,46.85,0.00036,0.08163,0.411,43.5,Q3,194/295,20,100.00%,4,5.4,20
JOURNAL OF ENTERPRISING CULTURE,J ENTERPRISING CULT,WORLD SCIENTIFIC PUBL CO PTE LTD,0218-4958,1793-6330,BUSINESS,ESCI,354,0.6,Q4,0.15,2.78%,276/316,0.8,Q4,0.6,0.3,273/317,Q4,14.04,0.00008,0.01942,0.14,12.8,Q4,253/295,6,100.00%,11.2,14.9,6
Journal of Asian Business and Economic Studies,J ASIAN BUS ECON ST,EMERALD GROUP PUBLISHING LTD,2515-964X,2515-964X,BUSINESS,ESCI,348,3.6,Q2,1.1,96.88%,121/316,3.4,Q2,3.6,0.7,77/317,Q1,75.87,0.00033,0.07517,0.475,61.9,Q3,172/295,30,100.00%,3.4,9.3,30
AMERICAN BUSINESS LAW JOURNAL,AM BUS LAW J,WILEY,0002-7766,1744-1714,BUSINESS,SSCI,324,1.5,Q3,0.9,37.21%,221/316,1.8,Q3,1.3,0.3,102/317,Q2,67.98,0.00036,0.08067,0.566,30.2,Q3,150/295,13,100.00%,6.6,7.4,13
Journal of the International Council for Small Business,J INT COUNC SMALL BU,TAYLOR & FRANCIS LTD,2643-7015,2643-7023,BUSINESS,ESCI,270,1.5,Q3,0.32,19.61%,221/316,,,0.9,0.8,230/317,Q3,27.6,0.00016,0.03654,,30.2,,,82,100.00%,2.2,6.7,82
International Journal of E-Business Research,INT J E-BUS RES,IGI GLOBAL,1548-1131,1548-114X,BUSINESS,ESCI,267,1.9,Q3,0.28,96.61%,197/316,1.4,Q4,1.9,0.2,238/317,Q4,25.08,0.00019,0.04321,0.216,37.8,Q4,235/295,6,83.33%,4.5,8.8,5
Journal of World Energy Law & Business,J WORLD ENERGY LAW B,OXFORD UNIV PRESS,1754-9957,1754-9965,BUSINESS,SSCI,261,1.1,Q4,0.77,30.39%,250/316,0.9,Q4,1,0.5,126/317,Q2,60.41,0.00029,0.06646,0.217,21,Q4,234/295,23,100.00%,4.3,9.2,23
Pacific Business Review International,PAC BUS REV INT,PACIFIC INST MANAGEMENT,0974-438X,0974-438X,BUSINESS,ESCI,261,0.1,Q4,0.02,0.00%,309/316,0.1,Q4,0.1,0.1,311/317,Q4,2.05,0.00009,0.02074,0.016,2.4,Q4,295/295,148,93.24%,6.5,7.2,138
Journal of Creating Value,J CREAT VALUE,SAGE PUBLICATIONS INC,2394-9643,2454-213X,BUSINESS,ESCI,256,1.5,Q3,0.24,14.55%,221/316,,,1,0.4,248/317,Q4,21.92,0.00017,0.03864,,30.2,,,17,100.00%,5.7,8.6,17
Foreign Trade Review,FOREIGN TRADE REV,SAGE PUBLICATIONS INDIA PVT LTD,0015-7325,0971-7625,BUSINESS,ESCI,256,1,Q4,0.27,5.49%,258/316,1.3,Q4,0.9,0.3,241/317,Q4,24.13,0.00026,0.05876,0.239,18.5,Q4,232/295,30,100.00%,4.4,11.1,30
Business Systems Research Journal,BUS SYST RES J,SCIENDO,1847-8344,1847-9375,BUSINESS,ESCI,249,1.2,Q4,0.21,100.00%,239/316,1.3,Q4,1,0.1,260/317,Q4,18.14,0.00019,0.04449,0.183,24.5,Q4,243/295,23,100.00%,4.3,5.2,23
American Journal of Business,AM J BUS,EMERALD GROUP PUBLISHING LTD,1935-519X,1935-5181,BUSINESS,ESCI,243,1.8,Q3,0.32,3.03%,203/316,1.7,Q3,1.8,0.4,230/317,Q3,27.6,0.00012,0.02765,0.271,35.9,Q4,227/295,12,91.67%,7.6,9.1,11
Central European Business Review,CENT EUR BUS REV,Prague Univ Economics and Business,1805-4862,1805-4862,BUSINESS,ESCI,243,0.9,Q4,0.24,98.90%,262/316,1.3,Q4,0.8,0.4,248/317,Q4,21.92,0.00019,0.04243,0.18,17.2,Q4,244/295,29,93.10%,4.2,6.7,27
Indian Economic Review,INDIAN ECON REV,SPRINGERNATURE,0019-4670,2520-1778,BUSINESS,ESCI,239,0.6,Q4,0.17,10.75%,276/316,,,0.5,0.1,267/317,Q4,15.93,0.00027,0.06068,,12.8,,,27,100.00%,7,11.6,27
Journal of Historical Research in Marketing,J HIST RES MARKETING,EMERALD GROUP PUBLISHING LTD,1755-750X,1755-7518,BUSINESS,ESCI,233,0.6,Q4,0.09,13.64%,276/316,0.7,Q4,0.4,0.1,292/317,Q4,8.04,0.0001,0.02388,0.146,12.8,Q4,251/295,14,92.86%,10.1,14.1,13
Journal of East-West Business,J EAST-WEST BUS,"ROUTLEDGE JOURNALS, TAYLOR & FRANCIS LTD",1066-9868,1528-6959,BUSINESS,ESCI,224,0.9,Q4,0.17,6.56%,262/316,1.4,Q4,0.9,0.1,267/317,Q4,15.93,0.00015,0.03366,0.206,17.2,Q4,239/295,17,100.00%,5.4,10.7,17
Cuadernos de Gestion,CUAD GEST,"UNIV PAIS VASCO, INST ECONOMIA APLICADA EMPRESA",1131-6837,1988-2157,BUSINESS,ESCI,222,2.1,Q3,0.45,100.00%,191/316,1.4,Q4,2,<0.1,197/317,Q3,38.01,0.00014,0.03129,0.174,39.7,Q4,245/295,10,90.00%,3.7,4.8,9
Gadjah Mada international journal of business,GADJAH MADA INT J BU,"GADJAH MADA UNIV, MASTER MANAGEMENT PROGRAM, FAC ECONOMICS & BUSINESS",1411-1128,2338-7238,BUSINESS,ESCI,218,1.1,Q4,0.22,2.50%,250/316,1.2,Q4,1,0.2,255/317,Q4,19.72,0.00006,0.01511,0.118,21,Q4,257/295,10,100.00%,7.3,12.7,10
Management Theory and Studies for Rural Business and Infrastructure Development,MANAG THEORY STUD RU,VYTAUTAS MAGNUS UNIV,1822-6760,2345-0355,BUSINESS,ESCI,215,0.7,Q4,0.2,100.00%,272/316,0.7,Q4,0.6,0.2,262/317,Q4,17.51,0.00015,0.03429,0.077,14.1,Q4,269/295,56,100.00%,3.5,5.2,56
International Journal of Innovation,INT J INNOV,UNIV NOVE de JULHO-UNINOVE,2318-9975,2318-9975,BUSINESS,ESCI,211,0.8,Q4,0.12,77.11%,268/316,1.1,Q4,0.6,0.1,283/317,Q4,10.88,0.00014,0.03145,0.141,15.3,Q4,252/295,29,96.55%,5,7.2,28
Journal of Electronic Commerce in Organizations,J ELECTRON COMMER OR,IGI GLOBAL,1539-2937,1539-2929,BUSINESS,ESCI,207,1.2,Q4,0.22,96.77%,239/316,1.2,Q4,1.2,<0.1,255/317,Q4,19.72,0.00011,0.02558,0.158,24.5,Q4,249/295,4,100.00%,5.5,7.4,4
International Journal of Business,INT J BUS,Chaoyang Univ Technology,1083-4346,1083-4346,BUSINESS,ESCI,205,0.6,Q4,0.09,0.00%,276/316,0.7,Q4,0.6,0.1,292/317,Q4,8.04,0.00008,0.01902,0.092,12.8,Q4,263/295,12,91.67%,7,9.8,11
International Journal of Asian Business and Information Management,INT J ASIAN BUS INF,IGI GLOBAL,1947-9638,1947-9646,BUSINESS,ESCI,204,1.1,Q4,0.18,98.89%,250/316,0.9,Q4,1.1,0.3,264/317,Q4,16.88,0.00014,0.0331,0.115,21,Q4,258/295,28,92.86%,3.7,8.3,26
Pacific Rim Property Research Journal,PAC RIM PROP RES J,Pacific Rim Real Estate Soc,1444-5921,2201-6716,BUSINESS,ESCI,204,0.3,Q4,0.1,0.00%,294/316,0.6,Q4,0.3,<0.1,288/317,Q4,9.31,0.00004,0.00906,0.105,7.1,Q4,261/295,12,100.00%,9.6,9.2,12
Revista de Historia Industrial,REV HIST INDUST,"UNIV BARCELONA, DEPT HISTORIA, INST ECONOMIQUES",1132-7200,2385-3247,BUSINESS,SSCI,201,0.5,Q4,0.55,95.35%,288/316,0.4,Q4,0.4,0.3,173/317,Q3,45.58,0.00018,0.04151,0.328,9,Q3,221/295,15,100.00%,10.2,15.1,15
Accounting History Review,ACCOUNT HIST REV,"ROUTLEDGE JOURNALS, TAYLOR & FRANCIS LTD",2155-2851,2155-286X,BUSINESS,ESCI,197,1.3,Q3,0.22,8.00%,234/316,1.4,Q4,1,<0.1,255/317,Q4,19.72,0.00013,0.02911,0.345,26.1,Q3,214/295,12,100.00%,8.5,17.6,12
Journal of Philanthropy and Marketing,J PHILANTHROPY MARK,WILEY,2691-1361,2691-1361,BUSINESS,ESCI,196,1.4,Q3,0.27,40.00%,224/316,1.7,Q3,1.1,0.4,241/317,Q4,24.13,0.00026,0.05802,0.317,29.3,Q4,223/295,50,100.00%,2.6,9.3,50
Custos e Agronegocio On Line,CUST AGRONEGOCIO,"UNIV FED RURAL PERNAMBUCO, DEPT ADMINISTRACAO",1808-2882,1808-2882,BUSINESS,SSCI,196,0.1,Q4,0.07,0.00%,309/316,0.2,Q4,0.1,<0.1,296/317,Q4,6.78,0.00013,0.02896,0.034,2.4,Q4,284/295,12,100.00%,5.7,9.7,12
Journal for International Business and Entrepreneurship Development,J INT BUS ENTREP DEV,INDERSCIENCE ENTERPRISES LTD,1549-9324,1747-6763,BUSINESS,ESCI,194,1,Q4,0.24,0.00%,258/316,1.4,Q4,0.5,<0.1,248/317,Q4,21.92,0.00007,0.0163,0.115,18.5,Q4,258/295,24,100.00%,4.6,8.9,24
International Journal of Business Environment,INT J BUS ENVIRON,INDERSCIENCE ENTERPRISES LTD,1740-0589,1740-0597,BUSINESS,ESCI,185,1,Q4,0.22,3.28%,258/316,1,Q4,0.9,0.4,255/317,Q4,19.72,0.00009,0.02188,0.134,18.5,Q4,255/295,20,95.00%,4.9,9.3,19
ESIC Market,ESIC MARK,ESCUELA SUPERIOR GESTION COMERCIAL & MARKETING,0212-1867,1989-3574,BUSINESS,ESCI,175,4.4,Q2,0.6,97.67%,97/316,2.2,Q3,4.1,0.5,159/317,Q3,50,0.0002,0.04472,0.431,69.5,Q3,185/295,20,95.00%,2.7,5.6,19
Latin American Business Review,LAT AM BUS REV,TAYLOR & FRANCIS LTD,1097-8526,1528-6932,BUSINESS,ESCI,169,0.7,Q4,0.3,0.00%,272/316,,,0.7,0.1,235/317,Q3,26.03,0.0001,0.02411,,14.1,,,12,100.00%,6.6,10.3,12
BETRIEBSWIRTSCHAFTLICHE FORSCHUNG UND PRAXIS,BETRIEB FORSCH PRAX,VERLAG NEUE WIRTSCHAFTS-BRIEFE,0340-5370,0340-5370,BUSINESS,SSCI,167,0.2,Q4,0.01,0.00%,306/316,0.2,Q4,0.1,<0.1,314/317,Q4,1.1,0.00003,0.0082,0.032,3.3,Q4,285/295,32,96.88%,14.3,9.4,31
Revista Brasileira de Inovacao,REV BRAS INOV,"UNIV ESTADUAL CAMPINAS, INST GEOCIENCIAS, DEPT POLITICA CIENTIFICA & TECN",1677-2504,2178-2822,BUSINESS,ESCI,157,0.3,Q4,0.07,82.61%,294/316,0.4,Q4,0.3,<0.1,296/317,Q4,6.78,0.00004,0.0105,0.067,7.1,Q4,272/295,10,100.00%,16.2,8.3,10
Scientific Papers of the University of Pardubice-Series D-Faculty of Economics and Administration,SCI PAP U PARD-SER D,"Univ Pardubice, Fac Economics Adm",1211-555X,1804-8048,BUSINESS,ESCI,145,1.1,Q4,0.28,97.75%,250/316,,,0.7,0.4,238/317,Q4,25.08,0.00012,0.02743,,21,,,33,81.82%,2.9,4.8,27
European Journal of Family Business,EUR J FAM BUS,UNIV MALAGA,2444-8788,2444-877X,BUSINESS,ESCI,142,1.2,Q4,0.26,89.13%,239/316,,,0.8,0.1,244/317,Q4,23.19,0.00008,0.01816,,24.5,,,16,93.75%,4.6,9.9,15
Journal of Intelligence Studies in Business,J INTELL STUD BUS,"HALMSTAD UNIV, SWEDEN",2001-015X,2001-015X,BUSINESS,ESCI,130,1.1,Q4,0.18,4.00%,250/316,1,Q4,0.8,0.1,264/317,Q4,16.88,0.00005,0.01145,0.08,21,Q4,268/295,14,100.00%,4.4,5.6,14
Foundations and Trends in Marketing,FOUND TRENDS MARKET,NOW PUBLISHERS INC,1555-0753,1555-0761,BUSINESS,ESCI,130,0.5,Q4,0.12,58.33%,288/316,1,Q4,0.5,<0.1,283/317,Q4,10.88,0.0001,0.0233,0.34,9,Q3,218/295,2,100.00%,12.6,7,2
Revue Internationale PME,REV INT PME,EDITIONS E M S,0776-5436,0776-5436,BUSINESS,ESCI,125,0.3,Q4,0.05,0.00%,294/316,0.3,Q4,0.2,<0.1,303/317,Q4,4.57,0.00001,0.00396,0.023,7.1,Q4,288/295,21,100.00%,9.3,11.7,21
Market-Trziste,MARK-TRZ,CROMAR,0353-4790,1849-1383,BUSINESS,ESCI,114,0.6,Q4,0.1,100.00%,276/316,0.7,Q4,0.4,0.1,288/317,Q4,9.31,0.00004,0.00992,0.076,12.8,Q4,270/295,13,84.62%,6.6,7.7,11
Biznes Informatika-Business Informatics,BIZN INFORM,"NATL RESEARCH UNIV, HIGHER SCH ECONOMICS",1998-0663,1998-0663,BUSINESS,ESCI,114,0.5,Q4,0.13,100.00%,288/316,0.6,Q4,0.3,0.1,279/317,Q4,12.15,0.00008,0.01882,0.086,9,Q4,265/295,24,100.00%,4.7,5.6,24
Business Management and Economics Engineering,BUS MANAG ECON ENG,VILNIUS GEDIMINAS TECH UNIV,2669-2481,2669-249X,BUSINESS,ESCI,108,1.6,Q3,0.34,100.00%,215/316,1.5,Q4,1.6,0.3,227/317,Q3,28.55,0.00007,0.01678,0.159,32.1,Q4,248/295,21,100.00%,2.7,5.3,21
Gestao e Desenvolvimento,GEST DESENVOLV,"UNIV FEEVALE, INST CIENCIAS SOCIAIS APLICADASICSA",2245-408X,2446-6875,BUSINESS,ESCI,101,0.5,Q4,0.02,98.36%,288/316,0.5,Q4,0.1,0.1,311/317,Q4,2.05,0.00004,0.01094,0.049,9,Q4,277/295,21,95.24%,4.5,7.3,20
Arts and the Market,ARTS MARK,EMERALD GROUP PUBLISHING LTD,2056-4945,2056-4953,BUSINESS,ESCI,98,1.2,Q4,0.17,12.50%,239/316,1,Q4,0.8,<0.1,267/317,Q4,15.93,0.00009,0.02049,0.155,24.5,Q4,250/295,6,100.00%,,12.6,6
Economics Ecology Socium,ECON ECOL SOC,Dr. Viktor Koval,2616-7107,2786-8958,BUSINESS,ESCI,97,1.2,Q4,0.25,96.47%,239/316,,,1.2,0.4,247/317,Q4,22.24,0.00007,0.0174,,24.5,,,36,94.44%,,3.9,34
Suma de Negocios,SUMA NEG,FUNDACION UNIV KONRAD LORENZ,2215-910X,2027-5692,BUSINESS,ESCI,92,0.2,Q4,0.04,100.00%,306/316,0.3,Q4,0.2,0.1,305/317,Q4,3.94,0.00004,0.01023,0.063,3.3,Q4,274/295,16,81.25%,,4.2,13
Review of Business,REV BUS,ST JOHNS UNIV BUSINESS RESEARCH INST,0034-6454,0034-6454,BUSINESS,ESCI,90,0.6,Q4,0.13,0.00%,276/316,0.5,Q4,0.6,<0.1,279/317,Q4,12.15,0.00002,0.00605,0.086,12.8,Q4,265/295,6,66.67%,,13.9,4
ACCESS-Access to science business innovation in the digital economy,ACCESS-ACCESS SCI BU,Access Press Publishing House,2683-1007,2683-1007,BUSINESS,ESCI,80,0.6,Q4,0.2,90.80%,276/316,0.7,Q4,0.4,0.5,262/317,Q4,17.51,0.00003,0.00717,0.046,12.8,Q4,278/295,32,96.88%,,5.5,31
AD-minister,AD-MINIST,UNIV EAFIT,2590-051X,2256-4322,BUSINESS,ESCI,79,0.3,Q4,0.11,60.00%,294/316,0.5,Q4,0.2,<0.1,286/317,Q4,9.94,0.00002,0.00604,0.057,7.1,Q4,276/295,12,100.00%,,7.4,12
International Journal of Business Analytics,INT J BUS ANAL,IGI GLOBAL,2334-4547,2334-4555,BUSINESS,ESCI,78,0.8,Q4,0.13,95.74%,268/316,0.6,Q4,0.8,<0.1,279/317,Q4,12.15,0.00006,0.01462,0.086,15.3,Q4,265/295,9,88.89%,,4.2,8
WPOM-Working Papers on Operations Management,WPOM-WORKING PAP OPE,"UNIV POLITECNICA VALENCIA, EDITORIAL UPV",1989-9068,1989-9068,BUSINESS,ESCI,76,1.1,Q4,0.23,100.00%,250/316,1,Q4,0.7,0.8,252/317,Q4,20.66,0.00004,0.01086,0.172,21,Q4,247/295,6,83.33%,,5.1,5
African Journal of Business Ethics,AFR J BUS ETHICS,SUNJOURNALS,1817-7417,0976-3600,BUSINESS,ESCI,67,1.1,Q4,0.14,100.00%,250/316,0.8,Q4,1,<0.1,276/317,Q4,13.09,0.00001,0.00439,0.104,21,Q4,262/295,3,100.00%,,8.4,3
Revista Universidad Empresa,REV UNIV EMPRES,"UNIV ROSARIO, EDITORIAL",0124-4639,2145-4558,BUSINESS,ESCI,67,0.6,Q4,0.06,88.14%,276/316,0.5,Q4,0.6,0.1,299/317,Q4,5.84,0.00007,0.01641,0.088,12.8,Q4,264/295,19,94.74%,,7.7,18
REUNIR-Revista de Administracao Contabilidade e Sustentabilidade,REUNIR-REV ADM CONTA,"UNIV FEDERAL CAMPINA GRANDE, CENTRO CIENCIAS JURIDICAS & SOCIAIS",2666-7215,2237-3667,BUSINESS,ESCI,65,0.1,Q4,0.01,0.00%,309/316,0.2,Q4,0.1,<0.1,314/317,Q4,1.1,0.00003,0.00763,0.023,2.4,Q4,288/295,26,88.46%,,7.5,23
Revista de Gestao e Projetos,REV GES PROJ,UNIV NOVE de JULHO-UNINOVE,2225-1146,2236-0972,BUSINESS,ESCI,64,0.3,Q4,0.06,95.95%,294/316,0.3,Q4,0.2,<0.1,299/317,Q4,5.84,0.00001,0.00383,0.018,7.1,Q4,292/295,24,100.00%,,7.5,24
Casopis za Ekonomiju i Trzisne Komunikacije,CAS EKON TRZ KOMUN,PAN-EUROPEAN UNIV APEIRON,2232-8823,2232-9633,BUSINESS,ESCI,60,0.3,Q4,0.06,96.72%,294/316,0.3,Q4,0.1,<0.1,299/317,Q4,5.84,0.00002,0.00503,0.017,7.1,Q4,293/295,47,100.00%,,6.5,47
Asia Marketing Journal,ASIA MARK J,Korean Marketing Assoc,1598-7868,2765-6500,BUSINESS,ESCI,46,0.5,Q4,0.1,100.00%,288/316,,,0.4,0.2,288/317,Q4,9.31,0.00003,0.00733,,9,,,20,95.00%,,8.6,19
Retail and Marketing Review,RETAIL MARK REV,MC CANT,2708-3209,2708-3209,BUSINESS,ESCI,46,0.3,Q4,0.04,0.00%,294/316,0.4,Q4,0.3,<0.1,305/317,Q4,3.94,0.00003,0.007,0.045,7.1,Q4,279/295,19,100.00%,,6.9,19
3C Empresa,3C EMPRESA,AREA INNOVACION & DESARROLLO,2254-3376,2254-3376,BUSINESS,ESCI,43,0.3,Q4,0.09,82.35%,294/316,0.2,Q4,0.3,0.1,292/317,Q4,8.04,0.00004,0.01032,0.041,7.1,Q4,281/295,14,100.00%,,4.4,14
Turkish Journal of Business Ethics,TURK J BUS ETHICS,IGIAD-TURKISH ENTREPRENEURSHIP & BUSINESS ETHICS ASSOC,1308-4070,2149-8148,BUSINESS,ESCI,43,0.3,Q4,0.03,44.12%,294/316,0.3,Q4,0.3,<0.1,307/317,Q4,3.31,0.00003,0.0086,0.068,7.1,Q4,271/295,11,90.91%,,11.4,10
Revista de Estudios Empresariales-Segunda Epoca,REV ESTUD EMPRESARIA,"UNIV JAEN, SERV PUBLICACIONES",0213-8964,1988-9046,BUSINESS,ESCI,39,0.2,Q4,0.03,92.98%,306/316,0.3,Q4,0.2,0.2,307/317,Q4,3.31,0.00003,0.00831,0.058,3.3,Q4,275/295,24,100.00%,,7.2,24
Clio America,CLIO AM,UNIV MAGDALENA,1909-941X,2389-7848,BUSINESS,ESCI,36,0.1,Q4,0.05,97.30%,309/316,0.2,Q4,0.1,0.1,303/317,Q4,4.57,0.00001,0.0041,0.035,2.4,Q4,283/295,10,60.00%,,3.7,6
UCJC Business and Society Review,UCJC BUS SOC REV,UNIV CAMILO JOSE CELA,2032-5355,2659-3270,BUSINESS,ESCI,32,0.3,Q4,0.06,0.00%,294/316,0.2,Q4,0.3,0.3,299/317,Q4,5.84,0.00001,0.00316,0.023,7.1,Q4,288/295,29,72.41%,,6.2,21
Revista Perspectiva Empresarial,REV PERSPECT EMPERSA,CEIPA BUSINESS SCH,2389-8186,2389-8194,BUSINESS,ESCI,23,0.1,Q4,0.02,80.65%,309/316,0.2,Q4,0.1,,311/317,Q4,2.05,0.00001,0.00417,0.029,2.4,Q4,287/295,0,,,,0
Inquietud Empresarial,INQUIET EMPRESARIAL,UNIV PEDAGOGICA & TECNOLOGICA COLOMBIA,0121-1048,2422-3220,BUSINESS,ESCI,21,0.3,Q4,0.03,100.00%,294/316,0.3,Q4,0.1,0.1,307/317,Q4,3.31,0,0.00179,0.017,7.1,Q4,293/295,15,86.67%,,6,13
Asian Case Research Journal,ASIAN CASE RES J,WORLD SCIENTIFIC PUBL CO PTE LTD,2405-9188,1793-6772,BUSINESS,ESCI,19,<0.1,Q4,0.01,0.00%,316/316,0.1,Q4,<0.1,<0.1,314/317,Q4,1.1,0.00002,0.00483,0.031,0.2,Q4,286/295,20,100.00%,,5.6,20
Journal of Inter-Organizational Relationships,J INTER-ORGAN RELATS,"ROUTLEDGE JOURNALS, TAYLOR & FRANCIS LTD",2694-3980,2694-3999,BUSINESS,ESCI,12,0.9,Q4,0.12,0.00%,262/316,0.7,Q4,0.9,,283/317,Q4,10.88,0.00001,0.00416,0.139,17.2,Q4,254/295,0,,,,0
Revista Ecorfan,REV ECORFAN,ECORFAN-MEXICO SC,2007-1582,2007-3682,BUSINESS,ESCI,8,0.1,Q4,0.01,82.14%,309/316,0.1,Q4,0.1,<0.1,314/317,Q4,1.1,0,0.0017,0.023,2.4,Q4,288/295,11,100.00%,,6.9,11
Gurukul Business Review-GBR,GURUKUL BUS REV-GBR,"GURUKUL KANGRI UNIV, FAC MANAGEMENT STUDIES",0973-1466,0973-9262,BUSINESS,ESCI,6,0.1,Q4,0.03,0.00%,309/316,0.1,Q4,0.1,,307/317,Q4,3.31,0.00001,0.00283,0.038,2.4,Q4,282/295,0,,,,0
Brazilian Administration Review,BRAZ ADM REV,ANPAD-ASSOC NACL POS-GRADUACAO & PESQUISA ADM,1807-7692,1807-7692,BUSINESS,ESCI,0,,,0.13,,,,,,,279/317,Q4,12.15,0,0,,,,,0,,,,0
LANDSCAPE AND URBAN PLANNING,LANDSCAPE URBAN PLAN,ELSEVIER,2227-9032,1872-6062,URBAN STUDIES,SSCI,32710,9.2,Q1,2.4,42.41%,1/76,10.4,Q1,8.7,1.5,1/77,Q1,99.35,0.01877,4.1782,2.15,99.3,Q1,3/76,186,95.70%,7.9,6.7,178
CITIES,CITIES,ELSEVIER SCI LTD,0264-2751,1873-6084,URBAN STUDIES,SSCI,24866,6.6,Q1,1.96,32.59%,5/76,7.5,Q1,5.8,1.2,3/77,Q1,96.75,0.02447,5.44622,1.423,94.1,Q1,8/76,795,98.24%,4.3,6.7,781
URBAN FORESTRY & URBAN GREENING,URBAN FOR URBAN GREE,ELSEVIER GMBH,1999-4907,1610-8167,URBAN STUDIES,SSCI,20098,6.7,Q1,1.87,33.70%,4/76,7.6,Q1,6,1.4,4/77,Q1,95.45,0.01697,3.77763,1.39,95.4,Q1,9/76,327,95.11%,4.9,6.6,311
URBAN STUDIES,URBAN STUD,SAGE PUBLICATIONS LTD,1478-4491,1360-063X,URBAN STUDIES,SSCI,16324,4.1,Q1,1.05,41.24%,11/76,5.2,Q1,3.6,0.7,10/77,Q1,87.66,0.01123,2.49892,1.468,86.2,Q1,6/76,152,100.00%,9.2,8.2,152
HABITAT INTERNATIONAL,HABITAT INT,PERGAMON-ELSEVIER SCIENCE LTD,1471-2288,1873-5428,URBAN STUDIES,SSCI,12035,7,Q1,1.71,19.92%,3/76,7.5,Q1,6.1,1.6,6/77,Q1,92.86,0.00643,1.43164,1.305,96.7,Q1,11/76,177,99.44%,7.1,6.3,176
JOURNAL OF URBAN ECONOMICS,J URBAN ECON,ACADEMIC PRESS INC ELSEVIER SCIENCE,2227-9032,1095-9068,URBAN STUDIES,SSCI,7274,4.8,Q1,1.79,30.06%,9/76,6.5,Q1,4.6,1.2,5/77,Q1,94.16,0.00656,1.46052,3.296,88.8,Q1,1/76,65,100.00%,13.8,9.1,65
Environment and Planning B-Urban Analytics and City Science,ENVIRON PLAN B-URBAN,SAGE PUBLICATIONS LTD,1477-7525,2399-8091,URBAN STUDIES,SSCI,6639,3.1,Q1,0.76,25.05%,15/76,3.8,Q1,2.8,0.4,21/77,Q2,73.38,0.00458,1.02058,0.779,80.9,Q2,31/76,169,100.00%,7.6,6.8,169
INTERNATIONAL JOURNAL OF URBAN AND REGIONAL RESEARCH,INT J URBAN REGIONAL,WILEY,0309-1317,1468-2427,URBAN STUDIES,SSCI,6116,1.9,Q2,0.7,52.60%,38/76,3.7,Q1,1.8,0.4,24/77,Q2,69.48,0.00339,0.75559,1.322,50.7,Q1,10/76,62,100.00%,11.1,8.8,62
EUROPEAN PLANNING STUDIES,EUR PLAN STUD,"ROUTLEDGE JOURNALS, TAYLOR & FRANCIS LTD",0965-4313,1469-5944,URBAN STUDIES,SSCI,5819,3.2,Q1,0.75,45.72%,13/76,3.6,Q2,3,0.4,22/77,Q2,72.08,0.00441,0.98279,0.82,83.6,Q2,30/76,72,100.00%,7.3,7.8,72
JOURNAL OF THE AMERICAN PLANNING ASSOCIATION,J AM PLANN ASSOC,"ROUTLEDGE JOURNALS, TAYLOR & FRANCIS LTD",0194-4363,1939-0130,URBAN STUDIES,SSCI,5535,3.4,Q1,0.78,43.41%,12/76,5.6,Q1,3.1,0.9,18/77,Q1,77.27,0.00287,0.64078,1.627,84.9,Q1,5/76,41,92.68%,14.9,7.2,38
REGIONAL SCIENCE AND URBAN ECONOMICS,REG SCI URBAN ECON,ELSEVIER,2073-445X,1879-2308,URBAN STUDIES,SSCI,4813,2.9,Q1,0.96,22.44%,18/76,3.7,Q1,2.7,0.7,13/77,Q1,83.77,0.00407,0.90576,1.427,77,Q1,7/76,60,100.00%,10.2,9.8,60
URBAN GEOGRAPHY,URBAN GEOGR,"ROUTLEDGE JOURNALS, TAYLOR & FRANCIS LTD",1542-4278,1938-2847,URBAN STUDIES,SSCI,4801,2.6,Q2,0.94,40.44%,23/76,3.8,Q1,2.3,0.8,14/77,Q1,82.47,0.00486,1.08239,1.2,70.4,Q1,16/76,95,100.00%,6.8,7.7,95
HOUSING STUDIES,HOUSING STUD,"ROUTLEDGE JOURNALS, TAYLOR & FRANCIS LTD",1520-6688,1466-1810,URBAN STUDIES,SSCI,4544,2.9,Q1,0.59,44.98%,18/76,3.9,Q1,2.5,0.5,32/77,Q2,59.09,0.00489,1.09018,1.129,77,Q1,18/76,97,98.97%,6.5,8.1,96
Local Environment,LOCAL ENVIRON,"ROUTLEDGE JOURNALS, TAYLOR & FRANCIS LTD",1354-9839,1469-6711,URBAN STUDIES,SSCI,3645,2.8,Q2,0.63,33.79%,22/76,3.4,Q2,2.6,0.5,30/77,Q2,61.69,0.00281,0.6265,0.846,71.7,Q2,29/76,115,94.78%,7.4,6.8,109
JOURNAL OF PLANNING EDUCATION AND RESEARCH,J PLAN EDUC RES,SAGE PUBLICATIONS INC,2193-7532,1552-6577,URBAN STUDIES,SSCI,3340,2.5,Q2,0.7,13.47%,26/76,4.1,Q1,2.3,0.3,24/77,Q2,69.48,0.00297,0.66253,1.032,66.4,Q2,23/76,82,98.78%,7.5,9.6,81
URBAN EDUCATION,URBAN EDUC,SAGE PUBLICATIONS INC,1477-7525,1552-8340,URBAN STUDIES,SSCI,3124,1.7,Q3,0.87,7.66%,44/76,2.6,Q2,1.4,0.4,17/77,Q1,78.57,0.00364,0.81003,0.978,42.8,Q2,25/76,50,100.00%,7.6,9.1,50
URBAN AFFAIRS REVIEW,URBAN AFF REV,SAGE PUBLICATIONS INC,2214-594X,1552-8332,URBAN STUDIES,SSCI,3036,2.3,Q2,0.67,22.37%,29/76,2.9,Q2,2.1,0.3,28/77,Q2,64.29,0.00286,0.63783,1.061,62.5,Q2,21/76,61,96.72%,10.2,10.2,59
Smart Cities,SMART CITIES-BASEL,MDPI,2624-893X,2624-6511,URBAN STUDIES,ESCI,2952,5.5,Q1,1.56,100.00%,6/76,6.4,Q1,5.1,1.4,7/77,Q1,91.56,0.00336,0.74803,1.008,92.8,Q2,24/76,156,83.33%,2.9,4.5,130
JOURNAL OF URBAN AFFAIRS,J URBAN AFF,"ROUTLEDGE JOURNALS, TAYLOR & FRANCIS LTD",0735-2166,1467-9906,URBAN STUDIES,SSCI,2944,1.9,Q2,0.59,23.34%,38/76,2.6,Q2,1.8,0.4,32/77,Q2,59.09,0.00338,0.75419,0.761,50.7,Q2,32/76,119,99.16%,5.9,8.3,118
ENVIRONMENT AND URBANIZATION,ENVIRON URBAN,SAGE PUBLICATIONS LTD,0956-2478,1746-0301,URBAN STUDIES,SSCI,2678,2.4,Q2,0.58,39.24%,27/76,3.9,Q1,2.2,0.2,34/77,Q2,56.49,0.00118,0.26472,1.038,65.1,Q2,22/76,29,100.00%,11.3,6.5,29
JOURNAL OF URBAN PLANNING AND DEVELOPMENT,J URBAN PLAN DEV,ASCE-AMER SOC CIVIL ENGINEERS,0733-9488,1943-5444,URBAN STUDIES,SSCI,2603,1.9,Q2,0.47,3.32%,38/76,2.2,Q3,1.8,0.9,49/77,Q3,37.01,0.00152,0.33995,0.375,50.7,Q3,49/76,116,98.28%,6.3,6.9,114
HOUSING POLICY DEBATE,HOUS POLICY DEBATE,"ROUTLEDGE JOURNALS, TAYLOR & FRANCIS LTD",1051-1482,2152-050X,URBAN STUDIES,SSCI,2503,2.9,Q1,0.78,16.20%,18/76,3.3,Q2,2.6,0.9,18/77,Q1,77.27,0.00309,0.68757,1.237,77,Q1,12/76,34,100.00%,7.3,6.3,34
Journal of Housing and the Built Environment,J HOUS BUILT ENVIRON,SPRINGER,2035-5556,1573-7772,URBAN STUDIES,SSCI,2197,2.1,Q2,0.51,38.24%,31/76,2.6,Q2,1.6,0.7,43/77,Q3,44.81,0.00163,0.36489,0.489,59.9,Q3,43/76,80,100.00%,5.6,7.6,80
JOURNAL OF REAL ESTATE FINANCE AND ECONOMICS,J REAL ESTATE FINANC,SPRINGER,1478-4491,1573-045X,URBAN STUDIES,SSCI,2108,1.8,Q3,0.54,28.93%,42/76,1.9,Q3,1.5,0.5,40/77,Q3,48.7,0.00129,0.28742,0.505,45.4,Q3,41/76,28,100.00%,12,10.5,28
Urban Science,URBAN SCI,MDPI,2413-8851,2413-8851,URBAN STUDIES,ESCI,1949,2.9,Q1,0.7,99.79%,18/76,2.7,Q2,2.6,0.5,24/77,Q2,69.48,0.00179,0.39913,0.46,77,Q3,47/76,263,89.35%,3.8,6,235
Journal of Urban Design,J URBAN DES,"ROUTLEDGE JOURNALS, TAYLOR & FRANCIS LTD",1357-4809,1469-9664,URBAN STUDIES,ESCI,1899,1.9,Q2,0.51,38.32%,38/76,2.4,Q3,1.8,0.7,43/77,Q3,44.81,0.00089,0.19875,0.549,50.7,Q2,38/76,38,97.37%,10.4,9.3,37
JOURNAL OF PLANNING LITERATURE,J PLAN LIT,SAGE PUBLICATIONS INC,0885-4122,1552-6593,URBAN STUDIES,SSCI,1849,5.2,Q1,0.92,34.92%,7/76,6.2,Q1,5.1,0.7,15/77,Q1,81.17,0.00127,0.28393,1.631,91.4,Q1,4/76,26,88.46%,9.3,7.6,23
JOURNAL OF URBAN TECHNOLOGY,J URBAN TECHNOL,"ROUTLEDGE JOURNALS, TAYLOR & FRANCIS LTD",1063-0732,1466-1853,URBAN STUDIES,SSCI,1780,4.4,Q1,0.91,30.00%,10/76,5.8,Q1,3.9,1.7,16/77,Q1,79.87,0.00113,0.25166,1.213,87.5,Q1,15/76,32,100.00%,7.3,6,32
Planning Theory & Practice,PLAN THEORY PRACT,"ROUTLEDGE JOURNALS, TAYLOR & FRANCIS LTD",1464-9357,1470-000X,URBAN STUDIES,SSCI,1677,3.2,Q1,0.55,48.61%,13/76,3.7,Q1,3,0.4,38/77,Q2,51.3,0.0012,0.26742,1.064,83.6,Q2,20/76,22,100.00%,8.8,8.5,22
EUROPEAN URBAN AND REGIONAL STUDIES,EUR URBAN REG STUD,SAGE PUBLICATIONS LTD,2056-6085,1461-7145,URBAN STUDIES,SSCI,1655,2.6,Q2,0.77,40.26%,23/76,3.7,Q1,2.2,0.4,20/77,Q2,74.68,0.00133,0.29783,1.129,70.4,Q1,18/76,17,100.00%,8.2,6.7,17
Urban Planning,URBAN PLAN,COGITATIO PRESS,2673-2726,2183-7635,URBAN STUDIES,ESCI,1615,1.7,Q3,0.51,98.39%,44/76,2.2,Q3,1.6,0.7,43/77,Q3,44.81,0.00216,0.48142,0.536,42.8,Q3,40/76,126,98.41%,4.2,7.4,124
City & Community,CITY COMMUNITY,SAGE PUBLICATIONS INC,1535-6841,1540-6040,URBAN STUDIES,SSCI,1596,3,Q1,1.03,16.67%,16/76,3.3,Q2,2.7,0.6,11/77,Q1,86.36,0.0017,0.37843,1.223,79.6,Q1,13/76,13,100.00%,8,9.8,13
JOURNAL OF CONTEMPORARY ETHNOGRAPHY,J CONTEMP ETHNOGR,SAGE PUBLICATIONS INC,1179-1594,1552-5414,URBAN STUDIES,SSCI,1571,0.8,Q3,0.48,36.36%,57/76,1.4,Q3,0.8,0.4,48/77,Q3,38.31,0.00079,0.17795,0.595,25.7,Q2,36/76,36,100.00%,16,11.2,36
Frontiers in Sustainable Cities,FRONT SUSTAIN CITIES,FRONTIERS MEDIA SA,2624-9634,2624-9634,URBAN STUDIES,ESCI,1551,2.1,Q2,0.46,98.24%,31/76,3,Q2,2,0.5,50/77,Q3,35.71,0.00255,0.56742,0.642,59.9,Q2,34/76,99,91.92%,3.2,5.9,91
JOURNAL OF HOUSING ECONOMICS,J HOUS ECON,ACADEMIC PRESS INC ELSEVIER SCIENCE,2322-5939,1096-0791,URBAN STUDIES,SSCI,1536,2.4,Q2,0.7,26.47%,27/76,2.6,Q2,2.2,0.3,24/77,Q2,69.48,0.00139,0.30946,0.921,65.1,Q2,28/76,29,96.55%,8.6,8.8,28
REAL ESTATE ECONOMICS,REAL ESTATE ECON,WILEY,1080-8620,1540-6229,URBAN STUDIES,SSCI,1479,2,Q2,0.6,34.33%,35/76,2.1,Q3,1.7,0.4,31/77,Q2,60.39,0.00184,0.41046,0.949,54.6,Q2,26/76,45,100.00%,10.9,8.4,45
Housing Theory & Society,HOUS THEORY SOC,"ROUTLEDGE JOURNALS, TAYLOR & FRANCIS LTD",2300-1682,1651-2278,URBAN STUDIES,SSCI,1431,2,Q2,0.56,49.49%,35/76,3.4,Q2,1.6,0.7,35/77,Q2,55.19,0.00156,0.3485,1.173,54.6,Q1,17/76,42,100.00%,7.7,8.2,42
INTERNATIONAL REGIONAL SCIENCE REVIEW,INT REGIONAL SCI REV,SAGE PUBLICATIONS INC,2297-900X,1552-6925,URBAN STUDIES,SSCI,1385,2.1,Q2,0.49,14.29%,31/76,2.4,Q3,2,0.5,46/77,Q3,40.91,0.00068,0.15297,0.63,59.9,Q2,35/76,15,86.67%,13.5,8.7,13
npj Urban Sustainability,NPJ URBAN SUSTAIN,SPRINGERNATURE,2561-326X,2661-8001,URBAN STUDIES,SSCI,1371,8.8,Q1,2.27,100.00%,2/76,10.9,Q1,8.2,2.1,2/77,Q1,98.05,0.00262,0.58446,2.866,98,Q1,2/76,49,87.76%,2.6,5.8,43
Journal of Urban Management,J URBAN MANAG,ELSEVIER,2666-7193,2589-0360,URBAN STUDIES,ESCI,1134,5,Q1,1.51,98.37%,8/76,5.2,Q1,4.8,1.1,8/77,Q1,90.26,0.00127,0.28301,0.947,90.1,Q2,27/76,54,98.15%,4,7.6,53
EDUCATION AND URBAN SOCIETY,EDUC URBAN SOC,SAGE PUBLICATIONS INC,0013-1245,1552-3535,URBAN STUDIES,SSCI,1113,1.1,Q3,0.38,4.49%,53/76,1.5,Q3,1.1,0.1,55/77,Q3,29.22,0.00107,0.23933,0.478,30.9,Q3,45/76,24,100.00%,8.1,8,24
INTERNATIONAL JOURNAL OF URBAN SCIENCES,INT J URBAN SCI,"ROUTLEDGE JOURNALS, TAYLOR & FRANCIS LTD",1226-5934,2161-6779,URBAN STUDIES,SSCI,1104,3,Q1,0.73,9.84%,16/76,3.3,Q2,2.8,0.3,23/77,Q2,70.78,0.00105,0.23404,0.704,79.6,Q2,33/76,63,93.65%,5,7.1,59
International Journal of Housing Markets and Analysis,INT J HOUS MARK ANAL,EMERALD GROUP PUBLISHING LTD,1753-8270,1753-8289,URBAN STUDIES,ESCI,1073,2,Q2,0.56,3.45%,35/76,1.9,Q3,1.5,0.4,35/77,Q2,55.19,0.00069,0.15567,0.234,54.6,Q3,57/76,81,100.00%,4.4,7.8,81
TOWN PLANNING REVIEW,TOWN PLAN REV,LIVERPOOL UNIV PRESS,0041-0020,1478-341X,URBAN STUDIES,ESCI,1042,1.1,Q3,0.37,19.51%,53/76,1.4,Q3,1,0.4,56/77,Q3,27.92,0.00044,0.09843,0.324,30.9,Q3,51/76,29,100.00%,13.2,5.8,29
International Journal of Housing Policy,INT J HOUS POLICY,"ROUTLEDGE JOURNALS, TAYLOR & FRANCIS LTD",1949-1247,1949-1255,URBAN STUDIES,SSCI,999,2.6,Q2,0.53,42.73%,23/76,3.3,Q2,2.1,0.2,42/77,Q3,46.1,0.0016,0.35803,1.219,70.4,Q1,14/76,40,95.00%,5.3,6.8,38
JOURNAL OF URBAN HISTORY,J URBAN HIST,SAGE PUBLICATIONS INC,2393-6401,1552-6771,URBAN STUDIES,SSCI,970,0.3,Q4,0.56,14.92%,68/76,0.5,Q4,0.3,0.1,35/77,Q2,55.19,0.0013,0.29126,0.3,11.2,Q3,54/76,81,88.89%,11.1,26.8,72
Urban Design International,URBAN DES INT,PALGRAVE MACMILLAN LTD,2351-9894,1468-4519,URBAN STUDIES,SSCI,965,2.1,Q2,1.33,29.51%,31/76,2.6,Q2,1.8,0.6,9/77,Q1,88.96,0.0005,0.11125,0.502,59.9,Q3,42/76,17,100.00%,9.3,10.5,17
ECONOMIC DEVELOPMENT QUARTERLY,ECON DEV Q,SAGE PUBLICATIONS INC,2666-6065,1552-3543,URBAN STUDIES,SSCI,888,1.6,Q3,0.41,1.96%,47/76,1.7,Q3,1.5,<0.1,53/77,Q3,31.82,0.00048,0.10793,0.543,38.8,Q3,39/76,17,100.00%,12.1,12.3,17
Urban Policy and Research,URBAN POLICY RES,"ROUTLEDGE JOURNALS, TAYLOR & FRANCIS LTD",0811-1146,1476-7244,URBAN STUDIES,SSCI,869,1.7,Q3,0.42,42.17%,44/76,,,1.7,0.2,52/77,Q3,33.12,0.00052,0.11764,,42.8,,,33,60.61%,9,7,20
EURE-REVISTA LATINOAMERICANA DE ESTUDIOS URBANO REGIONALES,EURE,"PONTIFICIA UNIV CATOLICA CHILE, INST ESTUDIOS URBANOS TERRITORIALES",0250-7161,0717-6236,URBAN STUDIES,SSCI,866,1.1,Q3,0.24,86.84%,53/76,1,Q4,1.1,0.1,59/77,Q4,24.03,0.00039,0.0876,0.265,30.9,Q3,55/76,36,100.00%,11.7,10.2,36
Cityscape,CITYSCAPE,"US DEPT HOUSING & URBAN DEVELOPMENT, OFFICE POLICY DEVELOPMENT & RESEARCH",2664-3731,1939-1935,URBAN STUDIES,ESCI,856,0.7,Q4,0.22,0.00%,59/76,0.9,Q4,0.6,0.2,60/77,Q4,22.73,0.00083,0.185,0.476,23,Q3,46/76,59,100.00%,9.2,6.6,59
TeMA-Journal of Land Use Mobility and Environment,TEMA,"UNIV STUDI NAPOLI FEDERICO II, DIPT PIANIFICAZIONE & SCIENZA TERRITORIO",1178-203X,1970-9870,URBAN STUDIES,ESCI,801,,,0.46,0.00%,,,,,,50/77,Q3,35.71,0.00025,0.05763,0.139,,Q4,64/76,68,83.82%,3.7,5.2,57
Urban Research & Practice,URBAN RES PRACT,"ROUTLEDGE JOURNALS, TAYLOR & FRANCIS LTD",1424-2818,1753-5077,URBAN STUDIES,SSCI,766,1.8,Q3,0.55,33.33%,42/76,2.2,Q3,1.7,0.1,38/77,Q2,51.3,0.0008,0.17972,0.55,45.4,Q2,37/76,31,100.00%,5.7,8.1,31
Urban Forum,URBAN FORUM,SPRINGERNATURE,1179-1594,1874-6330,URBAN STUDIES,ESCI,642,1.2,Q3,0.4,65.28%,51/76,1.4,Q3,1.2,0.3,54/77,Q3,30.52,0.00044,0.09947,0.365,33.6,Q3,50/76,23,100.00%,8.5,8.3,23
Open House International-Sustainable & Smart Architecture and Urban Studies,OPEN HOUSE INT,EMERALD GROUP PUBLISHING LTD,0168-2601,2633-9838,URBAN STUDIES,SSCI,607,1.6,Q3,1.01,2.19%,47/76,1.3,Q3,1.4,0.4,12/77,Q1,85.06,0.00038,0.0857,0.204,38.8,Q4,59/76,35,94.29%,5.1,6.9,33
Journal of Property Research,J PROP RES,"ROUTLEDGE JOURNALS, TAYLOR & FRANCIS LTD",2662-2211,1466-4453,URBAN STUDIES,ESCI,576,2.3,Q2,0.66,37.78%,29/76,2.6,Q2,2.1,0.2,29/77,Q2,62.99,0.00032,0.07126,0.483,62.5,Q3,44/76,18,94.44%,9,11.4,17
Revista INVI,REV INVI,UNIV CHILE,2322-5939,0718-8358,URBAN STUDIES,ESCI,433,1.1,Q3,0.19,100.00%,53/76,1.3,Q3,1,0.1,64/77,Q4,17.53,0.00033,0.07542,0.304,30.9,Q3,53/76,18,100.00%,7.2,7.6,18
Ciudad y Territorio-Estudios Territoriales-CyTET,CIUDAD TERRIT-ESTU,"MINISTERIO FOMENTO, CENTRO PUBLICACIONES",1133-4762,,URBAN STUDIES,ESCI,407,0.7,Q4,0.18,78.00%,59/76,0.8,Q4,0.4,0.2,65/77,Q4,16.23,0.00037,0.08277,0.167,23,Q4,62/76,72,98.61%,4.5,9.1,71
Proceedings of the Institution of Civil Engineers-Urban Design and Planning,PROC INST CIV ENG-U,EMERALD GROUP PUBLISHING LTD,2148-9386,1755-0807,URBAN STUDIES,ESCI,307,1.6,Q3,0.54,9.30%,47/76,1.4,Q3,1,1,40/77,Q3,48.7,0.00012,0.02768,0.187,38.8,Q4,60/76,15,93.33%,7.7,6.5,14
Bitacora Urbano Territorial,BITACORA URBANO TERR,UNIV NACL COLOMBIA,2052-3211,2027-145X,URBAN STUDIES,ESCI,286,0.4,Q4,0.09,78.46%,65/76,0.6,Q4,0.4,<0.1,69/77,Q4,11.04,0.00044,0.09887,0.212,15.1,Q4,58/76,29,100.00%,5.8,7.5,29
Chinese Journal of Urban and Environmental Studies,CHIN J URBAN ENV STU,WORLD SCIENTIFIC PUBL CO PTE LTD,2345-7481,2345-752X,URBAN STUDIES,ESCI,258,1.2,Q3,0.37,77.63%,51/76,1.5,Q3,1.2,<0.1,56/77,Q3,27.92,0.00024,0.05434,0.241,33.6,Q3,56/76,24,100.00%,4.4,6.9,24
ACE-Architecture City and Environment,ACE-ARCHIT CITY ENVI,UNIV POLITECNICA CATALUNYA,2632-3249,1886-4805,URBAN STUDIES,ESCI,245,0.8,Q3,0.49,97.48%,57/76,0.6,Q4,0.4,0.1,46/77,Q3,40.91,0.00015,0.03393,0.089,25.7,Q4,68/76,42,100.00%,4.9,10.3,42
Urbe-Revista Brasileira de Gestao Urbana,URBE-CURITIBA,PONTIFICIA UNIV CATOLICA PARANA-PUCPR,2624-9553,2175-3369,URBAN STUDIES,ESCI,243,0.3,Q4,0.08,85.21%,68/76,0.4,Q4,0.3,0.2,70/77,Q4,9.74,0.00027,0.0619,0.102,11.2,Q4,66/76,38,100.00%,5.5,7.8,38
Urbani Izziv-Urban Challenge,URBANI IZZIV,URBAN PLANNING INST REPUBLIC SLOVENIA,0353-6483,1855-8399,URBAN STUDIES,ESCI,217,1.5,Q3,0.2,87.88%,50/76,1.4,Q3,1.3,0.3,62/77,Q4,20.13,0.00018,0.04026,0.314,34.9,Q3,52/76,12,100.00%,6.3,7.2,12
International Journal of Built Environment and Sustainability,INT J BUILT ENV SUST,PENERBIT UTM PRESS,2673-253X,2289-8948,URBAN STUDIES,ESCI,212,0.6,Q4,0.21,98.68%,62/76,0.8,Q4,0.5,0.1,61/77,Q4,21.43,0.00011,0.02452,0.093,19.1,Q4,67/76,20,90.00%,5.8,5.7,18
International Journal of Knowledge-Based Development,INT J KNOWL-BASED DE,INDERSCIENCE ENTERPRISES LTD,2040-4468,2040-4476,URBAN STUDIES,ESCI,198,0.3,Q4,0.11,0.00%,68/76,0.7,Q4,0.1,0.1,67/77,Q4,13.64,0.00003,0.00852,0.056,11.2,Q4,70/76,20,100.00%,7.9,6.7,20
Territorios,TERRITORIOS,UNIV ROSARIO,0123-8418,2215-7484,URBAN STUDIES,ESCI,175,0.5,Q4,0.07,92.22%,64/76,0.5,Q4,0.4,<0.1,71/77,Q4,8.44,0.00016,0.03654,0.161,16.4,Q4,63/76,30,100.00%,7.4,10.1,30
Revista de Urbanismo,REV URBAN,"UNIV CHILE, FAC ARQUITECTURA & URBANISMO",2214-7829,0717-5051,URBAN STUDIES,ESCI,149,0.7,Q4,0.14,96.72%,59/76,0.9,Q4,0.5,<0.1,66/77,Q4,14.94,0.00014,0.03203,0.174,23,Q4,61/76,18,100.00%,4.8,8.6,18
Housing Care and Support,HOUS CARE SUPPORT,EMERALD GROUP PUBLISHING LTD,1460-8790,2042-8375,URBAN STUDIES,ESCI,140,0.6,Q4,0.2,8.57%,62/76,1.2,Q3,0.6,0.2,62/77,Q4,20.13,0.0002,0.04636,0.382,19.1,Q3,48/76,9,88.89%,5.6,6.7,8
Revista de Direito da Cidade-City Law,REV DIREITO CID,UNIV ESTADO RIO JANEIRO,2227-9091,2317-7721,URBAN STUDIES,ESCI,109,0.1,Q4,0.02,67.11%,75/76,0.1,Q4,0.1,<0.1,75/77,Q4,3.25,0.0001,0.02382,0.029,2,Q4,75/76,52,100.00%,5.7,12.1,52
Cuadernos de Vivienda y Urbanismo,CUAD VIVIENDA URBAN,"PONTIFICIA UNIV JAVERIANA, FACULTAD ARQUITECTURA DISENO",2214-7160,2145-0226,URBAN STUDIES,ESCI,72,0.2,Q4,0.04,95.12%,71/76,0.3,Q4,0.2,<0.1,73/77,Q4,5.84,0.00005,0.0119,0.074,7.2,Q4,69/76,4,100.00%,,9.6,4
Ciudades-Revista del Instituto Universitario de Urbanistica de la Universidad de Valladolid,CIUDADES,"UNIV VALLADOLID, SECRETARIADO PUBLICACIONES",1133-6579,2445-3943,URBAN STUDIES,ESCI,71,0.4,Q4,0.11,100.00%,65/76,0.5,Q4,0.4,<0.1,67/77,Q4,13.64,0.00004,0.00962,0.107,15.1,Q4,65/76,13,100.00%,,14.8,13
Brussels Studies,BRUSS STUD,UNIV SAINT-LOUIS-BRUXELLES,2031-0293,2031-0293,URBAN STUDIES,ESCI,67,0.2,Q4,0.02,82.19%,71/76,0.3,Q4,0.1,<0.1,75/77,Q4,3.25,0.00004,0.00906,0.055,7.2,Q4,71/76,18,100.00%,,7,18
Habitat y Sociedad,HABITAT SOC,"UNIV SEVILLA, EDITORIAL",2173-125X,2173-125X,URBAN STUDIES,ESCI,53,0.2,Q4,0.07,97.22%,71/76,0.2,Q4,0.1,<0.1,71/77,Q4,8.44,0.00001,0.00442,0.041,7.2,Q4,73/76,15,100.00%,,6.3,15
Journal of Architecture and Planning -King Saud University,J ARCHIT PLAN-KING S,"KING SAUD UNIV PRESS, KING SAUD UNIV",2767-3812,1018-3604,URBAN STUDIES,ESCI,42,0.4,Q4,0.33,0.00%,65/76,0.4,Q4,0.4,<0.1,58/77,Q4,25.32,0.00003,0.00758,0.051,15.1,Q4,72/76,20,90.00%,,9.2,18
TRIA-Territorio della Ricerca su Insediamenti e Ambiente,TRIA,EDIZIONI SCIENTIFICHE ITALIANE SPA,1974-6849,2281-4574,URBAN STUDIES,ESCI,17,0.2,Q4,0.03,0.00%,71/76,0.1,Q4,0.1,<0.1,74/77,Q4,4.55,0,0.00098,0.008,7.2,Q4,76/76,27,96.30%,,11.1,26
Nodo,NODO,UNIV ANTONIO NARINO,1477-8947,2346-092X,URBAN STUDIES,ESCI,17,<0.1,Q4,0.01,86.11%,76/76,0.1,Q4,<0.1,<0.1,77/77,Q4,0.65,0.00001,0.00359,0.03,0.7,Q4,74/76,12,100.00%,,20.7,12
CHINA QUARTERLY,CHINA QUART,CAMBRIDGE UNIV PRESS,2227-9032,1468-2648,AREA STUDIES,SSCI,3888,2.5,Q1,2.78,59.39%,6/182,2.9,Q1,2.3,0.8,3/182,Q1,98.63,0.00262,0.58463,1.12,97,Q1,9/171,32,100.00%,11.7,9.3,32
ECONOMIC DEVELOPMENT AND CULTURAL CHANGE,ECON DEV CULT CHANGE,UNIV CHICAGO PRESS,0013-0079,1539-2988,AREA STUDIES,SSCI,2872,1.8,Q1,1.28,4.51%,14/182,2.1,Q1,1.7,0.7,44/182,Q1,76.1,0.00188,0.42003,1.2,92.6,Q1,6/171,63,100.00%,19.3,11.2,63
Journal of Contemporary China,J CONTEMP CHINA,"ROUTLEDGE JOURNALS, TAYLOR & FRANCIS LTD",1999-4907,1469-9400,AREA STUDIES,SSCI,2654,2.4,Q1,2.72,22.34%,7/182,3.1,Q1,2.1,0.4,4/182,Q1,98.08,0.00313,0.69842,1.132,96.4,Q1,8/171,68,100.00%,7,7.1,68
EUROPE-ASIA STUDIES,EUROPE-ASIA STUD,"ROUTLEDGE JOURNALS, TAYLOR & FRANCIS LTD",1478-4491,1465-3427,AREA STUDIES,SSCI,1952,1.2,Q1,0.8,27.84%,35/182,1.6,Q1,1.2,0.2,82/182,Q2,55.22,0.00199,0.44324,0.655,81,Q1,37/171,49,97.96%,9,10.6,48
MODERN ASIAN STUDIES,MOD ASIAN STUD,CAMBRIDGE UNIV PRESS,1471-2288,1469-8099,AREA STUDIES,SSCI,1949,0.8,Q2,1.07,53.33%,68/182,1,Q2,0.8,0.2,57/182,Q2,68.96,0.00192,0.42781,0.795,62.9,Q1,23/171,36,100.00%,15.7,29,36
AFRICAN AFFAIRS,AFR AFFAIRS,OXFORD UNIV PRESS,2227-9032,1468-2621,AREA STUDIES,SSCI,1942,2.2,Q1,1.87,46.48%,9/182,2.7,Q1,2,0.2,14/182,Q1,92.58,0.00138,0.30862,1.281,95.3,Q1,5/171,21,85.71%,12.9,7.4,18
JOURNAL OF SOUTHERN AFRICAN STUDIES,J S AFR STUD,"ROUTLEDGE JOURNALS, TAYLOR & FRANCIS LTD",1477-7525,1465-3893,AREA STUDIES,SSCI,1818,0.9,Q2,0.86,34.68%,57/182,1,Q2,0.8,0.1,74/182,Q2,59.62,0.00105,0.23529,0.507,69,Q2,61/171,39,100.00%,15.7,14.5,39
JOURNAL OF ASIAN STUDIES,J ASIAN STUD,DUKE UNIV PRESS,0021-9118,1752-0401,AREA STUDIES,SSCI,1769,0.8,Q2,2.28,1.43%,68/182,1.4,Q1,0.8,0.3,7/182,Q1,96.43,0.00071,0.16012,0.67,62.9,Q1,35/171,22,100.00%,21.2,16.1,22
INTERNATIONAL JOURNAL OF MIDDLE EAST STUDIES,INT J MIDDLE E STUD,CAMBRIDGE UNIV PRESS,0020-7438,1471-6380,AREA STUDIES,SSCI,1715,1.4,Q1,1.12,69.07%,29/182,1.9,Q1,1.2,0.3,55/182,Q2,70.05,0.00121,0.27127,1.118,84.3,Q1,10/171,47,91.49%,15.5,15.4,43
ASIAN SURVEY,ASIAN SURV,UNIV CALIFORNIA PRESS,0004-4687,1533-838X,AREA STUDIES,SSCI,1636,1.2,Q1,1.52,1.44%,35/182,1,Q2,0.7,0.2,29/182,Q1,84.34,0.00073,0.16367,0.33,81,Q3,87/171,47,100.00%,20.6,6.8,47
LATIN AMERICAN PERSPECTIVES,LAT AM PERSPECT,SAGE PUBLICATIONS INC,2073-445X,1552-678X,AREA STUDIES,SSCI,1582,0.7,Q2,0.54,5.26%,80/182,1.2,Q2,0.5,0.1,112/182,Q3,38.74,0.00143,0.31828,0.52,56.3,Q2,56/171,86,100.00%,10.6,10.2,86
LATIN AMERICAN RESEARCH REVIEW,LAT AM RES REV,CAMBRIDGE UNIV PRESS,1542-4278,1542-4278,AREA STUDIES,SSCI,1537,0.8,Q2,0.86,99.47%,68/182,1.2,Q2,0.7,0.2,74/182,Q2,59.62,0.00146,0.32498,0.644,62.9,Q1,39/171,52,75.00%,13.1,12.5,39
AFRICA,AFRICA,CAMBRIDGE UNIV PRESS,1520-6688,1750-0184,AREA STUDIES,SSCI,1511,1.1,Q1,0.92,32.61%,42/182,1.3,Q1,1,0.2,69/182,Q2,62.36,0.001,0.22378,0.659,77.2,Q1,36/171,23,100.00%,17.2,11.9,23
JOURNAL OF ASIAN AND AFRICAN STUDIES,J ASIAN AFR STUD,SAGE PUBLICATIONS INC,0021-9096,1745-2538,AREA STUDIES,SSCI,1448,0.9,Q2,1.18,13.45%,57/182,1.1,Q2,0.8,0.2,53/182,Q2,71.15,0.00189,0.42237,0.326,69,Q3,88/171,226,100.00%,4.8,9.1,226
JOURNAL OF MODERN AFRICAN STUDIES,J MOD AFR STUD,CAMBRIDGE UNIV PRESS,2193-7532,1469-7777,AREA STUDIES,SSCI,1446,1.1,Q1,1.28,55.17%,42/182,1.2,Q2,1,<0.1,44/182,Q1,76.1,0.00062,0.13965,0.63,77.2,Q1,40/171,7,100.00%,21.3,11.2,7
Review of African Political Economy,REV AFR POLIT ECON,ScienceOpen,1477-7525,1740-1720,AREA STUDIES,SSCI,1382,1.6,Q1,1.23,1.64%,22/182,1.8,Q1,1.6,,47/182,Q2,74.45,0.00113,0.2529,0.808,88.2,Q1,22/171,0,,12.1,,0
JOURNAL OF CONTEMPORARY ASIA,J CONTEMP ASIA,"ROUTLEDGE JOURNALS, TAYLOR & FRANCIS LTD",2214-594X,1752-7554,AREA STUDIES,SSCI,1373,1.8,Q1,2.29,27.19%,14/182,2.3,Q1,1.7,1.3,6/182,Q1,96.98,0.0017,0.38045,1.006,92.6,Q1,14/171,35,91.43%,7.4,8.9,32
EURASIAN GEOGRAPHY AND ECONOMICS,EURASIAN GEOGR ECON,"ROUTLEDGE JOURNALS, TAYLOR & FRANCIS LTD",2624-893X,1938-2863,AREA STUDIES,SSCI,1356,2.2,Q1,1.58,31.00%,9/182,2.8,Q1,1.9,0.6,26/182,Q1,85.99,0.00142,0.31598,0.864,95.3,Q1,18/171,28,96.43%,7.6,8.8,27
Nationalities Papers-The Journal of Nationalism and Ethnicity,NATL PAP,CAMBRIDGE UNIV PRESS,0090-5992,1465-3923,AREA STUDIES,SSCI,1323,1.6,Q1,2.05,57.66%,22/182,,,1.5,0.1,9/182,Q1,95.33,0.00261,0.58122,,88.2,,,73,90.41%,6.2,12.1,66
MIDDLE EASTERN STUDIES,MIDDLE EASTERN STUD,"ROUTLEDGE JOURNALS, TAYLOR & FRANCIS LTD",0026-3206,1743-7881,AREA STUDIES,SSCI,1302,0.4,Q3,0.52,18.01%,118/182,0.7,Q3,0.4,0.1,115/182,Q3,37.09,0.00109,0.24425,0.412,35.4,Q2,72/171,32,100.00%,17.4,28.9,32
PACIFIC REVIEW,PAC REV,"ROUTLEDGE JOURNALS, TAYLOR & FRANCIS LTD",0951-2748,1470-1332,AREA STUDIES,SSCI,1288,2,Q1,1.76,26.27%,12/182,2.2,Q1,1.9,0.2,20/182,Q1,89.29,0.00169,0.37779,0.836,93.7,Q1,20/171,37,100.00%,6.9,6.1,37
African Studies Review,AFR STUD REV,CAMBRIDGE UNIV PRESS,0002-0206,1555-2462,AREA STUDIES,SSCI,1214,0.8,Q2,1.03,52.14%,68/182,1.3,Q1,0.7,0.4,62/182,Q2,66.21,0.00097,0.21628,0.654,62.9,Q1,38/171,31,64.52%,12.3,10.8,20
IDS BULLETIN-INSTITUTE OF DEVELOPMENT STUDIES,IDS BULL-I DEV STUD,INST DEVELOPMENT STUDIES,2035-5556,1759-5436,AREA STUDIES,SSCI,1137,0.6,Q2,0.4,86.42%,86/182,0.9,Q2,0.6,<0.1,126/182,Q3,31.04,0.00024,0.05448,0.233,53,Q3,113/171,26,100.00%,16.1,5.7,26
LATIN AMERICAN POLITICS AND SOCIETY,LAT AM POLIT SOC,CAMBRIDGE UNIV PRESS,1478-4491,1548-2456,AREA STUDIES,SSCI,1077,1.5,Q1,1.19,50.00%,26/182,2,Q1,1.4,0.6,51/182,Q2,72.25,0.00125,0.27846,1.1,86,Q1,11/171,36,80.56%,10.2,8.3,29
SLAVIC REVIEW,SLAVIC REV,CAMBRIDGE UNIV PRESS,2413-8851,2325-7784,AREA STUDIES,SSCI,1074,0.7,Q2,1.36,29.17%,80/182,0.9,Q2,0.6,<0.1,37/182,Q1,79.95,0.00105,0.2351,0.76,56.3,Q1,29/171,29,79.31%,17,18.4,23
JOURNAL OF LATIN AMERICAN STUDIES,J LAT AM STUD,CAMBRIDGE UNIV PRESS,0022-216X,1469-767X,AREA STUDIES,SSCI,1044,0.9,Q2,1.33,40.32%,57/182,1.2,Q2,0.9,0.3,41/182,Q1,77.75,0.00074,0.16602,0.738,69,Q1,31/171,13,84.62%,18,19.6,11
Journal of Chinese Political Science,J CHIN POLIT SCI,SPRINGER,1080-6954,1874-6357,AREA STUDIES,SSCI,1028,3.5,Q1,3.35,13.83%,2/182,3.6,Q1,2.9,1.6,2/182,Q1,99.18,0.00138,0.30715,0.976,99.2,Q1,15/171,23,100.00%,4.5,7.1,23
JOURNAL OF PALESTINE STUDIES,J PALESTINE STUD,TAYLOR & FRANCIS LTD,0377-919X,1533-8614,AREA STUDIES,SSCI,1025,1.3,Q1,1.44,24.42%,33/182,1.4,Q1,1,0.3,32/182,Q1,82.69,0.0008,0.17986,0.763,82.1,Q1,28/171,31,100.00%,18.2,3.2,31
POST-SOVIET AFFAIRS,POST-SOV AFF,"ROUTLEDGE JOURNALS, TAYLOR & FRANCIS LTD",1060-586X,1938-2855,AREA STUDIES,SSCI,1005,3,Q1,1.82,37.50%,5/182,2.8,Q1,2.9,0.8,16/182,Q1,91.48,0.00168,0.37382,1.408,97.5,Q1,4/171,28,100.00%,6.6,7.3,28
East European Politics,EAST EUR POLITICS,"ROUTLEDGE JOURNALS, TAYLOR & FRANCIS LTD",2056-6085,2159-9173,AREA STUDIES,SSCI,993,3.1,Q1,1.97,48.91%,4/182,3.2,Q1,2.9,0.2,12/182,Q1,93.68,0.00205,0.45701,1.494,98.1,Q1,3/171,26,100.00%,4.9,7.1,26
EAST EUROPEAN POLITICS AND SOCIETIES,E EUR POLIT SOC,SAGE PUBLICATIONS INC,2673-2726,1533-8371,AREA STUDIES,SSCI,982,1,Q2,0.63,23.36%,53/182,1.3,Q1,0.9,0.6,97/182,Q3,46.98,0.0013,0.29004,0.563,71.2,Q2,48/171,39,100.00%,8.1,10.7,39
CRITICAL ASIAN STUDIES,CRIT ASIAN STUD,"ROUTLEDGE JOURNALS, TAYLOR & FRANCIS LTD",1467-2715,1472-6033,AREA STUDIES,SSCI,976,1.4,Q1,1.86,26.88%,29/182,2.7,Q1,1.3,0.4,15/182,Q1,92.03,0.00139,0.30972,1.19,84.3,Q1,7/171,35,91.43%,7.1,9.4,32
CHINA JOURNAL,CHINA J,UNIV CHICAGO PRESS,1179-1594,1835-8535,AREA STUDIES,SSCI,942,3.4,Q1,4.43,0.00%,3/182,4.3,Q1,3.3,0.4,1/182,Q1,99.73,0.00089,0.19851,2.053,98.6,Q1,2/171,8,100.00%,10.4,8.6,8
European Security,EUR SECUR,"ROUTLEDGE JOURNALS, TAYLOR & FRANCIS LTD",2624-9634,1746-1545,AREA STUDIES,SSCI,934,3.6,Q1,1.99,64.08%,1/182,2.9,Q1,3.4,0.8,11/182,Q1,94.23,0.00139,0.30965,1.074,99.7,Q1,13/171,38,100.00%,5.1,6.3,38
MODERN CHINA,MOD CHINA,SAGE PUBLICATIONS INC,2322-5939,1552-6836,AREA STUDIES,SSCI,913,0.9,Q2,1.02,15.85%,57/182,0.9,Q2,0.8,<0.1,63/182,Q2,65.66,0.00065,0.14612,0.547,69,Q2,54/171,22,100.00%,14.6,15.9,22
SOUTH ASIA-JOURNAL OF SOUTH ASIAN STUDIES,S ASIA,"ROUTLEDGE JOURNALS, TAYLOR & FRANCIS LTD",0085-6401,1479-0270,AREA STUDIES,SSCI,901,0.4,Q3,1.22,19.90%,118/182,1.1,Q2,0.4,0.2,48/182,Q2,73.9,0.00195,0.43399,0.789,35.4,Q1,24/171,70,98.57%,7.7,20,69
Journal of Eastern African Studies,J EAST AFR STUD,"ROUTLEDGE JOURNALS, TAYLOR & FRANCIS LTD",2300-1682,1753-1063,AREA STUDIES,SSCI,892,0.6,Q2,0.71,46.67%,86/182,1.4,Q1,0.6,1,90/182,Q2,50.82,0.00087,0.19551,0.628,53,Q1,41/171,28,100.00%,9.1,10.8,28
PACIFIC AFFAIRS,PAC AFF,PACIFIC AFFAIRS UNIV BRITISH COLUMBIA,2297-900X,1715-3379,AREA STUDIES,SSCI,881,1.2,Q1,1.36,0.00%,35/182,1.2,Q2,1.1,0.3,37/182,Q1,79.95,0.00042,0.09532,0.511,81,Q2,59/171,30,86.67%,15.5,6.1,26
Mediterranean Politics,MEDITERR POLIT,"ROUTLEDGE JOURNALS, TAYLOR & FRANCIS LTD",2561-326X,1743-9418,AREA STUDIES,SSCI,880,1.6,Q1,1.24,40.71%,22/182,1.8,Q1,1.5,0.4,46/182,Q2,75,0.00117,0.26064,0.709,88.2,Q1,32/171,48,100.00%,6.9,8.3,48
Journal of Contemporary European Studies,J CONTEMP EUR STUD,"ROUTLEDGE JOURNALS, TAYLOR & FRANCIS LTD",2666-7193,1478-2790,AREA STUDIES,SSCI,861,1.8,Q1,1.17,32.60%,14/182,1.7,Q1,1.4,0.3,54/182,Q2,70.6,0.00157,0.35149,0.613,92.6,Q2,43/171,77,100.00%,4.2,7.8,77
MIDDLE EAST JOURNAL,MIDDLE EAST J,MIDDLE EAST INST,0026-3141,1940-3461,AREA STUDIES,SSCI,853,1.1,Q1,0.76,0.00%,42/182,1.3,Q1,1,0.1,88/182,Q2,51.92,0.00033,0.07418,0.502,77.2,Q2,62/171,14,92.86%,18.2,11.8,13
Central Asian Survey,CENT ASIAN SURV,"ROUTLEDGE JOURNALS, TAYLOR & FRANCIS LTD",0263-4937,1465-3354,AREA STUDIES,SSCI,850,1.8,Q1,1.75,27.52%,14/182,1.7,Q1,1.5,0.3,21/182,Q1,88.74,0.00083,0.18554,0.624,92.6,Q1,42/171,47,97.87%,8.9,9.7,46
Turkish Studies,TURK STUD,"ROUTLEDGE JOURNALS, TAYLOR & FRANCIS LTD",1468-3849,1743-9663,AREA STUDIES,SSCI,838,1.7,Q1,2.01,14.04%,19/182,1.7,Q1,1.6,0.3,10/182,Q1,94.78,0.001,0.22403,0.696,89.8,Q1,34/171,48,97.92%,7.9,12.5,47
Asian Studies Review,ASIAN STUD REV,"ROUTLEDGE JOURNALS, TAYLOR & FRANCIS LTD",1035-7823,1467-8403,AREA STUDIES,SSCI,815,1.1,Q1,1.88,18.33%,42/182,1.5,Q1,1.1,0.2,13/182,Q1,93.13,0.00102,0.22715,0.585,77.2,Q2,45/171,40,100.00%,7.3,13.4,40
Asia Pacific Viewpoint,ASIA PAC VIEWP,WILEY,1360-7456,1467-8373,AREA STUDIES,SSCI,811,1.5,Q1,1.46,38.30%,26/182,1.8,Q1,1.3,0.3,31/182,Q1,83.24,0.00073,0.16464,0.561,86,Q2,50/171,28,100.00%,8.4,8.7,28
Comparative Studies of South Asia Africa and the Middle East,COMP STUD SOUTH ASIA,DUKE UNIV PRESS,2393-6401,1548-226X,AREA STUDIES,ESCI,795,0.6,Q2,0.71,0.00%,86/182,0.8,Q2,0.6,0.1,90/182,Q2,50.82,0.00082,0.18258,0.547,53,Q2,54/171,33,100.00%,10.3,14.2,33
British Journal of Middle Eastern Studies,BRIT J MIDDLE E STUD,"ROUTLEDGE JOURNALS, TAYLOR & FRANCIS LTD",2351-9894,1469-3542,AREA STUDIES,SSCI,753,0.6,Q2,1.38,33.33%,86/182,1,Q2,0.6,0.1,34/182,Q1,81.59,0.00138,0.30862,0.512,53,Q2,58/171,58,100.00%,6.4,12.2,58
Journal of North African Studies,J NORTH AFR STUD,"ROUTLEDGE JOURNALS, TAYLOR & FRANCIS LTD",2666-6065,1743-9345,AREA STUDIES,ESCI,751,1.1,Q1,0.89,19.32%,42/182,1.2,Q2,1,0.1,72/182,Q2,60.71,0.00116,0.25911,0.569,77.2,Q2,46/171,32,100.00%,8.2,12.5,32
Southeast European and Black Sea Studies,SE EUR BLACK SEA STU,"ROUTLEDGE JOURNALS, TAYLOR & FRANCIS LTD",1468-3857,1743-9639,AREA STUDIES,SSCI,744,1.2,Q1,1.35,15.63%,35/182,1.7,Q1,1,0.7,39/182,Q1,78.85,0.0012,0.26832,0.744,81,Q1,30/171,50,98.00%,5.9,8.7,49
Iranian Studies,IRAN STUD-UK,CAMBRIDGE UNIV PRESS,0021-0862,1475-4819,AREA STUDIES,SSCI,744,0.9,Q2,1.19,52.81%,57/182,0.7,Q3,0.8,<0.1,51/182,Q2,72.25,0.00076,0.17078,0.555,69,Q2,52/171,23,100.00%,13.7,20.3,23
China Review-An Interdisciplinary Journal on Greater China,CHINA REV,CHINESE UNIV PRESS,2664-3731,1680-2012,AREA STUDIES,SSCI,686,1.4,Q1,1.79,0.00%,29/182,1.9,Q1,1.4,0.3,18/182,Q1,90.38,0.00103,0.22927,0.701,84.3,Q1,33/171,31,93.55%,5.6,10.5,29
Bulletin of Latin American Research,B LAT AM RES,WILEY,1178-203X,1470-9856,AREA STUDIES,SSCI,683,0.6,Q2,0.9,41.84%,86/182,1,Q2,0.6,0.1,70/182,Q2,61.81,0.00097,0.21754,0.497,53,Q2,63/171,48,100.00%,8.6,8.2,48
European Review,EUR REV,CAMBRIDGE UNIV PRESS,1424-2818,1474-0575,AREA STUDIES,SSCI,682,0.6,Q2,0.69,57.81%,86/182,0.6,Q3,0.6,0.2,93/182,Q3,49.18,0.0005,0.11134,0.217,53,Q3,119/171,28,92.86%,9.9,7.7,26
Transformation-Critical Perspectives on Southern Africa,TRANSFORMATION,UNIV KWAZULU-NATAL,1179-1594,1726-1368,AREA STUDIES,ESCI,676,0.3,Q3,0.22,0.00%,135/182,5.2,Q1,0.3,0.1,155/182,Q4,15.11,0.00142,0.31666,2.17,26.1,Q1,1/171,14,92.86%,4.8,14.3,13
JOURNAL OF SOUTHEAST ASIAN STUDIES,J SOUTHEAST ASIAN ST,CAMBRIDGE UNIV PRESS,0022-4634,1474-0680,AREA STUDIES,SSCI,668,0.4,Q3,0.86,10.67%,118/182,0.7,Q3,0.4,0.1,74/182,Q2,59.62,0.00029,0.06649,0.282,35.4,Q3,99/171,18,94.44%,18.6,22.8,17
Journal of Contemporary African Studies,J CONTEMP AFR STUD,"ROUTLEDGE JOURNALS, TAYLOR & FRANCIS LTD",2662-2211,1469-9397,AREA STUDIES,ESCI,632,0.8,Q2,0.93,20.25%,68/182,1.3,Q1,0.8,0.1,68/182,Q2,62.91,0.0005,0.11134,0.414,62.9,Q2,70/171,35,94.29%,9.8,11.6,33
Journal of Balkan and Near Eastern Studies,J BALKAN NEAR E STUD,"ROUTLEDGE JOURNALS, TAYLOR & FRANCIS LTD",2322-5939,1944-8961,AREA STUDIES,SSCI,618,1.1,Q1,1.21,9.94%,42/182,1.3,Q1,0.9,0.2,49/182,Q2,73.35,0.00114,0.25423,0.56,77.2,Q2,51/171,65,100.00%,5.4,14.5,65
Contemporary Southeast Asia,CONTEMP SE ASIA,INST SOUTHEAST ASIAN STUDIES-ISEAS,0129-797X,1793-284X,AREA STUDIES,SSCI,592,0.9,Q2,0.61,0.00%,57/182,1.2,Q2,0.9,1.2,101/182,Q3,44.78,0.00049,0.10985,0.563,69,Q2,48/171,13,92.31%,11.2,8.1,12
Contemporary South Asia,CONTEMP SOUTH ASIA,"ROUTLEDGE JOURNALS, TAYLOR & FRANCIS LTD",2148-9386,1469-364X,AREA STUDIES,SSCI,578,0.8,Q2,1.47,28.79%,68/182,1,Q2,0.7,0.1,30/182,Q1,83.79,0.00085,0.18989,0.548,62.9,Q2,53/171,41,85.37%,7.6,12.2,35
BULLETIN OF INDONESIAN ECONOMIC STUDIES,B INDONES ECON STUD,"ROUTLEDGE JOURNALS, TAYLOR & FRANCIS LTD",2052-3211,1472-7234,AREA STUDIES,SSCI,568,2.3,Q1,1.78,23.08%,8/182,2.9,Q1,2,0.4,19/182,Q1,89.84,0.00056,0.12651,1.09,95.9,Q1,12/171,12,91.67%,8.3,5.8,11
CONTEMPORARY PACIFIC,CONTEMP PACIFIC,UNIV HAWAII PRESS,1043-898X,1527-9464,AREA STUDIES,SSCI,561,0.5,Q3,0.41,0.00%,105/182,0.6,Q3,0.5,,125/182,Q3,31.59,0.00041,0.09166,0.386,42.6,Q2,79/171,0,,20.8,,0
China Perspectives,CHINA PERSPECT,FRENCH CENTRE RESEARCH CONTEMPORARY CHINA,2632-3249,1996-4617,AREA STUDIES,SSCI,554,0.9,Q2,1.01,0.00%,57/182,1.2,Q2,0.9,0.3,64/182,Q2,65.11,0.0004,0.0892,0.399,69,Q2,76/171,27,85.19%,7.9,8.9,23
Asian Journal of Social Science,ASIAN J SOC SCI,ELSEVIER,2624-9553,1568-5314,AREA STUDIES,SSCI,547,1.2,Q1,0.8,4.88%,35/182,1.2,Q2,1.1,0.4,82/182,Q2,55.22,0.00034,0.07756,0.32,81,Q3,89/171,19,100.00%,10.1,12.9,19
Journal of Asian Public Policy,J ASIAN PUBLIC POLIC,"ROUTLEDGE JOURNALS, TAYLOR & FRANCIS LTD",1751-6234,1751-6242,AREA STUDIES,SSCI,526,1.1,Q1,1.72,12.71%,42/182,2,Q1,1,0.3,22/182,Q1,88.19,0.00054,0.12225,0.443,77.2,Q2,69/171,58,98.28%,4.8,6.9,57
Israel Studies,ISR STUD,INDIANA UNIV PRESS,2673-253X,1527-201X,AREA STUDIES,ESCI,513,0.5,Q3,0.63,0.00%,105/182,0.6,Q3,0.5,0.7,97/182,Q3,46.98,0.00042,0.09453,0.354,42.6,Q2,83/171,30,100.00%,15.3,18.1,30
AFRICAN STUDIES,AFR STUD-UK,"ROUTLEDGE JOURNALS, TAYLOR & FRANCIS LTD",0002-0184,1469-2872,AREA STUDIES,SSCI,511,0.9,Q2,1.04,16.33%,57/182,1.3,Q1,0.8,0.4,60/182,Q2,67.31,0.00042,0.09565,0.469,69,Q2,66/171,19,94.74%,10.6,11.8,18
Journal of East Asian Studies,J EAST ASIAN STUD,CAMBRIDGE UNIV PRESS,1598-2408,2234-6643,AREA STUDIES,SSCI,509,1.6,Q1,1.21,50.79%,22/182,1.6,Q1,1.5,0.1,49/182,Q2,73.35,0.00061,0.13787,0.769,88.2,Q1,27/171,18,100.00%,8.6,8.3,18
Journal of Australian Studies,J AUST STUD,"ROUTLEDGE JOURNALS, TAYLOR & FRANCIS LTD",2214-7829,1835-6419,AREA STUDIES,SSCI,506,0.5,Q3,0.86,50.96%,105/182,0.7,Q3,0.5,0.1,74/182,Q2,59.62,0.0005,0.11218,0.358,42.6,Q2,82/171,28,85.71%,15.4,20.5,24
China Information,CHINA INFORM,SAGE PUBLICATIONS INC,0920-203X,1741-590X,AREA STUDIES,SSCI,504,1.7,Q1,2.49,21.74%,19/182,2.1,Q1,1.6,0.2,5/182,Q1,97.53,0.00055,0.12249,0.783,89.8,Q1,26/171,17,100.00%,7.7,9.2,17
MIDDLE EAST POLICY,MIDDLE EAST POLICY,WILEY,2227-9091,1475-4967,AREA STUDIES,SSCI,501,1.1,Q1,0.78,22.50%,42/182,0.9,Q2,0.9,0.5,87/182,Q2,52.47,0.00052,0.11604,0.351,77.2,Q2,84/171,41,97.56%,8.2,3.2,40
Asia & the Pacific Policy Studies,ASIA PAC POLICY STUD,WILEY,2214-7160,2050-2680,AREA STUDIES,SSCI,486,0.8,Q2,1.57,91.67%,68/182,2.1,Q1,0.8,0.5,27/182,Q1,85.44,0.00044,0.09855,0.566,62.9,Q2,47/171,15,100.00%,6.3,6.4,15
Africa Spectrum,AFR SPECTR,SAGE PUBLICATIONS INC,0002-0397,1868-6869,AREA STUDIES,SSCI,485,2.2,Q1,2.23,97.92%,9/182,2.2,Q1,1.8,0.4,8/182,Q1,95.88,0.00048,0.10803,0.819,95.3,Q1,21/171,20,95.00%,9.1,10.1,19
Social Dynamics-A Journal of African Studies,SOC DYNAMICS,"ROUTLEDGE JOURNALS, TAYLOR & FRANCIS LTD",0253-3952,1940-7874,AREA STUDIES,SSCI,476,0.6,Q2,0.63,17.57%,86/182,0.8,Q2,0.5,0.1,97/182,Q3,46.98,0.00047,0.10531,0.391,53,Q2,78/171,15,86.67%,10.7,10.8,13
Middle East Critique,MIDDLE EAST CRIT,"ROUTLEDGE JOURNALS, TAYLOR & FRANCIS LTD",1943-6149,1943-6157,AREA STUDIES,SSCI,464,1.5,Q1,1.59,33.33%,26/182,1.7,Q1,1.2,0.7,25/182,Q1,86.54,0.00102,0.22723,0.972,86,Q1,16/171,46,100.00%,5.4,7.9,46
Israel Affairs,ISR AFF,"ROUTLEDGE JOURNALS, TAYLOR & FRANCIS LTD",2767-3812,1743-9086,AREA STUDIES,SSCI,442,0.6,Q2,0.61,27.42%,86/182,0.6,Q3,0.5,0.4,101/182,Q3,44.78,0.00053,0.11977,0.223,53,Q3,117/171,67,100.00%,6.8,13.4,67
Journal of Current Southeast Asian Affairs,J CURR SE ASIAN AFF,SAGE PUBLICATIONS INC,1868-1034,1868-4882,AREA STUDIES,SSCI,422,1.7,Q1,1.61,98.51%,19/182,2.1,Q1,1.6,0.3,23/182,Q1,87.64,0.00061,0.1367,0.785,89.8,Q1,25/171,26,100.00%,5.8,7.1,26
China-An International Journal,CHINA INT J,NUS PRESS PTE LTD,1477-8947,0219-8614,AREA STUDIES,SSCI,403,0.7,Q2,0.81,0.00%,80/182,0.8,Q2,0.7,0.2,80/182,Q2,56.32,0.00035,0.07951,0.237,56.3,Q3,112/171,36,100.00%,7.1,8.6,36
Asia-Pacific Journal-Japan Focus,ASIA-PAC J-JPN FOCU,JAPAN FOCUS,2767-3170,1557-4660,AREA STUDIES,ESCI,394,0.2,Q4,0.25,0.57%,147/182,0.3,Q4,0.2,0.1,150/182,Q4,17.86,0.00042,0.09447,0.129,19.5,Q4,138/171,50,100.00%,8.9,10.2,50
CANADIAN JOURNAL OF AFRICAN STUDIES,CAN J AFR STUDIES,"ROUTLEDGE JOURNALS, TAYLOR & FRANCIS LTD",2773-1391,1923-3051,AREA STUDIES,ESCI,389,0.8,Q2,1.04,11.59%,68/182,1,Q2,0.8,0.1,60/182,Q2,67.31,0.00046,0.10435,0.404,62.9,Q2,75/171,28,100.00%,8.5,12.1,28
New Perspectives on Turkey,NEW PERSPECT TURK,CAMBRIDGE UNIV PRESS,2624-893X,1305-3299,AREA STUDIES,SSCI,388,1.1,Q1,1.07,44.68%,42/182,1.9,Q1,1,0.8,57/182,Q2,68.96,0.0005,0.11144,0.96,77.2,Q1,17/171,21,100.00%,8.3,11.2,21
JOURNAL OF BALTIC STUDIES,J BALTIC STUD,ASSOC ADVANCEMENT BALTIC STUDIES INC,0162-9778,1751-7877,AREA STUDIES,SSCI,385,0.5,Q3,0.98,12.20%,105/182,0.6,Q3,0.5,0.1,65/182,Q2,64.56,0.00041,0.09217,0.288,42.6,Q3,98/171,36,100.00%,9.9,13.9,36
Polar Journal,POLAR J-UK,TAYLOR & FRANCIS LTD,2413-8851,2154-8978,AREA STUDIES,ESCI,378,1.8,Q1,0.71,48.44%,14/182,,,1.6,0.9,90/182,Q2,50.82,0.0003,0.0684,,92.6,,,28,100.00%,6,8.9,28
Asian Affairs,ASIAN AFF,"ROUTLEDGE JOURNALS, TAYLOR & FRANCIS LTD",0306-8374,1477-1500,AREA STUDIES,ESCI,377,1.1,Q1,1.1,28.41%,42/182,1.3,Q1,1,0.1,56/182,Q2,69.51,0.00078,0.17376,0.595,77.2,Q2,44/171,23,100.00%,4.9,3.9,23
Economy of Region,EKON REG,"RUSSIAN ACAD SCIENCES, URAL BRANCH, INST ECONOMICS",2072-6414,2411-1406,AREA STUDIES,ESCI,355,0.4,Q3,0.58,98.15%,118/182,0.5,Q3,0.3,<0.1,104/182,Q3,43.13,0.0003,0.06842,0.083,35.4,Q4,154/171,88,100.00%,4.3,6.9,88
Asia Policy,ASIA POLICY,NATL BUREAU ASIAN RESEARCH,1559-0968,1559-2960,AREA STUDIES,ESCI,347,0.9,Q2,0.44,0.00%,57/182,,,0.8,0.1,121/182,Q3,33.79,0.00054,0.12202,,69,,,56,96.43%,5.3,2.8,54
Critical African Studies,CRIT AFR STUD,TAYLOR & FRANCIS LTD,2509-8020,2040-7211,AREA STUDIES,ESCI,341,1,Q2,0.81,29.85%,53/182,,,1,0.3,80/182,Q2,56.32,0.00056,0.1255,,71.2,,,26,100.00%,4.9,10.9,26
East Asian Science Technology and Society-An International Journal,E ASIAN SCI TECH SOC,TAYLOR & FRANCIS INC,1875-2160,1875-2152,AREA STUDIES,SSCI,300,0.6,Q2,0.79,53.85%,86/182,0.8,Q2,0.5,0.3,85/182,Q2,53.57,0.00041,0.09255,0.405,53,Q2,74/171,22,95.45%,7.8,13.4,21
Journal of Contemporary European Research,J CONTEMP EUR RES,UNIV ASSOC CONTEMPORARY EUROPEAN STUDIES-UACES,2399-6641,1815-347X,AREA STUDIES,ESCI,290,0.6,Q2,0.89,96.67%,86/182,1.2,Q2,0.6,,72/182,Q2,60.71,0.00037,0.08255,0.516,53,Q2,57/171,0,,8.2,,0
South Asia Research,SOUTH ASIA RES,SAGE PUBLICATIONS INDIA PVT LTD,0262-7280,1741-3141,AREA STUDIES,ESCI,283,0.8,Q2,1.56,4.62%,68/182,1,Q2,0.4,0.1,28/182,Q1,84.89,0.00021,0.0468,0.227,62.9,Q3,116/171,20,100.00%,8.1,14,20
Japan Forum,JPN FORUM,"ROUTLEDGE JOURNALS, TAYLOR & FRANCIS LTD",0955-5803,1469-932X,AREA STUDIES,ESCI,269,0.2,Q4,0.58,27.27%,147/182,0.7,Q3,0.2,0.1,104/182,Q3,43.13,0.00031,0.06986,0.272,19.5,Q3,102/171,18,94.44%,9.1,13.6,17
Arab Studies Quarterly,ARAB STUD Q,PLUTO JOURNALS,2624-9634,2043-6920,AREA STUDIES,ESCI,266,0.3,Q3,0.4,60.00%,135/182,0.4,Q3,0.3,0.2,126/182,Q3,31.04,0.00013,0.02998,0.266,26.1,Q3,104/171,9,100.00%,21.4,10,9
Journal of Contemporary East Asia Studies,J CONTEM E ASIA STUD,TAYLOR & FRANCIS LTD,2188-5729,2476-1036,AREA STUDIES,ESCI,265,1.4,Q1,1.81,97.50%,29/182,2.6,Q1,1.4,0.4,17/182,Q1,90.93,0.00044,0.09984,0.848,84.3,Q1,19/171,14,100.00%,4.8,8.5,14
East Asia,E ASIA-NETHERLANDS,SPRINGERNATURE,2575-8314,1874-6284,AREA STUDIES,ESCI,261,1.1,Q1,1.61,33.33%,42/182,0.9,Q2,1,<0.1,23/182,Q1,87.64,0.00027,0.06166,0.316,77.2,Q3,91/171,22,100.00%,6.8,6.8,22
Millennial Asia,MILLENN ASIA,SAGE PUBLICATIONS INC,1365-2907,2321-7081,AREA STUDIES,ESCI,261,0.9,Q2,1.33,0.91%,57/182,1.2,Q2,0.8,0.1,41/182,Q1,77.75,0.00033,0.07423,0.261,69,Q3,105/171,34,100.00%,4.1,9,34
Modern Italy,MOD ITALY,CAMBRIDGE UNIV PRESS,2213-5383,1469-9877,AREA STUDIES,SSCI,261,0.6,Q2,1.42,71.01%,86/182,0.7,Q3,0.6,<0.1,33/182,Q1,82.14,0.00046,0.10363,0.491,53,Q2,65/171,24,91.67%,8.8,16,22
India Review,INDIA REV,"ROUTLEDGE JOURNALS, TAYLOR & FRANCIS LTD",1473-6489,1557-3036,AREA STUDIES,SSCI,248,0.6,Q2,0.65,12.35%,86/182,0.7,Q3,0.5,0.3,96/182,Q3,47.53,0.00035,0.07952,0.359,53,Q2,81/171,29,89.66%,7.7,9.2,26
American Review of Canadian Studies,AM REV CAN STUD,"ROUTLEDGE JOURNALS, TAYLOR & FRANCIS LTD",0272-2011,1943-9954,AREA STUDIES,ESCI,248,0.4,Q3,0.55,8.82%,118/182,0.6,Q3,0.4,<0.1,109/182,Q3,40.38,0.00026,0.05888,0.233,35.4,Q3,113/171,16,100.00%,9.9,15,16
JOURNAL OF JAPANESE STUDIES,J JPN STUD,SOC JAPANESE STUD,2572-3170,1549-4721,AREA STUDIES,SSCI,242,0.4,Q3,0.62,0.00%,118/182,0.4,Q3,0.3,0.1,100/182,Q3,45.33,0.0001,0.02325,0.27,35.4,Q3,103/171,11,100.00%,25.5,27.6,11
SOJOURN-Journal of Social Issues in Southeast Asia,SOJOURN,INST SOUTHEAST ASIAN STUDIES-ISEAS,2574-2531,1793-2858,AREA STUDIES,ESCI,226,0.8,Q2,0.57,0.00%,68/182,0.6,Q3,0.8,<0.1,107/182,Q3,41.48,0.00014,0.03242,0.26,62.9,Q3,106/171,13,100.00%,9.5,19.1,13
Nordic Journal of African Studies,NORD J AFR STUD,Nordic Africa Research Network,2661-8001,1459-9465,AREA STUDIES,ESCI,224,0.2,Q4,0.21,0.00%,147/182,,,0.2,<0.1,156/182,Q4,14.56,0.00009,0.02016,,19.5,,,24,100.00%,18,16.9,24
China Report,CHINA REP,SAGE PUBLICATIONS INDIA PVT LTD,0009-4455,0973-063X,AREA STUDIES,ESCI,223,0.7,Q2,0.84,5.63%,80/182,0.9,Q2,0.7,0.1,79/182,Q2,56.87,0.00024,0.05372,0.278,56.3,Q3,100/171,29,100.00%,7.6,5.5,29
Journal of the Indian Ocean Region,J INDIAN OCEAN REG,"ROUTLEDGE JOURNALS, TAYLOR & FRANCIS LTD",1948-0881,1948-108X,AREA STUDIES,ESCI,220,1.3,Q1,1.33,8.82%,33/182,1.3,Q1,1.3,0.3,41/182,Q1,77.75,0.0002,0.04545,0.319,82.1,Q3,90/171,4,100.00%,6.2,5,4
Social Science Japan Journal,SOC SCI JPN J,OXFORD UNIV PRESS,2192-1709,1468-2680,AREA STUDIES,SSCI,220,0.8,Q2,0.86,29.27%,68/182,1,Q2,0.7,0.1,74/182,Q2,59.62,0.00016,0.03709,0.335,62.9,Q3,86/171,15,100.00%,9.4,7.3,15
TRaNS-Trans-Regional and -National Studies of Southeast Asia,TRANS,CAMBRIDGE UNIV PRESS,2381-4683,2051-3658,AREA STUDIES,ESCI,219,0.4,Q3,0.32,43.59%,118/182,1,Q2,0.4,0.3,143/182,Q4,21.7,0.00029,0.06645,0.497,35.4,Q2,63/171,12,100.00%,7.9,10.6,12
Japanese Studies,JPN STUD,"ROUTLEDGE JOURNALS, TAYLOR & FRANCIS LTD",1037-1397,1469-9338,AREA STUDIES,ESCI,205,0.4,Q3,0.43,15.09%,118/182,0.5,Q3,0.4,0.1,123/182,Q3,32.69,0.00018,0.04143,0.256,35.4,Q3,109/171,16,100.00%,12.2,15.1,16
Baltic Region,BALT REG,IMMANUEL KANT BALTIC FEDERAL UNIV,2079-8555,2310-0524,AREA STUDIES,ESCI,200,1,Q2,1.07,94.12%,53/182,0.7,Q3,0.5,0.2,57/182,Q2,68.96,0.00018,0.04203,0.137,71.2,Q4,133/171,33,100.00%,4.2,6.1,33
GERMAN STUDIES REVIEW,GER STUD REV,JOHNS HOPKINS UNIV PRESS,0149-7952,2164-8646,AREA STUDIES,SSCI,196,0.3,Q3,0.33,0.00%,135/182,0.3,Q4,0.3,0.1,141/182,Q4,22.8,0.0001,0.02361,0.122,26.1,Q4,141/171,23,100.00%,15.2,23.8,23
Digest of Middle East Studies,DIG MIDDLE EAST STUD,WILEY,1060-4367,1949-3606,AREA STUDIES,ESCI,194,1.2,Q1,0.9,37.70%,35/182,1,Q2,1.1,1.1,70/182,Q2,61.81,0.00026,0.0581,0.363,81,Q2,80/171,22,95.45%,4.8,9.5,21
South Asian Diaspora,SOUTH ASIAN DIASPORA,"ROUTLEDGE JOURNALS, TAYLOR & FRANCIS LTD",2673-4524,1943-8184,AREA STUDIES,ESCI,191,0.9,Q2,1.38,23.08%,57/182,1.1,Q2,0.3,0.5,34/182,Q1,81.59,0.00012,0.02827,0.201,69,Q3,123/171,37,100.00%,5,13.4,37
Eastern Journal of European Studies,EAST J EUR STUD,"UNIV ALEXANDRU IOAN CUZA, CENTRUL STUDII EUROPENE",2068-651X,2068-6633,AREA STUDIES,ESCI,190,0.6,Q2,0.79,99.17%,86/182,0.6,Q3,0.5,0.1,85/182,Q2,53.57,0.00018,0.04051,0.123,53,Q4,140/171,45,100.00%,4.5,5.2,45
Southeast Asian Studies,SE ASIAN STUD,"KYOTO UNIV, CENTRE SOUTHEAST ASIAN STUDIES",2730-6151,2423-8686,AREA STUDIES,ESCI,189,0.4,Q3,0.38,0.00%,118/182,0.4,Q3,0.4,0.1,131/182,Q3,28.3,0.0001,0.02441,0.169,35.4,Q3,127/171,16,100.00%,10.6,9.2,16
GERMAN POLITICS AND SOCIETY,GER POLIT SOC,BERGHAHN JOURNALS,1045-0300,1558-5441,AREA STUDIES,ESCI,188,0.5,Q3,0.49,0.00%,105/182,0.5,Q3,0.4,<0.1,117/182,Q3,35.99,0.00021,0.04745,0.26,42.6,Q3,106/171,10,100.00%,8.1,4.9,10
Israel Studies Review,ISR STUD REV,BERGHAHN JOURNALS,2590-2296,2159-0389,AREA STUDIES,ESCI,186,0.4,Q3,0.44,0.00%,118/182,0.5,Q3,0.3,0.1,121/182,Q3,33.79,0.00013,0.0296,0.179,35.4,Q3,126/171,20,100.00%,10,11.7,20
Region,REGION,SLAVICA PUBLISHERS,2976-5390,2165-0659,AREA STUDIES,ESCI,183,1.9,Q1,0.04,0.00%,13/182,1.5,Q1,1.9,0.3,176/182,Q4,3.57,0.00019,0.04279,0.468,93.1,Q2,67/171,8,100.00%,6.4,8.9,8
Contemporary Europe-Sovremennaya Evropa,CONTEMP EUR,"ROSSIISKAYA AKAD NAUK, INST EVROPY",0201-7083,0201-7083,AREA STUDIES,ESCI,183,0.3,Q3,0.24,51.59%,135/182,0.2,Q4,0.1,0.1,152/182,Q4,16.76,0.00032,0.07186,0.068,26.1,Q4,157/171,120,100.00%,3.6,4.7,120
ISSUES & STUDIES,ISSUES STUD,WORLD SCIENTIFIC PUBL CO PTE LTD,2204-3136,2529-802X,AREA STUDIES,ESCI,178,0.8,Q2,0.6,0.00%,68/182,0.8,Q2,0.8,0.1,103/182,Q3,43.68,0.00022,0.0504,0.35,62.9,Q2,85/171,19,100.00%,8.7,5.9,19
Pacific Focus,PAC FOCUS,WILEY,2572-2611,1976-5118,AREA STUDIES,SSCI,170,0.5,Q3,0.55,13.33%,105/182,0.7,Q3,0.5,0.1,109/182,Q3,40.38,0.00016,0.0368,0.22,42.6,Q3,118/171,25,100.00%,7.3,10.6,25
Bilig,BILIG,AHMET YESEVI UNIV,2639-5916,1301-0549,AREA STUDIES,SSCI,170,0.4,Q3,0.31,36.36%,118/182,0.3,Q4,0.3,0.1,145/182,Q4,20.6,0.00026,0.05789,0.189,35.4,Q3,125/171,28,100.00%,9.7,12.5,28
Korea Observer,KOREA OBS,INST KOREAN STUDIES,2056-3485,0023-3919,AREA STUDIES,SSCI,167,0.3,Q3,0.25,0.00%,135/182,0.4,Q3,0.3,0.2,150/182,Q4,17.86,0.00015,0.03347,0.142,26.1,Q4,132/171,24,100.00%,9.3,10.4,24
Asian Journal of Middle Eastern and Islamic Studies,ASIAN J MIDDLE E ISL,TAYLOR & FRANCIS LTD,1520-6688,2576-5957,AREA STUDIES,ESCI,157,0.6,Q2,0.49,8.86%,86/182,0.7,Q3,0.5,0.3,117/182,Q3,35.99,0.00028,0.06247,0.228,53,Q3,115/171,25,100.00%,4.8,6.1,25
Kajian Malaysia,KAJI MALAYS,PENERBIT UNIV SAINS MALAYSIA,2642-0007,2180-4273,AREA STUDIES,ESCI,156,0.3,Q3,0.33,100.00%,135/182,0.5,Q3,0.2,0.1,141/182,Q4,22.8,0.0001,0.02383,0.129,26.1,Q4,138/171,39,100.00%,7.7,11.4,39
Journal of Vietnamese Studies,J VIETNAM STUD,UNIV CALIFORNIA PRESS,1559-372X,1559-3738,AREA STUDIES,ESCI,146,0.3,Q3,0.39,0.00%,135/182,0.6,Q3,0.2,0.1,129/182,Q3,29.4,0.00017,0.03866,0.393,26.1,Q2,77/171,18,88.89%,11.6,21.4,16
Contemporary Review of the Middle East,CONTEMP REV MIDDLE E,SAGE PUBLICATIONS INC,2767-3200,2349-0055,AREA STUDIES,ESCI,141,0.7,Q2,0.56,5.26%,80/182,0.8,Q2,0.7,0.1,108/182,Q3,40.93,0.00025,0.05617,0.29,56.3,Q3,97/171,25,100.00%,4.9,4.1,25
International Journal of African Renaissance Studies,INT J AFR RENAISS ST,"ROUTLEDGE JOURNALS, TAYLOR & FRANCIS LTD",1818-6874,1753-7274,AREA STUDIES,ESCI,141,0.4,Q3,0.53,2.44%,118/182,0.5,Q3,0.4,<0.1,113/182,Q3,38.19,0.00012,0.02891,0.203,35.4,Q3,121/171,6,100.00%,8.6,9.8,6
Inner Asia,INN ASIA,BRILL,1464-8172,2210-5018,AREA STUDIES,ESCI,140,0.5,Q3,0.52,20.00%,105/182,0.4,Q3,0.4,<0.1,115/182,Q3,37.09,0.00016,0.03648,0.301,42.6,Q3,94/171,14,100.00%,14,17,14
Safundi,SAFUNDI,"ROUTLEDGE JOURNALS, TAYLOR & FRANCIS LTD",1753-3171,1543-1304,AREA STUDIES,ESCI,136,0.1,Q4,0.18,18.52%,162/182,0.3,Q4,0.1,0.4,157/182,Q4,14.01,0.00016,0.03702,0.208,11.3,Q3,120/171,17,100.00%,7.9,11.4,17
Revue des Mondes Musulmans et de la Mediterranee,REV MONDES MUSULMANS,UNIV PROVENCE,0997-1327,2105-2271,AREA STUDIES,ESCI,132,0.1,Q4,0.13,100.00%,162/182,0.1,Q4,0.1,<0.1,161/182,Q4,11.81,0.00008,0.01997,0.092,11.3,Q4,150/171,22,95.45%,17.1,18.5,21
Insight on Africa,INSIGHT AFR,SAGE PUBLICATIONS LTD,2673-7086,0976-3465,AREA STUDIES,ESCI,128,1.2,Q1,1.38,23.68%,35/182,1.3,Q1,1.2,0.1,34/182,Q1,81.59,0.00024,0.05446,0.508,81,Q2,60/171,15,93.33%,4.6,6.5,14
Mir Rossii-Universe of Russia,MIR ROSS,NATL RESEARCH UNIV HIGHER SCH ECONOMICS,2227-7099,1811-0398,AREA STUDIES,ESCI,127,0.7,Q2,0.66,97.78%,80/182,0.5,Q3,0.6,0.2,94/182,Q3,48.63,0.00023,0.05183,0.19,56.3,Q3,124/171,33,100.00%,4.7,9.4,33
London Journal,LOND J,"ROUTLEDGE JOURNALS, TAYLOR & FRANCIS LTD",0305-8034,1749-6322,AREA STUDIES,SSCI,122,0.3,Q3,0.55,23.68%,135/182,0.4,Q3,0.3,<0.1,109/182,Q3,40.38,0.00017,0.03912,0.301,26.1,Q3,94/171,14,100.00%,14.4,52.7,14
NWIG-New West Indian Guide-Nieuwe West-Indische Gids,NWIG-NEW W INDIAN GU,KITLV PRESS,2076-3387,1382-2373,AREA STUDIES,SSCI,119,0.4,Q3,0.36,84.00%,118/182,0.3,Q4,0.3,<0.1,133/182,Q3,27.2,0.00014,0.03125,0.413,35.4,Q2,71/171,7,85.71%,15.9,17.1,6
European Journal of East Asian Studies,EUR J E ASIAN STUD,BRILL,2399-4908,1570-0615,AREA STUDIES,ESCI,119,0.2,Q4,0.34,5.41%,147/182,,,0.2,<0.1,139/182,Q4,23.9,0.00011,0.02528,,19.5,,,13,100.00%,12.3,11.4,13
African and Asian Studies,AFR ASIAN STUD,BRILL,2673-5172,1569-2108,AREA STUDIES,SSCI,116,0.6,Q2,0.36,5.13%,86/182,0.3,Q4,0.6,0.2,133/182,Q3,27.2,0.00007,0.01684,0.121,53,Q4,142/171,10,100.00%,12.2,11.1,10
Journal of Nusantara Studies-JONUS,J NUSANT STUD-JONUS,UNIV SULTAN ZAINAL ABIDIN,0127-9319,0127-9386,AREA STUDIES,ESCI,113,0.3,Q3,0.49,96.55%,135/182,0.4,Q3,0.3,0.2,117/182,Q3,35.99,0.00012,0.0269,0.069,26.1,Q4,155/171,40,95.00%,4.1,7.8,38
Northern Review,NORTH REV,YUKON COLL,2730-7182,0820-0300,AREA STUDIES,ESCI,105,0.6,Q2,0.31,70.37%,86/182,0.6,Q3,0.6,0.2,145/182,Q4,20.6,0.00003,0.00715,0.11,53,Q4,145/171,13,100.00%,8.5,11.1,13
Africa Review,AFR REV-ABINGDON,BRILL,0974-4053,0974-4061,AREA STUDIES,ESCI,105,0.5,Q3,0.58,3.70%,105/182,0.6,Q3,0.5,0.1,104/182,Q3,43.13,0.00009,0.02131,0.155,42.6,Q4,130/171,19,94.74%,6.1,8.8,18
Comparative Southeast European Studies,COMP SE EUR STUD,WALTER DE GRUYTER GMBH,2701-8199,2701-8202,AREA STUDIES,ESCI,96,1,Q2,0.96,100.00%,53/182,0.9,Q2,0.9,0.3,66/182,Q2,64.01,0.00026,0.06007,0.444,71.2,Q2,68/171,22,95.45%,,10.3,21
Caucasus Survey,CAUCASUS SURV,BRILL,2590-051X,2376-1202,AREA STUDIES,ESCI,96,0.4,Q3,0.39,15.00%,118/182,0.7,Q3,0.4,0.2,129/182,Q3,29.4,0.00024,0.05538,0.409,35.4,Q2,73/171,10,100.00%,,13,10
Review of Middle East Studies,REV MIDDLE EAST STUD,CAMBRIDGE UNIV PRESS,2572-3170,2329-3225,AREA STUDIES,ESCI,95,0.2,Q4,0.36,38.30%,147/182,0.4,Q3,0.2,0.2,133/182,Q3,27.2,0.00016,0.03561,0.274,19.5,Q3,101/171,18,50.00%,,22.6,9
SOUTHEASTERN EUROPE,SOUTHEAST EUR,BRILL,0094-4467,1876-3332,AREA STUDIES,ESCI,92,0.3,Q3,0.8,6.06%,135/182,0.3,Q4,0.3,<0.1,82/182,Q2,55.22,0.00007,0.01571,0.137,26.1,Q4,133/171,8,100.00%,,10.7,8
African Diaspora,AFR DIASPORA,BRILL,2639-5916,1872-5465,AREA STUDIES,ESCI,89,0.2,Q4,0.36,31.58%,147/182,0.4,Q3,0.2,<0.1,133/182,Q3,27.2,0.00007,0.01641,0.292,19.5,Q3,96/171,3,100.00%,,15.5,3
International Communication of Chinese Culture,INT COMMUN CHIN CULT,SPRINGERNATURE,2050-3385,2197-4241,AREA STUDIES,ESCI,87,0.6,Q2,0.96,30.43%,86/182,0.5,Q3,0.5,0.1,66/182,Q2,64.01,0.00013,0.03091,0.16,53,Q4,129/171,36,100.00%,,11.7,36
Estudios del Desarrollo Social-Cuba y America Latina,ESTUD DESARRO SOC,UNIV HABANA,2308-0132,2308-0132,AREA STUDIES,ESCI,87,0.1,Q4,0.11,0.00%,162/182,0.1,Q4,0.1,<0.1,165/182,Q4,9.62,0.00014,0.03252,0.032,11.3,Q4,164/171,115,96.52%,,6.7,111
Boletin Americanista,BOL AM,"UNIV BARCELONA, SERVEI PUBLICACIONS",2405-9188,2014-993X,AREA STUDIES,ESCI,85,0.1,Q4,0.02,95.24%,162/182,0.1,Q4,<0.1,<0.1,178/182,Q4,2.47,0.00009,0.0206,0.117,11.3,Q4,143/171,23,100.00%,,17.9,23
Australasian Review of African Studies,AUSTRALAS REV AFR ST,AFRICAN STUDIES ASSOC AUSTRALASIA & PACIFIC,1447-8420,2203-5184,AREA STUDIES,ESCI,82,0.2,Q4,0.12,0.00%,147/182,0.3,Q4,0.2,,163/182,Q4,10.71,0.00003,0.00695,0.088,19.5,Q4,152/171,0,,,,0
European Integration Studies,EUR INTEGR STUD,KAUNO TECHNOLOGIJOS UNIV,2398-631X,2335-8831,AREA STUDIES,ESCI,78,0.5,Q3,0.53,55.17%,105/182,0.5,Q3,0.5,,113/182,Q3,38.19,0.00005,0.01236,0.088,42.6,Q4,152/171,0,,,,0
Revista de Estudios Andaluces,REV ESTUD ANDAL,"UNIV SEVILLA, EDITORIAL",0212-8594,2340-2776,AREA STUDIES,ESCI,73,0.6,Q2,0.66,90.00%,86/182,0.5,Q3,0.6,0.1,94/182,Q3,48.63,0.00006,0.01507,0.089,53,Q4,151/171,22,100.00%,,10.8,22
Russian Journal of Vietnamese Studies-Vyetnamskiye issledovaniya,RUSS J VIETNAM STUD,CENTER VIETNAM & ASEAN STUDIES,2618-9453,2618-9453,AREA STUDIES,ESCI,73,0.5,Q3,0.35,76.07%,105/182,0.4,Q3,0.3,0.1,138/182,Q4,24.45,0.00013,0.02991,0.096,42.6,Q4,148/171,37,100.00%,,8.1,37
Cahiers des Ameriques Latines,CAH AM LAT,INST HAUTES ETUDES AMERIQUE LATINE,2634-4505,2268-4247,AREA STUDIES,ESCI,73,0.1,Q4,0.07,62.07%,162/182,0.2,Q4,0.1,0.1,169/182,Q4,7.42,0.00013,0.03015,0.135,11.3,Q4,136/171,11,100.00%,,14.1,11
International Journal of Canadian Studies,INT J CAN STUD,UNIV TORONTO PRESS INC,1947-2579,1923-5291,AREA STUDIES,ESCI,71,0.3,Q3,0.36,0.00%,135/182,0.2,Q4,0.3,<0.1,133/182,Q3,27.2,0.00003,0.00717,0.136,26.1,Q4,135/171,12,100.00%,,12.6,12
Hallazgos-Revista de Investigaciones,HALLAZGOS,UNIV SANTO TOMAS,2673-611X,2422-409X,AREA STUDIES,ESCI,71,0.1,Q4,0.11,30.00%,162/182,0.4,Q3,0.1,<0.1,165/182,Q4,9.62,0.00008,0.01854,0.102,11.3,Q4,146/171,16,93.75%,,10.5,15
Sibirica-Interdisciplinary journal of Siberian Studies,SIBIRICA,BERGHAHN JOURNALS,2381-4683,1476-6787,AREA STUDIES,ESCI,68,0.6,Q2,0.42,97.67%,86/182,0.4,Q3,0.5,0.1,124/182,Q3,32.14,0.00011,0.02452,0.202,53,Q3,122/171,11,100.00%,,13.7,11
Mundo Amazonico,MUNDO AMAZON,"UNIV NAC COLOMBIA, SEDE AMAZONIA",2373-7492,2145-5082,AREA STUDIES,ESCI,60,0.2,Q4,0.12,93.33%,147/182,0.4,Q3,0.2,<0.1,163/182,Q4,10.71,0.0001,0.02439,0.151,19.5,Q4,131/171,14,100.00%,,12.4,14
Regionologiya-Regionology Russian Journal of Regional Studies,REGIONOLOGIYA,NATL RESEARCH OGAREV MORDOVIA STATE UNIV,2413-1407,2587-8549,AREA STUDIES,ESCI,57,0.4,Q3,0.3,98.33%,118/182,0.2,Q4,0.2,0.1,147/182,Q4,19.51,0.00009,0.0213,0.063,35.4,Q4,158/171,39,100.00%,,4.2,39
Bandung,BANDUNG-J GLOBAL S,BRILL,2564-1891,2198-3534,AREA STUDIES,ESCI,57,0.2,Q4,0.23,37.50%,147/182,,,0.2,<0.1,154/182,Q4,15.66,0.00005,0.01323,,19.5,,,18,94.44%,,9.9,17
Seoul Journal of Korean Studies,SEOUL J KOREAN STUD,KYUJANGGAK INST KOREAN STUD,2368-7460,2331-4826,AREA STUDIES,ESCI,56,0.2,Q4,0.73,0.00%,147/182,0.3,Q4,0.2,0.1,89/182,Q2,51.37,0.00014,0.03284,0.243,19.5,Q3,110/171,12,100.00%,,19.4,12
International Journal of Taiwan Studies,INT J TAIWAN STUD,BRILL,2192-4007,2468-8800,AREA STUDIES,ESCI,55,0.4,Q3,1.34,11.54%,118/182,0.6,Q3,0.4,0.1,40/182,Q1,78.3,0.00019,0.04426,0.315,35.4,Q3,92/171,16,100.00%,,11.8,16
Revista de Estudios Internacionales Mediterraneos,REV ESTUD INT MEDITE,"UNIV AUTONOMA MADRID, SERVICIO PUBLICACIONES",2688-8319,1887-4460,AREA STUDIES,ESCI,54,0.1,Q4,0.34,88.00%,162/182,0.2,Q4,0.1,<0.1,139/182,Q4,23.9,0.00014,0.03229,0.163,11.3,Q3,128/171,27,100.00%,,9.9,27
Afriques-Debats Methodes et Terrains d Histoire,AFRIQUES,INST MONDES AFRICAINS,2108-6796,2108-6796,AREA STUDIES,ESCI,50,0.4,Q3,0.29,85.00%,118/182,0.4,Q3,0.4,<0.1,149/182,Q4,18.41,0.00006,0.01411,0.243,35.4,Q3,110/171,4,100.00%,,18.1,4
Cuadernos Inter c a mbio sobre Centroamerica y el Caribe,CUAD INTER C A MBIO,"UNIV COSTA RICA, CENTRO INVESTIGACION & IDENTIDAD & CULTURA LATINOAMERICANA",2590-2296,1659-4940,AREA STUDIES,ESCI,49,0.2,Q4,0.05,83.33%,147/182,0.2,Q4,0.2,0.1,171/182,Q4,6.32,0.00011,0.02633,0.131,19.5,Q4,137/171,17,100.00%,,7,17
International Journal of Cuban Studies,INT J CUBA STUD,PLUTO JOURNALS,2976-5390,1756-347X,AREA STUDIES,ESCI,48,0.3,Q3,0.3,100.00%,135/182,0.3,Q4,0.2,<0.1,147/182,Q4,19.51,0.00006,0.01399,0.115,26.1,Q4,144/171,6,100.00%,,9.4,6
Annee du Maghreb,ANNEE MAGHREB,CNRS EDITIONS,2109-9405,2109-9405,AREA STUDIES,ESCI,37,0.2,Q4,0.11,86.59%,147/182,0.1,Q4,0.2,0.1,165/182,Q4,9.62,0.0001,0.02359,0.095,19.5,Q4,149/171,36,100.00%,,12.1,36
Studi irlandesi-A Journal of Irish Studies,STUDI IRL,FIRENZE UNIV PRESS,2692-4366,2239-3978,AREA STUDIES,ESCI,36,0.5,Q3,0.4,30.00%,105/182,0.4,Q3,0.5,<0.1,126/182,Q3,31.04,0.00019,0.04234,0.305,42.6,Q3,93/171,14,100.00%,,25.6,14
Europolity-Continuity and Change in European Governance,EUROPOLITY,NATL SCH POLITICAL STUDIES & PUBLIC ADM,2603-6479,2247-7721,AREA STUDIES,ESCI,36,0.5,Q3,0.37,2.17%,105/182,0.2,Q4,0.2,0.1,132/182,Q3,27.75,0.00001,0.00416,0.028,42.6,Q4,165/171,16,100.00%,,7.2,16
History and Sociology of South Asia,HIST SOCIOL SOUTH AS,SAGE PUBLICATIONS INC,2230-8075,2249-5312,AREA STUDIES,ESCI,34,0.2,Q4,0.13,2.17%,147/182,0.2,Q4,0.2,0.1,161/182,Q4,11.81,0.00007,0.01734,0.26,19.5,Q3,106/171,18,100.00%,,21.1,18
Collectivus-Revista de Ciencias Sociales,COLLECTIVUS,"UNIV ATLANTICO, CENTRO INVESTIGACIONES HISTORICAS EDUCACION & IDENTIDAD",2382-4018,2382-4018,AREA STUDIES,ESCI,29,0.1,Q4,0.24,95.65%,162/182,0.2,Q4,0.1,0.7,152/182,Q4,16.76,0.00003,0.00851,0.054,11.3,Q4,159/171,12,83.33%,,6.8,10
Papeles de Europa,PAPELES EUR,"UNIV COMPLUTENSE MADRID, SERVICIO PUBLICACIONES",1989-5917,1989-5917,AREA STUDIES,ESCI,28,0.5,Q3,0.32,94.74%,105/182,0.3,Q4,0.5,<0.1,143/182,Q4,21.7,0,0.00181,0.028,42.6,Q4,165/171,4,100.00%,,7.7,4
Ankara Avrupa Calismalari Dergisi-Ankara Review of European Studies,ANK AVRUPA CALISMALA,ANKARA UNIV EUROPEAN UNION RESEARCH CENTRE,1303-2518,1303-2518,AREA STUDIES,ESCI,27,0.1,Q4,0.07,28.57%,162/182,0.1,Q4,0.1,0.1,169/182,Q4,7.42,0.00002,0.0049,0.026,11.3,Q4,167/171,15,100.00%,,9.9,15
Codrul Cosminului,CODRUL COSMIN,Stefan cel Mare Univ,2767-3197,2067-5860,AREA STUDIES,ESCI,23,0.1,Q4,0.18,95.65%,162/182,,,0.1,<0.1,157/182,Q4,14.01,0.00009,0.02138,,11.3,,,11,100.00%,,20.2,11
Pampa,PAMPA,EDICIONES UNL,1669-3299,2314-0208,AREA STUDIES,ESCI,22,<0.1,Q4,0.05,92.68%,179/182,<0.1,Q4,<0.1,<0.1,171/182,Q4,6.32,0,0.00092,0.008,1.9,Q4,171/171,13,100.00%,,11.2,13
Temas de Nuestra America-Revista de Estudios Latinoamericanos,TEMAS NUESTRA AM,"UNIV NAC COSTA RICA, EDITORIAL",2817-1705,0259-2339,AREA STUDIES,ESCI,18,0.1,Q4,0.03,98.18%,162/182,<0.1,Q4,0.1,<0.1,177/182,Q4,3.02,0.00001,0.00443,0.026,11.3,Q4,167/171,16,100.00%,,15.5,16
Japanese Studies in Russia,JPN STUD RUSS,RUSSIAN ACAD SCIENCES INST FAR EASTERN STUDIES,2500-2872,2500-2872,AREA STUDIES,ESCI,16,0.1,Q4,0.14,81.40%,162/182,0.1,Q4,0.1,<0.1,159/182,Q4,12.91,0.00003,0.0087,0.033,11.3,Q4,163/171,25,96.00%,,12.3,24
Journal of African Military History,J AFR MIL HIST,BRILL,2468-0958,2468-0966,AREA STUDIES,ESCI,13,0.2,Q4,0.14,0.00%,147/182,,,0.2,<0.1,159/182,Q4,12.91,0.00002,0.00509,,19.5,,,4,100.00%,,33.7,4
Balkan Arastrma Enstitusu Dergisi-Journal of Balkan Research Institute-JBRI,BALK ARASTIRMA ENST,TRAKYA UNIV BALKAN YERLESESI ENSTITULER BINASI,2534-9708,2147-1371,AREA STUDIES,ESCI,12,0.1,Q4,0.11,97.92%,162/182,0.1,Q4,0.1,<0.1,165/182,Q4,9.62,0,0.00143,0.011,11.3,Q4,170/171,16,100.00%,,15.2,16
Revista Digital Mundo Asia Pacifico,REV DIG MUNDO ASIA P,UNIV EAFIT,2344-8172,2344-8172,AREA STUDIES,ESCI,11,0.1,Q4,0.05,0.00%,162/182,0.1,Q4,0.1,<0.1,171/182,Q4,6.32,0.00002,0.00491,0.038,11.3,Q4,162/171,10,100.00%,,13,10
E-Latina-Revista Electronica de Estudios Latinoamericanos,E-LAT,"UNIV BUENOS AIRES, FAC CIENCIAS SOCIALES",2367-8194,1666-9606,AREA STUDIES,ESCI,10,<0.1,Q4,0.05,0.00%,179/182,0.1,Q4,<0.1,<0.1,171/182,Q4,6.32,0.00004,0.00902,0.052,1.9,Q4,160/171,19,100.00%,,12.2,19
Encrucijada Americana,ENCRUC AM,UNIV ALBERTO HURTADO,0719-3432,0718-5766,AREA STUDIES,ESCI,9,0.1,Q4,0.01,33.33%,162/182,0.1,Q4,0.1,<0.1,180/182,Q4,1.37,0,0.00144,0.014,11.3,Q4,169/171,12,100.00%,,10.2,12
China and Asia,CHINA ASIA,BRILL,2752-8499,2589-465X,AREA STUDIES,ESCI,7,0.2,Q4,0.46,0.00%,147/182,0.1,Q4,0.2,0.1,120/182,Q3,34.34,0.00003,0.00719,0.097,19.5,Q4,147/171,8,100.00%,,25.4,8
Bresil-s,BRESIL-S,"ECOLE HAUTES ETUDES & SCI SOC, CENTRE RECHERCHES BRESIL CONTEMP",2257-0543,2425-231X,AREA STUDIES,ESCI,6,0.1,Q4,0.05,95.88%,162/182,<0.1,Q4,0.1,<0.1,171/182,Q4,6.32,0.00004,0.00995,0.039,11.3,Q4,161/171,32,100.00%,,14.6,32
Revista Estudios Hemisfericos y Polares,REV ESTUD HEMISFERIC,CENTRO ESTUDIOS HEMISFERICOS & POLARES,2672-7080,0718-9230,AREA STUDIES,ESCI,6,<0.1,Q4,0,0.00%,179/182,<0.1,Q4,<0.1,,181/182,Q4,0.82,0.00002,0.00572,0.069,1.9,Q4,155/171,0,,,,0
Verge-Studies in Global Asias,VERGE-STUD GLOB ASIA,UNIV MINNESOTA PRESS,2373-5058,2373-5066,AREA STUDIES,ESCI,4,0.1,Q4,0,0.00%,162/182,,,0.1,<0.1,181/182,Q4,0.82,0.00002,0.00588,,11.3,,,16,100.00%,,11,16
Recent Period Turkish Studies-Yakin Donem Turkiye Arastirmalari,RECENT PER TURK STUD,ISTANBUL UNIV,1989-9882,2547-9679,AREA STUDIES,ESCI,0,<0.1,Q4,0.02,14.29%,179/182,,,<0.1,<0.1,178/182,Q4,2.47,0,0,,1.9,,,27,100.00%,,20.5,27
EXPERT SYSTEMS WITH APPLICATIONS,EXPERT SYST APPL,PERGAMON-ELSEVIER SCIENCE LTD,2227-9032,1873-6793,OPERATIONS RESEARCH & MANAGEMENT SCIENCE,SCIE,102444,7.5,Q1,1.5,10.99%,7/106,7.8,Q1,6.8,1.5,10/106,Q1,91.04,0.09719,21.62502,1.383,93.9,Q1,20/101,2925,96.96%,3.3,4.7,2836
EUROPEAN JOURNAL OF OPERATIONAL RESEARCH,EUR J OPER RES,ELSEVIER,0377-2217,1872-6860,OPERATIONS RESEARCH & MANAGEMENT SCIENCE,SCIE,64164,6,Q1,1.35,30.77%,14/106,6.2,Q1,5.4,1.8,14/106,Q1,87.26,0.0409,9.10067,1.49,87.3,Q1,16/101,511,96.09%,9,8.9,491
MANAGEMENT SCIENCE,MANAGE SCI,INFORMS,1999-4907,1526-5501,OPERATIONS RESEARCH & MANAGEMENT SCIENCE,SCIE,50198,4.9,Q1,1.08,0.00%,19/106,6.6,Q1,4.8,1.3,17/106,Q1,84.43,0.07084,15.76391,4.18,82.5,Q1,2/101,260,100.00%,11.5,11.2,260
RELIABILITY ENGINEERING & SYSTEM SAFETY,RELIAB ENG SYST SAFE,ELSEVIER SCI LTD,1478-4491,1879-0836,OPERATIONS RESEARCH & MANAGEMENT SCIENCE,SCIE,41827,11,Q1,1.89,11.18%,2/106,9.2,Q1,7.4,2.7,4/106,Q1,96.7,0.0336,7.47628,1.418,98.6,Q1,19/101,736,98.23%,3.5,4.2,723
INTERNATIONAL JOURNAL OF PRODUCTION RESEARCH,INT J PROD RES,TAYLOR & FRANCIS LTD,1471-2288,1366-588X,OPERATIONS RESEARCH & MANAGEMENT SCIENCE,SCIE,36654,7.3,Q1,1.25,17.15%,9/106,8.8,Q1,6,1.2,15/106,Q1,86.32,0.02723,6.05883,1.486,92,Q1,17/101,350,92.29%,5.2,5.1,323
INTERNATIONAL JOURNAL OF PRODUCTION ECONOMICS,INT J PROD ECON,ELSEVIER,2227-9032,1873-7579,OPERATIONS RESEARCH & MANAGEMENT SCIENCE,SCIE,35833,10,Q1,1.86,19.36%,5/106,11.2,Q1,9,1.8,5/106,Q1,95.75,0.02359,5.25082,1.979,95.8,Q1,12/101,272,98.16%,6.3,5.5,267
SAFETY SCIENCE,SAFETY SCI,ELSEVIER,1477-7525,1879-1042,OPERATIONS RESEARCH & MANAGEMENT SCIENCE,SCIE,22270,5.4,Q1,0.89,37.31%,15/106,5.8,Q1,4.8,0.9,26/106,Q1,75.94,0.01683,3.74578,1.074,86.3,Q2,28/101,251,90.44%,5.7,7.2,227
ANNALS OF OPERATIONS RESEARCH,ANN OPER RES,SPRINGER,0254-5330,1572-9338,OPERATIONS RESEARCH & MANAGEMENT SCIENCE,SCIE,20568,4.5,Q1,0.9,26.05%,23/106,4.6,Q1,4,0.7,25/106,Q1,76.89,0.02066,4.59734,0.904,78.8,Q2,35/101,626,100.00%,4.2,7.1,626
TRANSPORTATION RESEARCH PART E-LOGISTICS AND TRANSPORTATION REVIEW,TRANSPORT RES E-LOG,PERGAMON-ELSEVIER SCIENCE LTD,1366-5545,1878-5794,OPERATIONS RESEARCH & MANAGEMENT SCIENCE,SCIE,20266,8.8,Q1,2.03,13.49%,6/106,9.8,Q1,7.3,1.6,3/106,Q1,97.64,0.02029,4.51467,1.986,94.8,Q1,11/101,415,98.80%,4.5,5.2,410
TRANSPORTATION RESEARCH PART B-METHODOLOGICAL,TRANSPORT RES B-METH,PERGAMON-ELSEVIER SCIENCE LTD,0191-2615,1879-2367,OPERATIONS RESEARCH & MANAGEMENT SCIENCE,SCIE,19133,6.3,Q1,1.43,22.41%,13/106,8.1,Q1,5.7,0.9,11/106,Q1,90.09,0.0134,2.98248,2.295,88.2,Q1,7/101,150,100.00%,8.3,8.6,150
COMPUTERS & OPERATIONS RESEARCH,COMPUT OPER RES,PERGAMON-ELSEVIER SCIENCE LTD,2073-445X,1873-765X,OPERATIONS RESEARCH & MANAGEMENT SCIENCE,SCIE,18099,4.3,Q1,0.81,25.00%,25/106,4.9,Q1,3.8,0.8,28/106,Q2,74.06,0.01293,2.87749,1.162,76.9,Q1,23/101,337,98.81%,7.9,7.8,333
JOURNAL OF MANUFACTURING SYSTEMS,J MANUF SYST,ELSEVIER SCI LTD,1542-4278,1878-6642,OPERATIONS RESEARCH & MANAGEMENT SCIENCE,SCIE,16027,14.2,Q1,2.32,20.12%,1/106,13.9,Q1,12.7,2.2,1/106,Q1,99.53,0.01656,3.68671,2.343,99.5,Q1,5/101,246,89.43%,3.3,4.3,220
OPERATIONS RESEARCH,OPER RES,INFORMS,1520-6688,,OPERATIONS RESEARCH & MANAGEMENT SCIENCE,SCIE,15475,2.6,Q2,0.53,0.20%,42/106,3.3,Q2,2.4,0.6,51/106,Q2,52.36,0.01409,3.13644,2.308,60.8,Q1,6/101,132,100.00%,17.8,10.2,132
IEEE Systems Journal,IEEE SYST J,IEEE-INST ELECTRICAL ELECTRONICS ENGINEERS INC,1932-8184,1937-9234,OPERATIONS RESEARCH & MANAGEMENT SCIENCE,SCIE,15115,4.4,Q1,1.02,4.07%,24/106,4.4,Q2,4.2,1,19/106,Q1,82.55,0.02238,4.98084,1.024,77.8,Q2,31/101,164,100.00%,3.8,4.4,164
DECISION SUPPORT SYSTEMS,DECIS SUPPORT SYST,ELSEVIER,2193-7532,1873-5797,OPERATIONS RESEARCH & MANAGEMENT SCIENCE,SCIE,14639,6.8,Q1,1.38,15.71%,11/106,8.2,Q1,5.8,1.3,12/106,Q1,89.15,0.00783,1.74426,1.656,90.1,Q1,14/101,151,99.34%,9,7.2,150
MATHEMATICAL PROGRAMMING,MATH PROGRAM,SPRINGER HEIDELBERG,1477-7525,1436-4646,OPERATIONS RESEARCH & MANAGEMENT SCIENCE,SCIE,13819,2.5,Q2,0.86,38.77%,45/106,3.2,Q2,2.3,0.2,27/106,Q2,75,0.01286,2.86278,2.126,58,Q1,9/101,132,100.00%,17,11.4,132
PRODUCTION AND OPERATIONS MANAGEMENT,PROD OPER MANAG,SAGE PUBLICATIONS INC,2214-594X,1937-5956,OPERATIONS RESEARCH & MANAGEMENT SCIENCE,SCIE,13705,5.1,Q1,1.01,20.15%,18/106,6.4,Q1,4.5,0.7,21/106,Q1,80.66,0.01595,3.54909,1.969,83.5,Q1,13/101,239,100.00%,6.1,9.2,239
OMEGA-INTERNATIONAL JOURNAL OF MANAGEMENT SCIENCE,OMEGA-INT J MANAGE S,PERGAMON-ELSEVIER SCIENCE LTD,2624-893X,1873-5274,OPERATIONS RESEARCH & MANAGEMENT SCIENCE,SCIE,13678,7.2,Q1,1.55,21.03%,10/106,7.1,Q1,6.1,1.2,9/106,Q1,91.98,0.00964,2.14543,1.486,91,Q1,17/101,177,98.87%,7.2,6.2,175
TECHNOVATION,TECHNOVATION,ELSEVIER,0166-4972,1879-2383,OPERATIONS RESEARCH & MANAGEMENT SCIENCE,SCIE,12805,10.9,Q1,2.29,40.00%,3/106,12.4,Q1,10,1.8,2/106,Q1,98.58,0.01041,2.31624,2.271,97.6,Q1,8/101,138,98.55%,4.3,8.5,136
JOURNAL OF OPERATIONS MANAGEMENT,J OPER MANAG,WILEY,0272-6963,1873-1317,OPERATIONS RESEARCH & MANAGEMENT SCIENCE,SCIE,11777,10.4,Q1,1.78,41.91%,4/106,11.4,Q1,9.4,1.5,6/106,Q1,94.81,0.00512,1.14042,3.103,96.7,Q1,3/101,45,100.00%,12.7,9.8,45
JOURNAL OF THE OPERATIONAL RESEARCH SOCIETY,J OPER RES SOC,TAYLOR & FRANCIS LTD,0160-5682,1476-9360,OPERATIONS RESEARCH & MANAGEMENT SCIENCE,SCIE,9198,2.7,Q2,0.57,12.17%,39/106,3,Q2,2.4,0.4,44/106,Q2,58.96,0.0048,1.06973,0.658,63.7,Q2,49/101,149,94.63%,12.5,7.1,141
SYSTEMS & CONTROL LETTERS,SYST CONTROL LETT,ELSEVIER,0167-6911,1872-7956,OPERATIONS RESEARCH & MANAGEMENT SCIENCE,SCIE,8984,2.5,Q2,0.47,12.12%,45/106,2.5,Q2,2.1,0.9,60/106,Q3,43.87,0.00663,1.47684,1.085,58,Q2,27/101,211,100.00%,13.6,7.8,211
TRANSPORTATION SCIENCE,TRANSPORT SCI,INFORMS,2035-5556,,OPERATIONS RESEARCH & MANAGEMENT SCIENCE,SCIE,8447,4.8,Q1,0.95,0.00%,21/106,6.2,Q1,4.5,1.1,24/106,Q1,77.83,0.00689,1.53415,2.058,80.7,Q1,10/101,69,100.00%,9.4,7.7,69
JOURNAL OF OPTIMIZATION THEORY AND APPLICATIONS,J OPTIMIZ THEORY APP,SPRINGER/PLENUM PUBLISHERS,1478-4491,1573-2878,OPERATIONS RESEARCH & MANAGEMENT SCIENCE,SCIE,8178,1.5,Q3,0.63,26.00%,77/106,1.8,Q3,1.3,0.3,39/106,Q2,63.68,0.00642,1.42901,0.835,27.8,Q2,39/101,201,99.50%,13.3,11.7,200
PRODUCTION PLANNING & CONTROL,PROD PLAN CONTROL,TAYLOR & FRANCIS LTD,2413-8851,1366-5871,OPERATIONS RESEARCH & MANAGEMENT SCIENCE,SCIE,8083,5.4,Q1,1.02,37.45%,15/106,7.8,Q1,4.6,1.2,19/106,Q1,82.55,0.00565,1.2586,1.17,86.3,Q1,22/101,88,98.86%,4.8,6.6,87
INTERNATIONAL JOURNAL OF SYSTEMS SCIENCE,INT J SYST SCI,TAYLOR & FRANCIS LTD,0020-7721,1464-5319,OPERATIONS RESEARCH & MANAGEMENT SCIENCE,SCIE,7294,4.6,Q1,1,2.57%,22/106,3.6,Q2,4,0.8,22/106,Q1,79.72,0.00821,1.82693,0.911,79.7,Q2,34/101,304,92.11%,4.6,5,280
M&SOM-Manufacturing & Service Operations Management,M&SOM-MANUF SERV OP,INFORMS,1523-4614,1526-5498,OPERATIONS RESEARCH & MANAGEMENT SCIENCE,SCIE,7136,4.2,Q2,0.99,0.00%,28/106,6.6,Q1,4,0.5,23/106,Q1,78.77,0.01253,2.79008,2.722,74.1,Q1,4/101,117,100.00%,5.3,8.9,117
JOURNAL OF GLOBAL OPTIMIZATION,J GLOBAL OPTIM,SPRINGER,0925-5001,1573-2916,OPERATIONS RESEARCH & MANAGEMENT SCIENCE,SCIE,6929,1.7,Q3,0.55,25.07%,67/106,2.1,Q3,1.5,0.5,48/106,Q2,55.19,0.00448,0.99879,0.873,37.3,Q2,37/101,111,98.20%,17.6,11.7,109
SOCIO-ECONOMIC PLANNING SCIENCES,SOCIO-ECON PLAN SCI,ELSEVIER SCIENCE INC,0038-0121,1873-6041,OPERATIONS RESEARCH & MANAGEMENT SCIENCE,SCIE,6421,5.4,Q1,1.69,25.65%,15/106,5.3,Q1,4.8,1,7/106,Q1,93.87,0.0064,1.42611,0.901,86.3,Q2,36/101,287,97.56%,2.9,6.5,280
MATHEMATICS OF OPERATIONS RESEARCH,MATH OPER RES,INFORMS,2056-6085,1526-5471,OPERATIONS RESEARCH & MANAGEMENT SCIENCE,SCIE,5200,1.9,Q3,0.62,0.00%,58/106,2,Q3,1.8,0.2,42/106,Q2,60.85,0.00685,1.52426,1.614,45.8,Q1,15/101,136,100.00%,18.7,12.5,136
QUALITY AND RELIABILITY ENGINEERING INTERNATIONAL,QUAL RELIAB ENG INT,WILEY,2673-2726,1099-1638,OPERATIONS RESEARCH & MANAGEMENT SCIENCE,SCIE,4630,2.8,Q2,0.56,9.69%,38/106,2.4,Q3,2.1,0.7,46/106,Q2,57.08,0.00378,0.84237,0.462,64.6,Q3,72/101,218,97.25%,5,6.4,212
NAVAL RESEARCH LOGISTICS,NAV RES LOG,WILEY,0894-069X,1520-6750,OPERATIONS RESEARCH & MANAGEMENT SCIENCE,SCIE,3910,2.1,Q2,0.42,19.88%,52/106,2.5,Q2,1.8,0.6,66/106,Q3,38.21,0.00201,0.44737,0.851,51.4,Q2,38/101,65,100.00%,19.5,7.4,65
ENGINEERING OPTIMIZATION,ENG OPTIMIZ,TAYLOR & FRANCIS LTD,1179-1594,1029-0273,OPERATIONS RESEARCH & MANAGEMENT SCIENCE,SCIE,3800,2.2,Q2,0.6,6.13%,50/106,2.5,Q2,1.8,0.7,43/106,Q2,59.91,0.0027,0.60181,0.5,53.3,Q3,69/101,148,99.32%,6.3,6.1,147
International Transactions in Operational Research,INT T OPER RES,WILEY,2624-9634,1475-3995,OPERATIONS RESEARCH & MANAGEMENT SCIENCE,SCIE,3683,2.9,Q2,0.65,25.00%,37/106,2.9,Q2,2.2,0.5,38/106,Q2,64.62,0.00371,0.82735,0.559,65.6,Q3,59/101,138,99.28%,4.5,6.5,137
OPERATIONS RESEARCH LETTERS,OPER RES LETT,ELSEVIER,2322-5939,1872-7468,OPERATIONS RESEARCH & MANAGEMENT SCIENCE,SCIE,3529,0.9,Q4,0.19,19.21%,100/106,1,Q4,0.8,0.2,100/106,Q4,6.13,0.00258,0.57464,0.504,6.1,Q3,67/101,113,100.00%,15.4,13.9,113
COMPUTATIONAL OPTIMIZATION AND APPLICATIONS,COMPUT OPTIM APPL,SPRINGER,0926-6003,1573-2894,OPERATIONS RESEARCH & MANAGEMENT SCIENCE,SCIE,3520,2,Q3,0.72,32.99%,56/106,2.2,Q3,1.8,0.3,34/106,Q2,68.4,0.00441,0.98252,1.145,47.6,Q1,24/101,89,100.00%,10.1,10.8,89
OPTIMIZATION,OPTIMIZATION,TAYLOR & FRANCIS LTD,2300-1682,1029-4945,OPERATIONS RESEARCH & MANAGEMENT SCIENCE,SCIE,3502,1.8,Q3,0.63,6.18%,60/106,2,Q3,1.6,0.3,39/106,Q2,63.68,0.00462,1.02925,0.713,43.9,Q2,46/101,189,100.00%,6.3,13.2,189
INTERNATIONAL JOURNAL OF COMPUTER INTEGRATED MANUFACTURING,INT J COMPUT INTEG M,TAYLOR & FRANCIS LTD,2297-900X,1362-3052,OPERATIONS RESEARCH & MANAGEMENT SCIENCE,SCIE,3428,4,Q2,0.7,17.22%,29/106,4.2,Q2,3.7,0.4,36/106,Q2,66.51,0.00256,0.5709,0.672,73.1,Q2,48/101,79,96.20%,5,5.4,76
NETWORKS,NETWORKS,WILEY,2561-326X,1097-0037,OPERATIONS RESEARCH & MANAGEMENT SCIENCE,SCIE,3375,1.3,Q4,0.31,48.99%,86/106,1.9,Q3,1.3,0.2,86/106,Q4,19.34,0.00146,0.32569,0.624,19.3,Q3,51/101,52,96.15%,13.7,9.3,50
INFORMS JOURNAL ON COMPUTING,INFORMS J COMPUT,INFORMS,2666-7193,1526-5528,OPERATIONS RESEARCH & MANAGEMENT SCIENCE,SCIE,3246,2.1,Q2,0.49,0.00%,52/106,2.7,Q2,1.9,0.3,55/106,Q3,48.58,0.00526,1.17222,1.248,51.4,Q1,21/101,120,99.17%,7,9.8,119
JOURNAL OF QUALITY TECHNOLOGY,J QUAL TECHNOL,TAYLOR & FRANCIS INC,0022-4065,2575-6230,OPERATIONS RESEARCH & MANAGEMENT SCIENCE,SCIE,2931,2.2,Q2,0.63,12.16%,50/106,3.4,Q2,2,0.3,39/106,Q2,63.68,0.00143,0.32003,1.131,53.3,Q2,26/101,28,100.00%,19.4,10.1,28
Journal of Systems Engineering and Electronics,J SYST ENG ELECTRON,"SYSTEMS ENGINEERING & ELECTRONICS, EDITORIAL DEPT",1004-4132,1004-4132,OPERATIONS RESEARCH & MANAGEMENT SCIENCE,SCIE,2551,2.1,Q2,0.4,94.29%,52/106,2.1,Q3,1.8,0.4,72/106,Q3,32.55,0.00205,0.45615,0.405,51.4,Q3,75/101,131,98.47%,5.2,7,129
Optimization Letters,OPTIM LETT,SPRINGER HEIDELBERG,1862-4472,1862-4480,OPERATIONS RESEARCH & MANAGEMENT SCIENCE,SCIE,2371,1.1,Q4,0.45,20.29%,91/106,1.4,Q4,1.1,0.2,63/106,Q3,41.04,0.00373,0.83078,0.586,14.6,Q3,54/101,93,98.92%,6.2,11.7,92
RAIRO-OPERATIONS RESEARCH,RAIRO-OPER RES,EDP SCIENCES S A,0399-0559,2804-7303,OPERATIONS RESEARCH & MANAGEMENT SCIENCE,SCIE,2174,2.1,Q2,0.41,97.76%,52/106,1.7,Q3,1.7,0.4,69/106,Q3,35.38,0.00219,0.48756,0.302,51.4,Q4,85/101,249,100.00%,3.4,6.6,249
OPTIMAL CONTROL APPLICATIONS & METHODS,OPTIM CONTR APPL MET,WILEY,0143-2087,1099-1514,OPERATIONS RESEARCH & MANAGEMENT SCIENCE,SCIE,2170,1.5,Q3,0.55,7.01%,77/106,1.8,Q3,1.3,1,48/106,Q2,55.19,0.00191,0.42585,0.41,27.8,Q3,73/101,143,100.00%,5,5.3,143
OPTIMIZATION METHODS & SOFTWARE,OPTIM METHOD SOFTW,TAYLOR & FRANCIS LTD,2393-6401,1029-4937,OPERATIONS RESEARCH & MANAGEMENT SCIENCE,SCIE,2120,1.4,Q4,0.48,12.15%,82/106,1.8,Q3,1.3,0.2,57/106,Q3,46.7,0.00251,0.55892,0.955,23.1,Q2,33/101,75,98.67%,11.5,11.7,74
Journal of Industrial and Management Optimization,J IND MANAG OPTIM,AMER INST MATHEMATICAL SCIENCES-AIMS,2351-9894,1553-166X,OPERATIONS RESEARCH & MANAGEMENT SCIENCE,SCIE,2045,1.6,Q3,0.4,85.63%,71/106,1.3,Q4,1.4,0.4,72/106,Q3,32.55,0.00262,0.58421,0.289,33.5,Q4,86/101,205,99.51%,3.5,6.1,204
IISE Transactions,IISE TRANS,TAYLOR & FRANCIS INC,2666-6065,2472-5862,OPERATIONS RESEARCH & MANAGEMENT SCIENCE,SCIE,1920,2.3,Q2,0.37,9.68%,47/106,2.9,Q2,2,0.5,78/106,Q3,26.89,0.00318,0.70869,0.752,56.1,Q2,43/101,86,100.00%,4.5,7.9,86
Mathematical Programming Computation,MATH PROGRAM COMPUT,SPRINGER HEIDELBERG,1867-2949,1867-2957,OPERATIONS RESEARCH & MANAGEMENT SCIENCE,SCIE,1907,3.6,Q2,1.69,48.39%,32/106,10.8,Q1,3.6,0.1,7/106,Q1,93.87,0.00349,0.77815,4.297,70.3,Q1,1/101,21,100.00%,5.7,13.2,21
OR SPECTRUM,OR SPECTRUM,SPRINGER,0171-6468,1436-6304,OPERATIONS RESEARCH & MANAGEMENT SCIENCE,SCIE,1888,1.9,Q3,0.38,55.91%,58/106,2.8,Q2,1.5,0.4,75/106,Q3,29.72,0.00113,0.25361,0.728,45.8,Q2,44/101,54,100.00%,11.2,8.3,54
INTERNATIONAL JOURNAL OF TECHNOLOGY MANAGEMENT,INT J TECHNOL MANAGE,INDERSCIENCE ENTERPRISES LTD,2664-3731,1741-5276,OPERATIONS RESEARCH & MANAGEMENT SCIENCE,SCIE,1797,1.4,Q4,0.42,0.76%,82/106,1.8,Q3,1.4,0.3,66/106,Q3,38.21,0.00041,0.09326,0.26,23.1,Q4,91/101,47,97.87%,13.4,9.5,46
Operational Research,OPER RES-GER,SPRINGER HEIDELBERG,1178-203X,1866-1505,OPERATIONS RESEARCH & MANAGEMENT SCIENCE,SCIE,1665,2.7,Q2,0.53,24.10%,39/106,2.6,Q2,2.5,0.4,51/106,Q2,52.36,0.002,0.44509,0.504,63.7,Q3,67/101,68,94.12%,4.2,7.5,64
OPTIMIZATION AND ENGINEERING,OPTIM ENG,SPRINGER,1424-2818,1573-2924,OPERATIONS RESEARCH & MANAGEMENT SCIENCE,SCIE,1645,1.7,Q3,0.5,28.63%,67/106,2.1,Q3,1.6,0.2,54/106,Q3,49.53,0.00201,0.44726,0.581,37.3,Q3,56/101,61,98.36%,5.3,8.2,60
Logistics-Basel,LOGISTICS-BASEL,MDPI,1179-1594,2305-6290,OPERATIONS RESEARCH & MANAGEMENT SCIENCE,ESCI,1487,3.6,Q2,0.74,99.69%,32/106,3.8,Q2,3.2,0.8,32/106,Q2,70.28,0.00133,0.29661,0.521,70.3,Q3,65/101,139,85.61%,2.9,5.3,119
JOURNAL OF SCHEDULING,J SCHEDULING,SPRINGER,1094-6136,1099-1425,OPERATIONS RESEARCH & MANAGEMENT SCIENCE,SCIE,1438,1.8,Q3,0.28,36.45%,60/106,1.7,Q3,1.7,0.2,88/106,Q4,17.45,0.00091,0.20257,0.524,43.9,Q3,64/101,30,100.00%,10.4,10.5,30
INTERNATIONAL JOURNAL OF INFORMATION TECHNOLOGY & DECISION MAKING,INT J INF TECH DECIS,WORLD SCIENTIFIC PUBL CO PTE LTD,2662-2211,1793-6845,OPERATIONS RESEARCH & MANAGEMENT SCIENCE,SCIE,1431,1.8,Q3,0.49,0.85%,60/106,1.9,Q3,1.7,1.3,55/106,Q3,48.58,0.00097,0.21667,0.314,43.9,Q4,84/101,18,100.00%,5.4,6.8,18
Proceedings of the Institution of Mechanical Engineers Part O-Journal of Risk and Reliability,P I MECH ENG O-J RIS,SAGE PUBLICATIONS LTD,2322-5939,1748-0078,OPERATIONS RESEARCH & MANAGEMENT SCIENCE,SCIE,1391,1.8,Q3,0.4,2.61%,60/106,2,Q3,1.5,0.4,72/106,Q3,32.55,0.00142,0.31679,0.384,43.9,Q4,77/101,70,98.57%,4.6,5.7,69
NETWORKS & SPATIAL ECONOMICS,NETW SPAT ECON,SPRINGER,1566-113X,1572-9427,OPERATIONS RESEARCH & MANAGEMENT SCIENCE,SCIE,1361,1.5,Q3,0.37,21.24%,77/106,2.2,Q3,1.3,0.3,78/106,Q3,26.89,0.00084,0.18862,0.55,27.8,Q3,61/101,50,100.00%,8.6,9.2,50
Fuzzy Optimization and Decision Making,FUZZY OPTIM DECIS MA,SPRINGER,2148-9386,1573-2908,OPERATIONS RESEARCH & MANAGEMENT SCIENCE,SCIE,1317,7.4,Q1,1.07,12.90%,8/106,4.9,Q1,6.1,2.6,18/106,Q1,83.49,0.00118,0.2645,1.14,92.9,Q1,25/101,19,100.00%,5.5,4.6,19
Central European Journal of Operations Research,CENT EUR J OPER RES,SPRINGER,2052-3211,1613-9178,OPERATIONS RESEARCH & MANAGEMENT SCIENCE,SCIE,1296,2.3,Q2,0.41,57.23%,47/106,2,Q3,1.6,0.6,69/106,Q3,35.38,0.0009,0.20168,0.333,56.1,Q4,80/101,59,100.00%,5.4,6.8,59
APPLIED STOCHASTIC MODELS IN BUSINESS AND INDUSTRY,APPL STOCH MODEL BUS,WILEY,1524-1904,1526-4025,OPERATIONS RESEARCH & MANAGEMENT SCIENCE,SCIE,1260,1.5,Q3,0.48,34.62%,77/106,1.4,Q4,1.3,0.2,57/106,Q3,46.7,0.00111,0.24704,0.404,27.8,Q4,76/101,69,100.00%,8.2,10.5,69
MATHEMATICAL METHODS OF OPERATIONS RESEARCH,MATH METHOD OPER RES,SPRINGER HEIDELBERG,2632-3249,1432-5217,OPERATIONS RESEARCH & MANAGEMENT SCIENCE,SCIE,1234,1.2,Q4,0.38,44.44%,88/106,1.3,Q4,1.1,0.7,75/106,Q3,29.72,0.00089,0.20004,0.605,17.5,Q3,52/101,38,100.00%,14.4,12.9,38
QUEUEING SYSTEMS,QUEUEING SYST,SPRINGER,2624-9553,1572-9443,OPERATIONS RESEARCH & MANAGEMENT SCIENCE,SCIE,1216,0.7,Q4,0.14,14.29%,101/106,0.9,Q4,0.6,0.3,102/106,Q4,4.25,0.001,0.22322,0.496,5.2,Q3,70/101,27,100.00%,17.9,15.2,27
Journal of Decision Systems,J DECIS SYST,TAYLOR & FRANCIS LTD,1246-0125,2116-7052,OPERATIONS RESEARCH & MANAGEMENT SCIENCE,ESCI,1202,4.3,Q1,0.76,29.87%,25/106,4.2,Q2,3.8,0.3,31/106,Q2,71.23,0.00129,0.28858,0.76,76.9,Q2,41/101,62,95.16%,4,4.8,59
Flexible Services and Manufacturing Journal,FLEX SERV MANUF J,SPRINGER,2673-253X,1936-6590,OPERATIONS RESEARCH & MANAGEMENT SCIENCE,SCIE,1099,3.2,Q2,0.56,34.51%,35/106,2.9,Q2,2.9,0.4,46/106,Q2,57.08,0.00094,0.21113,0.575,67.5,Q3,58/101,59,100.00%,4.9,6.1,59
International Journal of Industrial Engineering Computations,INT J IND ENG COMP,GROWING SCIENCE,1923-2926,1923-2934,OPERATIONS RESEARCH & MANAGEMENT SCIENCE,SCIE,1083,1.8,Q3,0.33,91.45%,60/106,2,Q3,1.6,0.3,83/106,Q4,22.17,0.00056,0.1256,0.329,43.9,Q4,82/101,42,90.48%,7.3,5.6,38
Opsearch,OPSEARCH,SPRINGER INDIA,0030-3887,0975-0320,OPERATIONS RESEARCH & MANAGEMENT SCIENCE,ESCI,1033,1.8,Q3,0.34,4.94%,60/106,1.8,Q3,1.3,0.3,82/106,Q4,23.11,0.00073,0.16382,0.268,43.9,Q4,89/101,182,99.45%,4.5,7,181
Sustainable Futures,SUSTAIN FUTURES,ELSEVIER,2214-7829,2666-1888,OPERATIONS RESEARCH & MANAGEMENT SCIENCE,ESCI,1011,4.9,Q1,0.81,95.98%,19/106,5.6,Q1,4.3,1,28/106,Q2,74.06,0.00078,0.17398,0.755,82.5,Q2,42/101,266,98.87%,2.2,4.8,263
Systems Engineering,SYSTEMS ENG,WILEY,1098-1241,1520-6858,OPERATIONS RESEARCH & MANAGEMENT SCIENCE,SCIE,992,1.6,Q3,0.25,44.71%,71/106,1.9,Q3,1.4,0.2,93/106,Q4,12.74,0.00047,0.10508,0.243,33.5,Q4,92/101,51,94.12%,6.3,9,48
International Journal of Systems Science-Operations & Logistics,INT J SYST SCI-OPER,TAYLOR & FRANCIS LTD,2227-9091,2330-2682,OPERATIONS RESEARCH & MANAGEMENT SCIENCE,SCIE,989,3.3,Q2,0.71,3.21%,34/106,3.5,Q2,2.7,0.7,35/106,Q2,67.45,0.00099,0.22121,0.559,68.4,Q3,59/101,70,87.14%,3.3,5.5,61
Operations Research Perspectives,OPER RES PERSPECT,ELSEVIER,2214-7160,2214-7160,OPERATIONS RESEARCH & MANAGEMENT SCIENCE,SCIE,951,3.7,Q2,0.55,97.70%,30/106,3.5,Q2,3.7,0.8,48/106,Q2,55.19,0.00098,0.21829,0.726,72.2,Q2,45/101,20,100.00%,5.2,5.6,20
Cleaner Logistics and Supply Chain,CLEAN LOGIST SUPPL C,ELSEVIER,2772-3909,2772-3909,OPERATIONS RESEARCH & MANAGEMENT SCIENCE,ESCI,942,6.8,Q1,1.38,98.27%,11/106,6.9,Q1,6.4,1.1,12/106,Q1,89.15,0.00103,0.23062,1.033,90.1,Q2,30/101,60,100.00%,2.3,5.6,60
Quality Technology and Quantitative Management,QUAL TECHNOL QUANT M,TAYLOR & FRANCIS LTD,1684-3703,1811-4857,OPERATIONS RESEARCH & MANAGEMENT SCIENCE,SCIE,942,3,Q2,0.77,3.40%,36/106,2.6,Q2,2.4,0.5,30/106,Q2,72.17,0.00102,0.22911,0.548,66.5,Q3,63/101,42,97.62%,4.4,9,41
Journal of Simulation,J SIMUL,TAYLOR & FRANCIS LTD,1747-7778,1747-7786,OPERATIONS RESEARCH & MANAGEMENT SCIENCE,SCIE,839,1.7,Q3,0.32,26.36%,67/106,1.9,Q3,1.4,0.5,84/106,Q4,21.23,0.00053,0.12002,0.333,37.3,Q4,80/101,44,95.45%,6.1,8.4,42
Journal of Systems Science and Systems Engineering,J SYST SCI SYST ENG,SPRINGER HEIDELBERG,2767-3812,1861-9576,OPERATIONS RESEARCH & MANAGEMENT SCIENCE,SCIE,814,2,Q3,0.38,0.00%,56/106,1.6,Q4,1.9,0.4,75/106,Q3,29.72,0.00042,0.09563,0.283,47.6,Q4,87/101,46,100.00%,7.6,6,46
ASIA-PACIFIC JOURNAL OF OPERATIONAL RESEARCH,ASIA PAC J OPER RES,WORLD SCIENTIFIC PUBL CO PTE LTD,0217-5959,1793-7019,OPERATIONS RESEARCH & MANAGEMENT SCIENCE,SCIE,790,1,Q4,0.24,0.43%,98/106,1,Q4,0.9,0.9,95/106,Q4,10.85,0.00063,0.14129,0.237,8,Q4,94/101,58,100.00%,5.8,7.5,58
4OR-A Quarterly Journal of Operations Research,4OR-Q J OPER RES,SPRINGER HEIDELBERG,1477-8947,1614-2411,OPERATIONS RESEARCH & MANAGEMENT SCIENCE,SCIE,782,2.6,Q2,0.36,16.67%,42/106,2.5,Q2,2.4,0.7,80/106,Q4,25,0.00081,0.18067,0.816,60.8,Q2,40/101,9,100.00%,8.2,11.8,9
IMA Journal of Management Mathematics,IMA J MANAG MATH,OXFORD UNIV PRESS,2767-3170,1471-6798,OPERATIONS RESEARCH & MANAGEMENT SCIENCE,SCIE,766,4.3,Q1,0.74,20.78%,25/106,2.6,Q2,3.1,0.6,32/106,Q2,70.28,0.00053,0.11924,0.465,76.9,Q3,71/101,36,100.00%,5.5,6.7,36
Discrete Optimization,DISCRETE OPTIM,ELSEVIER,2773-1391,1873-636X,OPERATIONS RESEARCH & MANAGEMENT SCIENCE,SCIE,746,1.6,Q3,0.44,20.51%,71/106,1.2,Q4,1.5,0.1,65/106,Q3,39.15,0.00061,0.13754,0.584,33.5,Q3,55/101,23,100.00%,10.7,15.2,23
International Journal of Management Science and Engineering Management,INT J MANAG SCI ENG,TAYLOR & FRANCIS LTD,2624-893X,1750-9661,OPERATIONS RESEARCH & MANAGEMENT SCIENCE,ESCI,739,2.6,Q2,0.66,3.53%,42/106,2.7,Q2,1.9,1.1,37/106,Q2,65.57,0.00045,0.10072,0.372,60.8,Q4,79/101,25,88.00%,5,4.8,22
Memetic Computing,MEMET COMPUT,SPRINGER HEIDELBERG,1865-9284,1865-9292,OPERATIONS RESEARCH & MANAGEMENT SCIENCE,SCIE,718,2.3,Q2,0.57,12.66%,47/106,2.6,Q2,2.1,0.4,44/106,Q2,58.96,0.0006,0.13508,0.578,56.1,Q3,57/101,29,93.10%,6,5.4,27
Top,TOP,SPRINGER,2413-8851,1863-8279,OPERATIONS RESEARCH & MANAGEMENT SCIENCE,SCIE,711,1.4,Q4,0.3,39.39%,82/106,1.7,Q3,1.3,0.6,87/106,Q4,18.4,0.00071,0.15801,0.647,23.1,Q2,50/101,27,100.00%,7.9,10.4,27
Journal of Management Science and Engineering,J MANAGE SCI ENG,KEAI PUBLISHING LTD,2096-2320,2589-5532,OPERATIONS RESEARCH & MANAGEMENT SCIENCE,ESCI,680,3.7,Q2,1.25,94.95%,30/106,,,3.5,0.7,15/106,Q1,86.32,0.0009,0.20203,,72.2,,,32,96.88%,3.3,6.6,31
EURO Journal on Transportation and Logistics,EURO J TRANSP LOGIST,ELSEVIER,2192-4376,2192-4384,OPERATIONS RESEARCH & MANAGEMENT SCIENCE,ESCI,675,2.7,Q2,0.45,98.53%,39/106,2.9,Q2,2.7,0.2,63/106,Q3,41.04,0.00087,0.19387,0.993,63.7,Q2,32/101,25,100.00%,6.1,8.1,25
INFOR,INFOR,TAYLOR & FRANCIS INC,0315-5986,1916-0615,OPERATIONS RESEARCH & MANAGEMENT SCIENCE,SCIE,673,1.6,Q3,0.28,4.05%,71/106,1.5,Q4,1.3,0.3,88/106,Q4,17.45,0.00033,0.07366,0.32,33.5,Q4,83/101,34,97.06%,14.4,6.8,33
PROBABILITY IN THE ENGINEERING AND INFORMATIONAL SCIENCES,PROBAB ENG INFORM SC,CAMBRIDGE UNIV PRESS,2509-8020,1469-8951,OPERATIONS RESEARCH & MANAGEMENT SCIENCE,SCIE,667,1,Q4,0.28,37.21%,98/106,0.9,Q4,0.9,0.1,88/106,Q4,17.45,0.00077,0.17186,0.377,8,Q4,78/101,28,100.00%,11.3,14.7,28
International Journal of Mathematical Engineering and Management Sciences,INT J MATH ENG MANAG,RAM ARTI PUBL,2455-7749,2455-7749,OPERATIONS RESEARCH & MANAGEMENT SCIENCE,ESCI,651,1.5,Q3,0.46,93.84%,77/106,1.2,Q4,1.3,0.4,62/106,Q3,41.98,0.0006,0.1335,0.164,27.8,Q4,97/101,80,97.50%,3.9,6.8,78
DISCRETE EVENT DYNAMIC SYSTEMS-THEORY AND APPLICATIONS,DISCRETE EVENT DYN S,SPRINGER,2399-6641,1573-7594,OPERATIONS RESEARCH & MANAGEMENT SCIENCE,SCIE,611,1.6,Q3,0.47,36.73%,71/106,1.7,Q3,1.3,0.3,60/106,Q3,43.87,0.00051,0.11381,0.605,33.5,Q3,52/101,20,100.00%,10.4,8.1,20
CRIMINAL JUSTICE STUDIES,CRIM JUSTICE STUD,"ROUTLEDGE JOURNALS, TAYLOR & FRANCIS LTD",1478-601X,1478-6028,OPERATIONS RESEARCH & MANAGEMENT SCIENCE,ESCI,567,1.1,Q4,0.51,12.50%,91/106,1.6,Q4,1,0.3,53/106,Q2,50.47,0.00049,0.10963,0.515,14.6,Q3,66/101,21,100.00%,8.6,10,21
Decision Science Letters,DECISION SCI LETT,GROWING SCIENCE,1929-5804,1929-5812,OPERATIONS RESEARCH & MANAGEMENT SCIENCE,ESCI,552,1.1,Q4,0.28,3.16%,91/106,,,1,0.4,88/106,Q4,17.45,0.00035,0.0785,,14.6,,,78,98.72%,4.6,5.6,77
European Journal of Industrial Engineering,EUR J IND ENG,INDERSCIENCE ENTERPRISES LTD,2624-9634,1751-5262,OPERATIONS RESEARCH & MANAGEMENT SCIENCE,SCIE,510,1.4,Q4,0.28,0.00%,82/106,1.3,Q4,1.3,0.5,88/106,Q4,17.45,0.00027,0.06219,0.234,23.1,Q4,95/101,30,100.00%,6.7,9.5,30
Journal of the Operations Research Society of China,J OPER RES SOC CHINA,SPRINGER HEIDELBERG,2188-5729,2194-6698,OPERATIONS RESEARCH & MANAGEMENT SCIENCE,ESCI,487,1.1,Q4,0.2,4.02%,91/106,1.2,Q4,1,0.2,98/106,Q4,8.02,0.00095,0.21352,0.408,14.6,Q3,74/101,46,95.65%,4.1,10.6,44
Studies in Informatics and Control,STUD INFORM CONTROL,NATL INST R&D INFORMATICS-ICI,2575-8314,,OPERATIONS RESEARCH & MANAGEMENT SCIENCE,SCIE,478,1.1,Q4,0.24,1.61%,91/106,1.1,Q4,0.8,0.1,95/106,Q4,10.85,0.00023,0.05138,0.135,14.6,Q4,100/101,40,100.00%,6,4.3,40
Pacific Journal of Optimization,PAC J OPTIM,YOKOHAMA PUBL,1365-2907,1348-9151,OPERATIONS RESEARCH & MANAGEMENT SCIENCE,SCIE,450,0.7,Q4,0.25,0.00%,101/106,0.5,Q4,0.6,0.3,93/106,Q4,12.74,0.00036,0.08212,0.24,5.2,Q4,93/101,36,100.00%,11.5,12.3,36
EURO Journal on Computational Optimization,EURO J COMPUT OPTIM,ELSEVIER,2213-5383,2192-4414,OPERATIONS RESEARCH & MANAGEMENT SCIENCE,ESCI,391,1.7,Q3,0.48,100.00%,67/106,2.3,Q3,1.6,0.5,57/106,Q3,46.7,0.00079,0.17656,1.035,37.3,Q2,29/101,13,100.00%,4.1,10.2,13
ENGINEERING ECONOMIST,ENG ECON,TAYLOR & FRANCIS INC,0013-791X,1547-2701,OPERATIONS RESEARCH & MANAGEMENT SCIENCE,SCIE,379,1.2,Q4,0.15,8.82%,88/106,1.2,Q4,1,<0.1,101/106,Q4,5.19,0.00016,0.03579,0.264,17.5,Q4,90/101,12,91.67%,12.8,11.1,11
Brazilian Journal of Operations & Production Management,BRAZ J OPER PROD MAN,ASSOC BRASILEIRA ENGENHARIA PRODUCAO-ABEPRO,2237-8960,2237-8960,OPERATIONS RESEARCH & MANAGEMENT SCIENCE,ESCI,340,1.1,Q4,0.24,94.68%,91/106,1.3,Q4,0.9,0.4,95/106,Q4,10.85,0.00021,0.04801,0.137,14.6,Q4,99/101,33,96.97%,4.5,6,32
INFORMS Journal on Applied Analytics,INFORMS J APPL ANAL,INFORMS,2572-3170,2644-0873,OPERATIONS RESEARCH & MANAGEMENT SCIENCE,SCIE,277,1.8,Q3,0.32,0.00%,60/106,1.6,Q4,1.4,0.2,84/106,Q4,21.23,0.00071,0.15824,0.549,43.9,Q3,62/101,32,100.00%,3.3,5.9,32
SORT-Statistics and Operations Research Transactions,SORT-STAT OPER RES T,INST ESTADISTICA CATALUNYA-IDESCAT,2574-2531,2013-8830,OPERATIONS RESEARCH & MANAGEMENT SCIENCE,SCIE,234,1.2,Q4,0.36,0.00%,88/106,1.6,Q4,1.1,0.4,80/106,Q4,25,0.00032,0.07307,0.681,17.5,Q2,47/101,8,100.00%,7.4,12.1,8
IISE Transactions on Healthcare Systems Engineering,IISE T HEALTHC SYST,TAYLOR & FRANCIS LTD,2661-8001,2472-5587,OPERATIONS RESEARCH & MANAGEMENT SCIENCE,ESCI,218,1.3,Q4,0.42,3.85%,86/106,,,1.1,0.1,66/106,Q3,38.21,0.00035,0.07963,,19.3,,,18,88.89%,3.7,9.2,16
Operations Research and Decisions,OPER RES DECIS,"WROCLAW UNIV SCIENCE & TECHNOLOGY, FAC MANAGEMENT",2081-8858,2391-6060,OPERATIONS RESEARCH & MANAGEMENT SCIENCE,ESCI,194,1.1,Q4,0.2,82.76%,91/106,0.9,Q4,1,0.1,98/106,Q4,8.02,0.00017,0.03949,0.153,14.6,Q4,98/101,50,98.00%,3.7,10.1,49
Journal of Business Analytics,J BUS ANAL,TAYLOR & FRANCIS LTD,2573-234X,2573-2358,OPERATIONS RESEARCH & MANAGEMENT SCIENCE,ESCI,176,1.6,Q3,0.41,14.81%,71/106,1.5,Q4,1.5,0.3,69/106,Q3,35.38,0.00015,0.03468,0.274,33.5,Q4,88/101,17,100.00%,4,5.4,17
MILITARY OPERATIONS RESEARCH,MIL OPER RES,MILITARY OPERATIONS RESEARCH SOC,2192-1709,2163-2758,OPERATIONS RESEARCH & MANAGEMENT SCIENCE,SCIE,135,0.3,Q4,0.04,0.00%,105/106,0.4,Q4,0.3,<0.1,106/106,Q4,0.47,0.00011,0.02595,0.168,1.4,Q4,96/101,22,100.00%,13.1,14.9,22
International Journal of Applied Management Science,INT J APPL MANAG SCI,INDERSCIENCE ENTERPRISES LTD,2381-4683,1755-8921,OPERATIONS RESEARCH & MANAGEMENT SCIENCE,ESCI,99,0.5,Q4,0.1,0.00%,104/106,,,0.5,0.1,104/106,Q4,2.36,0.00006,0.01528,,2.4,,,21,100.00%,,11.4,21
International Journal of Knowledge and Systems Science,INT J KNOWL SYST SCI,IGI GLOBAL,1947-8208,1947-8216,OPERATIONS RESEARCH & MANAGEMENT SCIENCE,ESCI,87,0.6,Q4,0.14,96.15%,103/106,0.6,Q4,0.4,0.4,102/106,Q4,4.25,0.00004,0.0094,0.075,3.3,Q4,101/101,8,75.00%,,7.2,6
Journal of Quality Measurement and Analysis,J QUAL MEAS ANAL,"Dept Mathematical Sciences, Univ Kebangsaan Malaysia",1823-5670,2600-8602,OPERATIONS RESEARCH & MANAGEMENT SCIENCE,ESCI,48,0.3,Q4,0.06,0.00%,105/106,,,0.2,0.1,105/106,Q4,1.42,0.00003,0.00747,,1.4,,,45,100.00%,,7.4,45
WORLD DEVELOPMENT,WORLD DEV,PERGAMON-ELSEVIER SCIENCE LTD,2227-9032,1873-5991,DEVELOPMENT STUDIES,SSCI,31381,4.8,Q1,1.74,44.60%,5/65,6.7,Q1,4.5,0.8,5/65,Q1,93.08,0.02446,5.44442,1.911,93.1,Q1,4/61,289,97.58%,7.9,8.4,282
SUSTAINABLE DEVELOPMENT,SUSTAIN DEV,WILEY,0968-0802,1099-1719,DEVELOPMENT STUDIES,SSCI,12206,8.2,Q1,1.98,35.71%,1/65,9.5,Q1,6.9,1.6,3/65,Q1,96.15,0.00994,2.21233,1.341,99.2,Q1,8/61,449,88.64%,3.7,4.9,398
HABITAT INTERNATIONAL,HABITAT INT,PERGAMON-ELSEVIER SCIENCE LTD,1999-4907,1873-5428,DEVELOPMENT STUDIES,SSCI,12035,7,Q1,1.71,19.92%,2/65,7.5,Q1,6.1,1.6,6/65,Q1,91.54,0.00643,1.43164,1.305,97.7,Q1,9/61,177,99.44%,7.1,6.3,176
LONG RANGE PLANNING,LONG RANGE PLANN,ELSEVIER SCI LTD,1478-4491,1873-1872,DEVELOPMENT STUDIES,SSCI,8824,6.3,Q1,1.8,45.40%,4/65,9.7,Q1,5.9,1.7,4/65,Q1,94.62,0.00509,1.13364,2.461,94.6,Q1,2/61,58,100.00%,10.4,12.8,58
THIRD WORLD QUARTERLY,THIRD WORLD Q,"ROUTLEDGE JOURNALS, TAYLOR & FRANCIS LTD",1471-2288,1360-2241,DEVELOPMENT STUDIES,SSCI,6296,1.8,Q2,0.6,39.50%,27/65,2.5,Q2,1.7,0.5,30/65,Q2,54.62,0.00611,1.36116,1.015,59.2,Q2,16/61,89,100.00%,9,7.8,89
Journal of Environmental Planning and Management,J ENVIRON PLANN MAN,"ROUTLEDGE JOURNALS, TAYLOR & FRANCIS LTD",2227-9032,1360-0559,DEVELOPMENT STUDIES,SSCI,5977,3.6,Q1,0.95,23.19%,9/65,4.1,Q1,3.4,0.5,14/65,Q1,79.23,0.00497,1.10672,0.742,86.9,Q2,25/61,138,92.75%,4.8,6.1,128
JOURNAL OF DEVELOPMENT STUDIES,J DEV STUD,"ROUTLEDGE JOURNALS, TAYLOR & FRANCIS LTD",1477-7525,1743-9140,DEVELOPMENT STUDIES,SSCI,5852,1.8,Q2,0.55,37.99%,27/65,2.8,Q2,1.7,0.3,35/65,Q3,46.92,0.00437,0.97388,0.892,59.2,Q2,19/61,104,99.04%,9.8,8.9,103
JOURNAL OF PEASANT STUDIES,J PEASANT STUD,"ROUTLEDGE JOURNALS, TAYLOR & FRANCIS LTD",0306-6150,1743-9361,DEVELOPMENT STUDIES,SSCI,5731,4.8,Q1,2.2,39.81%,5/65,5.1,Q1,4.2,0.8,1/65,Q1,99.23,0.00525,1.16843,1.605,93.1,Q1,6/61,53,100.00%,7.8,7.8,53
SOCIETY & NATURAL RESOURCES,SOC NATUR RESOUR,TAYLOR & FRANCIS INC,0894-1920,1521-0723,DEVELOPMENT STUDIES,SSCI,4500,1.9,Q2,0.64,22.80%,26/65,2.7,Q2,1.7,0.3,27/65,Q2,59.23,0.00249,0.55466,0.678,60.8,Q2,26/61,61,95.08%,10.4,8.6,58
ENTREPRENEURSHIP AND REGIONAL DEVELOPMENT,ENTREP REGION DEV,"ROUTLEDGE JOURNALS, TAYLOR & FRANCIS LTD",0898-5626,1464-5114,DEVELOPMENT STUDIES,SSCI,4375,3.6,Q1,0.89,46.99%,9/65,5.5,Q1,3.2,1,16/65,Q1,76.15,0.00255,0.56879,1.274,86.9,Q1,10/61,65,100.00%,8.6,10.6,65
DEVELOPMENT AND CHANGE,DEV CHANGE,WILEY,2073-445X,1467-7660,DEVELOPMENT STUDIES,SSCI,4272,3.2,Q1,1.03,59.86%,13/65,3.7,Q1,2.9,0.4,12/65,Q1,82.31,0.00357,0.79471,1.487,80.8,Q1,7/61,52,73.08%,12,8.5,38
WORLD BANK ECONOMIC REVIEW,WORLD BANK ECON REV,OXFORD UNIV PRESS,1542-4278,1564-698X,DEVELOPMENT STUDIES,SSCI,3177,1.8,Q2,0.68,27.07%,27/65,3.2,Q1,1.7,0.3,23/65,Q2,65.38,0.00346,0.77041,1.889,59.2,Q1,5/61,61,100.00%,13.8,9,61
Climate and Development,CLIM DEV,TAYLOR & FRANCIS LTD,1520-6688,1756-5537,DEVELOPMENT STUDIES,SSCI,3128,3.4,Q1,0.75,32.85%,11/65,4.7,Q1,3.2,0.5,21/65,Q2,68.46,0.00346,0.77042,1.058,83.8,Q1,14/61,68,91.18%,5,7.3,62
ECONOMIC DEVELOPMENT AND CULTURAL CHANGE,ECON DEV CULT CHANGE,UNIV CHICAGO PRESS,0013-0079,1539-2988,DEVELOPMENT STUDIES,SSCI,2872,1.8,Q2,1.28,4.51%,27/65,2.1,Q3,1.7,0.7,10/65,Q1,85.38,0.00188,0.42003,1.2,59.2,Q1,12/61,63,100.00%,19.3,11.2,63
Journal of International Development,J INT DEV,WILEY,2193-7532,1099-1328,DEVELOPMENT STUDIES,SSCI,2813,1.7,Q3,0.56,39.71%,33/65,1.9,Q3,1.6,0.2,34/65,Q3,48.46,0.00165,0.36813,0.484,50,Q3,36/61,100,95.00%,9.4,7.9,95
Cambridge Journal of Regions Economy and Society,CAMB J REG ECON SOC,OXFORD UNIV PRESS,1477-7525,1752-1386,DEVELOPMENT STUDIES,SSCI,2627,4.7,Q1,1.35,51.38%,7/65,5.7,Q1,4.5,1.5,9/65,Q1,86.92,0.00251,0.55956,1.989,90,Q1,3/61,34,100.00%,6.9,5.8,34
SOCIAL POLICY & ADMINISTRATION,SOC POLICY ADMIN,WILEY,2214-594X,1467-9515,DEVELOPMENT STUDIES,SSCI,2616,2.2,Q2,1.09,66.94%,20/65,2.9,Q2,2,0.4,11/65,Q1,83.85,0.00299,0.66736,0.939,70,Q2,18/61,105,100.00%,6.4,7.6,105
HOUSING POLICY DEBATE,HOUS POLICY DEBATE,"ROUTLEDGE JOURNALS, TAYLOR & FRANCIS LTD",2624-893X,2152-050X,DEVELOPMENT STUDIES,SSCI,2503,2.9,Q1,0.78,16.20%,16/65,3.3,Q1,2.6,0.9,18/65,Q2,73.08,0.00309,0.68757,1.237,76.2,Q1,11/61,34,100.00%,7.3,6.3,34
Review of Development Economics,REV DEV ECON,WILEY,1363-6669,1467-9361,DEVELOPMENT STUDIES,SSCI,2380,2.2,Q2,0.66,26.18%,20/65,2.2,Q3,2,0.4,24/65,Q2,63.85,0.00191,0.4255,0.465,70,Q3,37/61,97,100.00%,6.2,8.5,97
Journal of Environmental Policy & Planning,J ENVIRON POL PLAN,"ROUTLEDGE JOURNALS, TAYLOR & FRANCIS LTD",1523-908X,1522-7200,DEVELOPMENT STUDIES,SSCI,2304,2.2,Q2,0.66,59.84%,20/65,3.8,Q1,2.1,0.5,24/65,Q2,63.85,0.00233,0.51942,1.044,70,Q1,15/61,46,97.83%,6.3,7.4,45
European Journal of Development Research,EUR J DEV RES,PALGRAVE MACMILLAN LTD,0957-8811,1743-9728,DEVELOPMENT STUDIES,SSCI,2235,2.6,Q2,0.74,44.03%,18/65,2.5,Q2,2.5,0.4,22/65,Q2,66.92,0.002,0.44672,0.637,73.1,Q2,27/61,59,98.31%,6.6,8.6,58
Information Technology for Development,INFORM TECHNOL DEV,"ROUTLEDGE JOURNALS, TAYLOR & FRANCIS LTD",0268-1102,1554-0170,DEVELOPMENT STUDIES,SSCI,2112,6.4,Q1,1.52,28.16%,3/65,6.9,Q1,4.7,0.9,8/65,Q1,88.46,0.00139,0.30951,0.962,96.2,Q2,17/61,48,100.00%,4.8,6.4,48
GROWTH AND CHANGE,GROWTH CHANGE,WILEY,2035-5556,1468-2257,DEVELOPMENT STUDIES,SSCI,2051,2.1,Q2,0.62,21.26%,23/65,2.9,Q2,2,0.4,28/65,Q2,57.69,0.0018,0.40136,0.561,65.4,Q3,31/61,41,100.00%,5.3,8.9,41
Development in Practice,DEV PRACT,"ROUTLEDGE JOURNALS, TAYLOR & FRANCIS LTD",1478-4491,1364-9213,DEVELOPMENT STUDIES,ESCI,1932,1.4,Q3,0.31,26.77%,37/65,1.4,Q4,1.2,0.4,54/65,Q4,17.69,0.00105,0.23542,0.293,43.8,Q4,50/61,80,98.75%,10.2,7,79
WORLD BANK RESEARCH OBSERVER,WORLD BANK RES OBSER,OXFORD UNIV PRESS,2413-8851,1564-6971,DEVELOPMENT STUDIES,SSCI,1867,3.3,Q1,2.13,32.35%,12/65,7.3,Q1,3.2,0.6,2/65,Q1,97.69,0.00131,0.29219,3.196,82.3,Q1,1/61,14,100.00%,13.3,6.8,14
Journal of Agrarian Change,J AGRAR CHANGE,WILEY,1471-0358,1471-0366,DEVELOPMENT STUDIES,SSCI,1790,2.9,Q1,0.82,50.00%,16/65,2.9,Q2,2.6,0.3,17/65,Q2,74.62,0.00145,0.32304,0.892,76.2,Q2,19/61,29,100.00%,8.1,10.5,29
AFRICAN DEVELOPMENT REVIEW-REVUE AFRICAINE DE DEVELOPPEMENT,AFR DEV REV,WILEY,1017-6772,1467-8268,DEVELOPMENT STUDIES,SSCI,1768,3.1,Q1,0.97,6.90%,15/65,3.2,Q1,2.1,0.7,13/65,Q1,80.77,0.00094,0.20936,0.451,77.7,Q3,39/61,57,98.25%,6,7,56
Development Policy Review,DEV POLICY REV,WILEY,0950-6764,1467-7679,DEVELOPMENT STUDIES,SSCI,1730,1.4,Q3,0.58,50.00%,37/65,1.8,Q3,1.4,0.4,31/65,Q2,53.08,0.00139,0.31144,0.508,43.8,Q3,34/61,54,100.00%,7.5,8.3,54
Development Southern Africa,DEV SO AFR,"ROUTLEDGE JOURNALS, TAYLOR & FRANCIS LTD",0376-835X,1470-3637,DEVELOPMENT STUDIES,SSCI,1512,1.3,Q3,0.33,37.50%,42/65,1.8,Q3,1.2,0.2,50/65,Q4,23.85,0.00086,0.19238,0.33,36.2,Q4,47/61,58,100.00%,8.3,5.9,58
STUDIES IN COMPARATIVE INTERNATIONAL DEVELOPMENT,STUD COMP INT DEV,SPRINGER,2056-6085,1936-6167,DEVELOPMENT STUDIES,SSCI,1405,1.2,Q3,0.78,46.74%,44/65,2.5,Q2,1.2,0.3,18/65,Q2,73.08,0.00125,0.27838,1.19,33.1,Q1,13/61,34,100.00%,15.2,9.8,34
PUBLIC ADMINISTRATION AND DEVELOPMENT,PUBLIC ADMIN DEVELOP,WILEY,2673-2726,1099-162X,DEVELOPMENT STUDIES,SSCI,1309,2.1,Q2,0.76,35.29%,23/65,2.5,Q2,1.4,1.3,20/65,Q2,70,0.00054,0.12175,0.592,65.4,Q2,29/61,36,94.44%,12.6,8.5,34
Oxford Development Studies,OXF DEV STUD,"ROUTLEDGE JOURNALS, TAYLOR & FRANCIS LTD",1360-0818,1469-9966,DEVELOPMENT STUDIES,ESCI,1216,1.2,Q3,0.42,41.79%,44/65,1.5,Q3,1.2,0.1,42/65,Q3,36.15,0.00052,0.11612,0.504,33.1,Q3,35/61,26,100.00%,11.9,9.3,26
IDS BULLETIN-INSTITUTE OF DEVELOPMENT STUDIES,IDS BULL-I DEV STUD,INST DEVELOPMENT STUDIES,1179-1594,1759-5436,DEVELOPMENT STUDIES,SSCI,1137,0.6,Q4,0.4,86.42%,58/65,0.9,Q4,0.6,<0.1,44/65,Q3,33.08,0.00024,0.05448,0.233,11.5,Q4,54/61,26,100.00%,16.1,5.7,26
COMMUNITY DEVELOPMENT JOURNAL,COMMUNITY DEV J,OXFORD UNIV PRESS,2624-9634,1468-2656,DEVELOPMENT STUDIES,SSCI,1106,1.1,Q3,0.37,23.97%,46/65,1.5,Q3,0.9,0.4,47/65,Q3,28.46,0.00068,0.15208,0.42,30,Q3,41/61,47,97.87%,10.6,8.7,46
Journal of Environment & Development,J ENVIRON DEV,SAGE PUBLICATIONS INC,2322-5939,1552-5465,DEVELOPMENT STUDIES,SSCI,1022,2,Q2,0.51,15.56%,25/65,3.1,Q2,1.9,0.3,37/65,Q3,43.85,0.00063,0.14046,0.832,62.3,Q2,23/61,46,97.83%,9.9,6.6,45
Community Development,COMMUNITY DEV,"ROUTLEDGE JOURNALS, TAYLOR & FRANCIS LTD",1557-5330,1944-7485,DEVELOPMENT STUDIES,ESCI,1012,1.4,Q3,0.46,10.20%,37/65,1.6,Q3,1.1,0.3,40/65,Q3,39.23,0.00049,0.10917,0.284,43.8,Q4,51/61,50,100.00%,8.4,8.2,50
Journal of Human Development and Capabilities,J HUM DEV CAPABIL,"ROUTLEDGE JOURNALS, TAYLOR & FRANCIS LTD",2300-1682,1945-2837,DEVELOPMENT STUDIES,SSCI,956,1.3,Q3,0.51,40.54%,42/65,2.6,Q2,1,0.2,37/65,Q3,43.85,0.00086,0.19266,0.761,36.2,Q2,24/61,33,100.00%,7.8,11.2,33
Journal of Agriculture Food Systems and Community Development,J AGRIC FOOD SYST CO,LYSON CENTER CIVIC AGRICULTURE & FOOD SYSTEMS,2297-900X,2152-0801,DEVELOPMENT STUDIES,ESCI,909,1.8,Q2,0.57,100.00%,27/65,1.9,Q3,1.4,0.3,32/65,Q2,51.54,0.00082,0.18405,0.373,59.2,Q3,43/61,46,100.00%,5.3,6.1,46
ECONOMIC DEVELOPMENT QUARTERLY,ECON DEV Q,SAGE PUBLICATIONS INC,2561-326X,1552-3543,DEVELOPMENT STUDIES,SSCI,888,1.6,Q3,0.41,1.96%,35/65,1.7,Q3,1.5,<0.1,43/65,Q3,34.62,0.00048,0.10793,0.543,46.9,Q3,32/61,17,100.00%,12.1,12.3,17
CANADIAN JOURNAL OF DEVELOPMENT STUDIES-REVUE CANADIENNE D ETUDES DU DEVELOPPEMENT,CAN J DEV STUD,"ROUTLEDGE JOURNALS, TAYLOR & FRANCIS LTD",2666-7193,2158-9100,DEVELOPMENT STUDIES,SSCI,866,0.7,Q4,0.46,29.67%,57/65,1.9,Q3,0.7,0.5,40/65,Q3,39.23,0.00088,0.19796,0.612,13.1,Q2,28/61,17,100.00%,8,10.3,17
World Development Perspectives,WORLD DEV PERSPECT,ELSEVIER,2452-2929,2452-2929,DEVELOPMENT STUDIES,ESCI,859,2.3,Q2,0.66,30.98%,19/65,2.6,Q2,2.2,0.3,24/65,Q2,63.85,0.00124,0.27802,0.571,71.5,Q2,30/61,69,100.00%,4.1,7.7,69
Progress in Development Studies,PROG DEV STUD,SAGE PUBLICATIONS INC,1464-9934,1477-027X,DEVELOPMENT STUDIES,SSCI,745,1,Q4,0.4,40.00%,49/65,1.5,Q3,1,0.2,44/65,Q3,33.08,0.00034,0.07631,0.421,25.4,Q3,40/61,12,100.00%,12.7,8.6,12
Journal of Development Effectiveness,J DEV EFFECT,"ROUTLEDGE JOURNALS, TAYLOR & FRANCIS LTD",1943-9342,1943-9407,DEVELOPMENT STUDIES,SSCI,722,0.5,Q4,0.22,40.26%,59/65,0.9,Q4,0.5,0.5,59/65,Q4,10,0.00024,0.05561,0.247,10,Q4,53/61,21,100.00%,9.3,7.8,21
INTERNATIONAL DEVELOPMENT PLANNING REVIEW,INT DEV PLANN REV,LIVERPOOL UNIV PRESS,1474-6743,1478-3401,DEVELOPMENT STUDIES,SSCI,614,1.5,Q3,0.4,6.35%,36/65,2,Q3,1.3,0.5,44/65,Q3,33.08,0.00045,0.10201,0.542,45.4,Q3,33/61,20,100.00%,8.8,9.3,20
Journal of Economic Policy Reform,J ECON POLICY REFORM,"ROUTLEDGE JOURNALS, TAYLOR & FRANCIS LTD",1748-7870,1748-7889,DEVELOPMENT STUDIES,SSCI,588,3.2,Q1,0.91,29.63%,13/65,2.4,Q2,2.8,0.9,15/65,Q1,77.69,0.00088,0.19634,0.833,80.8,Q2,22/61,22,95.45%,4.7,5.9,21
Journal of Economics and Development,J ECON DEV-VIETNAM,EMERALD GROUP PUBLISHING LTD,2393-6401,2632-5330,DEVELOPMENT STUDIES,ESCI,494,4.3,Q1,1.54,100.00%,8/65,,,4.2,1.8,7/65,Q1,90,0.00044,0.09929,,88.5,,,26,100.00%,3.2,9.2,26
Innovation and Development,INNOV DEV,TAYLOR & FRANCIS LTD,2351-9894,2157-9318,DEVELOPMENT STUDIES,ESCI,484,1.7,Q3,0.62,28.26%,33/65,1.8,Q3,1.6,0.3,28/65,Q2,57.69,0.00039,0.08896,0.34,50,Q3,45/61,14,100.00%,4.7,8.6,14
DEVELOPING ECONOMIES,DEV ECON,WILEY,2666-6065,1746-1049,DEVELOPMENT STUDIES,SSCI,474,1.4,Q3,0.53,11.11%,37/65,1.6,Q3,1.3,0.1,36/65,Q3,45.38,0.00013,0.03029,0.302,43.8,Q4,49/61,15,100.00%,15.9,10.2,15
Area Development and Policy,AREA DEV POLICY,"ROUTLEDGE JOURNALS, TAYLOR & FRANCIS LTD",2379-2949,2379-2957,DEVELOPMENT STUDIES,ESCI,456,1.8,Q2,0.57,24.29%,27/65,2.5,Q2,1.7,0.4,32/65,Q2,51.54,0.00089,0.19948,0.859,59.2,Q2,21/61,25,100.00%,4.7,7,25
FORUM FOR DEVELOPMENT STUDIES,FORUM DEV STUD,"ROUTLEDGE JOURNALS, TAYLOR & FRANCIS LTD",0803-9410,1891-1765,DEVELOPMENT STUDIES,ESCI,428,1.1,Q3,0.33,52.00%,46/65,1.1,Q4,1,0.1,50/65,Q4,23.85,0.00031,0.06914,0.322,30,Q4,48/61,31,100.00%,7.9,9.9,31
Journal of Developing Societies,J DEV SOC,SAGE PUBLICATIONS INDIA PVT LTD,2664-3731,1745-2546,DEVELOPMENT STUDIES,ESCI,422,0.9,Q4,0.31,23.33%,52/65,1.5,Q3,0.9,0.2,54/65,Q4,17.69,0.00032,0.07203,0.398,20.8,Q3,42/61,22,100.00%,7.8,8.3,22
Asian Development Review,ASIAN DEVELOP REV,WORLD SCIENTIFIC PUBL CO PTE LTD,1178-203X,1996-7241,DEVELOPMENT STUDIES,ESCI,369,1.1,Q3,0.36,56.25%,46/65,,,1,0.8,49/65,Q4,25.38,0.00036,0.08214,,30,,,25,100.00%,6.7,9.6,25
Journal of Social and Economic Development,J SOCIAL EC DEV,SPRINGER INDIA,1424-2818,2199-6873,DEVELOPMENT STUDIES,ESCI,350,1,Q4,0.37,16.75%,49/65,1.3,Q4,0.9,0.2,47/65,Q3,28.46,0.00041,0.0923,0.248,25.4,Q4,52/61,92,100.00%,3.4,10.5,92
Journal of Rural and Community Development,J RURAL COMMUNITY D,"BRANDON UNIV, RURAL DEV DEPT",1179-1594,1712-8277,DEVELOPMENT STUDIES,ESCI,338,0.5,Q4,0.16,0.00%,59/65,0.7,Q4,0.5,<0.1,60/65,Q4,8.46,0.00022,0.04904,0.17,10,Q4,58/61,40,100.00%,9.3,7.3,40
Journal of South Asian Development,J S ASIAN DEV,SAGE PUBLICATIONS INDIA PVT LTD,0973-1741,0973-1733,DEVELOPMENT STUDIES,SSCI,230,0.9,Q4,0.31,17.86%,52/65,1.1,Q4,0.9,0.1,54/65,Q4,17.69,0.00026,0.0593,0.367,20.8,Q3,44/61,9,100.00%,6.7,10.3,9
Sociology of Development,SOCIOL DEV,"UNIV CALIFORNIA PRESS, JOURNALS DIV",2662-2211,2374-538X,DEVELOPMENT STUDIES,ESCI,208,0.8,Q4,0.47,0.00%,55/65,1.2,Q4,0.8,0.5,39/65,Q3,40.77,0.00034,0.07574,0.463,16.2,Q3,38/61,13,100.00%,5.4,12.7,13
Perspectives on Global Development and Technology,PERSPECT GLOB DEV TE,BRILL,2322-5939,1569-1497,DEVELOPMENT STUDIES,ESCI,182,0.4,Q4,0.15,2.99%,62/65,0.6,Q4,0.4,<0.1,61/65,Q4,6.92,0.00014,0.03169,0.138,5.4,Q4,59/61,33,96.97%,6.8,6.8,32
Middle East Development Journal,MIDDLE EAST DEV J,"ROUTLEDGE JOURNALS, TAYLOR & FRANCIS LTD",1793-8120,1793-8171,DEVELOPMENT STUDIES,ESCI,168,0.8,Q4,0.31,5.00%,55/65,0.8,Q4,0.8,0.1,54/65,Q4,17.69,0.00011,0.02623,0.186,16.2,Q4,57/61,9,100.00%,7.5,10.9,9
Indian Growth and Development Review,INDIAN GROWTH DEV RE,EMERALD GROUP PUBLISHING LTD,2148-9386,1753-8262,DEVELOPMENT STUDIES,ESCI,159,1,Q4,0.33,0.00%,49/65,1.3,Q4,1,0.3,50/65,Q4,23.85,0.00013,0.02951,0.207,25.4,Q4,56/61,20,100.00%,5.1,11.6,20
Journal of Sport for Development,J SPORT DEV,"VERA SOLUTIONS, BENEFIT LLC",2052-3211,2330-0574,DEVELOPMENT STUDIES,ESCI,151,1.4,Q3,0.29,0.00%,37/65,1.5,Q3,1.3,0.7,58/65,Q4,11.54,0.00012,0.02782,0.337,43.8,Q4,46/61,7,100.00%,5.9,7.8,7
PROBLEMAS DEL DESARROLLO,PROBL DESARROLLO,"Inst Investigaciones Economicas, Natl Autonomous Univ Mexico - IIEc UNAM",2007-8951,2007-8951,DEVELOPMENT STUDIES,ESCI,123,0.2,Q4,0.07,100.00%,64/65,,,0.2,<0.1,64/65,Q4,2.31,0.00015,0.03496,,2.3,,,24,95.83%,7.7,10.5,23
Review of Agrarian Studies,REV AGRAR STUD,FOUNDATION AGRARIAN STUDIES,2632-3249,2248-9002,DEVELOPMENT STUDIES,ESCI,112,0.5,Q4,0.14,0.00%,59/65,0.9,Q4,0.4,<0.1,62/65,Q4,5.38,0.0001,0.02432,0.213,10,Q4,55/61,11,90.91%,5.7,5.8,10
Agrarian South-Journal of Political Economy,AGRAR S,SAGE PUBLICATIONS INC,2624-9553,2321-0281,DEVELOPMENT STUDIES,ESCI,96,0.9,Q4,0.32,15.09%,52/65,,,0.8,1,53/65,Q4,19.23,0.00025,0.05621,,20.8,,,20,100.00%,,9.7,20
Iberoamerican Journal of Development Studies,IBEROAM J DEV STUD,"UNIV ZARAGOZA DEV COOPERATION CHAIR, SPANISH NETWORK DEV STUDIES",2254-2035,2254-2035,DEVELOPMENT STUDIES,ESCI,61,0.4,Q4,0.11,98.46%,62/65,0.4,Q4,0.4,<0.1,63/65,Q4,3.85,0.0001,0.02263,0.117,5.4,Q4,60/61,19,100.00%,,8.8,19
Revista Cooperativismo y Desarrollo-COODES,REV COOP DESARRO-COO,UNIV PINAR RIO HERMANOS SAIZ MONTES OCA,2673-253X,2310-340X,DEVELOPMENT STUDIES,ESCI,7,<0.1,Q4,0.01,0.00%,65/65,<0.1,Q4,<0.1,<0.1,65/65,Q4,0.77,0.00001,0.00225,0.007,0.8,Q4,61/61,34,100.00%,,4.8,34
JOURNAL OF ETHNIC AND MIGRATION STUDIES,J ETHN MIGR STUD,"ROUTLEDGE JOURNALS, TAYLOR & FRANCIS LTD",2227-9032,1469-9451,ETHNIC STUDIES,SSCI,10838,3.1,Q1,1.77,50.00%,1/39,3.8,Q1,2.7,1.6,3/39,Q1,93.59,0.01424,3.1702,1.42,98.7,Q1,5/36,240,100.00%,6.1,7.7,240
ETHNIC AND RACIAL STUDIES,ETHNIC RACIAL STUD,"ROUTLEDGE JOURNALS, TAYLOR & FRANCIS LTD",0141-9870,1466-4356,ETHNIC STUDIES,SSCI,8278,2,Q1,1.2,49.36%,7/39,2.6,Q2,1.8,2,9/39,Q1,78.21,0.00765,1.70404,1.15,83.3,Q2,10/36,166,100.00%,9.2,8.2,166
Cultural Diversity & Ethnic Minority Psychology,CULT DIVERS ETHN MIN,EDUCATIONAL PUBLISHING FOUNDATION-AMERICAN PSYCHOLOGICAL ASSOC,1999-4907,1939-0106,ETHNIC STUDIES,SSCI,4940,2.9,Q1,1.45,20.75%,2/39,4.1,Q1,2.8,0.4,5/39,Q1,88.46,0.00449,0.99919,1.553,96.2,Q1,3/36,93,100.00%,9.5,8.9,93
Race Ethnicity and Education,RACE ETHNIC EDUC-UK,"ROUTLEDGE JOURNALS, TAYLOR & FRANCIS LTD",1478-4491,1470-109X,ETHNIC STUDIES,SSCI,3520,2,Q1,1.18,17.50%,7/39,3.6,Q1,1.9,0.5,11/39,Q2,73.08,0.00357,0.79513,1.409,83.3,Q1,7/36,55,100.00%,7.5,8.8,55
Journal of Refugee Studies,J REFUG STUD,OXFORD UNIV PRESS,1471-2288,1471-6925,ETHNIC STUDIES,SSCI,3138,1.9,Q2,1.11,49.45%,12/39,2.7,Q1,1.7,0.3,13/39,Q2,67.95,0.00358,0.79679,0.96,70.5,Q2,12/36,62,100.00%,8.5,7.4,62
ETHNICITY & HEALTH,ETHNIC HEALTH,"ROUTLEDGE JOURNALS, TAYLOR & FRANCIS LTD",2227-9032,1465-3419,ETHNIC STUDIES,SSCI,2472,2,Q1,1.03,16.67%,7/39,2.9,Q1,2,0.4,15/39,Q2,62.82,0.00309,0.6895,0.971,83.3,Q2,11/36,64,93.75%,6.4,7.4,60
Nations and Nationalism,NATIONS NATL,WILEY,1477-7525,1469-8129,ETHNIC STUDIES,SSCI,2075,2,Q1,2.02,50.42%,7/39,2.1,Q2,1.9,0.3,2/39,Q1,96.15,0.00292,0.65167,0.941,83.3,Q2,13/36,75,100.00%,8.1,11.6,75
Sociology of Race and Ethnicity,SOCIOL RACE ETHNIC,SAGE PUBLICATIONS INC,2332-6492,2332-6506,ETHNIC STUDIES,SSCI,1594,2.8,Q1,1.24,11.02%,3/39,3.9,Q1,2.4,0.2,7/39,Q1,83.33,0.00293,0.65277,1.82,93.6,Q1,1/36,39,100.00%,5.9,9.7,39
JOURNAL OF BLACK STUDIES,J BLACK STUD,SAGE PUBLICATIONS INC,0021-9347,1552-4566,ETHNIC STUDIES,SSCI,1559,0.8,Q3,0.35,14.29%,29/39,1.2,Q3,0.7,0.1,31/39,Q4,21.79,0.00078,0.17481,0.492,26.9,Q3,27/36,29,96.55%,13.8,8.8,28
Ethnicities,ETHNICITIES,SAGE PUBLICATIONS LTD,1468-7968,1741-2706,ETHNIC STUDIES,SSCI,1527,1.3,Q3,0.78,34.31%,21/39,1.8,Q2,1.2,0.1,20/39,Q3,50,0.00194,0.43172,0.79,47.4,Q3,19/36,31,100.00%,8.4,8.8,31
Du Bois Review-Social Science Research on Race,DU BOIS REV,CAMBRIDGE UNIV PRESS,2073-445X,1742-0598,ETHNIC STUDIES,SSCI,1361,2,Q1,0.79,58.00%,7/39,1.9,Q2,2,0.1,19/39,Q2,52.56,0.00111,0.24699,1.232,83.3,Q1,9/36,17,100.00%,11.4,14.2,17
IDENTITIES-GLOBAL STUDIES IN CULTURE AND POWER,IDENTITIES-GLOB STUD,TAYLOR & FRANCIS INC,1542-4278,1547-3384,ETHNIC STUDIES,SSCI,1339,1.8,Q2,1.17,40.77%,13/39,2.1,Q2,1.8,0.3,12/39,Q2,70.51,0.00151,0.33784,0.797,67.9,Q2,18/36,58,100.00%,8.7,10.6,58
Nationalities Papers-The Journal of Nationalism and Ethnicity,NATL PAP,CAMBRIDGE UNIV PRESS,1520-6688,1465-3923,ETHNIC STUDIES,SSCI,1323,1.6,Q2,2.05,57.66%,15/39,,,1.5,0.1,1/39,Q1,98.72,0.00261,0.58122,,62.8,,,73,90.41%,6.2,12.1,66
Asian American Journal of Psychology,ASIAN AM J PSYCHOL,EDUCATIONAL PUBLISHING FOUNDATION-AMERICAN PSYCHOLOGICAL ASSOC,1948-1985,1948-1993,ETHNIC STUDIES,SSCI,1317,2.8,Q1,1.1,9.57%,3/39,2.7,Q1,2.4,0.3,14/39,Q2,65.38,0.00109,0.24421,0.837,93.6,Q2,16/36,32,100.00%,7.3,9.9,32
RACE & CLASS,RACE CLASS,SAGE PUBLICATIONS LTD,2193-7532,1741-3125,ETHNIC STUDIES,SSCI,1158,2.8,Q1,1.25,36.51%,3/39,3.9,Q1,2.8,0.3,6/39,Q1,85.9,0.00143,0.32006,1.734,93.6,Q1,2/36,22,100.00%,9.8,10.7,22
Journal of Immigrant & Refugee Studies,J IMMIGR REFUG STUD,"ROUTLEDGE JOURNALS, TAYLOR & FRANCIS LTD",1477-7525,1556-2956,ETHNIC STUDIES,SSCI,1113,1.5,Q2,0.72,33.13%,19/39,2,Q2,1.4,0.3,21/39,Q3,47.44,0.00153,0.34164,0.689,52.6,Q3,22/36,53,100.00%,5.7,7.2,53
Alternative-An International Journal of Indigenous Peoples,ALTERNATIVE,SAGE PUBLICATIONS LTD,2214-594X,1174-1740,ETHNIC STUDIES,ESCI,1073,1.3,Q3,0.82,45.02%,21/39,2,Q2,1.2,0.3,17/39,Q2,57.69,0.00162,0.36196,0.722,47.4,Q3,21/36,81,100.00%,5.5,8.2,81
Race and Social Problems,RACE SOC PROBL,SPRINGER,2624-893X,1867-1756,ETHNIC STUDIES,SSCI,1037,1.4,Q3,1.23,18.18%,20/39,3,Q1,1.4,0.5,8/39,Q1,80.77,0.00167,0.37191,1.42,50,Q1,5/36,26,100.00%,6.6,10.4,26
Social Identities,SOC IDENT,"ROUTLEDGE JOURNALS, TAYLOR & FRANCIS LTD",1350-4630,1363-0296,ETHNIC STUDIES,ESCI,1018,0.9,Q3,0.37,22.58%,28/39,1.2,Q3,0.8,0.2,30/39,Q4,24.36,0.00086,0.19268,0.522,29.5,Q3,25/36,49,100.00%,10.6,12.8,49
PATTERNS OF PREJUDICE,PATTERNS PREJUDICE,"ROUTLEDGE JOURNALS, TAYLOR & FRANCIS LTD",0031-322X,1461-7331,ETHNIC STUDIES,SSCI,959,0.8,Q3,0.94,44.19%,29/39,1.8,Q2,0.8,<0.1,16/39,Q2,60.26,0.00075,0.16811,0.928,26.9,Q2,14/36,7,85.71%,11.6,11.7,6
BLACK SCHOLAR,BLACK SCHOLAR,"ROUTLEDGE JOURNALS, TAYLOR & FRANCIS LTD",0006-4246,2162-5387,ETHNIC STUDIES,ESCI,657,0.8,Q3,0.3,1.61%,29/39,1,Q3,0.8,<0.1,35/39,Q4,11.54,0.00043,0.0957,0.55,26.9,Q3,24/36,22,95.45%,11.9,11.6,21
Ethnopolitics,ETHNOPOLITICS,"ROUTLEDGE JOURNALS, TAYLOR & FRANCIS LTD",1744-9057,1744-9065,ETHNIC STUDIES,ESCI,610,1.2,Q3,0.64,33.68%,23/39,1.3,Q3,1.2,0.1,23/39,Q3,42.31,0.00094,0.20924,0.617,42.3,Q3,23/36,28,100.00%,6.5,9.7,28
Race and Justice,RACE JUSTICE,SAGE PUBLICATIONS INC,2035-5556,2153-3687,ETHNIC STUDIES,SSCI,578,2.3,Q1,1.19,9.20%,6/39,2.3,Q2,2.2,0.4,10/39,Q2,75.64,0.00111,0.24779,0.805,85.9,Q2,17/36,16,100.00%,4.1,9.9,16
Asian Ethnicity,ASIAN ETHN,"ROUTLEDGE JOURNALS, TAYLOR & FRANCIS LTD",1478-4491,1469-2953,ETHNIC STUDIES,ESCI,531,0.8,Q3,0.64,3.88%,29/39,,,0.8,0.1,23/39,Q3,42.31,0.00063,0.14134,,26.9,,,42,100.00%,8.5,14.8,42
Genealogy,GENEALOGY-BASEL,MDPI,2413-8851,2313-5778,ETHNIC STUDIES,ESCI,518,0.6,Q4,0.4,100.00%,34/39,1,Q3,0.4,0.2,29/39,Q3,26.92,0.00116,0.25834,0.315,14.1,Q4,31/36,149,97.32%,3.8,12.4,145
Nationalism and Ethnic Politics,NATL ETHN POLIT,"ROUTLEDGE JOURNALS, TAYLOR & FRANCIS LTD",1353-7113,1557-2986,ETHNIC STUDIES,ESCI,490,1.1,Q3,0.6,33.33%,24/39,1.3,Q3,1,0.1,26/39,Q3,34.62,0.00082,0.18453,0.744,39.7,Q3,20/36,24,95.83%,9.1,10.9,23
Journal of African American Studies,J AFR AM STUD,SPRINGER,1559-1646,1936-4741,ETHNIC STUDIES,ESCI,463,0.5,Q4,0.31,10.00%,36/39,0.8,Q4,0.5,0.1,34/39,Q4,14.1,0.00035,0.08,0.316,9,Q4,30/36,28,89.29%,11,9.9,25
Journal of Multicultural Discourses,J MULTICULT DISCOURS,"ROUTLEDGE JOURNALS, TAYLOR & FRANCIS LTD",1744-7143,1747-6615,ETHNIC STUDIES,ESCI,418,1.6,Q2,0.82,21.57%,15/39,1.7,Q3,1.4,0.3,17/39,Q2,57.69,0.00042,0.09474,0.494,62.8,Q3,26/36,11,100.00%,6.9,10.3,11
Studies in Ethnicity and Nationalism,STUD ETHN NATL,WILEY,1473-8481,1754-9469,ETHNIC STUDIES,ESCI,339,0.7,Q4,0.33,36.71%,33/39,1,Q3,0.7,0.2,33/39,Q4,16.67,0.00031,0.07029,0.435,16.7,Q4,29/36,39,100.00%,9.2,9.7,39
Journal of Race Ethnicity and Politics,J RACE ETHN POLITICS,CAMBRIDGE UNIV PRESS,2056-6085,2056-6085,ETHNIC STUDIES,ESCI,328,1.6,Q2,0.69,49.38%,15/39,,,1.4,0.4,22/39,Q3,44.87,0.00089,0.19996,,62.8,,,35,100.00%,4.8,9.9,35
Canadian Ethnic Studies-Etudes Ethniques au Canada,CAN ETHN STUD,CANADIAN ETHNIC STUDIES ASSOC,2673-2726,1913-8253,ETHNIC STUDIES,ESCI,313,0.6,Q4,0.34,0.00%,34/39,0.8,Q4,0.6,0.1,32/39,Q4,19.23,0.00021,0.04725,0.261,14.1,Q4,32/36,22,100.00%,8.3,9.1,22
Latin American and Caribbean Ethnic Studies,LAT AM CARIBB ETHN S,TAYLOR & FRANCIS LTD,1744-2222,1744-2230,ETHNIC STUDIES,ESCI,281,1,Q3,0.44,14.29%,27/39,1,Q3,0.8,0.1,28/39,Q3,29.49,0.00052,0.11779,0.489,32.1,Q4,28/36,24,95.83%,6.2,13.9,23
Canadian Slavonic Papers,CAN SLAVON PAP,"ROUTLEDGE JOURNALS, TAYLOR & FRANCIS LTD",1179-1594,2375-2475,ETHNIC STUDIES,ESCI,270,1.6,Q2,1.54,17.39%,15/39,1.1,Q3,1.5,<0.1,4/39,Q1,91.03,0.00075,0.16701,0.864,62.8,Q2,15/36,24,100.00%,8.3,11.9,24
Transition,TRANSITION,INDIANA UNIV PRESS,2624-9634,1527-8042,ETHNIC STUDIES,ESCI,264,0.2,Q4,0.07,0.00%,38/39,0.4,Q4,0.2,0.1,38/39,Q4,3.85,0.0001,0.0232,0.169,3.8,Q4,34/36,16,100.00%,17.2,,16
Critical Philosophy of Race,CRIT PHILOS RACE,PENN STATE UNIV PRESS,2322-5939,2165-8692,ETHNIC STUDIES,ESCI,229,1.1,Q3,0.56,2.33%,24/39,1.7,Q3,1,0.1,27/39,Q3,32.05,0.0008,0.17915,1.456,39.7,Q1,4/36,16,100.00%,5.8,12.6,16
NAIS-Native American and Indigenous Studies Association,NAIS-NATIV AM INDIG,UNIV MINNESOTA PRESS,2332-1261,2332-127X,ETHNIC STUDIES,ESCI,172,1.8,Q2,0.63,0.00%,13/39,2.2,Q2,1.8,0.1,25/39,Q3,37.18,0.00041,0.09341,1.236,67.9,Q1,8/36,7,100.00%,5.6,12.8,7
Journal of Chinese Overseas,J CHIN OVERSEAS,BRILL,2300-1682,1793-2548,ETHNIC STUDIES,ESCI,100,0.5,Q4,0.25,7.50%,36/39,0.5,Q4,0.5,0.1,36/39,Q4,8.97,0.00008,0.01999,0.181,9,Q4,33/36,13,100.00%,11.7,12.3,13
Spectrum,SPECTRUM-J BLACK MEN,INDIANA UNIV PRESS,2297-900X,2162-3252,ETHNIC STUDIES,ESCI,64,1.1,Q3,0.16,0.00%,24/39,0.4,Q4,1.1,<0.1,37/39,Q4,6.41,0.00003,0.00752,0.102,39.7,Q4,35/36,4,100.00%,,6.9,4
Identidade,IDENTIDADE,ESCOLA SUPERIOR TEOLOGIA,2561-326X,2178-437X,ETHNIC STUDIES,ESCI,7,<0.1,Q4,0,0.00%,39/39,<0.1,Q4,<0.1,<0.1,39/39,Q4,1.28,0,0.00155,0.008,1.3,Q4,36/36,1,100.00%,,,1
PUBLIC ADMINISTRATION REVIEW,PUBLIC ADMIN REV,WILEY,2227-9032,1540-6210,PUBLIC ADMINISTRATION,SSCI,13272,4.9,Q1,2.05,46.69%,5/90,7.3,Q1,4.3,1,6/90,Q1,93.89,0.00953,2.12261,2.308,95,Q1,3/87,81,100.00%,11.2,9.3,81
Public Management Review,PUBLIC MANAG REV,"ROUTLEDGE JOURNALS, TAYLOR & FRANCIS LTD",1471-9037,1471-9045,PUBLIC ADMINISTRATION,SSCI,8033,4.9,Q1,1.45,40.64%,5/90,6.2,Q1,4,0.7,15/90,Q1,83.89,0.00795,1.77082,1.559,95,Q1,10/87,128,100.00%,5.9,8.8,128
JOURNAL OF EUROPEAN PUBLIC POLICY,J EUR PUBLIC POLICY,"ROUTLEDGE JOURNALS, TAYLOR & FRANCIS LTD",1999-4907,1466-4429,PUBLIC ADMINISTRATION,SSCI,7667,4.5,Q1,2.2,69.17%,9/90,5.1,Q1,3.9,1.7,4/90,Q1,96.11,0.01027,2.28569,2,90.6,Q1,5/87,127,100.00%,6.5,6.5,127
JOURNAL OF PUBLIC ADMINISTRATION RESEARCH AND THEORY,J PUBL ADM RES THEOR,OXFORD UNIV PRESS,1478-4491,1477-9803,PUBLIC ADMINISTRATION,SSCI,7664,6.3,Q1,2.35,30.77%,1/90,6.9,Q1,5.9,0.8,3/90,Q1,97.22,0.00529,1.17864,2.793,99.4,Q1,2/87,25,100.00%,12.1,9.6,25
CLIMATE POLICY,CLIM POLICY,TAYLOR & FRANCIS LTD,1471-2288,1752-7457,PUBLIC ADMINISTRATION,SSCI,6353,5.2,Q1,1.65,44.11%,3/90,7,Q1,4.8,0.7,11/90,Q1,88.33,0.00811,1.80638,1.931,97.2,Q1,6/87,120,91.67%,5.1,4.9,110
PUBLIC ADMINISTRATION,PUBLIC ADMIN,WILEY,2227-9032,1467-9299,PUBLIC ADMINISTRATION,SSCI,5829,5.1,Q1,1.99,56.70%,4/90,5.5,Q1,4.3,1.1,8/90,Q1,91.67,0.00511,1.13842,1.717,96.1,Q1,9/87,56,100.00%,8.9,9.3,56
JOURNAL OF ACCOUNTING AND PUBLIC POLICY,J ACCOUNT PUBLIC POL,ELSEVIER SCIENCE INC,1477-7525,1873-2070,PUBLIC ADMINISTRATION,SSCI,3943,2.2,Q2,0.89,13.79%,38/90,3.6,Q1,2.1,0.3,39/90,Q2,57.22,0.00192,0.42839,0.93,58.3,Q2,27/87,50,100.00%,11.3,12.1,50
POLICY STUDIES JOURNAL,POLICY STUD J,WILEY,0190-292X,1541-0072,PUBLIC ADMINISTRATION,SSCI,3906,4.9,Q1,2.16,42.73%,5/90,5.6,Q1,4.1,0.9,5/90,Q1,95,0.00325,0.72513,1.785,95,Q1,7/87,51,100.00%,9.3,9.5,51
Environment and Planning C-Politics and Space,ENVIRON PLAN C-POLIT,SAGE PUBLICATIONS LTD,2399-6544,2399-6552,PUBLIC ADMINISTRATION,SSCI,3544,2.2,Q2,0.62,41.61%,38/90,3.1,Q2,2.1,0.4,56/90,Q3,38.33,0.00462,1.028,1.186,58.3,Q1,19/87,95,100.00%,7.1,8.6,95
GOVERNANCE-AN INTERNATIONAL JOURNAL OF POLICY ADMINISTRATION AND INSTITUTIONS,GOVERNANCE,WILEY,0952-1895,1468-0491,PUBLIC ADMINISTRATION,SSCI,3539,3.1,Q1,1.2,51.89%,17/90,3.8,Q1,2.9,0.7,21/90,Q1,77.22,0.00392,0.87363,1.474,81.7,Q1,12/87,47,100.00%,8.7,8.4,47
POLICY SCIENCES,POLICY SCI,SPRINGER,2073-445X,1573-0891,PUBLIC ADMINISTRATION,SSCI,3336,3.7,Q1,1.69,56.60%,11/90,4.4,Q1,3.3,0.5,10/90,Q1,89.44,0.00164,0.36656,1.295,88.3,Q1,16/87,40,95.00%,13,9.4,38
Science and Public Policy,SCI PUBL POLICY,OXFORD UNIV PRESS,1542-4278,1471-5430,PUBLIC ADMINISTRATION,SSCI,3140,2.3,Q2,0.74,40.50%,34/90,2.9,Q2,2,0.4,49/90,Q3,46.11,0.00263,0.5862,0.819,62.8,Q2,32/87,84,96.43%,8,7.9,81
JOURNAL OF POLICY ANALYSIS AND MANAGEMENT,J POLICY ANAL MANAG,WILEY,1520-6688,1520-6688,PUBLIC ADMINISTRATION,SSCI,3075,2.4,Q2,0.93,29.19%,32/90,4.1,Q1,2.3,0.4,36/90,Q2,60.56,0.00484,1.07837,2.935,65,Q1,1/87,65,98.46%,11.1,7.9,64
INTERNATIONAL JOURNAL OF PUBLIC ADMINISTRATION,INT J PUBLIC ADMIN,"ROUTLEDGE JOURNALS, TAYLOR & FRANCIS LTD",0190-0692,1532-4265,PUBLIC ADMINISTRATION,ESCI,3004,2.1,Q2,0.76,15.90%,42/90,2.5,Q3,1.9,0.3,46/90,Q3,49.44,0.00282,0.6294,0.608,53.9,Q3,44/87,78,100.00%,5.9,9.3,78
AMERICAN REVIEW OF PUBLIC ADMINISTRATION,AM REV PUBLIC ADM,SAGE PUBLICATIONS INC,2193-7532,1552-3357,PUBLIC ADMINISTRATION,SSCI,2999,2.5,Q2,1,13.73%,29/90,4,Q1,2.4,0.5,32/90,Q2,65,0.00249,0.55547,1.183,68.3,Q1,20/87,37,97.30%,7.9,10.5,36
Journal of Public Affairs,J PUBLIC AFF,WILEY,1477-7525,1479-1854,PUBLIC ADMINISTRATION,ESCI,2854,1.8,Q3,0.83,15.83%,53/90,2.5,Q3,1.7,0.7,43/90,Q2,52.78,0.00305,0.68028,0.403,41.7,Q3,52/87,53,100.00%,4.5,7.9,53
ADMINISTRATION & SOCIETY,ADMIN SOC,SAGE PUBLICATIONS INC,2214-594X,1552-3039,PUBLIC ADMINISTRATION,SSCI,2779,2.3,Q2,1.04,23.33%,34/90,3.3,Q2,2.2,0.4,30/90,Q2,67.22,0.00279,0.62207,1.092,62.8,Q1,21/87,50,100.00%,8.3,10.3,50
SOCIAL POLICY & ADMINISTRATION,SOC POLICY ADMIN,WILEY,2624-893X,1467-9515,PUBLIC ADMINISTRATION,SSCI,2616,2.2,Q2,1.09,66.94%,38/90,2.9,Q2,2,0.4,26/90,Q2,71.67,0.00299,0.66736,0.939,58.3,Q2,26/87,105,100.00%,6.4,7.6,105
JOURNAL OF SOCIAL POLICY,J SOC POLICY,CAMBRIDGE UNIV PRESS,0047-2794,1469-7823,PUBLIC ADMINISTRATION,SSCI,2536,2.6,Q2,1.06,67.53%,25/90,2.8,Q2,2.2,0.4,29/90,Q2,68.33,0.00233,0.5199,0.921,72.8,Q2,28/87,39,100.00%,8.6,6.8,39
INTERNATIONAL REVIEW OF ADMINISTRATIVE SCIENCES,INT REV ADM SCI,SAGE PUBLICATIONS LTD,0020-8523,1461-7226,PUBLIC ADMINISTRATION,SSCI,2412,2.6,Q2,1.08,26.73%,25/90,3.1,Q2,2.5,0.3,27/90,Q2,70.56,0.00213,0.47429,0.843,72.8,Q2,31/87,23,100.00%,7.4,8.6,23
PUBLIC MONEY & MANAGEMENT,PUBLIC MONEY MANAGE,"ROUTLEDGE JOURNALS, TAYLOR & FRANCIS LTD",0954-0962,1467-9302,PUBLIC ADMINISTRATION,SSCI,2399,2.1,Q2,0.74,38.02%,42/90,2.7,Q2,1.5,0.8,49/90,Q3,46.11,0.00229,0.51087,0.613,53.9,Q2,43/87,107,100.00%,5.3,6.9,107
JOURNAL OF EUROPEAN SOCIAL POLICY,J EUR SOC POLICY,SAGE PUBLICATIONS LTD,0958-9287,1461-7269,PUBLIC ADMINISTRATION,SSCI,2333,3.2,Q1,1.04,43.48%,14/90,3.5,Q2,2.9,0.4,30/90,Q2,67.22,0.00217,0.48459,1.325,85,Q1,15/87,41,97.56%,9.8,8.9,40
Regulation & Governance,REGUL GOV,WILEY,2035-5556,1748-5991,PUBLIC ADMINISTRATION,SSCI,2310,3.8,Q1,2.53,72.93%,10/90,3.8,Q1,3.4,0.6,2/90,Q1,98.33,0.00363,0.80912,1.285,89.4,Q1,17/87,68,100.00%,4.7,7.4,68
Policy and Society,POLICY SOC,OXFORD UNIV PRESS,1478-4491,1839-3373,PUBLIC ADMINISTRATION,SSCI,2301,6.1,Q1,2.62,99.08%,2/90,7.3,Q1,5.8,1.4,1/90,Q1,99.44,0.00269,0.60053,2.045,98.3,Q1,4/87,36,97.22%,5.5,7.9,35
POLICY AND POLITICS,POLICY POLIT,POLICY PRESS,2413-8851,1470-8442,PUBLIC ADMINISTRATION,SSCI,1909,3.1,Q1,1.79,23.28%,17/90,4.6,Q1,2.5,1.3,9/90,Q1,90.56,0.00184,0.40959,1.474,81.7,Q1,12/87,52,94.23%,7.1,7.8,49
Public Performance & Management Review,PUBLIC PERFORM MANAG,"ROUTLEDGE JOURNALS, TAYLOR & FRANCIS LTD",1530-9576,1557-9271,PUBLIC ADMINISTRATION,SSCI,1893,2.8,Q2,1.15,14.79%,23/90,3.3,Q2,2.2,0.9,23/90,Q2,75,0.00177,0.3959,0.746,75,Q2,36/87,53,100.00%,5.5,10.1,53
LOCAL GOVERNMENT STUDIES,LOCAL GOV STUD,"ROUTLEDGE JOURNALS, TAYLOR & FRANCIS LTD",0300-3930,1743-9388,PUBLIC ADMINISTRATION,SSCI,1861,1.9,Q3,0.71,34.38%,50/90,2.6,Q2,1.5,0.3,52/90,Q3,42.78,0.00164,0.36569,0.727,45,Q2,37/87,73,100.00%,7.2,8.9,73
Review of Public Personnel Administration,REV PUBLIC PERS ADM,SAGE PUBLICATIONS INC,0734-371X,1552-759X,PUBLIC ADMINISTRATION,SSCI,1817,3.1,Q1,1.26,25.49%,17/90,4.8,Q1,2.8,0.4,17/90,Q1,81.67,0.00182,0.40517,1.188,81.7,Q1,18/87,38,100.00%,5.8,11.7,38
International Public Management Journal,INT PUBLIC MANAG J,"ROUTLEDGE JOURNALS, TAYLOR & FRANCIS LTD",1096-7494,1559-3169,PUBLIC ADMINISTRATION,SSCI,1789,3,Q1,0.89,30.00%,21/90,3.2,Q2,2.6,0.4,39/90,Q2,57.22,0.00182,0.40691,0.976,77.2,Q2,24/87,44,100.00%,7.4,10.7,44
International Journal of Public Sector Management,INT J PUBLIC SECT MA,EMERALD GROUP PUBLISHING LTD,2056-6085,1758-6666,PUBLIC ADMINISTRATION,ESCI,1775,2.5,Q2,0.77,19.29%,29/90,3.4,Q2,1.9,0.5,45/90,Q2,50.56,0.00099,0.22219,0.593,68.3,Q3,45/87,64,90.63%,7.7,8.4,58
Review of Policy Research,REV POLICY RES,WILEY,2673-2726,1541-1338,PUBLIC ADMINISTRATION,SSCI,1570,3.2,Q1,1.34,40.41%,14/90,3.1,Q2,2.9,1.3,16/90,Q1,82.78,0.00148,0.32951,0.86,85,Q2,30/87,40,100.00%,6.7,7.5,40
Journal of Public Policy,J PUBLIC POLICY,CAMBRIDGE UNIV PRESS,0143-814X,1469-7815,PUBLIC ADMINISTRATION,SSCI,1542,2.1,Q2,0.91,70.80%,42/90,2.6,Q2,2,0.5,37/90,Q2,59.44,0.00148,0.33029,1.086,53.9,Q2,22/87,29,100.00%,14.3,9.5,29
Nonprofit Management & Leadership,NONPROFIT MANAG LEAD,"WILEY PERIODICALS, INC",1179-1594,1542-7854,PUBLIC ADMINISTRATION,SSCI,1506,1.9,Q3,0.73,27.12%,50/90,2.6,Q2,1.6,0.3,51/90,Q3,43.89,0.00103,0.23105,0.629,45,Q2,42/87,28,100.00%,9.3,11.6,28
AUSTRALIAN JOURNAL OF PUBLIC ADMINISTRATION,AUST J PUBL ADMIN,WILEY,2624-9634,1467-8500,PUBLIC ADMINISTRATION,SSCI,1425,2.1,Q2,0.88,69.77%,42/90,2.3,Q3,1.9,0.3,41/90,Q2,55,0.00106,0.23702,0.589,53.9,Q3,47/87,51,100.00%,7,7.8,51
Policy Studies,POLICY STUD-UK,"ROUTLEDGE JOURNALS, TAYLOR & FRANCIS LTD",2322-5939,1470-1006,PUBLIC ADMINISTRATION,SSCI,1317,2.3,Q2,1.07,40.54%,34/90,2.4,Q3,1.9,1.2,28/90,Q2,69.44,0.00153,0.34059,0.751,62.8,Q2,35/87,59,94.92%,5.6,6.8,56
PUBLIC ADMINISTRATION AND DEVELOPMENT,PUBLIC ADMIN DEVELOP,WILEY,0271-2075,1099-162X,PUBLIC ADMINISTRATION,SSCI,1309,2.1,Q2,0.76,35.29%,42/90,2.5,Q3,1.4,1.3,46/90,Q3,49.44,0.00054,0.12175,0.592,53.9,Q3,46/87,36,94.44%,12.6,8.5,34
PUBLIC PERSONNEL MANAGEMENT,PUBLIC PERS MANAGE,SAGE PUBLICATIONS INC,2300-1682,1945-7421,PUBLIC ADMINISTRATION,SSCI,1276,2.6,Q2,1.1,21.62%,25/90,3.1,Q2,2.4,0.3,25/90,Q2,72.78,0.00076,0.1705,0.718,72.8,Q2,38/87,24,100.00%,9.5,10,24
Journal of Comparative Policy Analysis,J COMP POLICY ANAL,"ROUTLEDGE JOURNALS, TAYLOR & FRANCIS LTD",2297-900X,1572-5448,PUBLIC ADMINISTRATION,SSCI,1240,1.4,Q3,1.26,34.18%,57/90,2.9,Q2,1.2,1,17/90,Q1,81.67,0.00124,0.2781,0.909,37.2,Q2,29/87,35,100.00%,7.5,7.2,35
CONTEMPORARY ECONOMIC POLICY,CONTEMP ECON POLICY,WILEY,2561-326X,1465-7287,PUBLIC ADMINISTRATION,SSCI,1192,1.9,Q3,0.56,24.53%,50/90,1.4,Q3,1.9,0.2,59/90,Q3,35,0.00094,0.21084,0.535,45,Q3,49/87,42,100.00%,10.6,8.3,42
Critical Policy Studies,CRIT POLICY STUD,"ROUTLEDGE JOURNALS, TAYLOR & FRANCIS LTD",2666-7193,1946-018X,PUBLIC ADMINISTRATION,SSCI,1138,2.4,Q2,0.96,54.46%,32/90,2.4,Q3,2.1,0.8,33/90,Q2,63.89,0.00103,0.2306,0.772,65,Q2,34/87,33,100.00%,8.1,8.4,33
Public Policy and Administration,PUBLIC POLICY ADMIN,SAGE PUBLICATIONS LTD,0952-0767,1749-4192,PUBLIC ADMINISTRATION,SSCI,1124,3.2,Q1,1.24,40.70%,14/90,3.8,Q1,2.9,0.4,19/90,Q1,79.44,0.00133,0.29642,1.028,85,Q2,23/87,26,96.15%,5.1,8.5,25
Behavioural Public Policy,BEHAV PUBLIC POLICY,CAMBRIDGE UNIV PRESS,2398-063X,2398-0648,PUBLIC ADMINISTRATION,ESCI,1110,3.1,Q1,1.62,58.60%,17/90,,,2.4,2,12/90,Q1,87.22,0.00245,0.54614,,81.7,,,78,96.15%,3.4,8.6,75
CANADIAN PUBLIC POLICY-ANALYSE DE POLITIQUES,CAN PUBLIC POL,UNIV TORONTO PRESS INC,0317-0861,1911-9917,PUBLIC ADMINISTRATION,SSCI,1008,1.4,Q3,0.54,4.26%,57/90,1.9,Q3,0.9,0.3,60/90,Q3,33.89,0.00079,0.17786,0.565,37.2,Q3,48/87,31,100.00%,9.4,8.1,31
Journal of Public Budgeting Accounting & Financial Management,J PUBLIC BUDGET ACC,EMERALD GROUP PUBLISHING LTD,1096-3367,1945-1814,PUBLIC ADMINISTRATION,ESCI,935,2.5,Q2,0.96,26.67%,29/90,,,1.8,0.7,33/90,Q2,63.89,0.00107,0.23994,,68.3,,,41,95.12%,3.9,9,39
Public Organization Review,PUBLIC ORGAN REV,SPRINGERNATURE,1566-7170,1573-7098,PUBLIC ADMINISTRATION,ESCI,910,1.7,Q3,0.61,19.00%,54/90,1.7,Q3,1.6,0.2,57/90,Q3,37.22,0.0008,0.17926,0.313,40.6,Q3,61/87,43,97.67%,4.2,9.1,42
Earth System Governance,EARTH SYST GOV-NETH,ELSEVIER,2393-6401,2589-8116,PUBLIC ADMINISTRATION,ESCI,797,4.6,Q1,2.02,100.00%,8/90,6.3,Q1,4.2,0.4,7/90,Q1,92.78,0.00175,0.3896,1.773,91.7,Q1,8/87,25,100.00%,3.6,5.8,25
Policy Design and Practice,POLICY DES PRACT,TAYLOR & FRANCIS LTD,2351-9894,2574-1292,PUBLIC ADMINISTRATION,ESCI,772,2.6,Q2,1.47,96.20%,25/90,4.9,Q1,2.5,1.2,14/90,Q1,85,0.0015,0.33521,1.392,72.8,Q1,14/87,22,100.00%,4.1,5.6,22
Journal of Homeland Security and Emergency Management,J HOMEL SECUR EMERG,WALTER DE GRUYTER GMBH,2666-6065,1547-7355,PUBLIC ADMINISTRATION,SSCI,729,1,Q3,0.37,10.64%,64/90,1,Q4,1,0.2,69/90,Q4,23.89,0.00014,0.03262,0.218,29.4,Q3,65/87,14,100.00%,13.4,8.6,14
Human Service Organizations Management Leadership & Governance,HUM SERV ORG MANAGE,"ROUTLEDGE JOURNALS, TAYLOR & FRANCIS LTD",2330-3131,2330-314X,PUBLIC ADMINISTRATION,SSCI,691,1.4,Q3,0.78,17.89%,57/90,1.8,Q3,1.1,0.2,44/90,Q2,51.67,0.00052,0.11604,0.393,37.2,Q3,55/87,33,100.00%,6.6,8,33
Public Integrity,PUBLIC INTEGR,"ROUTLEDGE JOURNALS, TAYLOR & FRANCIS LTD",1099-9922,1558-0989,PUBLIC ADMINISTRATION,ESCI,686,1.1,Q3,0.49,12.07%,63/90,1.3,Q3,1,0.4,62/90,Q3,31.67,0.00083,0.18615,0.386,30.6,Q3,58/87,31,100.00%,5.7,9.1,31
JOURNAL OF PUBLIC AFFAIRS EDUCATION,J PUBLIC AFF EDUC,"ROUTLEDGE JOURNALS, TAYLOR & FRANCIS LTD",2664-3731,2328-9643,PUBLIC ADMINISTRATION,ESCI,626,2,Q3,1.15,14.86%,48/90,1.9,Q3,1.3,1.2,23/90,Q2,75,0.0004,0.08919,0.403,47.2,Q3,52/87,23,95.65%,7.2,6.6,22
Perspectives on Public Management and Governance,PERSPECT PUBLIC MAN,OXFORD UNIV PRESS,1178-203X,2398-4929,PUBLIC ADMINISTRATION,ESCI,616,3.7,Q1,1.17,23.21%,11/90,4,Q1,3.5,0.6,22/90,Q1,76.11,0.00147,0.32921,1.535,88.3,Q1,11/87,12,100.00%,4.8,8.7,12
CANADIAN PUBLIC ADMINISTRATION-ADMINISTRATION PUBLIQUE DU CANADA,CAN PUBLIC ADMIN,WILEY,1424-2818,1754-7121,PUBLIC ADMINISTRATION,SSCI,609,1.4,Q3,0.46,54.46%,57/90,1.2,Q3,1,0.7,63/90,Q3,30.56,0.00039,0.08781,0.297,37.2,Q3,63/87,42,100.00%,7.8,5.9,42
Revista de Administracao Publica,REV ADM PUBL-RIO JAN,"FUNDACAO GETULIO VARGAS, EDITORA",1179-1594,1982-3134,PUBLIC ADMINISTRATION,ESCI,605,0.8,Q4,0.32,98.33%,70/90,1,Q4,0.7,<0.1,72/90,Q4,20.56,0.00075,0.1669,0.312,22.8,Q3,62/87,44,95.45%,5.9,8.9,42
Risk Hazards & Crisis in Public Policy,RISK HAZARDS CRISIS,WILEY,1944-4079,1944-4079,PUBLIC ADMINISTRATION,ESCI,560,2,Q3,0.76,58.73%,48/90,3.2,Q2,1.7,0.6,46/90,Q3,49.44,0.00061,0.13664,0.793,47.2,Q2,33/87,33,93.94%,4.9,6.2,31
Public Budgeting and Finance,PUBLIC BUDG FINANC,WILEY,2662-2211,1540-5850,PUBLIC ADMINISTRATION,ESCI,554,1,Q3,0.33,39.29%,64/90,1.3,Q3,0.9,0.1,71/90,Q4,21.67,0.00029,0.0652,0.399,29.4,Q3,54/87,28,100.00%,15.1,9.3,28
Journal of Public Procurement,J PUBLIC PROCUR,EMERALD GROUP PUBLISHING LTD,2322-5939,2150-6930,PUBLIC ADMINISTRATION,ESCI,519,2.3,Q2,0.88,18.18%,34/90,2.6,Q2,2,0.4,41/90,Q2,55,0.00029,0.06619,0.392,62.8,Q3,56/87,21,100.00%,6.1,7.3,21
Journal of Chinese Governance,J CHIN GOV,"ROUTLEDGE JOURNALS, TAYLOR & FRANCIS LTD",2381-2346,2381-2354,PUBLIC ADMINISTRATION,SSCI,493,3.7,Q1,1.24,6.12%,11/90,2.8,Q2,3,0.9,19/90,Q1,79.44,0.0007,0.15663,0.713,88.3,Q2,39/87,30,100.00%,4.3,8.9,30
European Policy Analysis,EUR POLICY ANAL,WILEY,2148-9386,2380-6567,PUBLIC ADMINISTRATION,ESCI,493,2.9,Q1,1.49,69.33%,22/90,3.6,Q1,2.5,1,13/90,Q1,86.11,0.00079,0.17762,0.962,76.1,Q2,25/87,26,100.00%,3.7,7.5,26
International Social Security Review,INT SOC SECUR REV,WILEY,2052-3211,1468-246X,PUBLIC ADMINISTRATION,ESCI,408,0.9,Q4,0.4,25.45%,69/90,1.6,Q3,0.9,0.5,67/90,Q3,26.11,0.00033,0.07423,0.44,23.9,Q3,51/87,17,100.00%,8.6,4.5,17
Public Works Management & Policy,PUBLIC WORKS MANAG P,SAGE PUBLICATIONS INC,1087-724X,1552-7549,PUBLIC ADMINISTRATION,ESCI,406,1,Q3,0.39,16.67%,64/90,1.3,Q3,1,0.1,68/90,Q4,25,0.00018,0.04176,0.216,29.4,Q4,66/87,9,100.00%,8,7.9,9
Data & Policy,DATA POLICY,CAMBRIDGE UNIV PRESS,2632-3249,2632-3249,PUBLIC ADMINISTRATION,ESCI,387,2.7,Q2,0.91,100.00%,24/90,3,Q2,2.2,0.3,37/90,Q2,59.44,0.00063,0.14055,0.666,73.9,Q2,41/87,81,98.77%,2.8,5.4,80
Asia Pacific Journal of Public Administration,ASIA PAC J PUBLIC AM,"ROUTLEDGE JOURNALS, TAYLOR & FRANCIS LTD",2624-9553,2327-6673,PUBLIC ADMINISTRATION,ESCI,340,2.1,Q2,0.66,7.14%,42/90,2.1,Q3,1.5,2.1,54/90,Q3,40.56,0.00038,0.08651,0.487,53.9,Q3,50/87,16,100.00%,4.1,7.7,16
Transylvanian Review of Administrative Sciences,TRANSYLV REV ADM SCI,BABES-BOLYAI UNIV,1842-2845,2247-8310,PUBLIC ADMINISTRATION,SSCI,314,0.8,Q4,0.37,100.00%,70/90,0.8,Q4,0.6,<0.1,69/90,Q4,23.89,0.00019,0.04445,0.151,22.8,Q4,70/87,45,100.00%,7.7,10.3,45
European Journal of Social Security,EUR J SOC SECUR,SAGE PUBLICATIONS LTD,2673-253X,2399-2948,PUBLIC ADMINISTRATION,ESCI,299,1.7,Q3,0.68,34.25%,54/90,1.4,Q3,1.3,1.1,53/90,Q3,41.67,0.00033,0.07518,0.378,40.6,Q3,59/87,24,100.00%,4.4,4.9,24
International Journal of Public Leadership,INT J PUBLIC LEADERS,EMERALD GROUP PUBLISHING LTD,2056-4929,2042-8642,PUBLIC ADMINISTRATION,ESCI,280,1.5,Q3,0.58,9.09%,56/90,1.8,Q3,1.3,0.5,58/90,Q3,36.11,0.00029,0.06664,0.345,38.3,Q3,60/87,19,94.74%,4.5,8.1,18
Lex Localis-Journal of Local Self-Government,LEX LOCALIS,UK Zhende Publishing Ltd,1581-5374,1855-363X,PUBLIC ADMINISTRATION,SSCI,268,0.4,Q4,0.23,17.09%,80/90,0.5,Q4,0.3,0.1,75/90,Q4,17.22,0.00015,0.03397,0.076,11.7,Q4,81/87,57,100.00%,6.7,6.7,57
Nonprofit Policy Forum,NONPROFIT POLICY FOR,WALTER DE GRUYTER GMBH,2214-7829,2154-3348,PUBLIC ADMINISTRATION,ESCI,249,1.2,Q3,0.65,100.00%,61/90,1.5,Q3,0.9,<0.1,55/90,Q3,39.44,0.0003,0.06691,0.392,32.8,Q3,56/87,39,100.00%,5.4,9,39
NISPAcee Journal of Public Administration and Policy,NISPACEE J PUBLIC AD,SCIENDO,1337-9038,1338-4309,PUBLIC ADMINISTRATION,ESCI,195,1,Q3,0.42,100.00%,64/90,1.1,Q3,0.7,<0.1,65/90,Q3,28.33,0.00016,0.03638,0.199,29.4,Q4,67/87,19,100.00%,4.9,7,19
Global Public Policy and Governance,GLOB PUBLIC POLICY G,SPRINGERNATURE,2227-9091,2730-6305,PUBLIC ADMINISTRATION,ESCI,185,2.2,Q2,0.96,23.33%,38/90,2.7,Q2,2.2,0.4,33/90,Q2,63.89,0.00037,0.08395,0.713,58.3,Q2,39/87,17,94.12%,2.8,9,16
Public Administration and Policy-An Asia-Pacific Journal,PUBLIC ADMIN POLICY,EMERALD GROUP PUBLISHING LTD,2214-7160,2517-679X,PUBLIC ADMINISTRATION,ESCI,178,0.8,Q4,0.42,100.00%,70/90,1.3,Q3,0.7,0.1,65/90,Q3,28.33,0.00022,0.05058,0.264,22.8,Q3,64/87,24,95.83%,4.1,7.8,23
Revista do Servico Publico,REV SERV PUBLICO,ESCOLA NACL ADM PUBLICA-ENAP,0034-9240,2357-8017,PUBLIC ADMINISTRATION,ESCI,154,0.3,Q4,0.1,57.85%,85/90,0.3,Q4,0.2,0.2,85/90,Q4,6.11,0.00014,0.03227,0.096,6.1,Q4,77/87,41,97.56%,6.4,8.9,40
Journal of Public and Nonprofit Affairs,J PUBLIC NONPROFIT A,MIDWEST PUBLIC AFFAIRS CONFERENCE,2381-3717,2381-3717,PUBLIC ADMINISTRATION,ESCI,143,0.8,Q4,0.44,74.55%,70/90,0.8,Q4,0.8,0.7,64/90,Q3,29.44,0.00014,0.03179,0.185,22.8,Q4,68/87,15,100.00%,4.7,10.7,15
Gestion y Politica Publica,GEST POLIT PUBLICA,CENTRO DE INVESTIGACION Y DOCENCIA ECONOMICAS,1405-1079,,PUBLIC ADMINISTRATION,SSCI,135,0.6,Q4,0.14,0.00%,76/90,0.4,Q4,0.3,0.1,80/90,Q4,11.67,0.00006,0.01457,0.111,16.1,Q4,75/87,10,100.00%,8.5,12,10
Civil Szemle,CIV SZLE,UJ MANDATUM KONYVKIADO,2767-3812,1786-3341,PUBLIC ADMINISTRATION,SSCI,130,0.4,Q4,0.12,0.00%,80/90,0.4,Q4,0.1,0.1,84/90,Q4,7.22,0.00005,0.01319,0.029,11.7,Q4,86/87,42,100.00%,2.7,7.8,42
Voprosy Gosudarstvennogo i Munitsipalnogo Upravleniya-Public Administration Issues,VOPR GOS MUNITSIPALN,NATL RES UNIV HIGHER SCH ECONOMICS,1999-5431,1999-5431,PUBLIC ADMINISTRATION,ESCI,122,0.5,Q4,0.17,98.36%,77/90,0.3,Q4,0.3,<0.1,77/90,Q4,15,0.00013,0.02912,0.067,15,Q4,84/87,31,100.00%,4,7.9,31
Commonwealth Journal of Local Governance,COMMONW J LOCAL GOV,"UNIV TECHNOLOGY, SYDNEY-UTS EPRESS",1477-8947,1836-0394,PUBLIC ADMINISTRATION,ESCI,116,0.8,Q4,0.23,100.00%,70/90,0.9,Q4,0.7,<0.1,75/90,Q4,17.22,0.00006,0.01475,0.165,22.8,Q4,69/87,9,100.00%,8.3,8.1,9
Canadian Journal of Nonprofit and Social Economy Research,CAN J NONPROFIT SOC,ASSOC NONPROFIT & SOCIAL ECONOMY RESEARCH-ANSER,2767-3170,1920-9355,PUBLIC ADMINISTRATION,ESCI,114,0.5,Q4,0.16,95.59%,77/90,0.6,Q4,0.4,0.2,78/90,Q4,13.89,0.00008,0.01919,0.119,15,Q4,74/87,21,95.24%,5.9,6.8,20
Chinese Public Administration Review,CHIN PUB ADM REV-US,SAGE PUBLICATIONS INC,2773-1391,2573-1483,PUBLIC ADMINISTRATION,ESCI,105,1,Q3,0.26,95.08%,64/90,0.8,Q4,0.7,0.2,73/90,Q4,19.44,0.0001,0.02238,0.138,29.4,Q4,71/87,18,77.78%,3.4,11.4,14
Croatian and Comparative Public Administration,CROAT COMP PUBLIC AD,INST PUBLIC ADM,2624-893X,1849-2150,PUBLIC ADMINISTRATION,ESCI,96,0.4,Q4,0.15,94.52%,80/90,0.3,Q4,0.4,<0.1,79/90,Q4,12.78,0.00007,0.01646,0.076,11.7,Q4,81/87,24,95.83%,,8.3,23
Central European Public Administration Review,CENT EUR PUBLIC ADM,"UNIV LJUBLJANA, FAC PUBLIC ADM",2591-2240,2591-2259,PUBLIC ADMINISTRATION,ESCI,88,1.2,Q3,0.54,54.55%,61/90,0.9,Q4,1.2,0.4,60/90,Q3,33.89,0.00007,0.01592,0.109,32.8,Q4,76/87,19,94.74%,,7.2,18
Cadernos Gestao Publica e Cidadania,CAD GEST PUBLICA CID,FUNDACAO GETULIO VARGAS ESCOLA ADM EMPRESAS SAO PAULO,2413-8851,2236-5710,PUBLIC ADMINISTRATION,ESCI,71,0.4,Q4,0.13,87.85%,80/90,0.3,Q4,0.4,0.1,81/90,Q4,10.56,0.00013,0.02998,0.13,11.7,Q4,73/87,46,97.83%,,8.2,45
Administration,ADMINSTRATION,SCIENDO,0001-8325,2449-9471,PUBLIC ADMINISTRATION,ESCI,71,0.2,Q4,0.13,100.00%,87/90,0.4,Q4,0.2,0.1,81/90,Q4,10.56,0.00009,0.02049,0.094,3.9,Q4,79/87,31,100.00%,,6.1,31
Electronic Government- an International Journal,ELECTRON GOV-INT J,INDERSCIENCE ENTERPRISES LTD,1740-7494,1740-7508,PUBLIC ADMINISTRATION,ESCI,69,0.7,Q4,0.24,2.08%,75/90,,,0.5,0.1,74/90,Q4,18.33,0.00004,0.01069,,17.2,,,34,100.00%,,8.6,34
Amme Idaresi Dergisi,AMME IDARESI DERG,ANKARA HACI BAYRAM VELI UNIV,1300-1795,1300-1795,PUBLIC ADMINISTRATION,SSCI,65,0.1,Q4,0.06,0.00%,89/90,0.1,Q4,0.1,0.1,86/90,Q4,5,0.00001,0.0043,0.026,1.7,Q4,87/87,28,100.00%,,14.6,28
Administracao Publica e Gestao Social,ADM PUBLICA GEST SOC,UNIV FEDERAL VICOSA,2509-8020,2175-5787,PUBLIC ADMINISTRATION,ESCI,62,0.1,Q4,0,13.27%,89/90,0.2,Q4,0.1,0.1,90/90,Q4,0.56,0.00005,0.01243,0.034,1.7,Q4,85/87,36,100.00%,,9.8,36
Journal of Judicial Administration,J JUDIC ADM,LAWBOOK CO LTD,1036-7918,1036-7918,PUBLIC ADMINISTRATION,ESCI,55,0.3,Q4,0.13,0.00%,85/90,0.5,Q4,0.2,0.3,81/90,Q4,10.56,0.00003,0.00813,0.096,6.1,Q4,77/87,4,100.00%,,7.5,4
Opera-Colombia,OPERA-COLOMB,"UNIV EXTERNADO COLOMBIA, DEPT PUBLICACIONES",2399-6641,2346-2159,PUBLIC ADMINISTRATION,ESCI,37,0.2,Q4,0.05,96.23%,87/90,0.2,Q4,0.2,0.2,87/90,Q4,3.89,0.00005,0.01232,0.075,3.9,Q4,83/87,17,100.00%,,7.2,17
Revista de Gestion Publica,REV GEST PUBLICA,CENTRO ESTUDIOS GESTION & POLITICA PUBLICA,0719-1820,0719-1839,PUBLIC ADMINISTRATION,ESCI,36,0.4,Q4,0.02,81.82%,80/90,0.5,Q4,0.2,<0.1,89/90,Q4,1.67,0.00002,0.00608,0.094,11.7,Q4,79/87,10,100.00%,,8.2,10
Revista Iberoamericana de Estudios Municipales,REV IBEROAM ESTUD MU,"UNIV AUTONOMA CHILE, INST CHILENO ESTUDIOS MUNICIPALES",0718-8838,0719-1790,PUBLIC ADMINISTRATION,ESCI,33,0.5,Q4,0.04,93.10%,77/90,0.4,Q4,0.4,<0.1,88/90,Q4,2.78,0.00005,0.01261,0.135,15,Q4,72/87,12,100.00%,,8,12
JOURNAL OF FINANCIAL ECONOMICS,J FINANC ECON,ELSEVIER SCIENCE SA,2227-9032,,"BUSINESS, FINANCE",SSCI,54554,12,Q1,3.17,21.72%,1/241,13.7,Q1,11.7,1.3,1/241,Q1,99.79,0.06292,14.00001,10.003,99.8,Q1,2/226,118,100.00%,13.4,9.5,118
JOURNAL OF FINANCE,J FINANC,WILEY,0022-1082,1540-6261,"BUSINESS, FINANCE",SSCI,50071,9.5,Q1,2.7,30.25%,3/241,10.3,Q1,9.2,2.2,2/241,Q1,99.38,0.04027,8.96015,13.446,99,Q1,1/226,92,100.00%,19.9,10.6,92
REVIEW OF FINANCIAL STUDIES,REV FINANC STUD,OXFORD UNIV PRESS INC,1999-4907,1465-7368,"BUSINESS, FINANCE",SSCI,29654,5.4,Q1,2.03,21.00%,25/241,10.8,Q1,5.2,1.8,10/241,Q1,96.06,0.05442,12.10875,9.981,89.8,Q1,3/226,90,100.00%,11.3,9.7,90
Finance Research Letters,FINANC RES LETT,ACADEMIC PRESS INC ELSEVIER SCIENCE,1478-4491,1544-6131,"BUSINESS, FINANCE",SSCI,28265,6.9,Q1,2.13,11.31%,12/241,7.2,Q1,5.8,1.2,8/241,Q1,96.89,0.02845,6.3302,1.076,95.2,Q1,47/226,1615,99.75%,2.5,4.4,1611
JOURNAL OF BANKING & FINANCE,J BANK FINANC,ELSEVIER,1471-2288,1872-6372,"BUSINESS, FINANCE",SSCI,23919,3.8,Q1,1.15,23.40%,48/241,4.8,Q1,3.7,0.7,35/241,Q1,85.68,0.01259,2.80128,1.462,80.3,Q1,32/226,178,99.44%,11.1,11.9,177
ACCOUNTING REVIEW,ACCOUNT REV,AMER ACCOUNTING ASSOC,2227-9032,1558-7967,"BUSINESS, FINANCE",SSCI,20367,4.4,Q1,1.23,0.00%,34/241,6.2,Q1,4.2,1.1,31/241,Q1,87.34,0.01532,3.40886,3.584,86.1,Q1,12/226,92,96.74%,12.9,12.3,89
JOURNAL OF CORPORATE FINANCE,J CORP FINANC,ELSEVIER,1477-7525,1872-6313,"BUSINESS, FINANCE",SSCI,19559,5.9,Q1,1.78,21.95%,19/241,9.4,Q1,5.8,0.9,16/241,Q1,93.57,0.017,3.78361,2.347,92.3,Q1,17/226,134,99.25%,6.7,11.5,133
International Review of Financial Analysis,INT REV FINANC ANAL,ELSEVIER SCIENCE INC,1057-5219,1873-8079,"BUSINESS, FINANCE",SSCI,19032,9.8,Q1,2.56,18.10%,2/241,9.8,Q1,8.6,1.6,3/241,Q1,98.96,0.01843,4.10085,1.573,99.4,Q1,27/226,731,98.77%,2.9,7.4,722
JOURNAL OF ACCOUNTING & ECONOMICS,J ACCOUNT ECON,ELSEVIER,0165-4101,1879-1980,"BUSINESS, FINANCE",SSCI,16521,6.8,Q1,1.85,15.75%,14/241,9.3,Q1,6.5,2.4,15/241,Q1,93.98,0.01071,2.38491,6.165,94.4,Q1,4/226,52,98.08%,14.9,11.5,51
JOURNAL OF ACCOUNTING RESEARCH,J ACCOUNT RES,WILEY,0021-8456,1475-679X,"BUSINESS, FINANCE",SSCI,12560,6.3,Q1,1.57,39.69%,15/241,7.3,Q1,5.6,2.3,22/241,Q1,91.08,0.00883,1.96608,5.563,94,Q1,6/226,50,100.00%,16.2,8.9,50
JOURNAL OF MONETARY ECONOMICS,J MONETARY ECON,ELSEVIER,2073-445X,1873-1295,"BUSINESS, FINANCE",SSCI,11043,4.1,Q1,1.25,25.97%,40/241,5.1,Q1,3.9,1.2,28/241,Q1,88.59,0.01857,4.13186,5.305,83.6,Q1,8/226,83,100.00%,15.9,7.3,83
International Review of Economics & Finance,INT REV ECON FINANC,ELSEVIER,1542-4278,1873-8036,"BUSINESS, FINANCE",SSCI,10982,5.6,Q1,1.72,14.04%,22/241,5.5,Q1,5.1,1.4,17/241,Q1,93.15,0.00956,2.12749,0.881,91.1,Q2,63/226,744,99.60%,3.3,7,741
JOURNAL OF FINANCIAL AND QUANTITATIVE ANALYSIS,J FINANC QUANT ANAL,CAMBRIDGE UNIV PRESS,1520-6688,1756-6916,"BUSINESS, FINANCE",SSCI,10492,2.8,Q2,0.94,25.90%,67/241,4.4,Q1,2.8,1.6,51/241,Q1,79.05,0.01313,2.92203,2.841,72.4,Q1,14/226,47,100.00%,10.9,12.2,47
Research in International Business and Finance,RES INT BUS FINANC,ELSEVIER,0275-5319,1878-3384,"BUSINESS, FINANCE",SSCI,10182,6.9,Q1,1.91,21.20%,12/241,6.6,Q1,5.8,1.7,14/241,Q1,94.4,0.00838,1.86612,0.974,95.2,Q1,52/226,436,98.85%,3.4,6.4,431
CONTEMPORARY ACCOUNTING RESEARCH,CONTEMP ACCOUNT RES,WILEY,2193-7532,1911-3846,"BUSINESS, FINANCE",SSCI,8909,3.8,Q1,1.03,41.43%,48/241,5.6,Q1,3.7,0.6,45/241,Q1,81.54,0.00853,1.89941,2.374,80.3,Q1,16/226,83,100.00%,9.7,12.4,83
ACCOUNTING ORGANIZATIONS AND SOCIETY,ACCOUNT ORG SOC,PERGAMON-ELSEVIER SCIENCE LTD,1477-7525,1873-6289,"BUSINESS, FINANCE",SSCI,8384,4,Q1,1.09,25.23%,41/241,5.2,Q1,3.7,1,41/241,Q1,83.2,0.00279,0.62131,1.963,83.2,Q1,20/226,45,100.00%,16.2,12,45
Accounting Auditing & Accountability Journal,ACCOUNT AUDIT ACCOUN,EMERALD GROUP PUBLISHING LTD,2214-594X,1758-4205,"BUSINESS, FINANCE",SSCI,8043,3.4,Q1,1.06,22.31%,57/241,5.7,Q1,3,0.6,42/241,Q1,82.78,0.00455,1.01404,1.151,76.6,Q1,42/226,74,98.65%,8.3,10.6,73
Pacific-Basin Finance Journal,PAC-BASIN FINANC J,ELSEVIER,2624-893X,1879-0585,"BUSINESS, FINANCE",SSCI,7415,5.3,Q1,1.48,8.43%,26/241,5.1,Q1,4.8,1,23/241,Q1,90.66,0.00614,1.36618,0.809,89.4,Q2,71/226,341,99.71%,3.9,9.5,340
JOURNAL OF INTERNATIONAL MONEY AND FINANCE,J INT MONEY FINANC,ELSEVIER SCI LTD,0261-5606,1873-0639,"BUSINESS, FINANCE",SSCI,6962,3.3,Q1,0.82,21.97%,60/241,3.2,Q2,3,0.6,64/241,Q2,73.65,0.00486,1.08183,0.867,75.3,Q2,65/226,167,100.00%,8.3,9,167
REVIEW OF ACCOUNTING STUDIES,REV ACCOUNT STUD,SPRINGER,1380-6653,1573-7136,"BUSINESS, FINANCE",SSCI,6436,5.8,Q1,1.33,40.48%,20/241,7,Q1,5.7,0.8,27/241,Q1,89,0.00853,1.89968,3.355,91.9,Q1,13/226,51,100.00%,7.9,10.9,51
JOURNAL OF MONEY CREDIT AND BANKING,J MONEY CREDIT BANK,WILEY,0022-2879,1538-4616,"BUSINESS, FINANCE",SSCI,5856,1.6,Q3,0.41,29.50%,133/241,2.1,Q2,1.5,0.4,145/241,Q3,40.04,0.00595,1.32538,1.577,45,Q1,25/226,95,100.00%,14.9,11.1,95
Journal of International Financial Markets Institutions & Money,J INT FINANC MARK I,ELSEVIER,1042-4431,1873-0612,"BUSINESS, FINANCE",SSCI,5789,6.1,Q1,1.7,28.81%,16/241,5.6,Q1,5.7,2.1,18/241,Q1,92.74,0.00449,0.99927,0.952,93.6,Q1,54/226,134,99.25%,3.9,8.2,133
CORPORATE GOVERNANCE-AN INTERNATIONAL REVIEW,CORP GOV-OXFORD,WILEY,2035-5556,1467-8683,"BUSINESS, FINANCE",SSCI,5275,5.5,Q1,0.96,39.16%,23/241,6.6,Q1,4.8,0.9,48/241,Q1,80.29,0.00193,0.43144,1.341,90.7,Q1,37/226,56,91.07%,12,10.8,51
WORLD ECONOMY,WORLD ECON,WILEY,1478-4491,1467-9701,"BUSINESS, FINANCE",SSCI,4848,2.4,Q2,0.8,32.20%,83/241,2.6,Q2,2.3,0.4,68/241,Q2,71.99,0.00388,0.86525,0.639,65.8,Q2,87/226,101,96.04%,7.4,9.8,97
Review of Finance,REV FINANC,OXFORD UNIV PRESS,2413-8851,1573-692X,"BUSINESS, FINANCE",SSCI,4778,8.4,Q1,2.02,31.01%,6/241,7.8,Q1,8.4,0.5,11/241,Q1,95.64,0.01072,2.3866,5.408,97.7,Q1,7/226,46,100.00%,7.2,12.1,46
North American Journal of Economics and Finance,N AM J ECON FINANC,ELSEVIER SCIENCE INC,1062-9408,1879-0860,"BUSINESS, FINANCE",SSCI,4765,3.9,Q1,1.22,10.62%,46/241,3.7,Q2,3.4,0.7,32/241,Q1,86.93,0.00484,1.07696,0.601,81.1,Q2,96/226,222,98.65%,3.9,6.9,219
INTERNATIONAL JOURNAL OF FINANCE & ECONOMICS,INT J FINANC ECON,WILEY,1076-9307,1099-1158,"BUSINESS, FINANCE",SSCI,4532,2.8,Q2,0.82,31.33%,67/241,3.1,Q2,2.6,0.6,64/241,Q2,73.65,0.00484,1.07743,0.49,72.4,Q3,116/226,174,100.00%,4.2,8.1,174
Accounting and Finance,ACCOUNT FINANC,WILEY,0810-5391,1467-629X,"BUSINESS, FINANCE",SSCI,4507,2.6,Q2,0.67,34.14%,74/241,3.5,Q2,2.4,0.2,84/241,Q2,65.35,0.00568,1.26583,0.854,69.5,Q2,66/226,165,100.00%,4.7,10.7,165
Journal of Financial Stability,J FINANC STABIL,ELSEVIER SCIENCE INC,1572-3089,1878-0962,"BUSINESS, FINANCE",SSCI,4488,4.2,Q1,1.59,19.05%,38/241,6,Q1,3.8,1.2,21/241,Q1,91.49,0.00372,0.828,1.423,84.4,Q1,33/226,119,100.00%,6.3,9.2,119
Critical Perspectives on Accounting,CRIT PERSPECT ACCOUN,ELSEVIER,2056-6085,1095-9955,"BUSINESS, FINANCE",SSCI,4456,5.7,Q1,1.98,50.50%,21/241,6.6,Q1,4.3,1.7,12/241,Q1,95.23,0.00268,0.59631,1.514,91.5,Q1,31/226,87,98.85%,9.1,11.6,86
British Accounting Review,BRIT ACCOUNT REV,ELSEVIER SCI LTD,2673-2726,1095-8347,"BUSINESS, FINANCE",SSCI,4444,9.4,Q1,1.95,43.50%,4/241,8.5,Q1,8.6,2.4,13/241,Q1,94.81,0.00225,0.50147,1.517,98.5,Q1,30/226,100,99.00%,6.7,10.9,99
JOURNAL OF ACCOUNTING AND PUBLIC POLICY,J ACCOUNT PUBLIC POL,ELSEVIER SCIENCE INC,0278-4254,1873-2070,"BUSINESS, FINANCE",SSCI,3943,2.2,Q2,0.89,13.79%,93/241,3.6,Q2,2.1,0.3,56/241,Q1,76.97,0.00192,0.42839,0.93,61.6,Q2,59/226,50,100.00%,11.3,12.1,50
Journal of Empirical Finance,J EMPIR FINANC,ELSEVIER,1179-1594,1879-1727,"BUSINESS, FINANCE",SSCI,3931,2.4,Q2,0.76,21.20%,83/241,3.3,Q2,2.3,0.4,73/241,Q2,69.92,0.00281,0.62686,0.966,65.8,Q1,53/226,79,100.00%,9.1,12.9,79
QUANTITATIVE FINANCE,QUANT FINANC,"ROUTLEDGE JOURNALS, TAYLOR & FRANCIS LTD",2624-9634,1469-7696,"BUSINESS, FINANCE",SSCI,3747,1.4,Q3,0.44,23.89%,148/241,2.1,Q2,1.2,0.4,141/241,Q3,41.7,0.00395,0.88056,0.847,38.8,Q2,68/226,99,100.00%,8.4,12.1,99
Journal of Business Finance & Accounting,J BUS FINAN ACCOUNT,WILEY,2322-5939,1468-5957,"BUSINESS, FINANCE",SSCI,3739,2.4,Q2,0.64,32.38%,83/241,3.6,Q2,2,0.3,90/241,Q2,62.86,0.00193,0.43058,0.747,65.8,Q2,75/226,61,100.00%,9.7,12.7,61
AUDITING-A JOURNAL OF PRACTICE & THEORY,AUDITING-J PRACT TH,AMER ACCOUNTING ASSOC,0278-0380,1558-7991,"BUSINESS, FINANCE",SSCI,3732,2.8,Q2,0.82,0.00%,67/241,3.9,Q1,2.5,0.7,64/241,Q2,73.65,0.00185,0.41234,1.348,72.4,Q1,36/226,29,100.00%,11.4,11.8,29
FINANCIAL MANAGEMENT,FINANC MANAGE,WILEY,2300-1682,1755-053X,"BUSINESS, FINANCE",SSCI,3636,6,Q1,1.24,34.62%,17/241,4.8,Q1,5.5,0.5,30/241,Q1,87.76,0.00278,0.62035,2.1,93.2,Q1,19/226,40,100.00%,13.7,11.8,40
Financial Innovation,FINANC INNOV,SPRINGER,2297-900X,2199-4730,"BUSINESS, FINANCE",SSCI,3429,7.2,Q1,2.48,100.00%,9/241,7.5,Q1,6.3,1.8,4/241,Q1,98.55,0.0031,0.69102,1.077,96.5,Q1,45/226,143,94.41%,3,5.5,135
Journal of Behavioral and Experimental Finance,J BEHAV EXP FINANC,ELSEVIER,2561-326X,2214-6369,"BUSINESS, FINANCE",SSCI,3296,4.7,Q1,1.21,34.06%,29/241,5,Q1,4.4,0.7,33/241,Q1,86.51,0.00336,0.74785,0.998,88.2,Q1,51/226,99,100.00%,4.4,9.3,99
Emerging Markets Review,EMERG MARK REV,ELSEVIER,2666-7193,1873-6173,"BUSINESS, FINANCE",SSCI,3273,4.6,Q1,1.67,13.55%,31/241,5.1,Q1,4.3,0.9,19/241,Q1,92.32,0.00252,0.56221,0.908,87.3,Q2,61/226,98,98.98%,5.1,9.2,97
European Accounting Review,EUR ACCOUNT REV,"ROUTLEDGE JOURNALS, TAYLOR & FRANCIS LTD",0963-8180,1468-4497,"BUSINESS, FINANCE",SSCI,3236,2.7,Q2,0.65,31.76%,72/241,4.3,Q1,2.6,0.3,89/241,Q2,63.28,0.00262,0.5836,1.152,70.3,Q1,41/226,51,98.04%,8.3,11.4,50
JOURNAL OF FINANCIAL INTERMEDIATION,J FINANC INTERMED,ACADEMIC PRESS INC ELSEVIER SCIENCE,1042-9573,1096-0473,"BUSINESS, FINANCE",SSCI,3196,3.7,Q1,0.94,19.00%,51/241,4.6,Q1,3.4,0.4,51/241,Q1,79.05,0.00345,0.76883,2.803,79,Q1,15/226,28,92.86%,11.2,12,26
WORLD BANK ECONOMIC REVIEW,WORLD BANK ECON REV,OXFORD UNIV PRESS,0258-6770,1564-698X,"BUSINESS, FINANCE",SSCI,3177,1.8,Q3,0.68,27.07%,121/241,3.2,Q2,1.7,0.3,81/241,Q2,66.6,0.00346,0.77041,1.889,50,Q1,21/226,61,100.00%,13.8,9,61
Accounting Horizons,ACCOUNT HORIZ,AMER ACCOUNTING ASSOC,0888-7993,1558-7975,"BUSINESS, FINANCE",SSCI,3151,2.2,Q2,0.67,0.00%,93/241,3.2,Q2,2.1,1.3,84/241,Q2,65.35,0.00158,0.35209,1.022,61.6,Q1,50/226,39,100.00%,11.9,10.3,39
FINANCIAL ANALYSTS JOURNAL,FINANC ANAL J,"ROUTLEDGE JOURNALS, TAYLOR & FRANCIS LTD",0015-198X,1938-3312,"BUSINESS, FINANCE",SSCI,3114,2.2,Q2,0.83,31.33%,93/241,3.9,Q1,2.1,0.4,63/241,Q2,74.07,0.00172,0.38404,1.538,61.6,Q1,28/226,20,100.00%,18.7,9.7,20
Borsa Istanbul Review,BORSA ISTANB REV,ELSEVIER,2393-6401,2214-8469,"BUSINESS, FINANCE",SSCI,2947,7.1,Q1,2.15,99.71%,11/241,6.3,Q1,6.7,1.8,7/241,Q1,97.3,0.00228,0.50767,0.834,95.6,Q2,70/226,124,94.35%,2.7,7.8,117
Sustainability Accounting Management and Policy Journal,SUSTAIN ACCOUNT MANA,EMERALD GROUP PUBLISHING LTD,2351-9894,2040-803X,"BUSINESS, FINANCE",SSCI,2906,7.2,Q1,1.38,14.59%,9/241,7.4,Q1,6.4,1.2,25/241,Q1,89.83,0.00228,0.50762,1.077,96.5,Q1,45/226,75,96.00%,4.4,6,72
JOURNAL OF RISK AND UNCERTAINTY,J RISK UNCERTAINTY,SPRINGER,2666-6065,1573-0476,"BUSINESS, FINANCE",SSCI,2882,2.3,Q2,0.55,56.58%,87/241,2.8,Q2,2,0.6,112/241,Q2,53.73,0.00149,0.33325,1.606,64.1,Q1,24/226,27,88.89%,22.8,13,24
Managerial Auditing Journal,MANAG AUDIT J,EMERALD GROUP PUBLISHING LTD,0268-6902,1758-7735,"BUSINESS, FINANCE",SSCI,2543,2.8,Q2,0.7,2.44%,67/241,3.5,Q2,2.5,0.5,77/241,Q2,68.26,0.00089,0.19872,0.477,72.4,Q3,119/226,37,100.00%,9,11.4,37
European Journal of Finance,EUR J FINANC,"ROUTLEDGE JOURNALS, TAYLOR & FRANCIS LTD",1351-847X,1466-4364,"BUSINESS, FINANCE",SSCI,2525,2.3,Q2,0.57,35.05%,87/241,3,Q2,2.1,0.4,106/241,Q2,56.22,0.00233,0.52022,0.591,64.1,Q2,97/226,67,100.00%,4.8,10.5,67
JOURNAL OF PORTFOLIO MANAGEMENT,J PORTFOLIO MANAGE,PAGEANT MEDIA LTD,2664-3731,2168-8656,"BUSINESS, FINANCE",SSCI,2488,0.6,Q4,0.27,0.00%,192/241,1.4,Q3,0.4,0.4,179/241,Q3,25.93,0.00158,0.35342,0.393,20.5,Q3,128/226,111,99.10%,13.5,10.4,110
Global Finance Journal,GLOB FINANC J,ELSEVIER,1178-203X,1873-5665,"BUSINESS, FINANCE",SSCI,2477,5.5,Q1,1.65,14.80%,23/241,4.8,Q1,5.1,1.4,20/241,Q1,91.91,0.00215,0.47965,0.802,90.7,Q2,72/226,98,100.00%,3,7,98
Journal of Sustainable Finance & Investment,J SUSTAIN FINANC INV,"ROUTLEDGE JOURNALS, TAYLOR & FRANCIS LTD",1424-2818,2043-0809,"BUSINESS, FINANCE",ESCI,2442,4.3,Q1,0.85,21.43%,36/241,5.9,Q1,4.1,0.7,60/241,Q1,75.31,0.00217,0.48349,0.951,85.3,Q1,55/226,41,100.00%,4.4,5.6,41
MATHEMATICAL FINANCE,MATH FINANC,WILEY,1179-1594,1467-9965,"BUSINESS, FINANCE",SSCI,2414,2.4,Q2,0.73,44.33%,83/241,2.4,Q2,2.4,0.4,75/241,Q2,69.09,0.00266,0.59257,1.575,65.8,Q1,26/226,21,100.00%,17.8,9.7,21
Review of Quantitative Finance and Accounting,REV QUANT FINANC ACC,SPRINGER,0924-865X,1573-7179,"BUSINESS, FINANCE",ESCI,2400,2.1,Q2,0.57,29.82%,105/241,2.2,Q2,1.6,0.5,106/241,Q2,56.22,0.00153,0.34131,0.373,56.6,Q3,133/226,141,100.00%,6,11.9,141
PUBLIC MONEY & MANAGEMENT,PUBLIC MONEY MANAGE,"ROUTLEDGE JOURNALS, TAYLOR & FRANCIS LTD",2662-2211,1467-9302,"BUSINESS, FINANCE",SSCI,2399,2.1,Q2,0.74,38.02%,105/241,2.7,Q2,1.5,0.8,74/241,Q2,69.5,0.00229,0.51087,0.613,56.6,Q2,93/226,107,100.00%,5.3,6.9,107
JOURNAL OF FINANCIAL MARKETS,J FINANC MARK,ELSEVIER,2322-5939,1878-576X,"BUSINESS, FINANCE",SSCI,2380,2.1,Q2,0.66,18.12%,105/241,2.8,Q2,2.1,0.7,88/241,Q2,63.69,0.00232,0.51657,1.354,56.6,Q1,35/226,31,100.00%,11.7,12.9,31
Meditari Accountancy Research,MEDITARI ACCOUNT RES,EMERALD GROUP PUBLISHING LTD,2049-372X,2049-3738,"BUSINESS, FINANCE",ESCI,2366,4.4,Q1,0.99,14.80%,34/241,4.9,Q1,3.7,0.9,47/241,Q1,80.71,0.00198,0.4427,0.707,86.1,Q2,78/226,75,96.00%,4.2,7.9,72
Management Accounting Research,MANAGE ACCOUNT RES,ELSEVIER,2148-9386,1096-1224,"BUSINESS, FINANCE",SSCI,2344,4,Q1,0.92,37.78%,41/241,4.9,Q1,3.6,1.2,54/241,Q1,77.8,0.00074,0.16557,1.207,83.2,Q1,40/226,15,100.00%,12.2,12.9,15
European Financial Management,EUR FINANC MANAG,WILEY,2052-3211,1468-036X,"BUSINESS, FINANCE",SSCI,2253,3.1,Q2,0.73,42.60%,63/241,3.2,Q2,2.8,0.4,75/241,Q2,69.09,0.00164,0.36645,0.761,74.1,Q2,73/226,54,100.00%,8.9,9.7,54
JOURNAL OF FUTURES MARKETS,J FUTURES MARKETS,WILEY,0270-7314,1096-9934,"BUSINESS, FINANCE",SSCI,2239,2.3,Q2,0.6,20.75%,87/241,2.1,Q2,2,0.4,99/241,Q2,59.13,0.00155,0.34491,0.449,64.1,Q3,121/226,66,100.00%,7.6,8.5,66
Management Review Quarterly,MANAG REV Q,SPRINGERNATURE,2632-3249,2198-1639,"BUSINESS, FINANCE",ESCI,2206,9,Q1,2.4,49.42%,5/241,,,7.7,2.8,6/241,Q1,97.72,0.002,0.44644,,98.1,,,163,100.00%,2.5,7.5,163
ACCOUNTING AND BUSINESS RESEARCH,ACCOUNT BUS RES,"ROUTLEDGE JOURNALS, TAYLOR & FRANCIS LTD",2624-9553,2159-4260,"BUSINESS, FINANCE",SSCI,2199,1.4,Q3,0.51,35.87%,148/241,2.6,Q2,1.3,0.4,126/241,Q3,47.93,0.00102,0.22753,0.688,38.8,Q2,81/226,28,100.00%,10.7,13.5,28
JOURNAL OF REAL ESTATE FINANCE AND ECONOMICS,J REAL ESTATE FINANC,SPRINGER,0895-5638,1573-045X,"BUSINESS, FINANCE",SSCI,2108,1.8,Q3,0.54,28.93%,121/241,1.9,Q3,1.5,0.5,120/241,Q2,50.41,0.00129,0.28742,0.505,50,Q2,113/226,28,100.00%,12,10.5,28
MANAGERIAL FINANCE,MANAG FINANC,EMERALD GROUP PUBLISHING LTD,2673-253X,1758-7743,"BUSINESS, FINANCE",ESCI,2084,2.2,Q2,0.56,2.48%,93/241,2.1,Q2,2,0.2,109/241,Q2,54.98,0.00117,0.26227,0.29,61.6,Q3,160/226,113,98.23%,5.6,9.3,111
JOURNAL OF RISK AND INSURANCE,J RISK INSUR,WILEY,0022-4367,1539-6975,"BUSINESS, FINANCE",SSCI,2058,1.7,Q3,0.62,38.04%,130/241,2,Q3,1.4,1.1,94/241,Q2,61.2,0.00098,0.21829,0.66,46.3,Q2,82/226,27,100.00%,13.8,9.6,27
JOURNAL OF FINANCIAL RESEARCH,J FINANC RES-US,WILEY,0270-2592,1475-6803,"BUSINESS, FINANCE",SSCI,2052,2.1,Q2,0.27,30.91%,105/241,3.6,Q2,2,0.1,179/241,Q3,25.93,0.00122,0.27218,0.875,56.6,Q2,64/226,74,100.00%,9.3,14.1,74
JOURNAL OF INDUSTRIAL ECONOMICS,J IND ECON,WILEY,2214-7829,1467-6451,"BUSINESS, FINANCE",SSCI,1965,1,Q3,0.34,45.69%,173/241,,,1,0.5,163/241,Q3,32.57,0.00131,0.29179,,28.4,,,20,100.00%,21.4,10.3,20
Journal of Financial Econometrics,J FINANC ECONOMET,OXFORD UNIV PRESS,1479-8409,1479-8417,"BUSINESS, FINANCE",SSCI,1922,2.2,Q2,0.6,26.02%,93/241,2.9,Q2,2,<0.1,99/241,Q2,59.13,0.00253,0.56388,1.645,61.6,Q1,23/226,30,100.00%,8.4,12.7,30
Risks,RISKS,MDPI,2227-9091,2227-9091,"BUSINESS, FINANCE",ESCI,1890,1.5,Q3,0.54,100.00%,138/241,1.7,Q3,1.4,0.3,120/241,Q2,50.41,0.00226,0.50348,0.308,42.9,Q3,153/226,203,96.06%,3.4,7.3,195
Journal of Financial Reporting and Accounting,J FINANC REPORT ACCO,EMERALD GROUP PUBLISHING LTD,2214-7160,2042-5856,"BUSINESS, FINANCE",ESCI,1886,4.2,Q1,1.05,1.26%,38/241,4.1,Q1,3.2,1,44/241,Q1,81.95,0.0011,0.24667,0.382,84.4,Q3,131/226,120,98.33%,3,6,118
Annual Review of Financial Economics,ANNU REV FINANC ECON,ANNUAL REVIEWS,1941-1367,1941-1375,"BUSINESS, FINANCE",SSCI,1746,5.2,Q1,1.15,38.16%,27/241,6.5,Q1,5.1,0.2,35/241,Q1,85.68,0.00462,1.02976,5.857,89,Q1,5/226,21,47.62%,7.5,7.9,10
Accounting Forum,ACCOUNT FORUM,TAYLOR & FRANCIS LTD,0155-9982,1467-6303,"BUSINESS, FINANCE",SSCI,1720,3.4,Q1,0.78,52.75%,57/241,4,Q1,2.9,0.9,71/241,Q2,70.75,0.00074,0.16495,0.745,76.6,Q2,76/226,31,93.55%,9.5,10.5,29
Journal of Islamic Accounting and Business Research,J ISLAMIC ACCOUNT BU,EMERALD GROUP PUBLISHING LTD,1759-0817,1759-0825,"BUSINESS, FINANCE",ESCI,1705,2.8,Q2,0.69,1.12%,67/241,2.7,Q2,2.3,0.4,78/241,Q2,67.84,0.0009,0.20232,0.24,72.4,Q4,175/226,118,98.31%,3.7,7.4,116
Journal of Applied Accounting Research,J APPL ACCOUNT RES,EMERALD GROUP PUBLISHING LTD,2767-3812,1758-8855,"BUSINESS, FINANCE",ESCI,1683,3.7,Q1,1.01,13.33%,51/241,4.4,Q1,3.3,0.5,46/241,Q1,81.12,0.00118,0.26344,0.59,79,Q2,98/226,36,100.00%,4.2,9.5,36
NATIONAL TAX JOURNAL,NATL TAX J,UNIV CHICAGO PRESS,0028-0283,1944-7477,"BUSINESS, FINANCE",SSCI,1645,1.3,Q3,0.41,1.05%,160/241,1.6,Q3,1.2,0.1,145/241,Q3,40.04,0.00204,0.45575,1.534,33.8,Q1,29/226,31,100.00%,18,6.8,31
Accounting Education,ACCOUNT EDUC,"ROUTLEDGE JOURNALS, TAYLOR & FRANCIS LTD",1477-8947,1468-4489,"BUSINESS, FINANCE",ESCI,1614,2.3,Q2,0.69,29.27%,87/241,3.7,Q2,1.6,0.3,78/241,Q2,67.84,0.00067,0.14983,0.484,64.1,Q3,118/226,42,100.00%,7.9,9.5,42
FINANCIAL REVIEW,FINANC REV,WILEY,2767-3170,1540-6288,"BUSINESS, FINANCE",ESCI,1521,1.9,Q2,0.43,27.50%,117/241,2.1,Q2,1.5,0.4,142/241,Q3,41.29,0.00076,0.17048,0.557,51.7,Q2,104/226,44,100.00%,14.2,11.6,44
International Journal of Islamic and Middle Eastern Finance and Management,INT J ISLAMIC MIDDLE,EMERALD GROUP PUBLISHING LTD,2773-1391,1753-8408,"BUSINESS, FINANCE",SSCI,1507,2.2,Q2,0.67,1.79%,93/241,3,Q2,1.9,0.5,84/241,Q2,65.35,0.00069,0.15412,0.314,61.6,Q3,150/226,76,97.37%,5.1,6.8,74
Strategic Change-Briefings in Entrepreneurial Finance,STRATEG CHANG,JOHN WILEY & SONS LTD,2624-893X,1099-1697,"BUSINESS, FINANCE",ESCI,1501,4,Q1,1.11,29.55%,41/241,3.6,Q2,2.9,0.4,40/241,Q1,83.61,0.00101,0.22495,0.533,83.2,Q2,107/226,56,89.29%,4.7,7.3,50
REAL ESTATE ECONOMICS,REAL ESTATE ECON,WILEY,1080-8620,1540-6229,"BUSINESS, FINANCE",SSCI,1479,2,Q2,0.6,34.33%,110/241,2.1,Q2,1.7,0.4,99/241,Q2,59.13,0.00184,0.41046,0.949,54.6,Q1,56/226,45,100.00%,10.9,8.4,45
JOURNAL OF ECONOMICS AND BUSINESS,J ECON BUS,ELSEVIER SCIENCE INC,2413-8851,0148-6195,"BUSINESS, FINANCE",ESCI,1453,3.4,Q1,1.06,29.11%,57/241,3.2,Q2,3.3,0.6,42/241,Q1,82.78,0.0007,0.15589,0.624,76.6,Q2,91/226,27,100.00%,7.6,11.5,27
Journal of Accounting Auditing and Finance,J ACCOUNT AUDIT FINA,SAGE PUBLICATIONS INC,0148-558X,2160-4061,"BUSINESS, FINANCE",ESCI,1453,1.3,Q3,0.29,9.35%,160/241,1.9,Q3,1.2,0.1,173/241,Q3,28.42,0.00102,0.22802,0.513,33.8,Q2,111/226,31,100.00%,9.7,12.9,31
Journal of Multinational Financial Management,J MULTINATL FINANC M,ELSEVIER,1042-444X,1873-1309,"BUSINESS, FINANCE",SSCI,1448,4,Q1,1.14,12.33%,41/241,4.9,Q1,3.8,0.9,37/241,Q1,84.85,0.00093,0.2077,0.85,83.2,Q2,67/226,19,100.00%,6.3,7.5,19
International Journal of Financial Studies,INT J FINANC STUD,MDPI,2227-7072,2227-7072,"BUSINESS, FINANCE",ESCI,1438,2.2,Q2,0.62,100.00%,93/241,2.3,Q2,2.1,0.4,94/241,Q2,61.2,0.00121,0.2703,0.319,61.6,Q3,149/226,131,98.47%,3.4,7.7,129
International Journal of Accounting Information Systems,INT J ACCOUNT INF SY,ELSEVIER,2509-8020,1873-4723,"BUSINESS, FINANCE",SSCI,1414,6,Q1,1.19,32.10%,17/241,6.3,Q1,5.6,0.5,34/241,Q1,86.1,0.00092,0.20529,1.091,93.2,Q1,44/226,27,96.30%,6.2,6.9,26
FINANCE AND STOCHASTICS,FINANC STOCH,SPRINGER HEIDELBERG,0949-2984,1432-1122,"BUSINESS, FINANCE",SSCI,1310,1.4,Q3,0.49,48.86%,148/241,1.8,Q3,1.3,0.4,128/241,Q3,47.1,0.00149,0.33351,1.317,38.8,Q1,38/226,29,100.00%,13.3,13.6,29
IMF Economic Review,IMF ECON REV,PALGRAVE MACMILLAN LTD,2399-6641,2041-417X,"BUSINESS, FINANCE",SSCI,1301,2.2,Q2,0.8,0.00%,93/241,3.7,Q2,2.2,0.4,68/241,Q2,71.99,0.00246,0.54742,2.177,61.6,Q1,18/226,42,100.00%,7.1,9,42
Journal of Applied Corporate Finance,J APPL CORP FINANC,WILEY,1078-1196,1745-6622,"BUSINESS, FINANCE",ESCI,1278,1.4,Q3,0.38,23.76%,148/241,1.8,Q3,1.4,<0.1,154/241,Q3,36.31,0.00077,0.17178,0.561,38.8,Q2,103/226,33,100.00%,11.3,33,33
Journal of International Accounting Auditing and Taxation,J INT ACCOUNT AUDIT,ELSEVIER,1061-9518,1879-1603,"BUSINESS, FINANCE",ESCI,1271,3.7,Q1,0.93,35.09%,51/241,4.3,Q1,2.9,0.8,53/241,Q1,78.22,0.00065,0.14541,0.541,79,Q2,105/226,42,95.24%,5.6,10.7,40
Abacus-A Journal of Accounting Finance and Business Studies,ABACUS,WILEY,2624-9634,1467-6281,"BUSINESS, FINANCE",SSCI,1266,2.3,Q2,0.59,40.22%,87/241,2.9,Q2,2.3,0.4,104/241,Q2,57.05,0.00067,0.15109,0.632,64.1,Q2,90/226,40,100.00%,9.1,11.8,40
JOURNAL OF FINANCIAL SERVICES RESEARCH,J FINANC SERV RES,SPRINGER,2188-5729,1573-0735,"BUSINESS, FINANCE",SSCI,1262,2,Q2,0.55,29.69%,110/241,1.9,Q3,1.9,0.6,112/241,Q2,53.73,0.00058,0.13079,0.581,54.6,Q2,100/226,16,100.00%,12.9,10.2,16
International Journal of Accounting,INT J ACCOUNT,WORLD SCIENTIFIC PUBL CO PTE LTD,2575-8314,2213-3933,"BUSINESS, FINANCE",ESCI,1211,1.8,Q3,0.41,3.57%,121/241,2.4,Q2,1.7,0.2,145/241,Q3,40.04,0.00028,0.06415,0.384,50,Q3,130/226,18,100.00%,12.2,10.9,18
International Journal of Central Banking,INT J CENT BANK,ASSOC INTERNATIONAL JOURNAL CENTRAL BANKING,1365-2907,1815-7556,"BUSINESS, FINANCE",SSCI,1211,1.5,Q3,0.33,0.00%,138/241,1.7,Q3,1.5,0.3,166/241,Q3,31.33,0.002,0.44648,1.239,42.9,Q1,39/226,32,96.88%,9.3,7.9,31
Australian Accounting Review,AUST ACCOUNT REV,WILEY,2213-5383,1835-2561,"BUSINESS, FINANCE",SSCI,1182,3.3,Q1,0.84,55.00%,60/241,3.3,Q2,3.2,1.1,61/241,Q2,74.9,0.00067,0.14982,0.609,75.3,Q2,94/226,19,100.00%,7.1,13.2,19
Financial Accountability & Management,FINANC ACCOUNT MANAG,WILEY,0267-4424,1468-0408,"BUSINESS, FINANCE",ESCI,1137,2.6,Q2,0.69,68.24%,74/241,3.1,Q2,2.2,0.4,78/241,Q2,67.84,0.0008,0.17937,0.646,69.5,Q2,85/226,36,94.44%,7,8.4,34
INTERNATIONAL JOURNAL OF AUDITING,INT J AUDIT,WILEY,1090-6738,1099-1123,"BUSINESS, FINANCE",SSCI,1133,1.4,Q3,0.45,38.30%,148/241,2.6,Q2,1.2,0.3,138/241,Q3,42.95,0.00052,0.11629,0.411,38.8,Q3,127/226,26,100.00%,7.7,9.1,26
Journal of Contemporary Accounting & Economics,J CONTEMP ACCOUNT EC,ELSEVIER SCI LTD,2572-3170,1815-5669,"BUSINESS, FINANCE",SSCI,1130,2.9,Q2,0.87,13.41%,66/241,3.9,Q1,2.8,1,59/241,Q1,75.73,0.00066,0.148,0.633,72.8,Q2,89/226,33,100.00%,6.1,12,33
Journal of Accounting Literature,J ACCOUNT LIT,EMERALD GROUP PUBLISHING LTD,2574-2531,2452-1469,"BUSINESS, FINANCE",ESCI,1114,2.6,Q2,0.56,6.49%,74/241,3.3,Q2,1.9,1.1,109/241,Q2,54.98,0.00038,0.08512,0.57,69.5,Q2,101/226,82,98.78%,8.4,8.9,81
International Journal of Managerial Finance,INT J MANAG FINANC,EMERALD GROUP PUBLISHING LTD,2661-8001,1758-6569,"BUSINESS, FINANCE",ESCI,1107,2.2,Q2,0.55,0.76%,93/241,2.5,Q2,2.2,0.2,112/241,Q2,53.73,0.00069,0.15373,0.355,61.6,Q3,134/226,35,100.00%,5.5,12,35
Journal of Accounting in Emerging Economies,J ACCOUNT EMERG ECON,EMERALD GROUP PUBLISHING LTD,2042-1168,2042-1176,"BUSINESS, FINANCE",ESCI,1106,3.8,Q1,0.88,6.19%,48/241,3.9,Q1,3.6,0.3,58/241,Q1,76.14,0.0007,0.15645,0.447,80.3,Q3,122/226,28,100.00%,4.4,9.2,28
Journal of International Financial Management & Accounting,J INT FIN MANAG ACC,WILEY,0954-1314,1467-646X,"BUSINESS, FINANCE",SSCI,1101,8.2,Q1,2.13,16.42%,7/241,6.7,Q1,8,1.2,8/241,Q1,96.89,0.00078,0.17416,1.126,97.3,Q1,43/226,23,100.00%,4.8,10.1,23
Journal of Behavioral Finance,J BEHAV FINANC,"ROUTLEDGE JOURNALS, TAYLOR & FRANCIS LTD",2192-1709,1542-7579,"BUSINESS, FINANCE",SSCI,1096,1.2,Q3,0.42,15.79%,164/241,2.3,Q2,1,0.3,143/241,Q3,40.87,0.00081,0.18049,0.491,32.2,Q3,115/226,34,100.00%,7.1,12.4,34
FISCAL STUDIES,FISC STUD,WILEY,2381-4683,1475-5890,"BUSINESS, FINANCE",SSCI,1065,1.3,Q3,0.56,75.32%,160/241,3.4,Q2,1.2,0.4,109/241,Q2,54.98,0.00146,0.32669,1.418,33.8,Q1,34/226,34,97.06%,7.8,7.6,33
China Finance Review International,CHINA FINANC REV INT,EMERALD GROUP PUBLISHING LTD,2044-1398,2044-1401,"BUSINESS, FINANCE",ESCI,1063,7.6,Q1,2.41,3.16%,8/241,5.8,Q1,7.2,0.9,5/241,Q1,98.13,0.00114,0.25378,0.943,96.9,Q2,57/226,41,100.00%,3.3,4.9,41
Journal of Risk Finance,J RISK FINANC,EMERALD GROUP PUBLISHING LTD,1526-5943,2331-2947,"BUSINESS, FINANCE",ESCI,1050,4.7,Q1,1.43,0.85%,29/241,3.1,Q2,4.5,0.6,24/241,Q1,90.25,0.00057,0.12888,0.47,88.2,Q3,120/226,45,97.78%,6.3,6.5,44
JOURNAL OF INFORMATION SYSTEMS,J INF SYST,AMER ACCOUNTING ASSOC,0888-7985,1558-7959,"BUSINESS, FINANCE",SSCI,1048,2,Q2,0.45,0.00%,110/241,2.6,Q2,1.8,0.4,138/241,Q3,42.95,0.00078,0.17381,0.646,54.6,Q2,85/226,19,100.00%,7.6,11.5,19
Journal of Accounting and Organizational Change,J ACCOUNT ORGAN CHAN,EMERALD GROUP PUBLISHING LTD,1832-5912,1839-5473,"BUSINESS, FINANCE",ESCI,1038,3,Q2,0.67,11.72%,65/241,2.9,Q2,2.6,0.8,84/241,Q2,65.35,0.00071,0.16005,0.44,73.2,Q3,123/226,52,100.00%,4.5,8.9,52
North American Actuarial Journal,N AM ACTUAR J,"ROUTLEDGE JOURNALS, TAYLOR & FRANCIS LTD",2673-4524,2325-0453,"BUSINESS, FINANCE",ESCI,1033,1.6,Q3,0.42,16.26%,133/241,1.6,Q3,1.4,0.3,143/241,Q3,40.87,0.001,0.22267,0.57,45,Q2,101/226,31,100.00%,10.9,9.2,31
Journal of Management Accounting Research,J MANAG ACCOUNT RES,AMER ACCOUNTING ASSOC,1049-2127,1558-8033,"BUSINESS, FINANCE",ESCI,1027,1.7,Q3,0.49,0.00%,130/241,1.8,Q3,1.6,0.6,128/241,Q3,47.1,0.00078,0.17543,0.693,46.3,Q2,80/226,29,100.00%,8.6,13.1,29
Review of Corporate Finance Studies,REV CORP FINANC STUD,OXFORD UNIV PRESS,2730-6151,2046-9136,"BUSINESS, FINANCE",ESCI,1002,2.2,Q2,0.63,21.98%,93/241,6.2,Q1,2.2,0.2,92/241,Q2,62.03,0.00408,0.9097,3.98,61.6,Q1,11/226,27,100.00%,4.5,10.9,27
China Journal of Accounting Research,CHINA J ACCOUNT RES,ELSEVIER,1755-3091,1755-3091,"BUSINESS, FINANCE",ESCI,998,4,Q1,0.84,94.68%,41/241,4.6,Q1,4,0.8,61/241,Q2,74.9,0.00088,0.19725,0.905,83.2,Q2,62/226,32,100.00%,4.8,9.4,32
Pacific Accounting Review,PAC ACCOUNT REV,EMERALD GROUP PUBLISHING LTD,2590-2296,2041-5494,"BUSINESS, FINANCE",ESCI,982,2.5,Q2,0.62,2.22%,78/241,2.8,Q2,1.8,0.3,94/241,Q2,61.2,0.00042,0.09372,0.306,67.8,Q3,154/226,26,100.00%,6,9.3,26
Advances in Accounting,ADV ACCOUNT,ELSEVIER,2976-5390,1046-5715,"BUSINESS, FINANCE",ESCI,966,1.5,Q3,0.37,7.29%,138/241,2,Q3,1.3,0.4,159/241,Q3,34.23,0.00032,0.07221,0.342,42.9,Q3,139/226,43,100.00%,8.5,13.4,43
Venture Capital,VENTUR CAP,"ROUTLEDGE JOURNALS, TAYLOR & FRANCIS LTD",1369-1066,1464-5343,"BUSINESS, FINANCE",SSCI,960,2.3,Q2,0.6,23.38%,87/241,3.2,Q2,2.1,0.3,99/241,Q2,59.13,0.00076,0.16983,0.938,64.1,Q2,58/226,18,88.89%,8.5,9.1,16
ISSUES IN ACCOUNTING EDUCATION,ISS ACCOUNT EDUC,AMER ACCOUNTING ASSOC,2204-3136,1558-7983,"BUSINESS, FINANCE",ESCI,960,1.5,Q3,0.4,0.00%,138/241,2,Q3,1,0.4,149/241,Q3,38.38,0.00036,0.08194,0.311,42.9,Q3,151/226,41,97.56%,10.5,7.4,40
GENEVA PAPERS ON RISK AND INSURANCE-ISSUES AND PRACTICE,GENEVA PAP R I-ISS P,PALGRAVE MACMILLAN LTD,2572-2611,1468-0440,"BUSINESS, FINANCE",SSCI,955,3.3,Q1,0.57,37.84%,60/241,2.2,Q2,3.1,0.2,106/241,Q2,56.22,0.00057,0.12725,0.426,75.3,Q3,125/226,30,100.00%,8.2,8,30
Journal of Commodity Markets,J COMMOD MARK,ELSEVIER,2639-5916,2405-8505,"BUSINESS, FINANCE",SSCI,943,4.5,Q1,1.36,30.32%,32/241,4,Q1,4.1,1.1,26/241,Q1,89.42,0.00104,0.23203,0.758,86.9,Q2,74/226,45,100.00%,2.7,6.7,45
International Review of Finance,INT REV FINANC,WILEY,2056-3485,1468-2443,"BUSINESS, FINANCE",SSCI,939,2.6,Q2,0.61,25.00%,74/241,2.2,Q2,2.6,0.3,97/241,Q2,59.96,0.00092,0.20657,0.487,69.5,Q3,117/226,28,100.00%,4.9,11.5,28
Journal of Public Budgeting Accounting & Financial Management,J PUBLIC BUDGET ACC,EMERALD GROUP PUBLISHING LTD,1520-6688,1945-1814,"BUSINESS, FINANCE",ESCI,935,2.5,Q2,0.96,26.67%,78/241,,,1.8,0.7,48/241,Q1,80.29,0.00107,0.23994,,67.8,,,41,95.12%,3.9,9,39
SIAM Journal on Financial Mathematics,SIAM J FINANC MATH,SIAM PUBLICATIONS,2642-0007,1945-497X,"BUSINESS, FINANCE",SSCI,905,1.8,Q3,0.53,0.70%,121/241,1.7,Q3,1.7,0.3,122/241,Q3,49.59,0.00188,0.41942,1.033,50,Q1,49/226,39,100.00%,6.5,11.4,39
Asia-Pacific Journal of Accounting & Economics,ASIA-PAC J ACCOUNT E,"ROUTLEDGE JOURNALS, TAYLOR & FRANCIS LTD",1608-1625,2164-2257,"BUSINESS, FINANCE",SSCI,901,1.6,Q3,0.37,4.88%,133/241,1.7,Q3,1.5,0.3,159/241,Q3,34.23,0.00076,0.17115,0.293,45,Q3,158/226,51,100.00%,4.7,9.9,51
Qualitative Research in financial Markets,QUAL RES FINANC MARK,EMERALD GROUP PUBLISHING LTD,2767-3200,1755-4179,"BUSINESS, FINANCE",ESCI,870,2.5,Q2,0.55,4.70%,78/241,2.9,Q2,2.2,0.3,112/241,Q2,53.73,0.00049,0.10922,0.322,67.8,Q3,148/226,57,91.23%,4.3,7.3,52
Qualitative Research in Accounting and Management,QUAL RES ACCOUNT MAN,EMERALD GROUP PUBLISHING LTD,1176-6093,1758-7654,"BUSINESS, FINANCE",SSCI,863,3.1,Q2,0.68,23.53%,63/241,2.8,Q2,2.8,0.3,81/241,Q2,66.6,0.00064,0.14412,0.603,74.1,Q2,95/226,26,96.15%,6.9,9.6,25
Accounting Research Journal,ACCOUNT RES J,EMERALD GROUP PUBLISHING LTD,1030-9616,1839-5465,"BUSINESS, FINANCE",ESCI,848,2.1,Q2,0.6,4.94%,105/241,2.5,Q2,2,0.6,99/241,Q2,59.13,0.00053,0.11889,0.335,56.6,Q3,145/226,36,91.67%,5.2,7,33
Journal of Property Investment & Finance,J PROP INVEST FINANC,EMERALD GROUP PUBLISHING LTD,1463-578X,1470-2002,"BUSINESS, FINANCE",ESCI,816,2,Q2,0.45,3.00%,110/241,1.9,Q3,1.5,0.5,138/241,Q3,42.95,0.00048,0.10842,0.302,54.6,Q3,156/226,37,91.89%,6.1,8.5,34
Journal of Real Estate Research,J REAL ESTATE RES,TAYLOR & FRANCIS INC,0896-5803,2691-1175,"BUSINESS, FINANCE",SSCI,805,1.2,Q3,0.3,17.39%,164/241,1.2,Q4,1,0.6,171/241,Q3,29.25,0.00027,0.06208,0.292,32.2,Q3,159/226,22,100.00%,15.2,9.4,22
Asian Review of Accounting,ASIAN REV ACCOUNT,EMERALD GROUP PUBLISHING LTD,2673-7086,1758-8863,"BUSINESS, FINANCE",ESCI,800,1.9,Q2,0.63,2.54%,117/241,2.2,Q2,1.8,0.7,92/241,Q2,62.03,0.0004,0.09014,0.283,51.7,Q3,162/226,27,100.00%,5.7,8.1,27
Journal of Asset Management,J ASSET MANAG,PALGRAVE MACMILLAN LTD,2227-7099,1479-179X,"BUSINESS, FINANCE",ESCI,798,1.4,Q3,0.4,30.23%,148/241,1.8,Q3,1.2,0.1,149/241,Q3,38.38,0.00072,0.16167,0.424,38.8,Q3,126/226,44,100.00%,6,10.2,44
Journal of Pension Economics & Finance,J PENSION ECON FINAN,CAMBRIDGE UNIV PRESS,1474-7472,1475-3022,"BUSINESS, FINANCE",SSCI,796,0.9,Q3,0.38,47.22%,180/241,1.3,Q3,0.9,0.6,154/241,Q3,36.31,0.00068,0.15228,0.525,25.5,Q2,109/226,16,100.00%,9.9,11,16
Australasian Accounting Business and Finance Journal,AUSTRALAS ACCOUNT BU,UNIV WOLLONGONG,2076-3387,1834-2019,"BUSINESS, FINANCE",ESCI,789,1.9,Q2,0.59,9.83%,117/241,2.1,Q2,1.8,0.4,104/241,Q2,57.05,0.0004,0.09028,0.252,51.7,Q4,173/226,62,96.77%,4.9,7.9,60
Studies in Economics and Finance,STUD ECON FINANC,EMERALD GROUP PUBLISHING LTD,2399-4908,1755-6791,"BUSINESS, FINANCE",ESCI,783,2,Q2,0.64,5.41%,110/241,2.1,Q2,1.6,0.5,90/241,Q2,62.86,0.00053,0.11874,0.271,54.6,Q3,166/226,49,100.00%,3.8,4.8,49
Review of Asset Pricing Studies,REV ASSET PRICING ST,OXFORD UNIV PRESS,2673-5172,2045-9939,"BUSINESS, FINANCE",ESCI,783,1.5,Q3,0.53,26.42%,138/241,5.2,Q1,1.5,0.8,122/241,Q3,49.59,0.00385,0.85769,4.646,42.9,Q1,9/226,16,100.00%,4.6,11.6,16
JOURNAL OF ECONOMICS AND FINANCE,J ECON FINANC-US,SPRINGERNATURE,1055-0925,1938-9744,"BUSINESS, FINANCE",ESCI,775,1.5,Q3,0.51,18.88%,138/241,,,1.4,0.3,126/241,Q3,47.93,0.00049,0.11045,,42.9,,,43,97.67%,7.2,9.3,42
Review of Financial Economics,REV FINANC ECON,WILEY,2730-7182,1873-5924,"BUSINESS, FINANCE",ESCI,757,1.4,Q3,0.3,31.03%,148/241,1.5,Q3,1.4,0.1,171/241,Q3,29.25,0.00036,0.08032,0.338,38.8,Q3,141/226,25,100.00%,9.7,10,25
Review of Accounting and Finance,REV ACCOUNT FINANC,EMERALD GROUP PUBLISHING LTD,1475-7702,1758-7700,"BUSINESS, FINANCE",ESCI,714,2.7,Q2,0.95,2.20%,72/241,2.2,Q2,2.6,1.4,50/241,Q1,79.46,0.00033,0.0753,0.354,70.3,Q3,135/226,32,96.88%,7.2,7.2,31
Accounting in Europe,ACCOUNT EUR,"ROUTLEDGE JOURNALS, TAYLOR & FRANCIS LTD",1744-9480,1744-9499,"BUSINESS, FINANCE",ESCI,689,4.3,Q1,1.12,29.63%,36/241,4.1,Q1,3.4,1.3,38/241,Q1,84.44,0.00038,0.08666,0.624,85.3,Q2,91/226,20,100.00%,5.8,8,20
Journal of Revenue and Pricing Management,J REVENUE PRICING MA,PALGRAVE MACMILLAN LTD,2590-051X,1477-657X,"BUSINESS, FINANCE",ESCI,686,1.5,Q3,0.36,18.58%,138/241,1.4,Q3,0.8,0.6,161/241,Q3,33.4,0.00042,0.09444,0.215,42.9,Q4,177/226,45,100.00%,4.9,8.7,45
Journal of Management Science and Engineering,J MANAGE SCI ENG,KEAI PUBLISHING LTD,2572-3170,2589-5532,"BUSINESS, FINANCE",ESCI,680,3.7,Q1,1.25,94.95%,51/241,,,3.5,0.7,28/241,Q1,88.59,0.0009,0.20203,,79,,,32,96.88%,3.3,6.6,31
International Journal of Theoretical and Applied Finance,INT J THEOR APPL FIN,WORLD SCIENTIFIC PUBL CO PTE LTD,0219-0249,1793-6322,"BUSINESS, FINANCE",ESCI,677,0.4,Q4,0.12,3.37%,205/241,0.5,Q4,0.4,0.1,207/241,Q4,14.32,0.00045,0.10172,0.27,15.1,Q3,167/226,29,96.55%,12.9,12.9,28
Behavioral Research in Accounting,BEHAV RES ACCOUNT,AMER ACCOUNTING ASSOC,2639-5916,1558-8009,"BUSINESS, FINANCE",ESCI,671,1.2,Q3,0.25,0.00%,164/241,2,Q3,1.2,1,186/241,Q4,23.03,0.00046,0.10287,0.929,32.2,Q2,60/226,9,100.00%,11.8,13.1,9
Accounting History,ACCOUNT HIST,SAGE PUBLICATIONS LTD,2050-3385,1749-3374,"BUSINESS, FINANCE",ESCI,671,0.9,Q3,0.33,41.33%,180/241,1.5,Q3,0.8,0.8,166/241,Q3,31.33,0.00035,0.07902,0.31,25.5,Q3,152/226,20,100.00%,9.5,17.2,20
Financial and Credit Activity-Problems of Theory and Practice,FINANC CREDIT ACT,FINTECHALIANCE,2306-4994,2310-8770,"BUSINESS, FINANCE",ESCI,648,0.7,Q4,0.22,88.89%,188/241,0.5,Q4,0.5,0.1,189/241,Q4,21.78,0.00035,0.07978,0.036,22.2,Q4,215/226,250,99.60%,2.9,4.3,249
Journal of Finance and Data Science,J FINANCE DATA SCI,KEAI PUBLISHING LTD,2405-9188,2405-9188,"BUSINESS, FINANCE",ESCI,642,3.9,Q1,0.82,100.00%,46/241,,,3.8,0.6,64/241,Q2,73.65,0.00089,0.20002,,81.1,,,19,100.00%,4.5,6.9,19
Journal of Emerging Technologies in Accounting,J EMERG TECHNOL ACCO,AMER ACCOUNTING ASSOC,1554-1908,1558-7940,"BUSINESS, FINANCE",ESCI,633,2,Q2,0.46,0.00%,110/241,2.3,Q2,1.9,0.2,136/241,Q3,43.78,0.00045,0.10102,0.429,54.6,Q3,124/226,14,100.00%,6,5.5,14
Journal of Risk,J RISK,INCISIVE MEDIA,2398-631X,1755-2842,"BUSINESS, FINANCE",SSCI,619,0.5,Q4,0.14,0.00%,196/241,0.5,Q4,0.4,0.2,203/241,Q4,15.98,0.00014,0.03228,0.154,18.9,Q4,184/226,16,100.00%,24.1,8.7,16
FEDERAL RESERVE BANK OF ST LOUIS REVIEW,FED RESERVE BANK ST,FEDERAL RESERVE BANK ST LOUIS,0014-9187,2163-4505,"BUSINESS, FINANCE",SSCI,603,1.4,Q3,0.68,3.92%,148/241,2,Q3,1.4,0.3,81/241,Q2,66.6,0.00057,0.12903,0.844,38.8,Q2,69/226,16,100.00%,12.1,10.5,16
Review of Behavioral Finance,REV BEHAV FINANCE,EMERALD GROUP PUBLISHING LTD,1940-5979,1940-5987,"BUSINESS, FINANCE",ESCI,594,1.8,Q3,0.49,5.61%,121/241,2.2,Q2,1.6,0.4,128/241,Q3,47.1,0.00057,0.1279,0.346,50,Q3,138/226,35,100.00%,4.3,10,35
Journal of the American Taxation Association,J AM TAX ASSOC,AMER ACCOUNTING ASSOC,2634-4505,1558-8017,"BUSINESS, FINANCE",ESCI,587,2,Q2,0.53,0.00%,110/241,2.1,Q2,1.7,0.5,122/241,Q3,49.59,0.00049,0.11114,1.054,54.6,Q1,48/226,12,100.00%,10,9.1,12
Journal of Corporate Accounting and Finance,J CORP ACCOUNT FINAN,"WILEY PERIODICALS, INC",1947-2579,1097-0053,"BUSINESS, FINANCE",ESCI,582,1.2,Q3,0.27,13.84%,164/241,1.4,Q3,1.1,0.2,179/241,Q3,25.93,0.00056,0.12586,0.251,32.2,Q4,174/226,82,98.78%,4.4,11.7,81
Journal of Financial Management of Property and Construction,J FINANC MANAG PROP,EMERALD GROUP PUBLISHING LTD,2673-611X,1759-8443,"BUSINESS, FINANCE",ESCI,569,1.9,Q2,0.49,1.61%,117/241,2.3,Q2,1.8,0.4,128/241,Q3,47.1,0.00028,0.06286,0.284,51.7,Q3,161/226,17,100.00%,5.8,7.6,17
Journal of International Accounting Research,J INT ACCOUNT RES,AMER ACCOUNTING ASSOC,2381-4683,1558-8025,"BUSINESS, FINANCE",ESCI,568,1,Q3,0.28,0.00%,173/241,1.6,Q3,0.9,0.6,175/241,Q3,27.59,0.00026,0.05804,0.337,28.4,Q3,143/226,25,96.00%,8.4,11.2,24
Asia-Pacific Journal of Financial Studies,ASIA-PAC J FINANC ST,WILEY,2373-7492,2041-6156,"BUSINESS, FINANCE",SSCI,559,1.5,Q3,0.4,10.75%,138/241,1.8,Q3,1.5,0.1,149/241,Q3,38.38,0.0004,0.09013,0.337,42.9,Q3,143/226,28,100.00%,6.1,10.9,28
Banks and Bank Systems,BANKS BANK SYST,LLC CPC BUSINESS PERSPECTIVES,1816-7403,1991-7074,"BUSINESS, FINANCE",ESCI,554,1,Q3,0.32,97.78%,173/241,,,0.8,0.3,168/241,Q3,30.5,0.00023,0.05266,,28.4,,,78,100.00%,4.4,5.3,78
Journal of Financial Regulation and Compliance,J FINANC REGUL COMPL,EMERALD GROUP PUBLISHING LTD,2564-1891,1740-0279,"BUSINESS, FINANCE",ESCI,510,1.8,Q3,0.46,13.59%,121/241,1.6,Q3,1.6,0.5,136/241,Q3,43.78,0.00032,0.07252,0.255,50,Q4,172/226,40,95.00%,5.6,7.7,38
Project Leadership and Society,PROJ LEADERSH SOC,ELSEVIER,2368-7460,2666-7215,"BUSINESS, FINANCE",ESCI,509,4.5,Q1,0.89,91.82%,32/241,5.1,Q1,3.8,1,56/241,Q1,76.97,0.00049,0.10909,0.697,86.9,Q2,79/226,53,88.68%,2.7,7.3,47
Journal of Derivatives,J DERIV,PAGEANT MEDIA LTD,2192-4007,2168-8524,"BUSINESS, FINANCE",SSCI,505,0.5,Q4,0.14,0.00%,196/241,0.6,Q4,0.4,0.2,203/241,Q4,15.98,0.00013,0.02909,0.121,18.9,Q4,191/226,24,100.00%,20.4,14.7,24
Review of Development Finance,REV DEV FINANC,AFRICAGROWTH INST,2688-8319,1879-9337,"BUSINESS, FINANCE",ESCI,472,0.3,Q4,0.14,0.00%,212/241,0.6,Q4,0.3,0.1,203/241,Q4,15.98,0.00004,0.00959,0.119,12.2,Q4,192/226,10,80.00%,8.4,9.1,8
Intelligent Systems in Accounting Finance & Management,INTELL SYST ACCOUNT,JOHN WILEY & SONS LTD,1550-1949,2160-0074,"BUSINESS, FINANCE",ESCI,469,3.7,Q1,0.79,37.21%,51/241,3.3,Q2,3.6,0.3,70/241,Q2,71.16,0.00037,0.08243,0.634,79,Q2,88/226,12,100.00%,5.8,8.4,12
Green Finance,GREEN FINANC,AMER INST MATHEMATICAL SCIENCES-AIMS,2590-2296,2643-1092,"BUSINESS, FINANCE",ESCI,458,5,Q1,1.12,96.00%,28/241,3.6,Q2,4.5,0.8,38/241,Q1,84.44,0.00048,0.10901,0.517,88.6,Q2,110/226,28,92.86%,2.8,4.8,26
International Finance,INT FINANC,WILEY,2976-5390,1468-2362,"BUSINESS, FINANCE",SSCI,453,1.5,Q3,0.4,4.08%,138/241,1.4,Q3,1.5,0.2,149/241,Q3,38.38,0.00031,0.06996,0.379,42.9,Q3,132/226,10,100.00%,10.2,9.5,10
Journal of Investing,J INVEST,PAGEANT MEDIA LTD,1068-0896,2168-8613,"BUSINESS, FINANCE",ESCI,444,0.4,Q4,0.13,0.00%,205/241,0.5,Q4,0.3,<0.1,206/241,Q4,14.73,0.00023,0.05142,0.124,15.1,Q4,190/226,52,100.00%,12.7,14.3,52
Revista de Contabilidad-Spanish Accounting Review,REV CONTAB,UNIV MURCIA,2692-4366,1988-4672,"BUSINESS, FINANCE",SSCI,412,1.6,Q3,0.49,94.81%,133/241,1.8,Q3,1.5,0.4,128/241,Q3,47.1,0.00023,0.05154,0.264,45,Q4,170/226,24,95.83%,6,14,23
ISRA International Journal of Islamic Finance,ISRA INT J ISLAMIC F,INT SHARIAH RESEARCH ACAD ISLAMIC FINANCE RES MANAGEMENT CTR - ISRA RMC,2603-6479,2289-4365,"BUSINESS, FINANCE",ESCI,412,1.4,Q3,0.48,96.10%,148/241,2.1,Q2,1.4,0.2,134/241,Q3,44.61,0.00022,0.05019,0.232,38.8,Q4,176/226,20,100.00%,5.2,7.1,20
Mathematics and Financial Economics,MATH FINANC ECON,SPRINGER HEIDELBERG,1862-9679,1862-9660,"BUSINESS, FINANCE",SSCI,398,1,Q3,0.34,40.00%,173/241,1.1,Q4,0.9,0.3,163/241,Q3,32.57,0.0006,0.13482,0.59,28.4,Q2,98/226,29,100.00%,7.2,12.4,29
Critical Finance Review,CRIT FINANC REV,NOW PUBLISHERS INC,2164-5744,2164-5760,"BUSINESS, FINANCE",ESCI,391,2.5,Q2,0.55,0.00%,78/241,2.2,Q2,2.5,1.6,112/241,Q2,53.73,0.00235,0.5237,4.513,67.8,Q1,10/226,14,100.00%,8.3,15.3,14
Quantitative Finance and Economics,QUANT FINANC ECON,AMER INST MATHEMATICAL SCIENCES-AIMS,2573-0134,2573-0134,"BUSINESS, FINANCE",ESCI,370,2.5,Q2,0.9,97.92%,78/241,1.9,Q3,2.4,0.4,55/241,Q1,77.39,0.00035,0.08006,0.274,67.8,Q3,165/226,32,93.75%,3.2,6.7,30
Journal of Central Banking Theory and Practice,J CENT BANK THEOR PR,SCIENDO,1800-9581,2336-9205,"BUSINESS, FINANCE",ESCI,362,1.8,Q3,0.52,100.00%,121/241,1.7,Q3,0.8,0.8,125/241,Q3,48.34,0.0002,0.04619,0.161,50,Q4,183/226,30,100.00%,3.9,7.7,30
Journal of Banking Regulation,J BANK REGUL,PALGRAVE MACMILLAN LTD,2767-3197,1750-2071,"BUSINESS, FINANCE",ESCI,361,1.5,Q3,0.38,25.64%,138/241,1.4,Q3,1.4,0.2,154/241,Q3,36.31,0.00033,0.07537,0.277,42.9,Q3,163/226,31,100.00%,4.5,8.5,31
Journal of Alternative Investments,J ALTERN INVEST,PAGEANT MEDIA LTD,1520-3255,2168-8435,"BUSINESS, FINANCE",ESCI,360,0.5,Q4,0.15,0.00%,196/241,0.7,Q4,0.4,0.4,199/241,Q4,17.63,0.00042,0.09524,0.275,18.9,Q3,164/226,24,100.00%,6.6,7.1,24
Journal of Computational Finance,J COMPUT FINANC,INCISIVE MEDIA,2817-1705,1755-2850,"BUSINESS, FINANCE",SSCI,360,0.5,Q4,0.15,0.00%,196/241,0.7,Q4,0.5,0.1,199/241,Q4,17.63,0.00021,0.04743,0.329,18.9,Q3,146/226,12,100.00%,17.8,16,12
RISK MANAGEMENT AND INSURANCE REVIEW,RISK MANAG INSUR REV,WILEY,1098-1616,1540-6296,"BUSINESS, FINANCE",ESCI,358,1.4,Q3,0.38,42.62%,148/241,1.5,Q3,1.2,0.3,154/241,Q3,36.31,0.00024,0.05517,0.353,38.8,Q3,136/226,23,100.00%,8,10.6,23
European Actuarial Journal,EUR ACTUAR J,SPRINGER HEIDELBERG,2190-9733,2190-9741,"BUSINESS, FINANCE",ESCI,350,1.6,Q3,0.47,46.67%,133/241,1.4,Q3,1.4,0.1,135/241,Q3,44.19,0.00059,0.1317,0.493,45,Q3,114/226,31,100.00%,4.7,8.7,31
Financial Markets and Portfolio Management,FINANC MARK PORTFOLI,SPRINGER,2534-9708,2373-8529,"BUSINESS, FINANCE",ESCI,345,1.8,Q3,0.35,54.17%,121/241,2.1,Q2,1.7,0.2,162/241,Q3,32.99,0.00033,0.07545,0.511,50,Q2,112/226,18,94.44%,5.8,12.9,17
Real Estate Management and Valuation,REAL ESTATE MANAGE V,WALTER DE GRUYTER GMBH,1733-2478,2300-5289,"BUSINESS, FINANCE",ESCI,343,1.1,Q3,0.25,100.00%,170/241,1.1,Q4,0.6,0.3,186/241,Q4,23.03,0.00016,0.03599,0.118,29.7,Q4,194/226,43,100.00%,4.9,7.7,43
International Journal of Health Economics and Management,INT J HEALTH ECON MA,SPRINGER,2367-8194,2199-9031,"BUSINESS, FINANCE",SSCI,333,1.7,Q3,0.49,36.23%,130/241,1.9,Q3,1.7,0.2,128/241,Q3,47.1,0.00059,0.13241,0.649,46.3,Q2,84/226,25,100.00%,4.5,9.2,25
Accounting Perspectives,ACCOUNT PERSPECT,WILEY,1911-382X,1911-3838,"BUSINESS, FINANCE",ESCI,331,0.9,Q3,0.29,40.63%,180/241,1.8,Q3,0.9,0.2,173/241,Q3,28.42,0.00028,0.06338,0.388,25.5,Q3,129/226,27,100.00%,4.8,9.1,27
Accounting Historians Journal,ACCOUNT HIST J,AMER ACCOUNTING ASSOC,2752-8499,2327-4468,"BUSINESS, FINANCE",ESCI,330,1,Q3,0.28,0.00%,173/241,0.9,Q4,0.2,0.3,175/241,Q3,27.59,0.00004,0.00922,0.077,28.4,Q4,204/226,15,93.33%,17.7,22.1,14
Annals of Finance,ANN FINANC,SPRINGER HEIDELBERG,1614-2446,1614-2454,"BUSINESS, FINANCE",ESCI,324,0.7,Q4,0.21,35.59%,188/241,1,Q4,0.7,0.2,191/241,Q4,20.95,0.00024,0.05492,0.306,22.2,Q3,154/226,25,100.00%,9.9,16.4,25
Quarterly Journal of Finance,Q J FINANC,WORLD SCIENTIFIC PUBL CO PTE LTD,2672-7080,2010-1406,"BUSINESS, FINANCE",ESCI,324,0.4,Q4,0.16,0.00%,205/241,0.7,Q4,0.4,0.4,197/241,Q4,18.46,0.00043,0.09732,0.537,15.1,Q2,106/226,18,100.00%,9,13.2,18
Annals of Actuarial Science,ANN ACTUAR SCI,CAMBRIDGE UNIV PRESS,1748-4995,1748-5002,"BUSINESS, FINANCE",ESCI,322,1,Q3,0.55,64.79%,173/241,1.8,Q3,0.9,0.7,112/241,Q2,53.73,0.00072,0.1609,0.744,28.4,Q2,77/226,30,96.67%,3.9,9.7,29
Spanish Journal of Finance and Accounting-Revista Espanola de Financiacion y Contabilidad,SPAN J FINANC ACCOUN,"ROUTLEDGE JOURNALS, TAYLOR & FRANCIS LTD",1989-9882,2332-0753,"BUSINESS, FINANCE",SSCI,302,1.2,Q3,0.26,2.04%,164/241,1.2,Q4,1.2,<0.1,184/241,Q4,23.86,0.00016,0.03605,0.172,32.2,Q4,182/226,9,100.00%,6.3,11.4,9
Journal of European Real Estate Research,J EUR REAL ESTATE RE,EMERALD GROUP PUBLISHING LTD,2752-3349,1753-9269,"BUSINESS, FINANCE",ESCI,278,0.9,Q3,0.34,26.67%,180/241,1.4,Q3,0.6,0.4,163/241,Q3,32.57,0.00023,0.05335,0.269,25.5,Q3,168/226,28,100.00%,5.1,8.5,28
Accounting Economics and Law-A Convivium,ACCOUNT ECON LAW,WALTER DE GRUYTER GMBH,2752-5082,2152-2820,"BUSINESS, FINANCE",ESCI,278,0.8,Q4,0.27,11.69%,185/241,1.2,Q4,0.4,0.1,179/241,Q3,25.93,0.00026,0.05931,0.266,23.4,Q3,169/226,14,100.00%,5,12.5,14
International Journal of Managerial and Financial Accounting,INT J MANAG FINANC A,INDERSCIENCE ENTERPRISES LTD,2376-6808,1753-6723,"BUSINESS, FINANCE",ESCI,258,1.4,Q3,0.41,1.67%,148/241,1.5,Q3,1.2,1.2,145/241,Q3,40.04,0.0001,0.02261,0.15,38.8,Q4,186/226,21,100.00%,4.7,10.3,21
Journal of Emerging Market Finance,J EMERG MARK FINANC,SAGE PUBLICATIONS INDIA PVT LTD,2236-3777,0973-0710,"BUSINESS, FINANCE",ESCI,256,1.2,Q3,0.38,3.23%,164/241,1.3,Q3,1,0.2,154/241,Q3,36.31,0.0001,0.0241,0.154,32.2,Q4,184/226,17,100.00%,6.4,10,17
Journal of Investment Management,J INVEST MANAG,JOURNAL INVESTMENT MANAGEMENT,1545-9144,1545-9152,"BUSINESS, FINANCE",ESCI,254,0.2,Q4,0.1,0.00%,223/241,0.6,Q4,0.2,0.1,215/241,Q4,11,0.00043,0.09625,0.531,7.7,Q2,108/226,14,100.00%,7.5,19.2,14
FinanzArchiv-European Journal of Public Finance,FINANZARCHIV,MOHR SIEBECK,0015-2218,1614-0974,"BUSINESS, FINANCE",SSCI,249,0.3,Q4,0.1,2.50%,212/241,0.4,Q4,0.3,0.3,215/241,Q4,11,0.00016,0.03634,0.295,12.2,Q3,157/226,12,100.00%,12.3,13.1,12
Investment Analysts Journal,INVEST ANAL J,INVESTMENT ANALYSTS SOC SOUTHERN AFRICA,2673-4133,2077-0227,"BUSINESS, FINANCE",SSCI,246,2.2,Q2,0.55,13.10%,93/241,1.3,Q3,2,0.4,112/241,Q2,53.73,0.00015,0.03444,0.185,61.6,Q4,180/226,35,100.00%,3.3,7.1,35
Asian Journal of Business and Accounting,ASIAN J BUS ACCOUNT,"UNIV MALAYA, FAC BUSINESS & ACCOUNTANCY",2673-7159,2180-3137,"BUSINESS, FINANCE",ESCI,244,1.1,Q3,0.24,0.00%,170/241,1.2,Q4,1,0.3,188/241,Q4,22.2,0.0001,0.02243,0.128,29.7,Q4,188/226,20,100.00%,6.1,8.7,20
Current Issues in Auditing,CURR ISS AUDIT,AMER ACCOUNTING ASSOC,1936-1270,1936-1270,"BUSINESS, FINANCE",ESCI,222,0.8,Q4,0.26,91.11%,185/241,1.3,Q3,0.7,0.2,184/241,Q4,23.86,0.0002,0.04455,0.338,23.4,Q3,141/226,11,100.00%,7.4,6,11
Asian Academy of Management Journal of Accounting and Finance,ASIAN ACAD MANAG J A,PENERBIT UNIV SAINS MALAYSIA,2588-3526,2180-4192,"BUSINESS, FINANCE",ESCI,222,0.5,Q4,0.17,98.33%,196/241,1.1,Q4,0.5,0.2,195/241,Q4,19.29,0.00008,0.018,0.113,18.9,Q4,196/226,20,100.00%,6.9,8.3,20
Review of Derivatives Research,REV DERIV RES,SPRINGER,2950-5097,1573-7144,"BUSINESS, FINANCE",SSCI,217,0.9,Q3,0.27,57.14%,180/241,0.8,Q4,0.9,0.4,179/241,Q3,25.93,0.00014,0.03122,0.329,25.5,Q3,146/226,8,100.00%,14.9,14.9,8
International Journal of Financial Engineering,INT J FINANC ENG,WORLD SCIENTIFIC PUBL CO PTE LTD,2424-7863,2424-7944,"BUSINESS, FINANCE",ESCI,213,0.6,Q4,0.17,0.60%,192/241,0.6,Q4,0.5,0.4,195/241,Q4,19.29,0.00018,0.04106,0.095,20.5,Q4,199/226,49,97.96%,3.5,8,48
Review of Pacific Basin Financial Markets and Policies,REV PAC BASIN FINANC,WORLD SCIENTIFIC PUBL CO PTE LTD,0219-0915,1793-6705,"BUSINESS, FINANCE",ESCI,202,0.4,Q4,0.11,0.00%,205/241,0.4,Q4,0.3,0.1,209/241,Q4,13.49,0.00005,0.01183,0.043,15.1,Q4,212/226,31,100.00%,9.1,12.2,31
Journal of Financial Reporting,J FINANC REPORT,AMER ACCOUNTING ASSOC,1467-8489,2380-2146,"BUSINESS, FINANCE",ESCI,192,3.7,Q1,0.77,0.00%,51/241,2.5,Q2,3.5,0.1,72/241,Q2,70.33,0.00087,0.19417,1.872,79,Q1,22/226,11,100.00%,2.9,9.9,11
South African Journal of Accounting Research,S AFR J ACCOUNT RES,"ROUTLEDGE JOURNALS, TAYLOR & FRANCIS LTD",2305-6290,2376-3981,"BUSINESS, FINANCE",ESCI,165,1.4,Q3,0.31,29.73%,148/241,1.7,Q3,1.4,0.4,170/241,Q3,29.67,0.0001,0.02322,0.21,38.8,Q4,178/226,20,95.00%,4.8,6.9,19
FINANCE A UVER-CZECH JOURNAL OF ECONOMICS AND FINANCE,FINANC UVER,CHARLES UNIV-PRAGUE,0015-1920,0015-1920,"BUSINESS, FINANCE",SSCI,159,0.7,Q4,0.15,0.00%,188/241,0.5,Q4,0.7,0.1,199/241,Q4,17.63,0.00006,0.01338,0.082,22.2,Q4,203/226,16,100.00%,8.8,9.7,16
Latin American Journal of Central Banking,LAT AM J CENT BANK,ELSEVIER,2666-1438,2666-1438,"BUSINESS, FINANCE",ESCI,158,1.3,Q3,0.32,97.50%,160/241,1.5,Q3,1.2,0.7,168/241,Q3,30.5,0.00025,0.05642,0.353,33.8,Q3,136/226,29,100.00%,2.7,8.1,29
Data Science in Finance and Economics,DATA SCI FINANC ECON,AMER INST MATHEMATICAL SCIENCES-AIMS,2769-2140,2769-2140,"BUSINESS, FINANCE",ESCI,148,2.2,Q2,0.61,100.00%,93/241,2,Q3,2.1,0.5,97/241,Q2,59.96,0.00013,0.03015,0.256,61.6,Q4,171/226,26,100.00%,1.8,6.6,26
Geneva Risk and Insurance Review,GENEVA RISK INS REV,PALGRAVE MACMILLAN LTD,1554-964X,1554-9658,"BUSINESS, FINANCE",SSCI,148,1,Q3,0.28,33.33%,173/241,1.3,Q3,0.7,0.2,175/241,Q3,27.59,0.00013,0.03044,0.34,28.4,Q3,140/226,13,100.00%,7.5,11.2,13
National Accounting Review,NATL ACCOUNT REV,AMER INST MATHEMATICAL SCIENCES-AIMS,2689-3010,2689-3010,"BUSINESS, FINANCE",ESCI,144,1.8,Q3,0.55,98.63%,121/241,1.4,Q3,1.7,0.3,112/241,Q2,53.73,0.00015,0.03488,0.2,50,Q4,179/226,27,100.00%,2.7,8.5,27
Journal of Credit Risk,J CREDIT RISK,INCISIVE MEDIA,2658-7734,1755-9723,"BUSINESS, FINANCE",SSCI,139,0.3,Q4,0.11,0.00%,212/241,0.5,Q4,0.3,0.2,209/241,Q4,13.49,0.00007,0.01668,0.127,12.2,Q4,189/226,9,100.00%,8.5,7.2,9
Comptabilite Controle Audit,COMPTAB CONTROL AUDI,ASSOC FRANCOPHONE COMPTABILITE-AFC,1695-5498,,"BUSINESS, FINANCE",SSCI,138,0.3,Q4,0.11,0.00%,212/241,0.6,Q4,0.2,<0.1,209/241,Q4,13.49,0.00005,0.01212,0.113,12.2,Q4,196/226,13,100.00%,9.3,12.5,13
Journal of Tax Reform,J TAX REFORM,URAL FEDERAL UNIV,2412-8872,2414-9497,"BUSINESS, FINANCE",ESCI,130,1.1,Q3,0.28,95.24%,170/241,0.8,Q4,0.4,0.7,175/241,Q3,27.59,0.00004,0.0109,0.065,29.7,Q4,205/226,36,100.00%,2.5,6.3,36
Journal of Operational Risk,J OPER RISK,INCISIVE MEDIA,1744-6740,1755-2710,"BUSINESS, FINANCE",SSCI,127,0.8,Q4,0.18,0.00%,185/241,0.7,Q4,0.5,<0.1,194/241,Q4,19.71,0.00007,0.01627,0.117,23.4,Q4,195/226,12,100.00%,6.9,9.6,12
Journal of Law Finance and Accounting,J LAW FINANC ACCOUNT,NOW PUBLISHERS INC,2380-5005,2380-5013,"BUSINESS, FINANCE",ESCI,121,0.5,Q4,0.22,0.00%,196/241,0.6,Q4,0.5,<0.1,189/241,Q4,21.78,0.00019,0.04261,0.655,18.9,Q2,83/226,2,100.00%,7.3,,2
Indonesian Journal of Sustainability Accounting and Management,INDONES J SUSTAIN AC,UNIV PASUNDAN,2597-6214,2597-6222,"BUSINESS, FINANCE",ESCI,119,0.3,Q4,0.15,72.50%,212/241,0.5,Q4,0.3,,199/241,Q4,17.63,0.00007,0.01561,0.059,12.2,Q4,208/226,0,,4.7,,0
Public Finance Quarterly-Hungary,PUBLIC FINANC Q-HUNG,CORVINUS UNIV BUDAPEST,0031-496X,2064-8278,"BUSINESS, FINANCE",ESCI,101,0.5,Q4,0.1,0.00%,196/241,0.3,Q4,0.4,<0.1,215/241,Q4,11,0.00005,0.01321,0.046,18.9,Q4,211/226,42,100.00%,4.6,9.2,42
Asia-Pacific Management Accounting Journal,ASIA-PAC MANAG ACCOU,ASIA-PACIFIC MANAGEMENT ACCOUNTING ASSOC,1675-3194,1675-3194,"BUSINESS, FINANCE",ESCI,99,0.3,Q4,0.08,0.00%,212/241,0.4,Q4,0.3,<0.1,219/241,Q4,9.34,0.00006,0.01376,0.047,12.2,Q4,210/226,23,95.65%,,6.7,22
Asian Journal of Accounting and Governance,ASIAN J ACCOUNT GOV,PENERBIT UNIV KEBANGSAAN MALAYSIA,2168-1007,2180-3838,"BUSINESS, FINANCE",ESCI,98,0.2,Q4,0.07,78.33%,223/241,0.5,Q4,0.2,<0.1,224/241,Q4,7.26,0.00004,0.00993,0.061,7.7,Q4,207/226,24,87.50%,,7.1,21
Journal of Insurance Issues,J INSUR ISS,WESTERN RISK & INSURANCE ASSOC,1531-6076,2332-4244,"BUSINESS, FINANCE",ESCI,95,0.4,Q4,0.11,0.00%,205/241,0.7,Q4,0.4,,209/241,Q4,13.49,0.00004,0.0092,0.131,15.1,Q4,187/226,0,,,,0
Financial Internet Quarterly,FINANC INTERNET Q,WALTER DE GRUYTER GMBH,2719-3454,2719-3454,"BUSINESS, FINANCE",ESCI,90,0.5,Q4,0.19,97.96%,196/241,,,0.5,0.2,193/241,Q4,20.12,0.00007,0.01722,,18.9,,,30,100.00%,,6.3,30
International Insolvency Review,INT INSOLV REV,WILEY,1180-0518,1099-1107,"BUSINESS, FINANCE",SSCI,84,0.3,Q4,0.4,45.28%,212/241,0.4,Q4,0.3,<0.1,149/241,Q3,38.38,0.00005,0.01249,0.064,12.2,Q4,206/226,15,100.00%,,6.4,15
Maliye Dergisi,MALIYE DERG,MALIYE BAKANLIGI,1300-3623,1300-3623,"BUSINESS, FINANCE",ESCI,82,0.2,Q4,0.02,0.00%,223/241,0.2,Q4,0.2,<0.1,234/241,Q4,3.11,0.00002,0.0062,0.025,7.7,Q4,219/226,11,100.00%,,7,11
Istanbul Business Research,ISTANB BUS RES,"ISTANBUL UNIV, SCH BUSINESS",2630-5488,2630-5488,"BUSINESS, FINANCE",ESCI,79,0.6,Q4,0.12,48.05%,192/241,0.6,Q4,0.5,<0.1,207/241,Q4,14.32,0.00007,0.01576,0.084,20.5,Q4,201/226,21,100.00%,,10,21
Journal of Risk Model Validation,J RISK MODEL VALIDAT,INCISIVE MEDIA,2245-408X,1753-9587,"BUSINESS, FINANCE",SSCI,70,0.6,Q4,0.16,0.00%,192/241,0.4,Q4,0.5,0.1,197/241,Q4,18.46,0.00005,0.01139,0.083,20.5,Q4,202/226,14,100.00%,,5.9,14
Journal of Tax Administration,J TAX ADM,UNIV EXETER BUSINESS SCH,2059-190X,2059-190X,"BUSINESS, FINANCE",ESCI,68,0.1,Q4,0.03,0.00%,233/241,0.4,Q4,0.1,<0.1,232/241,Q4,3.94,0.00005,0.01301,0.119,3.5,Q4,192/226,7,85.71%,,6.1,6
Economics and Finance Letters,ECON FINANCE LETT,CONSCIENTIA BEAM,2312-6310,2312-430X,"BUSINESS, FINANCE",ESCI,64,0.4,Q4,0.2,98.48%,205/241,,,0.4,<0.1,192/241,Q4,20.54,0.00006,0.01415,,15.1,,,21,100.00%,,7.4,21
Ekonomi Politika & Finans Arastirmalari Dergisi,EKON POLIT FINANS AR,Economic and Financial Research Assoc - EFAD,2636-8943,2587-151X,"BUSINESS, FINANCE",ESCI,56,0.2,Q4,0.05,99.27%,223/241,,,0.2,<0.1,228/241,Q4,5.6,0.00003,0.0081,,7.7,,,45,100.00%,,8.4,45
Journal of Structured Finance,J STRUCT FINANC,PAGEANT MEDIA LTD,1551-9783,2374-1325,"BUSINESS, FINANCE",ESCI,56,0.1,Q4,0.07,0.00%,233/241,0.1,Q4,0.1,,224/241,Q4,7.26,0.00001,0.0031,0.017,3.5,Q4,222/226,0,,,,0
Algorithmic Finance,ALGORITHMIC FINANC,IOS PRESS,2630-6220,2157-6203,"BUSINESS, FINANCE",ESCI,53,0.2,Q4,0.1,0.00%,223/241,0.2,Q4,0.2,,215/241,Q4,11,0,0.00147,0.04,7.7,Q4,213/226,0,,,,0
Revista Ambiente Contabil,REV AMBIENT CONTAB,UNIV FED RIO GRANDE DO NORTE,2368-9587,2176-9036,"BUSINESS, FINANCE",ESCI,51,0.1,Q4,0.03,97.54%,233/241,0.1,Q4,<0.1,0.1,232/241,Q4,3.94,0.00002,0.00572,0.018,3.5,Q4,221/226,44,97.73%,,9.6,43
De Computis-Revista Espanola de Historia de la Contabilidad,COMPUTIS,ASOC ESPANOLA CONTABILIDAD ADMIN EMPRESAS,1886-1881,1886-1881,"BUSINESS, FINANCE",ESCI,50,0.1,Q4,0.08,84.00%,233/241,0.3,Q4,0.1,<0.1,219/241,Q4,9.34,0.00004,0.00902,0.086,3.5,Q4,200/226,6,100.00%,,23,6
Contaduria Universidad de Antioquia,CONTAD U ANTIOQUIA,"UNIV ANTIOQUIA, FAC CIENCIAS ECONOMICAS",0120-4203,2590-4604,"BUSINESS, FINANCE",ESCI,49,0.3,Q4,0.02,78.95%,212/241,,,0.1,<0.1,234/241,Q4,3.11,0.00002,0.00449,,12.2,,,18,94.44%,,7,17
Journal of Investment Strategies,J INVEST STRATEG,INCISIVE MEDIA,2666-7215,2047-1246,"BUSINESS, FINANCE",ESCI,49,0.2,Q4,0.05,0.00%,223/241,0.2,Q4,0.1,<0.1,228/241,Q4,5.6,0.00001,0.00392,0.039,7.7,Q4,214/226,9,100.00%,,11.7,9
African Journal of Accounting Auditing and Finance,AFR J ACCOUNT AUDIT,INDERSCIENCE ENTERPRISES LTD,2046-8083,2046-8091,"BUSINESS, FINANCE",ESCI,48,0.7,Q4,0.08,0.00%,188/241,0.5,Q4,0.7,0.2,219/241,Q4,9.34,0.00001,0.00381,0.056,22.2,Q4,209/226,10,100.00%,,9.9,10
Academy Review,ACAD REV,ALFRED NOBEL UNIV,2074-5354,2522-9745,"BUSINESS, FINANCE",ESCI,46,0.2,Q4,0.06,100.00%,223/241,,,0.2,0.1,227/241,Q4,6.02,0.00002,0.00483,,7.7,,,41,97.56%,,6.6,40
Istanbul Iktisat Dergisi-Istanbul Journal of Economics,ISTANBUL J ECON,ISTANBUL UNIV,2602-4152,2602-3954,"BUSINESS, FINANCE",ESCI,41,0.3,Q4,0.08,25.00%,212/241,,,0.3,<0.1,219/241,Q4,9.34,0.00004,0.01042,,12.2,,,20,95.00%,,9.8,19
Southern African Journal of Accountability and Auditing Research-SAJAAR,SO AFR J ACCOUNT AUD,SOUTH AFRICAN INST GOVERNMENT AUDITORS,1028-9011,1028-9011,"BUSINESS, FINANCE",ESCI,40,0.2,Q4,0.04,0.00%,223/241,0.2,Q4,0.1,<0.1,230/241,Q4,4.77,0.00001,0.00222,0.031,7.7,Q4,216/226,8,100.00%,,8.4,8
Actualidad Contable Faces,ACTUAL CONTAB FACES,"UNIV ANDES, FAC CIENCIAS ECONOMICAS & SOCIALES",1316-8533,1316-8533,"BUSINESS, FINANCE",ESCI,37,0.1,Q4,0.02,13.95%,233/241,0.2,Q4,0.1,<0.1,234/241,Q4,3.11,0.00001,0.00284,0.024,3.5,Q4,220/226,14,100.00%,,10.6,14
Journal of Economic Policy Researches-Iktisat Politikasi Arastirmalari Dergisi,J ECON POLICY RES-IK,ISTANBUL UNIV,2148-3876,2148-3876,"BUSINESS, FINANCE",ESCI,35,0.3,Q4,0.08,19.23%,212/241,,,0.3,0.1,219/241,Q4,9.34,0.00003,0.0076,,12.2,,,21,100.00%,,11.7,21
Journal of Financial Market Infrastructures,J FINANC MARK INFRAS,INCISIVE MEDIA,2193-7532,2049-5412,"BUSINESS, FINANCE",ESCI,34,0.3,Q4,0.07,0.00%,212/241,0.4,Q4,0.2,<0.1,224/241,Q4,7.26,0.00007,0.01754,0.185,12.2,Q4,180/226,9,100.00%,,5.4,9
Revista Contabilidade e Controladoria-RC C,REV CONTAB CONTROL-R,UNIV FEDERAL PARANA,1984-6266,1984-6266,"BUSINESS, FINANCE",ESCI,31,0.2,Q4,0.02,0.00%,223/241,0.2,Q4,0.1,<0.1,234/241,Q4,3.11,0.00002,0.00563,0.027,7.7,Q4,217/226,17,94.12%,,10.1,16
Contabilidad y Negocios,CONTAB NEG,PONTIFICIA UNIV CATOLICA PERU,1992-1896,2221-724X,"BUSINESS, FINANCE",ESCI,28,0.2,Q4,0.02,100.00%,223/241,0.2,Q4,0.2,<0.1,234/241,Q4,3.11,0.00001,0.00413,0.026,7.7,Q4,218/226,9,100.00%,,7,9
Scientific Bulletin of Mukachevo State University-Series Economics,SCI B MUKACHEVO-ECON,MUKACHEVO STATE UNIV,2631-7877,2518-1254,"BUSINESS, FINANCE",ESCI,27,0.4,Q4,0.11,88.24%,205/241,,,0.3,0.3,209/241,Q4,13.49,0.00001,0.00244,,15.1,,,41,100.00%,,2.9,41
Revista Evidenciacao Contabil & Financas,REV EVIDENCIACAO CON,UNIV FEDERAL PARAIBA,2318-1001,2318-1001,"BUSINESS, FINANCE",ESCI,20,<0.1,Q4,0.02,97.92%,239/241,0.1,Q4,<0.1,,234/241,Q4,3.11,0,0.00216,0.01,1,Q4,225/226,0,,,,0
Journal of Accounting Review,J ACCOUNT REV,NATL CHENGCHI UNIV,1018-1687,1018-1687,"BUSINESS, FINANCE",ESCI,19,0.1,Q4,0.04,0.00%,233/241,0.3,Q4,0.1,<0.1,230/241,Q4,4.77,0,0.00116,0.017,3.5,Q4,222/226,9,100.00%,,10.9,9
South African Actuarial Journal,S AFR ACTUAR J,ACTUARIAL SOC SOUTH AFRICA-ASSA,1680-2179,1680-2179,"BUSINESS, FINANCE",ESCI,14,<0.1,Q4,0.02,50.00%,239/241,0.1,Q4,<0.1,,234/241,Q4,3.11,0,0.00065,0.017,1,Q4,222/226,0,,,,0
ATA Journal of Legal Tax Research,ATA J LEG TAX RES,AMER ACCOUNTING ASSOC,1543-866X,1543-866X,"BUSINESS, FINANCE",ESCI,12,0.5,Q4,0.11,0.00%,196/241,0.4,Q4,0.2,<0.1,209/241,Q4,13.49,0.00001,0.00297,0.113,18.9,Q4,196/226,4,100.00%,,6,4
Japanese Accounting Review,JPN ACCOUNT REV,"KOBE UNIV, RESEARCH INST ECONOMICS & BUSINESS ADM",2185-4785,2185-4793,"BUSINESS, FINANCE",ESCI,6,<0.1,Q4,0,100.00%,239/241,<0.1,Q4,<0.1,<0.1,241/241,Q4,0.21,0,0,0,1,Q4,226/226,1,100.00%,,,1
