,source_idx,source_name,issn,era_journal_name,era_for_codes,harzing_journal_name,harzing_field,works_count,cited_by_count,wos_journal_name,wos_categories,scopus_journal_name,scopus_asjc,topic_count,subfield_name,field_name,econ_bus_density,econ_score,bus_score,field_eb
0,678965,Value in Health,1098-3015,,,,,75175,203949,VALUE IN HEALTH,['ECONOMICS'],,,20348,Economics and Econometrics,"Economics, Econometrics and Finance",0.9323356357124585,2,0,E
1,58516903,Journal of Cleaner Production,0959-6526,,,,,47888,2671627,,,Journal of Cleaner Production,['1400'],6024,Environmental Engineering,Environmental Science,0.5838929261337503,0,1,X
2,44455300,Journal of Environmental Management,0301-4797,,,Journal of Environmental Management,Economics,28041,1096691,,,,,1597,Economics and Econometrics,"Economics, Econometrics and Finance",0.4017701683110853,2,0,E
3,45992627,The Economic Journal,0013-0133,The Economic Journal,['3801' '3802' '3803'],Economic Journal,Economics,19804,1047645,ECONOMIC JOURNAL,['ECONOMICS'],Economic Journal,['2000'],2043,"General Economics, Econometrics and Finance","Economics, Econometrics and Finance",1.0,7,0,E
4,5353659,The Journal of Finance,0022-1082,The Journal of Finance,['3502' '3801'],Journal of Finance,F&A,16013,1895258,JOURNAL OF FINANCE,"['ECONOMICS' 'BUSINESS, FINANCE']",Journal of Finance,['2000' '1400'],3415,Finance,"Economics, Econometrics and Finance",1.0,5,3,E
5,95323914,Journal of Political Economy,0022-3808,Journal of Political Economy,['35' '38'],Journal of Political Economy,Economics,15784,1209492,JOURNAL OF POLITICAL ECONOMY,['ECONOMICS'],Journal of Political Economy,['2000'],2639,Economics and Econometrics,"Economics, Econometrics and Finance",0.8456669352054321,5,1,E
6,142990027,Journal of Marketing,0022-2429,Journal of Marketing,['3506' '3507'],Journal of Marketing,Marketing,15129,1258649,JOURNAL OF MARKETING,['BUSINESS'],Journal of Marketing,['1400'],1633,Management of Technology and Innovation,"Business, Management and Accounting",0.8331121433311214,0,6,B
7,165492527,The Economic History Review,0013-0117,,,Economic History Review,Bus Hist,14890,260375,ECONOMIC HISTORY REVIEW,['ECONOMICS'],Economic History Review,['2000'],4204,Economics and Econometrics,"Economics, Econometrics and Finance",0.6877562975981254,3,1,E
8,36178057,Economics Letters,0165-1765,Economics Letters,['38'],Economics Letters,Economics,14887,321414,ECONOMICS LETTERS,['ECONOMICS'],Economics Letters,['2000'],3048,"General Economics, Econometrics and Finance","Economics, Econometrics and Finance",0.8867671345995045,5,0,E
9,122073985,The Journal of Economic History,0022-0507,,,Journal of Economic History,Economics,13973,127158,JOURNAL OF ECONOMIC HISTORY,['ECONOMICS'],Journal of Economic History,['2000'],2514,Economics and Econometrics,"Economics, Econometrics and Finance",0.7283698477534348,4,0,E
10,33323087,Management Science,0025-1909,,,Management Science,"OR,MS,POM",13589,1270172,MANAGEMENT SCIENCE,['MANAGEMENT'],Management Science,['1400'],1684,Management Information Systems,"Business, Management and Accounting",0.839973104723483,0,4,B
11,166002381,Journal of Applied Psychology,0021-9010,,,Journal of Applied Psychology,Psychology,13529,1363293,JOURNAL OF APPLIED PSYCHOLOGY,['MANAGEMENT'],,,1863,Organizational Behavior and Human Resource Management,"Business, Management and Accounting",0.44452397995705084,0,2,B
12,91754907,American Journal of Agricultural Economics,0002-9092,American Journal of Agricultural Economics,['3801'],American Journal of Agricultural Economics,Economics,13180,341602,AMERICAN JOURNAL OF AGRICULTURAL ECONOMICS,['ECONOMICS'],American Journal of Agricultural Economics,['2000'],3826,General Agricultural and Biological Sciences,Agricultural and Biological Sciences,0.5335993470572232,4,0,E
13,201533460,Applied Economics,0003-6846,Applied Economics,['3801' '3802'],Applied Economics,Economics,12922,258953,APPLIED ECONOMICS,['ECONOMICS'],Applied Economics,['2000'],2746,"General Economics, Econometrics and Finance","Economics, Econometrics and Finance",1.0,6,0,E
14,93284759,Journal of Business Research,0148-2963,Journal of Business Research,['35'],Journal of Business Research,Marketing,12553,923666,Journal of Business Research,['BUSINESS'],Journal of Business Research,['1400'],2524,Marketing,"Business, Management and Accounting",0.7975951903807615,0,5,B
15,16296580,Southern Economic Journal,0038-4038,Southern Economic Journal,['3801' '3802' '3803'],Southern Economic Journal,Economics,10948,412446,SOUTHERN ECONOMIC JOURNAL,['ECONOMICS'],Southern Economic Journal,['2000'],1291,"General Economics, Econometrics and Finance","Economics, Econometrics and Finance",1.0,7,0,E
16,50366009,Urban Studies,0042-0980,,,Urban Studies,PSM,10732,325434,,,,,1384,Economics and Econometrics,"Economics, Econometrics and Finance",0.44991816693944353,1,1,A
17,37814254,De Economist,0013-063X,De Economist,['3801' '3802' '3803'],,,10660,19570,ECONOMIST-NETHERLANDS,['ECONOMICS'],De Economist,['2000'],803,Law,Social Sciences,0.5029280055115398,5,0,E
18,76633192,Journal of Business Ethics,0167-4544,,,Journal of Business Ethics,"OS/OB,HRM/IR",10432,816933,JOURNAL OF BUSINESS ETHICS,['BUSINESS'],Journal of Business Ethics,['2000' '1400'],4158,Information Systems and Management,Decision Sciences,0.45450909818036395,1,3,B
19,88020226,The Business History Review,0007-6805,,,Business History Review,Bus Hist,10012,30182,BUSINESS HISTORY REVIEW,['BUSINESS'],Business History Review,['1400'],1254,Economics and Econometrics,"Economics, Econometrics and Finance",0.5348889895786135,1,3,B
20,39307421,Technological Forecasting and Social Change,0040-1625,Technological Forecasting and Social Change,['35' '38'],Technological Forecasting and Social Change,Innovation,9860,516168,TECHNOLOGICAL FORECASTING AND SOCIAL CHANGE,['BUSINESS'],Technological Forecasting and Social Change,['1400'],1141,Strategy and Management,"Business, Management and Accounting",0.7435064935064936,1,5,B
21,57667410,Annals of Operations Research,0254-5330,,,Annals of Operations Research,"OR,MS,POM",9343,262084,,,,,886,Management Information Systems,"Business, Management and Accounting",0.5568800207307593,0,2,B
22,96544531,Applied Economics Letters,1350-4851,Applied Economics Letters,['3502' '3801' '3899'],Applied Economics Letters,Economics,9216,100802,APPLIED ECONOMICS LETTERS,['ECONOMICS'],Applied Economics Letters,['2000'],2085,"General Economics, Econometrics and Finance","Economics, Econometrics and Finance",1.0,6,1,E
23,184816971,International Journal of Production Economics,0925-5273,,,International Journal of Production Economics,"OR,MS,POM",9071,562057,,,International Journal of Production Economics,['2000' '1400'],2998,Management Information Systems,"Business, Management and Accounting",0.725338062513855,1,3,B
24,38825547,Economic Geography,0013-0095,,,Economic Geography,Economics,9063,223178,ECONOMIC GEOGRAPHY,['ECONOMICS'],Economic Geography,['2000'],1980,Economics and Econometrics,"Economics, Econometrics and Finance",0.5833521317392285,4,0,E
25,136211407,Ecological Economics,0921-8009,,,Ecological Economics,Economics,8589,602685,ECOLOGICAL ECONOMICS,['ECONOMICS'],Ecological Economics,['2000'],2239,Economics and Econometrics,"Economics, Econometrics and Finance",0.5527852296039135,4,0,E
26,94499970,Energy Economics,0140-9883,Energy Economics,['3502' '3801' '3802'],Energy Economics,Economics,8479,465603,Energy Economics,['ECONOMICS'],Energy Economics,['2000'],2850,Economics and Econometrics,"Economics, Econometrics and Finance",0.644719040317489,6,1,E
27,125775545,Operations Research,0030-364X,Operations Research,['3507'],Operations Research,"OR,MS,POM",8336,517241,OPERATIONS RESEARCH,['MANAGEMENT'],,,1266,Management Information Systems,"Business, Management and Accounting",0.540906162765729,0,4,B
28,108845946,Economica,0013-0427,Economica,['3801' '3802' '3803'],Economica,Economics,8255,401387,ECONOMICA,['ECONOMICS'],Economica,['2000'],1003,"General Economics, Econometrics and Finance","Economics, Econometrics and Finance",1.0,7,0,E
29,23254222,American Economic Review,0002-8282,American Economic Review,['35' '38'],American Economic Review,Economics,8192,1506348,AMERICAN ECONOMIC REVIEW,['ECONOMICS'],American Economic Review,['2000'],1127,Economics and Econometrics,"Economics, Econometrics and Finance",1.0,5,1,E
30,155209994,Environment Development and Sustainability,1387-585X,,,,,8084,146166,,,"Environment, Development and Sustainability",['2000'],1508,Economics and Econometrics,"Economics, Econometrics and Finance",0.6697958225768599,2,0,E
31,88577320,Finance research letters,1544-6123,Finance Research Letters,['3502'],Finance Research Letters,F&A,8065,164225,Finance Research Letters,"['BUSINESS, FINANCE']",Finance Research Letters,['2000'],1990,Accounting,"Business, Management and Accounting",1.0,3,3,A
32,2764887140,Mediterranean Journal of Social Sciences,2039-2117,,,,,7659,43120,,,Mediterranean Journal of Social Sciences,['2000'],590,Economics and Econometrics,"Economics, Econometrics and Finance",0.6086412022542267,2,0,E
33,9435936,Long Range Planning,0024-6301,Long Range Planning,['3507'],Long Range Planning,Gen & Strat,7644,441725,LONG RANGE PLANNING,['MANAGEMENT' 'BUSINESS'],Long Range Planning,['2000' '1400'],781,Strategy and Management,"Business, Management and Accounting",0.8851590106007067,1,5,B
34,119950638,Journal of Marketing Research,0022-2437,Journal of Marketing Research,['3506'],Journal of Marketing Research,Marketing,7596,1014680,JOURNAL OF MARKETING RESEARCH,['BUSINESS'],Journal of Marketing Research,['2000' '1400'],1577,Marketing,"Business, Management and Accounting",0.8683974932855864,1,5,B
35,180061323,The Review of Economics and Statistics,0034-6535,The Review of Economics and Statistics,['3502' '3801' '3802'],Review of Economics and Statistics,Economics,7507,631892,REVIEW OF ECONOMICS AND STATISTICS,['ECONOMICS'],Review of Economics and Statistics,['2000'],961,"General Economics, Econometrics and Finance","Economics, Econometrics and Finance",1.0,6,1,E
36,87933477,Environment and Planning A Economy and Space,0308-518X,,,Environment and Planning A,PSM,7469,282202,,,,,779,Economics and Econometrics,"Economics, Econometrics and Finance",0.6415036674816625,1,1,A
37,2876017,Journal of Banking & Finance,0378-4266,,,Journal of Banking and Finance,F&A,7380,490654,JOURNAL OF BANKING & FINANCE,"['ECONOMICS' 'BUSINESS, FINANCE']",Journal of Banking and Finance,['2000'],2484,Finance,"Economics, Econometrics and Finance",1.0,4,1,E
38,95464858,Econometrica,0012-9682,Econometrica: journal of the Econometric Society,['3801' '3802' '3803'],Econometrica,Economics,7234,1572212,ECONOMETRICA,['ECONOMICS'],Econometrica,['2000'],1639,Economics and Econometrics,"Economics, Econometrics and Finance",0.7371913989912398,7,0,E
39,117778295,Academy of Management Journal,0001-4273,Academy of Management Journal,['3505' '3507'],Academy of Management Journal,Gen & Strat,6865,1280647,ACADEMY OF MANAGEMENT JOURNAL,['MANAGEMENT' 'BUSINESS'],Academy of Management Journal,['1400'],1007,Organizational Behavior and Human Resource Management,"Business, Management and Accounting",0.8863387978142077,0,6,B
40,203860005,The Quarterly Journal of Economics,0033-5533,The Quarterly Journal of Economics,['3801' '3802' '3803'],Quarterly Journal of Economics,Economics,6642,1135917,QUARTERLY JOURNAL OF ECONOMICS,['ECONOMICS'],Quarterly Journal of Economics,['2000'],1213,Economics and Econometrics,"Economics, Econometrics and Finance",1.0,7,0,E
41,194185345,Resources Policy,0301-4207,,,,,6446,196985,,,Resources Policy,['2000'],2126,Economics and Econometrics,"Economics, Econometrics and Finance",0.677216994582264,2,0,E
42,141184754,Economic Modelling,0264-9993,Economic Modelling,['3502' '3801' '3802'],Economic Modelling,Economics,6432,178832,ECONOMIC MODELLING,['ECONOMICS'],Economic Modelling,['2000'],1987,"General Economics, Econometrics and Finance","Economics, Econometrics and Finance",1.0,6,1,E
43,4210209709,Health Policy,0168-8510,,,Health Policy,Economics,6377,192436,,,,,1606,Economics and Econometrics,"Economics, Econometrics and Finance",0.6576130055511499,2,0,E
44,127742747,Journal of Econometrics,0304-4076,,,Journal of Econometrics,Economics,6312,662601,Journal of Econometrics,['ECONOMICS'],Journal of Econometrics,['2000'],1921,"General Economics, Econometrics and Finance","Economics, Econometrics and Finance",0.6452129362792187,4,0,E
45,149131268,Journal of Economic Theory,0022-0531,Journal of Economic Theory,['3801' '3803'],Journal of Economic Theory,Economics,6167,363335,JOURNAL OF ECONOMIC THEORY,['ECONOMICS'],Journal of Economic Theory,['2000'],2982,Economics and Econometrics,"Economics, Econometrics and Finance",0.5484563758389261,6,0,E
46,134988049,Econometric Reviews,0747-4938,Econometric Reviews,['3802'],Econometric Reviews,Economics,6127,72538,Econometric Reviews,['ECONOMICS'],Econometric Reviews,['2000'],735,"General Economics, Econometrics and Finance","Economics, Econometrics and Finance",0.8497135301895108,5,0,E
47,113237667,Business Horizons,0007-6813,Business Horizons,['3505' '3506' '3507'],Business Horizons,Gen & Strat,6044,221014,BUSINESS HORIZONS,['BUSINESS'],Business Horizons,['1400'],222,Strategy and Management,"Business, Management and Accounting",0.7857142857142857,0,7,B
48,69338747,European Economic Review,0014-2921,European Economic Review,['3801' '3802' '3803'],European Economic Review,Economics,5939,290350,EUROPEAN ECONOMIC REVIEW,['ECONOMICS'],European Economic Review,['2000'],1074,"General Economics, Econometrics and Finance","Economics, Econometrics and Finance",1.0,7,0,E
49,93666758,Journal of Economic Issues,0021-3624,Journal of Economic Issues (JEI),['35' '38'],Journal of Economic Issues,Economics,5857,116068,JOURNAL OF ECONOMIC ISSUES,['ECONOMICS'],Journal of Economic Issues,['2000' '1400'],1678,Economics and Econometrics,"Economics, Econometrics and Finance",0.8251614446304711,5,2,E
50,154533451,IEEE Transactions on Engineering Management,0018-9391,,,IEEE Transactions on Engineering Management,"OR,MS,POM",5800,145084,IEEE TRANSACTIONS ON ENGINEERING MANAGEMENT,['MANAGEMENT' 'BUSINESS'],IEEE Transactions on Engineering Management,['1400'],751,Strategy and Management,"Business, Management and Accounting",0.6737941322725013,0,4,B
51,175672440,Regional Studies,0034-3404,,,Regional Studies,PSM,5748,234362,REGIONAL STUDIES,['ECONOMICS'],,,1340,Economics and Econometrics,"Economics, Econometrics and Finance",0.5825242718446602,2,1,E
52,46763546,Academy of Management Review,0363-7425,Academy of Management Review,['3507'],Academy of Management Review,Gen & Strat,5641,1620420,ACADEMY OF MANAGEMENT REVIEW,['MANAGEMENT' 'BUSINESS'],Academy of Management Review,['1400'],1040,Organizational Behavior and Human Resource Management,"Business, Management and Accounting",0.8380050964688751,0,5,B
53,7424199,Public Choice,0048-5829,,,Public Choice,PSM,5580,166470,PUBLIC CHOICE,['ECONOMICS'],Public Choice,['2000'],1118,Political Science and International Relations,Social Sciences,0.5832718327183272,2,1,E
54,150321664,Cornell Hotel and Restaurant Administration Quarterly,0010-8804,,,,,5574,60090,,,Cornell Hotel and Restaurant Administration Quarterly,['1400'],352,"Tourism, Leisure and Hospitality Management","Business, Management and Accounting",0.5965865011636928,0,2,B
55,162525099,Financial Analysts Journal,0015-198X,Financial Analysts Journal,['3501' '3502'],Financial Analysts Journal,F&A,5554,128947,FINANCIAL ANALYSTS JOURNAL,"['BUSINESS, FINANCE']",Financial Analysts Journal,['2000' '1400'],1284,Finance,"Economics, Econometrics and Finance",1.0,4,4,A
56,942037226,Business History,0007-6791,,,Business History,Bus Hist,5446,34624,BUSINESS HISTORY,['BUSINESS'],Business History,['1400'],616,Economics and Econometrics,"Economics, Econometrics and Finance",0.765704584040747,1,3,B
57,2765046590,Asian Social Science,1911-2017,,,,,5434,48050,,,Asian Social Science,['2000'],229,Accounting,"Business, Management and Accounting",0.5906921241050119,1,1,A
58,97548893,American Journal of Economics and Sociology,0002-9246,,,,,5420,36777,AMERICAN JOURNAL OF ECONOMICS AND SOCIOLOGY,['ECONOMICS'],American Journal of Economics and Sociology,['2000'],694,Economics and Econometrics,"Economics, Econometrics and Finance",0.6963677639046538,3,0,E
59,4210206302,Humanities and Social Sciences Communications,2662-9992,,,,,5377,45593,,,Humanities and Social Sciences Communications,['2000' '1400'],279,Economics and Econometrics,"Economics, Econometrics and Finance",0.47262569832402235,2,1,E
60,31748134,Industrial Marketing Management,0019-8501,Industrial Marketing Management,['3506' '3507'],Industrial Marketing Management,Marketing,5261,314230,INDUSTRIAL MARKETING MANAGEMENT,['MANAGEMENT' 'BUSINESS'],Industrial Marketing Management,['1400'],1402,Organizational Behavior and Human Resource Management,"Business, Management and Accounting",0.8909816086860182,0,6,B
61,199447588,Journal of Public Economics,0047-2727,Journal of Public Economics,['3801' '3803'],Journal of Public Economics,Economics,5211,407816,JOURNAL OF PUBLIC ECONOMICS,['ECONOMICS'],Journal of Public Economics,['2000'],1843,Economics and Econometrics,"Economics, Econometrics and Finance",0.7979274611398963,6,0,E
62,130179515,Economic Record,0013-0249,The Economic Record,['3801' '3802' '3803'],Economic Record,Economics,5208,54238,ECONOMIC RECORD,['ECONOMICS'],Economic Record,['2000'],629,Economics and Econometrics,"Economics, Econometrics and Finance",0.7596865476708751,7,0,E
63,2042836,Intertax,0165-2826,,,,,5162,6295,,,Intertax,['1400'],2876,Accounting,"Business, Management and Accounting",0.906340436727177,0,2,B
64,9731383,Research Policy,0048-7333,Research Policy,['3507' '3801'],Research Policy,Economics,5089,702189,RESEARCH POLICY,['MANAGEMENT'],Research Policy,['1400'],1412,Strategy and Management,"Business, Management and Accounting",1.0,2,4,B
65,4210190151,Omega,0305-0483,OMEGA International Journal of Management Science,['3503' '3507'],OMEGA,"OR,MS,POM",5065,240785,OMEGA-INTERNATIONAL JOURNAL OF MANAGEMENT SCIENCE,['MANAGEMENT'],Omega (United Kingdom),['1400'],730,Management Information Systems,"Business, Management and Accounting",0.49024822695035464,0,6,B
66,4306531871,Terra Economicus,2073-6606,,,,,5045,1584,Terra Economicus,['ECONOMICS'],Terra Economicus,['2000'],367,"General Economics, Econometrics and Finance","Economics, Econometrics and Finance",0.5876288659793815,3,0,E
67,154010748,Management Decision,0025-1747,Management Decision,['3505' '3506' '3507'],Management Decision,Gen & Strat,5039,183458,MANAGEMENT DECISION,['MANAGEMENT' 'BUSINESS'],Management Decision,['1400'],876,Strategy and Management,"Business, Management and Accounting",1.0,0,7,B
68,168273071,International Review of Economics & Finance,1059-0560,International Review of Economics and Finance,['3501' '3502' '3801'],International Review of Economics and Finance,Economics,4975,92654,International Review of Economics & Finance,"['ECONOMICS' 'BUSINESS, FINANCE']",International Review of Economics and Finance,['2000'],1064,Accounting,"Business, Management and Accounting",1.0,4,4,A
69,61446109,Human Relations,0018-7267,Human Relations,['3507'],Human Relations,"OS/OB,HRM/IR",4914,368321,HUMAN RELATIONS,['MANAGEMENT'],Human Relations,['1400'],910,Organizational Behavior and Human Resource Management,"Business, Management and Accounting",0.6522744795682344,0,5,B
70,148599315,International Journal of Hospitality Management,0278-4319,International Journal of Hospitality Management,['3504' '3508'],International Journal of Hospitality Management,Tourism,4905,278386,,,International Journal of Hospitality Management,['1400'],1151,Organizational Behavior and Human Resource Management,"Business, Management and Accounting",0.6612734864300627,0,5,B
71,4210206027,Journal of Education for Business,0883-2323,Journal of Education for Business,['3502' '3507'],,,4895,44716,,,Journal of Education for Business,['1400'],1237,Management of Technology and Innovation,"Business, Management and Accounting",0.6639566395663956,0,4,B
72,149240962,Journal of Financial Economics,0304-405X,Journal of Financial Economics,['3502' '3801'],Journal of Financial Economics,F&A,4765,1271952,JOURNAL OF FINANCIAL ECONOMICS,"['ECONOMICS' 'BUSINESS, FINANCE']",Journal of Financial Economics,['2000' '1400'],2079,Accounting,"Business, Management and Accounting",1.0,4,4,A
73,45372229,World Economy,0378-5920,The World Economy,['3801'],World Economy,Economics,4711,95241,WORLD ECONOMY,"['ECONOMICS' 'BUSINESS, FINANCE']",World Economy,['2000' '1400'],2020,"General Economics, Econometrics and Finance","Economics, Econometrics and Finance",0.9008264462809917,5,2,E
74,59289252,Intereconomics,0020-5346,Intereconomics: review of European economic policy,['3502' '3801'],,,4619,17221,,,Intereconomics,['2000' '1400'],568,Finance,"Economics, Econometrics and Finance",0.6668241965973535,3,2,E
75,101209419,Journal of Development Economics,0304-3878,,,Journal of Development Economics,Economics,4584,348636,JOURNAL OF DEVELOPMENT ECONOMICS,['ECONOMICS'],Journal of Development Economics,['2000'],814,Economics and Econometrics,"Economics, Econometrics and Finance",0.8221235916695118,4,0,E
76,44585919,Journal of Economic Dynamics and Control,0165-1889,Journal of Economic Dynamics and Control,['3502' '3802' '3803'],Journal of Economic Dynamics and Control,Economics,4582,178987,JOURNAL OF ECONOMIC DYNAMICS & CONTROL,['ECONOMICS'],Journal of Economic Dynamics and Control,['2000'],1868,Economics and Econometrics,"Economics, Econometrics and Finance",1.0,6,1,E
77,145200904,Health Economics,1057-9230,,,Health Economics (United Kingdom),Economics,4557,166735,HEALTH ECONOMICS,['ECONOMICS'],,,1636,Economics and Econometrics,"Economics, Econometrics and Finance",0.624976240258506,3,0,E
78,116184629,National Tax Journal,0028-0283,National Tax Journal,['3801'],National Tax Journal,Economics,4530,73269,NATIONAL TAX JOURNAL,"['ECONOMICS' 'BUSINESS, FINANCE']",National Tax Journal,['2000' '1400'],2069,Accounting,"Business, Management and Accounting",0.7825828503492347,4,3,E
79,2058785,Journal of money credit and banking,0022-2879,"Journal of Money, Credit and Banking",['3502' '3801' '3803'],"Journal of Money, Credit and Banking",F&A,4482,221586,JOURNAL OF MONEY CREDIT AND BANKING,"['ECONOMICS' 'BUSINESS, FINANCE']","Journal of Money, Credit and Banking",['2000' '1400'],1747,"General Economics, Econometrics and Finance","Economics, Econometrics and Finance",1.0,6,3,E
80,11350316,Wirtschaftsdienst,0043-6275,,,,,4482,6711,,,Wirtschaftsdienst,['1400'],914,Economics and Econometrics,"Economics, Econometrics and Finance",0.7469000729394603,1,1,A
81,25235501,Journal of Retailing and Consumer Services,0969-6989,Journal of Retailing and Consumer Services,['3504' '3507' '3509'],Journal of Retailing and Consumer Services,Marketing,4465,241333,Journal of Retailing and Consumer Services,['BUSINESS'],Journal of Retailing and Consumer Services,['1400'],1693,Marketing,"Business, Management and Accounting",0.6944612590799032,0,7,B
82,145572626,International Review of Financial Analysis,1057-5219,International Review of Financial Analysis,['3501' '3502' '3801'],International Review of Financial Analysis,F&A,4442,123625,International Review of Financial Analysis,"['BUSINESS, FINANCE']",International Review of Financial Analysis,['2000'],1420,Accounting,"Business, Management and Accounting",1.0,4,4,A
83,102949365,Strategic Management Journal,0143-2095,Strategic Management Journal,['3507'],Strategic Management Journal,Gen & Strat,4425,1114659,STRATEGIC MANAGEMENT JOURNAL,['MANAGEMENT' 'BUSINESS'],Strategic Management Journal,['1400'],1359,Strategy and Management,"Business, Management and Accounting",1.0,0,5,B
84,4210168539,Science and Public Policy,0302-3427,,,,,4393,61782,Science and Public Policy,['MANAGEMENT'],,,527,Economics and Econometrics,"Economics, Econometrics and Finance",0.6557169930511687,1,1,A
85,90392387,South African Journal of Economics,0038-2280,South African Journal of Economics,['3801' '3802' '3803'],,,4373,30748,SOUTH AFRICAN JOURNAL OF ECONOMICS,['ECONOMICS'],South African Journal of Economics,['2000'],1026,Law,Social Sciences,0.46384039900249374,5,0,E
86,76440981,Canadian Journal of Economics/Revue canadienne d économique,0008-4085,,,Canadian Journal of Economics,Economics,4324,168556,CANADIAN JOURNAL OF ECONOMICS-REVUE CANADIENNE D ECONOMIQUE,['ECONOMICS'],Canadian Journal of Economics,['2000'],720,"General Economics, Econometrics and Finance","Economics, Econometrics and Finance",1.0,4,0,E
87,143668711,Administrative Science Quarterly,0001-8392,Administrative Science Quarterly,['3505' '3507'],Administrative Science Quarterly,Gen & Strat,4313,1039015,ADMINISTRATIVE SCIENCE QUARTERLY,['MANAGEMENT' 'BUSINESS'],,,517,Organizational Behavior and Human Resource Management,"Business, Management and Accounting",0.791864406779661,0,5,B
88,21668869,Strategic Direction,0258-0543,Strategic Direction,['3505' '3507'],,,4309,27730,,,Strategic Direction,['1400'],579,Strategy and Management,"Business, Management and Accounting",0.8488918737407656,0,4,B
89,206615888,Economic Inquiry,0095-2583,Economic Inquiry,['3801' '3802' '3803'],Economic Inquiry,Economics,4256,134271,ECONOMIC INQUIRY,['ECONOMICS'],Economic Inquiry,['2000' '1400'],664,Economics and Econometrics,"Economics, Econometrics and Finance",0.848823294774631,7,1,E
90,93630570,Journal of Product Innovation Management,0737-6782,,,Journal of Product Innovation Management,Innovation,4254,229458,JOURNAL OF PRODUCT INNOVATION MANAGEMENT,['MANAGEMENT' 'BUSINESS'],Journal of Product Innovation Management,['1400'],1266,Strategy and Management,"Business, Management and Accounting",0.7109166983643971,0,4,B
91,4210230633,International Journal of Business and Management,1833-3850,International Journal of Business and Management,['3505' '3507'],,,4237,63293,,,,,400,Accounting,"Business, Management and Accounting",0.8470889315419066,0,3,B
92,149285975,Land Economics,0023-7639,Land Economics: a quarterly journal devoted to the study of economic and social institutions,['3801'],Land Economics,Economics,4213,153459,LAND ECONOMICS,['ECONOMICS'],Land Economics,['2000'],939,Economics and Econometrics,"Economics, Econometrics and Finance",0.7916843445057277,5,0,E
93,28882882,Organization Studies,0170-8406,Organization Studies,['35'],Organization Studies,"OS/OB,HRM/IR",4207,272679,ORGANIZATION STUDIES,['MANAGEMENT'],Organization Studies,['1400'],1512,Organizational Behavior and Human Resource Management,"Business, Management and Accounting",0.9258149119520419,0,5,B
94,138400101,Managerial and Decision Economics,0143-6570,Managerial and Decision Economics: the international journal of research and progress in management economics,['3502' '3801'],Managerial and Decision Economics,Economics,4181,56982,MANAGERIAL AND DECISION ECONOMICS,['ECONOMICS' 'MANAGEMENT'],Managerial and Decision Economics,['1400'],754,Accounting,"Business, Management and Accounting",0.880129091747349,3,4,B
95,43019230,PharmacoEconomics,1170-7690,,,,,4162,145713,PHARMACOECONOMICS,['ECONOMICS'],,,1934,Economics and Econometrics,"Economics, Econometrics and Finance",0.8533916849015317,2,0,E
96,88935262,The Review of Economic Studies,0034-6527,The Review of Economic Studies,['3801' '3802' '3803'],Review of Economic Studies,Economics,4161,579151,REVIEW OF ECONOMIC STUDIES,['ECONOMICS'],Review of Economic Studies,['2000'],1378,Economics and Econometrics,"Economics, Econometrics and Finance",1.0,7,0,E
97,43637407,R and D Management,0033-6807,R and D Management,['3503' '3507'],R and D Management,Innovation,4120,100794,R & D MANAGEMENT,['MANAGEMENT' 'BUSINESS'],R and D Management,['1400'],1291,Strategy and Management,"Business, Management and Accounting",0.8633962264150944,0,6,B
98,180126918,AFRICAN JOURNAL OF BUSINESS MANAGEMENT,1993-8233,African Journal of Business Management,['3505' '3507'],,,4102,55697,,,,,386,Organizational Behavior and Human Resource Management,"Business, Management and Accounting",0.8524355300859598,0,3,B
99,198098467,Journal of International Economics,0022-1996,Journal of International Economics,['3801' '3802' '3803'],Journal of International Economics,Economics,4068,311280,JOURNAL OF INTERNATIONAL ECONOMICS,['ECONOMICS'],Journal of International Economics,['2000'],1564,"General Economics, Econometrics and Finance","Economics, Econometrics and Finance",1.0,7,0,E
100,84664706,Personnel Psychology,0031-5826,,,Personnel Psychology,"OS/OB,HRM/IR",4065,303563,PERSONNEL PSYCHOLOGY,['MANAGEMENT'],Personnel Psychology,['1400'],709,Organizational Behavior and Human Resource Management,"Business, Management and Accounting",0.5525974025974026,0,4,B
101,120991925,Telecommunications Policy,0308-5961,,,Telecommunications Policy,"MIS,KM",4039,89746,,,Telecommunications Policy,['2000' '1400'],2000,Media Technology,Engineering,0.40101826894279724,1,2,B
102,205793605,Business Strategy and the Environment,0964-4733,Business Strategy and the Environment,['3501' '3502' '3507'],Business Strategy and the Environment,Gen & Strat,4003,228611,Business Strategy and the Environment,['MANAGEMENT' 'BUSINESS'],Business Strategy and the Environment,['1400'],2138,Marketing,"Business, Management and Accounting",1.0,0,7,B
103,193228710,Journal of Financial and Quantitative Analysis,0022-1090,Journal of Financial and Quantitative Analysis,['3501' '3502'],Journal of Financial and Quantitative Analysis,F&A,3995,257898,JOURNAL OF FINANCIAL AND QUANTITATIVE ANALYSIS,"['ECONOMICS' 'BUSINESS, FINANCE']",Journal of Financial and Quantitative Analysis,['2000' '1400'],1659,Finance,"Economics, Econometrics and Finance",1.0,4,4,A
104,101788309,Papers of the Regional Science Association,1056-8190,,,Papers in Regional Science,Economics,3946,85468,PAPERS IN REGIONAL SCIENCE,['ECONOMICS'],,,1147,Economics and Econometrics,"Economics, Econometrics and Finance",0.8152133580705009,3,0,E
105,16035445,Enterprise & Society,1467-2227,,,Enterprise and Society,Bus Hist,3926,9262,ENTERPRISE & SOCIETY,['BUSINESS'],Enterprise and Society,['1400'],444,Economics and Econometrics,"Economics, Econometrics and Finance",0.5953453453453453,1,3,B
106,2764746468,European Taxation,0014-3138,,,,,3904,4275,,,European Taxation,['2000'],2352,Accounting,"Business, Management and Accounting",0.8786215309545593,1,1,A
107,6711363,Journal of Monetary Economics,0304-3932,Journal of Monetary Economics,['3502' '3801' '3803'],Journal of Monetary Economics,Economics,3896,364356,JOURNAL OF MONETARY ECONOMICS,"['ECONOMICS' 'BUSINESS, FINANCE']",Journal of Monetary Economics,['2000'],1824,"General Economics, Econometrics and Finance","Economics, Econometrics and Finance",1.0,6,2,E
108,89389284,European Journal of Marketing,0309-0566,European Journal of Marketing,['3506'],European Journal of Marketing,Marketing,3852,258513,EUROPEAN JOURNAL OF MARKETING,['BUSINESS'],European Journal of Marketing,['1400'],1318,Marketing,"Business, Management and Accounting",0.830279109106287,0,5,B
109,29659387,Industrial and Commercial Training,0019-7858,,,,,3850,32599,INDUSTRIAL AND COMMERCIAL TRAINING,['MANAGEMENT'],Industrial and Commercial Training,['1400'],328,Organizational Behavior and Human Resource Management,"Business, Management and Accounting",0.63718820861678,0,3,B
110,2764563877,EUROPEAN RESEARCH STUDIES JOURNAL,1108-2976,European Research Studies Journal,['3501' '3502' '3801'],,,3832,15272,,,European Research Studies Journal,['2000' '1400'],351,"Management, Monitoring, Policy and Law",Environmental Science,0.4519607843137255,2,3,B
111,70698675,Technovation,0166-4972,Technovation,['3503' '3507'],Technovation,Innovation,3821,210723,TECHNOVATION,['MANAGEMENT'],Technovation,['1400'],1181,Strategy and Management,"Business, Management and Accounting",1.0,0,6,B
112,3030835295,Economic Affairs,0265-0665,Economic Affairs: the journal of the IEA,['3801' '3802' '3803'],,,3811,11775,ECONOMIC AFFAIRS,['ECONOMICS'],,,273,"General Economics, Econometrics and Finance","Economics, Econometrics and Finance",0.829734219269103,5,0,E
113,116483603,Journal of Risk & Insurance,0022-4367,Journal of Risk and Insurance,['3502' '3801'],Journal of Risk and Insurance,F&A,3781,77246,JOURNAL OF RISK AND INSURANCE,"['ECONOMICS' 'BUSINESS, FINANCE']",Journal of Risk and Insurance,['2000' '1400'],1744,Economics and Econometrics,"Economics, Econometrics and Finance",0.7839666840187403,5,3,E
114,167074060,Tijdschrift voor Economische en Sociale Geografie,0040-747X,,,,,3734,43044,TIJDSCHRIFT VOOR ECONOMISCHE EN SOCIALE GEOGRAFIE,['ECONOMICS'],Tijdschrift Voor Economische en Sociale Geografie,['2000'],356,Economics and Econometrics,"Economics, Econometrics and Finance",0.42058165548098436,3,0,E
115,149070780,Production and Operations Management,1059-1478,,,Production and Operations Management,"OR,MS,POM",3734,151810,,,Production and Operations Management,['1400'],1171,Management Information Systems,"Business, Management and Accounting",0.8769013088079236,0,3,B
116,178258306,Empirical Economics,0377-7332,"Empirical Economics: a quarterly journal of the Institute for Advanced Studies, Vienna",['3801' '3802' '3803'],Empirical Economics,Economics,3711,79592,Empirical Economics,['ECONOMICS'],Empirical Economics,['2000'],1253,"General Economics, Econometrics and Finance","Economics, Econometrics and Finance",1.0,7,0,E
117,18095783,Journal of Business and Economic Statistics,0735-0015,,,Journal of Business and Economic Statistics,Economics,3707,254135,JOURNAL OF BUSINESS & ECONOMIC STATISTICS,['ECONOMICS'],Journal of Business and Economic Statistics,['2000'],1043,"General Economics, Econometrics and Finance","Economics, Econometrics and Finance",0.8475873544093178,4,0,E
118,92522684,Journal of the Academy of Marketing Science,0092-0703,Journal of the Academy of Marketing Science,['3506' '3507'],Journal of the Academy of Marketing Science,Marketing,3672,420242,JOURNAL OF THE ACADEMY OF MARKETING SCIENCE,['BUSINESS'],Journal of the Academy of Marketing Science,['2000' '1400'],934,Marketing,"Business, Management and Accounting",0.8471467391304348,1,6,B
119,160034077,Health Care Management Review,0361-6274,,,,,3669,51418,,,Health Care Management Review,['1400'],912,Economics and Econometrics,"Economics, Econometrics and Finance",0.4870848708487085,1,1,A
120,171720814,International Journal of Technology Management,0267-5730,,,International Journal of Technology Management,Innovation,3663,50817,INTERNATIONAL JOURNAL OF TECHNOLOGY MANAGEMENT,['MANAGEMENT'],International Journal of Technology Management,['1400'],911,Strategy and Management,"Business, Management and Accounting",1.0,0,4,B
121,2764955566,The Indian Economic Journal,0019-4662,Indian Economic Journal,['3801' '3802' '3803'],,,3662,4254,,,Indian Economic Journal,['2000'],437,Finance,"Economics, Econometrics and Finance",1.0,5,0,E
122,4210217951,Journal of risk and financial management,1911-8066,Journal of Risk and Financial Management,['35' '38'],,,3656,44111,,,Journal of Risk and Financial Management,['2000' '1400'],695,Economics and Econometrics,"Economics, Econometrics and Finance",1.0,3,2,E
123,10747938,Journal of International Money and Finance,0261-5606,Journal of International Money and Finance: theoretical and empirical research in international economics and finance,['3502' '3801'],Journal of International Money and Finance,F&A,3645,161203,JOURNAL OF INTERNATIONAL MONEY AND FINANCE,"['BUSINESS, FINANCE']",Journal of International Money and Finance,['2000'],2006,"General Economics, Econometrics and Finance","Economics, Econometrics and Finance",1.0,5,2,E
124,39841227,International Journal of Forecasting,0169-2070,,,International Journal of Forecasting,Economics,3641,245020,INTERNATIONAL JOURNAL OF FORECASTING,['ECONOMICS' 'MANAGEMENT'],International Journal of Forecasting,['1400'],1095,"General Economics, Econometrics and Finance","Economics, Econometrics and Finance",0.6054570259208731,3,2,E
125,151705444,Journal of Management Studies,0022-2380,Journal of Management Studies,['3505' '3507'],Journal of Management Studies,Gen & Strat,3614,344356,JOURNAL OF MANAGEMENT STUDIES,['MANAGEMENT' 'BUSINESS'],Journal of Management Studies,['1400'],841,Organizational Behavior and Human Resource Management,"Business, Management and Accounting",1.0,0,6,B
126,176795851,Journal of Macroeconomics,0164-0704,Journal of Macroeconomics,['3502' '3801' '3803'],Journal of Macroeconomics,Economics,3606,105883,JOURNAL OF MACROECONOMICS,['ECONOMICS'],Journal of Macroeconomics,['2000'],1509,"General Economics, Econometrics and Finance","Economics, Econometrics and Finance",1.0,6,1,E
127,65528657,Journal of Regional Science,0022-4146,,,Journal of Regional Science,Economics,3602,82534,JOURNAL OF REGIONAL SCIENCE,['ECONOMICS'],,,1163,Economics and Econometrics,"Economics, Econometrics and Finance",0.8889687387711103,3,0,E
128,134094273,Human Resource Management,0090-4848,,,Human Resource Management,"OS/OB,HRM/IR",3597,130911,HUMAN RESOURCE MANAGEMENT,['MANAGEMENT'],Human Resource Management,['1400'],619,Organizational Behavior and Human Resource Management,"Business, Management and Accounting",0.6800947867298578,0,4,B
129,149100181,Technology in Society,0160-791X,,,,,3593,117050,,,Technology in Society,['1400'],247,Information Systems and Management,Decision Sciences,0.5466269841269841,0,1,X
130,60973665,IEEE Engineering Management Review,0360-8581,,,,,3586,48274,,,IEEE Engineering Management Review,['1400'],186,Management Information Systems,"Business, Management and Accounting",0.8303108808290155,0,2,B
131,152897404,Research-Technology Management,0895-6308,Research Technology Management: international journal of research management,['3503' '3507'],Research Technology Management,"OR,MS,POM",3573,56542,RESEARCH-TECHNOLOGY MANAGEMENT,['MANAGEMENT' 'BUSINESS'],Research Technology Management,['1400'],609,Strategy and Management,"Business, Management and Accounting",0.66,0,6,B
132,83145862,History of Political Economy,0018-2702,,,History of Political Economy,Economics,3567,43053,HISTORY OF POLITICAL ECONOMY,['ECONOMICS'],History of Political Economy,['2000'],1786,Economics and Econometrics,"Economics, Econometrics and Finance",0.785226019845645,4,0,E
133,143806524,The Journal of Portfolio Management,0095-4918,The Journal of Portfolio Management: the journal for investment professionals,['3502'],Journal of Portfolio Management,F&A,3536,82155,JOURNAL OF PORTFOLIO MANAGEMENT,"['BUSINESS, FINANCE']",Journal of Portfolio Management,['2000' '1400'],1445,Finance,"Economics, Econometrics and Finance",1.0,4,3,E
134,91661715,Kyklos,0023-5962,Kyklos,['3502' '3801'],Kyklos,Economics,3520,61341,KYKLOS,['ECONOMICS'],Kyklos,['2000'],317,Economics and Econometrics,"Economics, Econometrics and Finance",1.0,5,1,E
135,102896891,Psychology and Marketing,0742-6046,,,Psychology and Marketing,Marketing,3510,193919,PSYCHOLOGY & MARKETING,['BUSINESS'],Psychology and Marketing,['1400'],1558,Marketing,"Business, Management and Accounting",0.6942601672916066,0,4,B
136,179979277,International Economic Review,0020-6598,International Economic Review,['3801' '3802' '3803'],International Economic Review,Economics,3506,206661,INTERNATIONAL ECONOMIC REVIEW,['ECONOMICS'],International Economic Review,['2000'],1118,Economics and Econometrics,"Economics, Econometrics and Finance",1.0,7,0,E
137,4394735553,Annals of Public and Cooperative Economics,1370-4788,,,Annals of Public and Cooperative Economics,Economics,3455,20438,Annals of Public and Cooperative Economics,['ECONOMICS'],Annals of Public and Cooperative Economics,['2000'],665,Accounting,"Business, Management and Accounting",0.6865189289012004,3,1,E
138,64223753,The Journal of Business,0021-9398,,,,,3454,211165,,,Journal of Business,['2000' '1400'],387,Finance,"Economics, Econometrics and Finance",1.0,2,1,E
139,125977778,International Journal of Contemporary Hospitality Management,0959-6119,International Journal of Contemporary Hospitality Management,['3504' '3506' '3508'],International Journal of Contemporary Hospitality Manage,Tourism,3438,183236,International Journal of Contemporary Hospitality Management,['MANAGEMENT'],International Journal of Contemporary Hospitality Management,['1400'],879,Organizational Behavior and Human Resource Management,"Business, Management and Accounting",0.5761755485893417,0,7,B
140,61992289,Journal of Advertising Research,0021-8499,Journal of Advertising Research,['3506'],Journal of Advertising Research,Marketing,3431,98393,JOURNAL OF ADVERTISING RESEARCH,['BUSINESS'],Journal of Advertising Research,['1400'],855,Marketing,"Business, Management and Accounting",0.6614678899082569,0,5,B
141,201928713,Review of Radical Political Economics,0486-6134,,,,,3398,27407,REVIEW OF RADICAL POLITICAL ECONOMICS,['ECONOMICS'],Review of Radical Political Economics,['2000'],1088,Sociology and Political Science,Social Sciences,0.5550070521861777,2,0,E
142,145429826,Journal of Consumer Research,0093-5301,Journal of Consumer Research,['3506'],Journal of Consumer Research,Marketing,3390,646180,JOURNAL OF CONSUMER RESEARCH,['BUSINESS'],Journal of Consumer Research,['2000' '1400'],1356,Marketing,"Business, Management and Accounting",0.5922689075630252,1,5,B
143,105567970,European Management Journal,0263-2373,European Management Journal,['35'],European Management Journal,Gen & Strat,3385,143219,European Management Journal,['MANAGEMENT' 'BUSINESS'],European Management Journal,['1400'],549,Strategy and Management,"Business, Management and Accounting",1.0,0,5,B
144,2738076829,Cogent Business & Management,2331-1975,Cogent Business and Management,['3507'],,,3377,51160,Cogent Business & Management,['BUSINESS'],Cogent Business and Management,['1400'],427,Accounting,"Business, Management and Accounting",0.5707865168539326,0,4,B
145,160573970,Journal of Organizational Behavior,0894-3796,,,Journal of Organizational Behavior,"OS/OB,HRM/IR",3349,395165,JOURNAL OF ORGANIZATIONAL BEHAVIOR,['MANAGEMENT' 'BUSINESS'],Journal of Organizational Behavior,['1400'],1436,Organizational Behavior and Human Resource Management,"Business, Management and Accounting",0.6657348242811502,0,4,B
146,166264140,Emerging Markets Finance and Trade,1540-496X,Emerging Markets Finance and Trade,['3501' '3502' '3801'],,,3348,53143,EMERGING MARKETS FINANCE AND TRADE,['ECONOMICS' 'BUSINESS'],Emerging Markets Finance and Trade,['2000'],914,Accounting,"Business, Management and Accounting",1.0,3,4,B
147,136612413,Journal of Futures Markets,0270-7314,Journal of Futures Markets,['3502'],Journal of Futures Markets,F&A,3341,65737,JOURNAL OF FUTURES MARKETS,"['BUSINESS, FINANCE']",Journal of Futures Markets,['2000' '1400'],1337,Finance,"Economics, Econometrics and Finance",1.0,4,3,E
148,122767448,Journal of Management,0149-2063,Journal of Management,['3505' '3507'],Journal of Management,Gen & Strat,3316,660124,JOURNAL OF MANAGEMENT,['MANAGEMENT' 'BUSINESS'],Journal of Management,['2000' '1400'],827,Organizational Behavior and Human Resource Management,"Business, Management and Accounting",0.8897119341563786,1,6,B
149,49131624,International Journal of Social Economics,0306-8293,International Journal of Social Economics,['3801'],International Journal of Social Economics,Economics,3312,45947,INTERNATIONAL JOURNAL OF SOCIAL ECONOMICS,['ECONOMICS'],International Journal of Social Economics,['2000'],400,Economics and Econometrics,"Economics, Econometrics and Finance",0.8446671438797423,5,0,E
150,200838492,Manchester School,1463-6786,The Manchester School,['3502' '3801'],Manchester School,Economics,3297,47755,MANCHESTER SCHOOL,['ECONOMICS'],Manchester School,['2000'],537,"General Economics, Econometrics and Finance","Economics, Econometrics and Finance",1.0,5,1,E
151,48254654,Journal of Business Finance &amp Accounting,0306-686X,Journal of Business Finance and Accounting,['3501' '3502'],Journal of Business Finance and Accounting,F&A,3266,105286,Journal of Business Finance & Accounting,"['BUSINESS, FINANCE']",Journal of Business Finance and Accounting,['2000' '1400'],1494,Accounting,"Business, Management and Accounting",1.0,3,5,B
152,2739393555,Journal of Agricultural and Applied Economics,1074-0708,Journal of Agricultural and Applied Economics,['3801'],,,3263,34302,Journal of Agricultural and Applied Economics,['ECONOMICS'],Journal of Agricultural and Applied Economics,['2000'],854,Economics and Econometrics,"Economics, Econometrics and Finance",0.48169781931464173,4,0,E
153,28703636,Journal of Corporate Accounting & Finance,1044-8136,,,,,3255,9896,Journal of Corporate Accounting and Finance,"['BUSINESS, FINANCE']",Journal of Corporate Accounting and Finance,['2000' '1400'],607,Accounting,"Business, Management and Accounting",1.0,2,3,B
154,38024979,Journal of International Business Studies,0047-2506,Journal of International Business Studies,['3502' '3505' '3507'],Journal of International Business Studies,IB,3243,480515,JOURNAL OF INTERNATIONAL BUSINESS STUDIES,['MANAGEMENT' 'BUSINESS'],Journal of International Business Studies,['2000' '1400'],1331,Strategy and Management,"Business, Management and Accounting",0.9240696278511404,1,7,B
155,128621090,The Journal of Economic Education,0022-0485,,,Journal of Economic Education,Education,3241,51977,JOURNAL OF ECONOMIC EDUCATION,['ECONOMICS'],Journal of Economic Education,['2000'],1579,Education,Social Sciences,0.4030245746691871,2,0,E
156,105430050,Journal of World Trade,1011-6702,,,Journal of World Trade,Economics,3199,21865,JOURNAL OF WORLD TRADE,['ECONOMICS'],Journal of World Trade,['2000'],911,"General Economics, Econometrics and Finance","Economics, Econometrics and Finance",0.5108870967741935,4,0,E
157,137519996,Electronic Markets,1019-6781,,,Electronic Markets,"MIS,KM",3198,51363,Electronic Markets,['MANAGEMENT' 'BUSINESS'],Electronic Markets,['2000' '1400'],777,Marketing,"Business, Management and Accounting",0.7668947818648417,1,4,B
158,41416626,Harvard business review,0017-8012,Harvard Business Review,['3507'],Harvard Business Review,Gen & Strat,3184,141031,HARVARD BUSINESS REVIEW,['MANAGEMENT' 'BUSINESS'],Harvard Business Review,['2000' '1400'],432,Organizational Behavior and Human Resource Management,"Business, Management and Accounting",0.9210526315789473,1,5,B
159,170137484,Review of Financial Studies,0893-9454,The Review of Financial Studies,['3502' '3801'],Review of Financial Studies,F&A,3179,582670,REVIEW OF FINANCIAL STUDIES,"['ECONOMICS' 'BUSINESS, FINANCE']",Review of Financial Studies,['2000' '1400'],1342,Finance,"Economics, Econometrics and Finance",1.0,5,3,E
160,172782825,California Management Review,0008-1256,California Management Review,['3507'],California Management Review,Gen & Strat,3170,247774,CALIFORNIA MANAGEMENT REVIEW,['MANAGEMENT' 'BUSINESS'],California Management Review,['1400'],261,Strategy and Management,"Business, Management and Accounting",0.7446504992867332,0,5,B
161,37320504,Industrial Management & Data Systems,0263-5577,,,Industrial Management and Data Systems,"OR,MS,POM",3159,135838,,,Industrial Management and Data Systems,['1400'],425,Information Systems and Management,Decision Sciences,0.562015503875969,0,2,B
162,165057322,Production Planning & Control,0953-7287,,,Production Planning and Control,"OR,MS,POM",3157,101839,,,Production Planning and Control,['1400'],855,Management Information Systems,"Business, Management and Accounting",0.6335260115606937,0,3,B
163,177792750,Decision Sciences,0011-7315,Decision Sciences,['35'],Decision Sciences,"OR,MS,POM",3149,158922,DECISION SCIENCES,['MANAGEMENT'],Decision Sciences,['1400'],468,Management Information Systems,"Business, Management and Accounting",0.8564631245043616,0,5,B
164,126160977,Mathematical Methods of Operations Research,1432-2994,,,Mathematical Methods of Operations Research,"OR,MS,POM",3149,39883,,,,,396,Numerical Analysis,Mathematics,0.48210668467251855,0,1,X
165,174129883,Economic Outlook,0140-489X,Economic Outlook,['3801' '3802' '3803'],,,3140,1195,,,Economic Outlook,['2000'],202,Finance,"Economics, Econometrics and Finance",0.6114206128133705,5,0,E
166,69799158,Human Resource Management International Digest,0967-0734,Human Resource Management International Digest,['3505' '3507'],,,3140,12290,,,Human Resource Management International Digest,['1400'],530,Organizational Behavior and Human Resource Management,"Business, Management and Accounting",0.7345635202271115,0,4,B
167,47864991,Applied Psychology,0269-994X,,,Applied Psychology,Psychology,3134,125202,,,,,538,Organizational Behavior and Human Resource Management,"Business, Management and Accounting",0.44098360655737706,0,1,X
168,138645024,Journal of Comparative Economics,0147-5967,Journal of Comparative Economics,['3801' '3899'],Journal of Comparative Economics,Economics,3129,98312,JOURNAL OF COMPARATIVE ECONOMICS,['ECONOMICS'],Journal of Comparative Economics,['2000'],288,Economics and Econometrics,"Economics, Econometrics and Finance",0.8101367658889783,6,0,E
169,26073974,Oxford Economic Papers,0030-7653,Oxford Economic Papers,['3801' '3802' '3803'],Oxford Economic Papers,Economics,3126,127598,OXFORD ECONOMIC PAPERS-NEW SERIES,['ECONOMICS'],Oxford Economic Papers,['2000'],674,Economics and Econometrics,"Economics, Econometrics and Finance",1.0,7,0,E
170,9351053,Financial Review,0732-8516,The Financial Review (Statesboro),['3502'],Financial Review,F&A,3125,40953,FINANCIAL REVIEW,"['BUSINESS, FINANCE']",Financial Review,['2000'],1031,Finance,"Economics, Econometrics and Finance",1.0,4,2,E
171,179517972,Canadian Journal of Agricultural Economics/Revue canadienne d agroeconomie,0008-3976,,,,,3093,29352,CANADIAN JOURNAL OF AGRICULTURAL ECONOMICS-REVUE CANADIENNE D AGROECONOMIE,['ECONOMICS'],Canadian Journal of Agricultural Economics,['2000'],1079,General Agricultural and Biological Sciences,Agricultural and Biological Sciences,0.5709741550695825,2,0,E
172,182689569,Quantitative Finance,1469-7688,,,Quantitative Finance,F&A,3075,70248,QUANTITATIVE FINANCE,"['ECONOMICS' 'BUSINESS, FINANCE']",Quantitative Finance,['2000'],1184,Finance,"Economics, Econometrics and Finance",1.0,4,1,E
173,49331332,Service Industries Journal,0264-2069,Service Industries Journal,['3504' '3506' '3507'],Service Industries Journal,"OR,MS,POM",3073,86058,SERVICE INDUSTRIES JOURNAL,['MANAGEMENT'],Service Industries Journal,['1400'],731,Organizational Behavior and Human Resource Management,"Business, Management and Accounting",0.853726362625139,0,7,B
174,267729,International Transactions in Operational Research,0969-6016,,,International Transactions in Operational Research,"OR,MS,POM",3071,50022,International Transactions in Operational Research,['MANAGEMENT'],International Transactions in Operational Research,['1400'],448,Industrial and Manufacturing Engineering,Engineering,0.4118336262448741,0,3,B
175,2764470041,International Journal of Energy Economics and Policy,2146-4553,,,,,3060,24264,,,International Journal of Energy Economics and Policy,['2000'],1157,Economics and Econometrics,"Economics, Econometrics and Finance",0.4778634675806912,2,0,E
176,579031,Economic Theory,0938-2259,Economic Theory,['3502' '3801' '3803'],Economic Theory,Economics,3041,72597,ECONOMIC THEORY,['ECONOMICS'],Economic Theory,['2000'],1605,Economics and Econometrics,"Economics, Econometrics and Finance",0.5683030949839915,6,1,E
177,86125002,Environmental and Resource Economics,0924-6460,Environmental and Resource Economics,['3801' '3899'],Environmental and Resource Economics,Economics,3009,125232,ENVIRONMENTAL & RESOURCE ECONOMICS,['ECONOMICS'],Environmental and Resource Economics,['2000'],1189,Economics and Econometrics,"Economics, Econometrics and Finance",0.8695293146160198,6,0,E
178,2798341630,Corporate Ownership and Control,1727-9232,Corporate Ownership and Control,['3501' '3502' '3507'],,,3008,16722,,,Corporate Ownership and Control,['1400'],1693,Accounting,"Business, Management and Accounting",1.0,0,5,B
179,114571967,National Institute Economic Review,0027-9501,National Institute Economic Review,['3801' '3802' '3803'],,,2992,22070,National Institute Economic Review,['ECONOMICS'],National Institute Economic Review,['2000'],395,"General Economics, Econometrics and Finance","Economics, Econometrics and Finance",1.0,6,0,E
180,2764927701,International Business Research,1913-9004,International Business Research,['3502' '3505' '3507'],,,2992,29475,,,,,272,Accounting,"Business, Management and Accounting",1.0,0,4,B
181,166621295,Journal of Health Economics,0167-6296,,,Journal of Health Economics,Economics,2991,205971,JOURNAL OF HEALTH ECONOMICS,['ECONOMICS'],,,1167,Economics and Econometrics,"Economics, Econometrics and Finance",0.516089488201042,3,0,E
182,200872515,Journal of Environmental Economics and Management,0095-0696,Journal of Environmental Economics and Management,['3801'],Journal of Environmental Economics and Management,Economics,2985,216089,JOURNAL OF ENVIRONMENTAL ECONOMICS AND MANAGEMENT,['ECONOMICS' 'BUSINESS'],Journal of Environmental Economics and Management,['2000'],1074,Economics and Econometrics,"Economics, Econometrics and Finance",0.859375,5,1,E
183,41869786,Small Business Economics,0921-898X,Small Business Economics: an international journal,['35' '38'],Small Business Economics,Entrep,2978,234726,SMALL BUSINESS ECONOMICS,['ECONOMICS' 'MANAGEMENT' 'BUSINESS'],Small Business Economics,['2000' '1400'],1389,Management of Technology and Innovation,"Business, Management and Accounting",1.0,3,5,B
184,202934171,Journal of Mathematical Economics,0304-4068,Journal of Mathematical Economics,['3801' '3802' '3803'],Journal of Mathematical Economics,Economics,2976,58515,JOURNAL OF MATHEMATICAL ECONOMICS,['ECONOMICS'],Journal of Mathematical Economics,['2000'],1688,Economics and Econometrics,"Economics, Econometrics and Finance",0.6065406234031682,7,0,E
185,8133038,Research in International Business and Finance,0275-5319,Research in International Business and Finance,['3502' '3801'],Research in International Business and Finance,F&A,2940,78993,Research in International Business and Finance,"['BUSINESS, FINANCE']",Research in International Business and Finance,['2000' '1400'],877,Accounting,"Business, Management and Accounting",1.0,4,4,A
186,164321952,International Journal of Operations & Production Management,0144-3577,International Journal of Operations and Production Management,['3507' '3509'],International Journal of Operations and Production Manag,"OR,MS,POM",2938,224248,INTERNATIONAL JOURNAL OF OPERATIONS & PRODUCTION MANAGEMENT,['MANAGEMENT'],International Journal of Operations and Production Management,['1400'],1200,Management Information Systems,"Business, Management and Accounting",1.0,0,6,B
187,62957338,The Journal of Human Resources,0022-166X,The Journal of Human Resources,['3801'],Journal of Human Resources,"OS/OB,HRM/IR",2922,216802,JOURNAL OF HUMAN RESOURCES,['ECONOMICS'],Journal of Human Resources,['2000' '1400'],699,Gender Studies,Social Sciences,0.4119585687382298,3,2,E
188,81022070,Journal of Policy Modeling,0161-8938,,,Journal of Policy Modeling,PSM,2916,68497,JOURNAL OF POLICY MODELING,['ECONOMICS'],Journal of Policy Modeling,['2000'],731,"General Economics, Econometrics and Finance","Economics, Econometrics and Finance",1.0,3,1,E
189,2898574612,Economic Analysis and Policy,0313-5926,Economic Analysis and Policy,['3801' '3802' '3803'],,,2913,51315,Economic Analysis and Policy,['ECONOMICS'],Economic Analysis and Policy,['2000'],547,Economics and Econometrics,"Economics, Econometrics and Finance",0.8599246231155779,6,0,E
190,29049940,Pacific-Basin Finance Journal,0927-538X,Pacific-Basin Finance Journal,['3502'],Pacific Basin Finance Journal,F&A,2877,74812,Pacific-Basin Finance Journal,"['BUSINESS, FINANCE']",Pacific Basin Finance Journal,['2000'],1339,Accounting,"Business, Management and Accounting",1.0,3,3,A
191,182666042,Naval Research Logistics (NRL),0894-069X,,,Naval Research Logistics,"OR,MS,POM",2875,61953,,,,,647,Management Information Systems,"Business, Management and Accounting",0.45907990314769975,0,2,B
192,14568501,Review of Social Economy,0034-6764,Review of Social Economy,['3801'],Review of Social Economy,Economics,2873,20557,REVIEW OF SOCIAL ECONOMY,['ECONOMICS'],Review of Social Economy,['2000'],560,Economics and Econometrics,"Economics, Econometrics and Finance",0.7077769049489395,5,0,E
193,149064342,Mathematical Social Sciences,0165-4896,,,Mathematical Social Sciences,Economics,2869,45678,MATHEMATICAL SOCIAL SCIENCES,['ECONOMICS'],,,1025,Economics and Econometrics,"Economics, Econometrics and Finance",0.5435196950444727,3,0,E
194,130699561,Technology Analysis and Strategic Management,0953-7325,,,Technology Analysis and Strategic Management,Gen & Strat,2865,76480,TECHNOLOGY ANALYSIS & STRATEGIC MANAGEMENT,['MANAGEMENT'],Technology Analysis and Strategic Management,['1400'],1014,Strategy and Management,"Business, Management and Accounting",0.8913336326897171,0,4,B
195,184351885,Managerial Finance,0307-4358,Managerial Finance,['3501' '3502'],Managerial Finance,F&A,2823,41572,MANAGERIAL FINANCE,"['BUSINESS, FINANCE']",Managerial Finance,['2000' '1400'],1155,Accounting,"Business, Management and Accounting",1.0,3,5,B
196,122161766,Journal of Forecasting,0277-6693,,,Journal of Forecasting,Gen & Strat,2803,62984,JOURNAL OF FORECASTING,['ECONOMICS' 'MANAGEMENT'],Journal of Forecasting,['2000' '1400'],930,"General Economics, Econometrics and Finance","Economics, Econometrics and Finance",0.6943021766965429,3,3,A
197,147692640,Journal of Urban Economics,0094-1190,,,Journal of Urban Economics,Economics,2781,178504,JOURNAL OF URBAN ECONOMICS,['ECONOMICS'],Journal of Urban Economics,['2000'],1048,Economics and Econometrics,"Economics, Econometrics and Finance",0.7775584073708457,4,0,E
198,120518121,Atlantic Economic Journal,0197-4254,Atlantic Economic Journal,['3801' '3802' '3803'],,,2777,16576,ATLANTIC ECONOMIC JOURNAL,['ECONOMICS'],Atlantic Economic Journal,['2000'],303,"General Economics, Econometrics and Finance","Economics, Econometrics and Finance",1.0,6,0,E
199,111116695,Journal of Accounting Research,0021-8456,Journal of Accounting Research,['3501' '3502'],Journal of Accounting Research,F&A,2770,343913,JOURNAL OF ACCOUNTING RESEARCH,"['BUSINESS, FINANCE']",Journal of Accounting Research,['2000' '1400'],1459,Accounting,"Business, Management and Accounting",1.0,3,5,B
200,100134864,European Journal of Political Economy,0176-2680,,,European Journal of Political Economy,Economics,2749,101080,European Journal of Political Economy,['ECONOMICS'],European Journal of Political Economy,['2000'],576,Economics and Econometrics,"Economics, Econometrics and Finance",0.6925192519251925,4,0,E
201,60370010,Journal of the Knowledge Economy,1868-7865,Journal of the Knowledge Economy,['3801' '3803'],,,2741,39786,,,Journal of the Knowledge Economy,['2000'],442,Economics and Econometrics,"Economics, Econometrics and Finance",0.8198795180722892,4,0,E
202,174413665,Review of Income and Wealth,0034-6586,Review of Income and Wealth,['3502' '3801'],Review of Income and Wealth,Economics,2740,65830,REVIEW OF INCOME AND WEALTH,['ECONOMICS'],Review of Income and Wealth,['2000'],660,Sociology and Political Science,Social Sciences,0.55322265625,4,1,E
203,98984247,Computational Economics,0927-7099,Computational Economics,['3502' '3801'],,,2726,32309,Computational Economics,['ECONOMICS' 'MANAGEMENT'],Computational Economics,['2000'],510,Economics and Econometrics,"Economics, Econometrics and Finance",0.8241395568128241,4,2,E
204,152282257,Journal of Corporate Finance,0929-1199,Journal of Corporate Finance,['3502'],Journal of Corporate Finance,F&A,2721,189888,JOURNAL OF CORPORATE FINANCE,"['BUSINESS, FINANCE']",Journal of Corporate Finance,['2000' '1400'],2179,Accounting,"Business, Management and Accounting",1.0,3,4,B
205,107631327,Regional Science and Urban Economics,0166-0462,,,Regional Science and Urban Economics,Economics,2715,101281,REGIONAL SCIENCE AND URBAN ECONOMICS,['ECONOMICS'],Regional Science and Urban Economics,['2000'],750,Economics and Econometrics,"Economics, Econometrics and Finance",0.9031548055759354,4,0,E
206,206124708,Organization Science,1047-7039,Organization Science,['3505' '3507'],Organization Science,"OS/OB,HRM/IR",2706,605258,ORGANIZATION SCIENCE,['MANAGEMENT'],Organization Science,['1400'],760,Strategy and Management,"Business, Management and Accounting",0.895481515289822,0,6,B
207,99242495,Journal of Air Transport Management,0969-6997,Journal of Air Transport Management,['3509'],,,2700,87929,JOURNAL OF AIR TRANSPORT MANAGEMENT,['TRANSPORTATION'],Journal of Air Transport Management,['1400'],1730,"General Economics, Econometrics and Finance","Economics, Econometrics and Finance",0.6521044219499201,1,3,B
208,14291815,Journal of Marketing Management,0267-257X,Journal of Marketing Management,['3504' '3506' '3507'],Journal of Marketing Management,Marketing,2687,115661,Journal of Marketing Management,['MANAGEMENT' 'BUSINESS'],Journal of Marketing Management,['1400'],770,Marketing,"Business, Management and Accounting",0.8003748828491096,0,7,B
209,203746597,The Annals of Regional Science,0570-1864,,,Annals of Regional Science,Economics,2685,52784,ANNALS OF REGIONAL SCIENCE,['ECONOMICS'],,,836,Economics and Econometrics,"Economics, Econometrics and Finance",1.0,3,0,E
210,2737251451,Management Science Letters,1923-9335,Management Science Letters,['3507'],,,2655,35417,,,Management Science Letters,['1400'],237,Organizational Behavior and Human Resource Management,"Business, Management and Accounting",0.4337851929092805,0,3,B
211,119587767,Journal of Business and Industrial Marketing,0885-8624,Journal of Business and Industrial Marketing,['3506' '3507'],Journal of Business and Industrial Marketing,Marketing,2648,88220,JOURNAL OF BUSINESS & INDUSTRIAL MARKETING,['BUSINESS'],Journal of Business and Industrial Marketing,['1400'],881,Organizational Behavior and Human Resource Management,"Business, Management and Accounting",1.0,0,6,B
212,183232449,International Journal of Industrial Organization,0167-7187,International Journal of Industrial Organization,['3801' '3803' '3507'],International Journal of Industrial Organization,"OS/OB,HRM/IR",2635,113647,INTERNATIONAL JOURNAL OF INDUSTRIAL ORGANIZATION,['ECONOMICS'],International Journal of Industrial Organization,['2000' '1400'],1046,Economics and Econometrics,"Economics, Econometrics and Finance",0.861631419939577,5,3,E
213,49389958,Econometric Theory,0266-4666,,,Econometric Theory,Economics,2625,90384,ECONOMETRIC THEORY,['ECONOMICS'],Econometric Theory,['2000'],816,Statistics and Probability,Mathematics,0.5796853625170999,3,0,E
214,74917840,The Journal of Financial Research,0270-2592,Journal of Financial Research,['3501' '3502'],Journal of Financial Research,F&A,2608,40605,JOURNAL OF FINANCIAL RESEARCH,"['BUSINESS, FINANCE']",Journal of Financial Research,['2000' '1400'],927,Finance,"Economics, Econometrics and Finance",1.0,4,4,A
215,139232146,Personnel Review,0048-3486,,,Personnel Review,"OS/OB,HRM/IR",2606,91968,PERSONNEL REVIEW,['MANAGEMENT'],Personnel Review,['1400'],973,Organizational Behavior and Human Resource Management,"Business, Management and Accounting",0.6129358261748358,0,4,B
216,81159284,International Journal of Quality & Reliability Management,0265-671X,International Journal of Quality and Reliability Management,['3507'],International Journal of Quality and Reliability Managemen,"OR,MS,POM",2601,93356,International Journal of Quality & Reliability Management,['MANAGEMENT'],International Journal of Quality and Reliability Management,['1400'],1071,Management Information Systems,"Business, Management and Accounting",0.7349498327759197,0,5,B
217,100141487,Growth and Change,0017-4815,,,Growth and Change,Sociology,2596,37538,,,,,579,Economics and Econometrics,"Economics, Econometrics and Finance",0.8437908496732026,1,0,X
218,149486094,Australian Economic Review,0004-9018,The Australian Economic Review,['3801' '3802' '3803'],Australian Economic Review,Economics,2592,17183,Australian Economic Review,['ECONOMICS'],Australian Economic Review,['2000'],279,Economics and Econometrics,"Economics, Econometrics and Finance",0.4294425087108014,7,0,E
219,157600745,International Journal of Productivity and Performance Management,1741-0401,International Journal of Productivity and Performance Management,['3505' '3507'],,,2570,62372,International Journal of Productivity and Performance Management,['MANAGEMENT'],International Journal of Productivity and Performance Management,['1400'],529,Management Information Systems,"Business, Management and Accounting",1.0,0,5,B
220,78091837,Review of World Economics,1610-2878,Review of World Economics,['3502' '3801' '3899'],Review of World Economics,Economics,2564,60344,REVIEW OF WORLD ECONOMICS,['ECONOMICS'],Review of World Economics,['2000'],1002,"General Economics, Econometrics and Finance","Economics, Econometrics and Finance",1.0,6,1,E
221,67103694,Cambridge Journal of Economics,0309-166X,Cambridge Journal of Economics,['3502' '3801'],Cambridge Journal of Economics,Economics,2562,112773,CAMBRIDGE JOURNAL OF ECONOMICS,['ECONOMICS'],Cambridge Journal of Economics,['2000'],1052,"General Economics, Econometrics and Finance","Economics, Econometrics and Finance",0.791201785145043,5,1,E
222,12818680,Corporate Social Responsibility and Environmental Management,1535-3958,,,,,2561,122939,Corporate Social Responsibility and Environmental Management,['MANAGEMENT' 'BUSINESS'],Corporate Social Responsibility and Environmental Management,['1400'],1537,Strategy and Management,"Business, Management and Accounting",1.0,0,3,B
223,85739584,Journal of Applied Econometrics,0883-7252,Journal of Applied Econometrics,['3801' '3802'],Journal of Applied Econometrics,Economics,2557,179520,JOURNAL OF APPLIED ECONOMETRICS,['ECONOMICS'],Journal of Applied Econometrics,['2000'],860,"General Economics, Econometrics and Finance","Economics, Econometrics and Finance",1.0,6,0,E
224,19645890,China Economic Review,1043-951X,China Economic Review (Amsterdam),['3801' '3802' '3803'],China Economic Review,Economics,2555,94437,CHINA ECONOMIC REVIEW,['ECONOMICS'],China Economic Review,['2000'],350,"General Economics, Econometrics and Finance","Economics, Econometrics and Finance",0.8014545454545454,7,0,E
225,976474146,Politická ekonomie,0032-3233,Politicka Ekonomie,['3801' '3802' '3803'],,,2541,5167,POLITICKA EKONOMIE,['ECONOMICS'],Politicka Ekonomie,['2000'],605,Economics and Econometrics,"Economics, Econometrics and Finance",0.6416152551878855,6,0,E
226,1558358,Journal of Business Strategy,0275-6668,Journal of Business Strategy,['3506' '3507'],Journal of Business Strategy,Gen & Strat,2540,44392,,,Journal of Business Strategy,['1400'],258,Strategy and Management,"Business, Management and Accounting",1.0,0,5,B
227,2764593888,Journal of Applied Business Research (JABR),0892-7626,Journal of Applied Business Research,['3507'],,,2523,24931,,,Journal of Applied Business Research,['1400'],445,Accounting,"Business, Management and Accounting",1.0,0,3,B
228,165789823,Journal of Consumer Marketing,0736-3761,Journal of Consumer Marketing,['3506'],Journal of Consumer Marketing,Marketing,2498,126606,JOURNAL OF CONSUMER MARKETING,['BUSINESS'],Journal of Consumer Marketing,['1400'],951,Marketing,"Business, Management and Accounting",0.7935258092738408,0,5,B
229,111496547,Scottish Journal of Political Economy,0036-9292,Scottish Journal of Political Economy,['3502' '3801'],Scottish Journal of Political Economy,Economics,2494,35550,SCOTTISH JOURNAL OF POLITICAL ECONOMY,['ECONOMICS'],Scottish Journal of Political Economy,['2000'],393,Economics and Econometrics,"Economics, Econometrics and Finance",0.7270029673590505,5,1,E
230,4210171597,Accounting and Finance,0810-5391,Accounting and Finance,['3501' '3502' '3801'],Accounting and Finance,F&A,2490,54668,Accounting and Finance,"['BUSINESS, FINANCE']",Accounting and Finance,['2000' '1400'],1119,Accounting,"Business, Management and Accounting",1.0,4,5,B
231,146099957,International Journal of Finance & Economics,1076-9307,International Journal of Finance and Economics,['3501' '3502'],International Journal of Finance and Economics,F&A,2487,41107,INTERNATIONAL JOURNAL OF FINANCE & ECONOMICS,"['BUSINESS, FINANCE']",International Journal of Finance and Economics,['2000' '1400'],706,"General Economics, Econometrics and Finance","Economics, Econometrics and Finance",1.0,4,4,A
232,168717511,The Journal of Applied Behavioral Science,0021-8863,,,The Journal of Applied Behavioral Science,Psychology,2486,91267,JOURNAL OF APPLIED BEHAVIORAL SCIENCE,['MANAGEMENT'],,,379,Organizational Behavior and Human Resource Management,"Business, Management and Accounting",0.8012704174228675,0,2,B
233,163534328,Marketing Science,0732-2399,Marketing Science,['3506'],Marketing Science,Marketing,2482,231328,MARKETING SCIENCE,['BUSINESS'],Marketing Science,['1400'],1393,Marketing,"Business, Management and Accounting",0.8740981240981242,0,5,B
234,114365116,Journal of Industrial and Management Optimization,1547-5816,,,,,2475,18839,,,Journal of Industrial and Management Optimization,['1400'],421,Management Information Systems,"Business, Management and Accounting",0.5375962107756068,0,2,B
235,165253824,Scandinavian Journal of Economics,0347-0520,Scandinavian Journal of Economics,['3801' '3802' '3803'],Scandinavian Journal of Economics,Economics,2463,84953,SCANDINAVIAN JOURNAL OF ECONOMICS,['ECONOMICS'],Scandinavian Journal of Economics,['2000'],456,Economics and Econometrics,"Economics, Econometrics and Finance",1.0,7,0,E
236,160506855,The Accounting Review,0001-4826,The Accounting Review,['3501' '3502'],Accounting Review,F&A,2457,269568,ACCOUNTING REVIEW,"['BUSINESS, FINANCE']",Accounting Review,['2000' '1400'],1449,Accounting,"Business, Management and Accounting",1.0,3,5,B
237,4210189271,Leadership & Organization Development Journal,0143-7739,Leadership and Organization Development Journal,['3505' '3507'],Leadership and Organization Development Journal,Gen & Strat,2448,94180,LEADERSHIP & ORGANIZATION DEVELOPMENT JOURNAL,['MANAGEMENT'],Leadership and Organization Development Journal,['1400'],917,Organizational Behavior and Human Resource Management,"Business, Management and Accounting",0.7997756590016826,0,6,B
238,204305389,Journal of Management Development,0262-1711,Journal of Management Development,['3505' '3507'],Journal of Management Development,"OS/OB,HRM/IR",2440,76130,JOURNAL OF MANAGEMENT DEVELOPMENT,['MANAGEMENT'],Journal of Management Development,['1400'],415,Organizational Behavior and Human Resource Management,"Business, Management and Accounting",1.0,0,6,B
239,163774179,Labour Economics,0927-5371,,,Labour Economics,Economics,2436,90340,LABOUR ECONOMICS,['ECONOMICS'],Labour Economics,['2000' '1400'],1073,Economics and Econometrics,"Economics, Econometrics and Finance",0.553354890864996,4,1,E
240,107325288,Social Choice and Welfare,0176-1714,,,Social Choice and Welfare,Sociology,2421,47848,SOCIAL CHOICE AND WELFARE,['ECONOMICS'],Social Choice and Welfare,['2000'],1353,Economics and Econometrics,"Economics, Econometrics and Finance",0.5657196378395254,3,0,E
241,206927904,Asia Pacific Journal of Human Resources,1038-4111,Asia Pacific Journal of Human Resources,['3505' '3507'],Asia Pacific Journal of Human Resources,"OS/OB,HRM/IR",2419,25098,Asia Pacific Journal of Human Resources,['MANAGEMENT'],Asia Pacific Journal of Human Resources,['1400'],303,Public Administration,Social Sciences,0.42924086223055297,0,5,B
242,65924262,Contemporary Accounting Research,0823-9150,Contemporary Accounting Research,['3501'],Contemporary Accounting Research,F&A,2416,150314,CONTEMPORARY ACCOUNTING RESEARCH,"['BUSINESS, FINANCE']",Contemporary Accounting Research,['2000' '1400'],1550,Accounting,"Business, Management and Accounting",1.0,3,4,B
243,125273398,The Quarterly Review of Economics and Finance,1062-9769,Quarterly Review of Economics and Finance,['35' '38'],Quarterly Review of Economics and Finance,Economics,2412,57359,QUARTERLY REVIEW OF ECONOMICS AND FINANCE,['ECONOMICS'],Quarterly Review of Economics and Finance,['2000'],589,Finance,"Economics, Econometrics and Finance",1.0,5,1,E
244,142306484,Journal of Operations Management,0272-6963,,,Journal of Operations Management,"OR,MS,POM",2409,264437,JOURNAL OF OPERATIONS MANAGEMENT,['MANAGEMENT'],Journal of Operations Management,['1400'],578,Management Information Systems,"Business, Management and Accounting",1.0,0,4,B
245,33741590,Academy of Management Perspectives,1558-9080,,,Academy of Management Perspectives,Gen & Strat,2404,193803,Academy of Management Perspectives,['MANAGEMENT' 'BUSINESS'],Academy of Management Perspectives,['1400'],254,Strategy and Management,"Business, Management and Accounting",1.0,0,4,B
246,155526628,The North American Journal of Economics and Finance,1062-9408,The North American Journal of Economics and Finance,['3502' '3801'],,,2389,43633,North American Journal of Economics and Finance,"['ECONOMICS' 'BUSINESS, FINANCE']",North American Journal of Economics and Finance,['2000'],845,Economics and Econometrics,"Economics, Econometrics and Finance",1.0,4,2,E
247,2764925558,Industry and Higher Education,0950-4222,,,,,2382,17124,,,Industry and Higher Education,['1400'],511,Management of Technology and Innovation,"Business, Management and Accounting",0.6138433515482696,0,2,B
248,72880728,The Journal of Economic Perspectives,0895-3309,Journal of Economic Perspectives,['3801' '3802' '3803'],Journal of Economic Perspectives,Economics,2364,498079,JOURNAL OF ECONOMIC PERSPECTIVES,['ECONOMICS'],Journal of Economic Perspectives,['2000'],263,"General Economics, Econometrics and Finance","Economics, Econometrics and Finance",1.0,7,0,E
249,173807628,International Journal of Consumer Studies,1470-6423,International Journal of Consumer Studies,['3506'],,,2359,89496,International Journal of Consumer Studies,['BUSINESS'],International Journal of Consumer Studies,['2000' '1400'],631,Marketing,"Business, Management and Accounting",0.7043838862559242,1,4,B
250,2764833115,Value in Health Regional Issues,2212-1099,,,,,2357,10370,,,Value in Health Regional Issues,['2000'],598,Economics and Econometrics,"Economics, Econometrics and Finance",0.916205533596838,2,0,E
251,123914889,International Journal of Entrepreneurship and Small Business,1476-1297,International Journal of Entrepreneurship and Small Business,['3503' '3505' '3507'],,,2354,19732,International Journal of Entrepreneurship & Small Business,['MANAGEMENT' 'BUSINESS'],International Journal of Entrepreneurship and Small Business,['2000' '1400'],1125,Management of Technology and Innovation,"Business, Management and Accounting",0.9208731241473397,1,6,B
252,66510378,Critical Perspectives on Accounting,1045-2354,Critical Perspectives on Accounting,['3501'],Critical Perspectives on Accounting,F&A,2350,74548,Critical Perspectives on Accounting,"['BUSINESS, FINANCE']",Critical Perspectives on Accounting,['2000' '1400'],817,Management Information Systems,"Business, Management and Accounting",0.9128693039559339,3,4,B
253,180723199,Agribusiness,0742-4477,Agribusiness: an international journal,['3801'],,,2348,32219,Agribusiness,['ECONOMICS'],Agribusiness,['2000'],637,Economics and Econometrics,"Economics, Econometrics and Finance",0.6442033123929183,4,0,E
254,92565720,Oxford Bulletin of Economics and Statistics,0305-9049,Oxford Bulletin of Economics and Statistics,['3801' '3802' '3803'],Oxford Bulletin of Economics and Statistics,Economics,2344,135726,OXFORD BULLETIN OF ECONOMICS AND STATISTICS,['ECONOMICS'],Oxford Bulletin of Economics and Statistics,['2000'],680,"General Economics, Econometrics and Finance","Economics, Econometrics and Finance",1.0,7,0,E
255,69458508,Journal of Asian Economics,1049-0078,Journal of Asian Economics,['3502' '3801'],Journal of Asian Economics,Economics,2321,42896,Journal of Asian Economics,['ECONOMICS'],Journal of Asian Economics,['2000'],499,"General Economics, Econometrics and Finance","Economics, Econometrics and Finance",1.0,5,1,E
256,32361082,European Review of Agricultural Economics,0165-1587,European Review of Agricultural Economics,['3801'],European Review of Agricultural Economics,Economics,2320,51142,EUROPEAN REVIEW OF AGRICULTURAL ECONOMICS,['ECONOMICS'],European Review of Agricultural Economics,['2000'],949,General Agricultural and Biological Sciences,Agricultural and Biological Sciences,0.40856236786469347,4,0,E
257,23343376,International Business Review,0969-5931,International Business Review,['3505' '3507'],International Business Review,IB,2320,138599,International Business Review,['MANAGEMENT' 'BUSINESS'],International Business Review,['2000' '1400'],1270,Strategy and Management,"Business, Management and Accounting",1.0,1,6,B
258,35128040,Applied Financial Economics,0960-3107,,,Applied Financial Economics,Economics,2304,54579,,,Applied Financial Economics,['2000'],906,Finance,"Economics, Econometrics and Finance",1.0,3,0,E
259,157946625,Financial Management,0046-3892,Financial Management,['3502'],Financial Management,F&A,2283,99677,FINANCIAL MANAGEMENT,"['BUSINESS, FINANCE']",Financial Management,['2000' '1400'],982,Accounting,"Business, Management and Accounting",1.0,3,4,B
260,4210213702,Información tecnológica,0716-8756,,,,,2278,10526,,,Informacion Tecnologica,['1400'],317,Economics and Econometrics,"Economics, Econometrics and Finance",0.46142649199417757,1,1,A
261,323237,Accounting and Business Research,0001-4788,Accounting and Business Research,['3501' '3502' '3507'],Accounting and Business Research,F&A,2260,64592,ACCOUNTING AND BUSINESS RESEARCH,"['BUSINESS, FINANCE']",Accounting and Business Research,['1400'],837,Accounting,"Business, Management and Accounting",1.0,2,6,B
262,2913204857,Journal of Business Economics,0044-2372,Zeitschrift fuer Betriebswirtschaft,['3507'],Journal of Business Economics,Gen & Strat,2252,15425,,,Journal of Business Economics,['2000' '1400'],232,Accounting,"Business, Management and Accounting",0.8192592592592592,1,4,B
263,127708089,Journal of Economic Literature,0022-0515,Journal of Economic Literature,['3801' '3802' '3803'],Journal of Economic Literature,Economics,2249,275559,JOURNAL OF ECONOMIC LITERATURE,['ECONOMICS'],Journal of Economic Literature,['2000'],359,Economics and Econometrics,"Economics, Econometrics and Finance",1.0,7,0,E
264,20489460,Benchmarking An International Journal,1463-5771,Benchmarking: an international journal,['3503' '3507'],,,2244,72711,Benchmarking-An International Journal,['MANAGEMENT'],Benchmarking,['1400'],720,Management Information Systems,"Business, Management and Accounting",1.0,0,5,B
265,4210175534,Financial and credit activity problems of theory and practice,2306-4994,,,,,2242,7284,Financial and Credit Activity-Problems of Theory and Practice,"['BUSINESS, FINANCE']",Financial and Credit Activity: Problems of Theory and Practice,['2000' '1400'],1033,"General Economics, Econometrics and Finance","Economics, Econometrics and Finance",0.6822089947089947,3,2,E
266,1014724869,Economic Research-Ekonomska Istraživanja,1331-677X,Economic Research,['3801' '3802' '3803'],,,2239,47068,,,Economic Research-Ekonomska Istrazivanja,['2000'],360,Economics and Econometrics,"Economics, Econometrics and Finance",1.0,5,0,E
267,65353606,International Journal of Retail & Distribution Management,0959-0552,International Journal of Retail and Distribution Management,['3504' '3506' '3507'],International Journal of Retail and Distribution Manageme,Marketing,2237,90278,International Journal of Retail & Distribution Management,['MANAGEMENT' 'BUSINESS'],International Journal of Retail and Distribution Management,['1400'],1097,Marketing,"Business, Management and Accounting",0.9085929476206779,0,7,B
268,146555279,International Journal of Business Information Systems,1746-0972,,,,,2233,11134,,,International Journal of Business Information Systems,['1400'],586,Information Systems and Management,Decision Sciences,0.41625441696113075,0,1,X
269,107859553,International Small Business Journal Researching Entrepreneurship,0266-2426,International Small Business Journal,['3505' '3507'],International Small Business Journal,Entrep,2220,92086,International Small Business Journal-Researching Entrepreneurship,['MANAGEMENT' 'BUSINESS'],International Small Business Journal: Researching Entrepreneurship,['1400'],792,Management of Technology and Innovation,"Business, Management and Accounting",1.0,0,6,B
270,196593774,Development in Learning Organizations An International Journal,1477-7282,,,,,2210,11647,,,Development and Learning in Organizations,['1400'],309,Organizational Behavior and Human Resource Management,"Business, Management and Accounting",0.8303085299455535,0,2,B
271,19358283,International Journal of Advertising,0265-0487,International Journal of Advertising,['3506'],International Journal of Advertising,Marketing,2209,71565,International Journal of Advertising,['BUSINESS'],International Journal of Advertising,['1400'],921,Marketing,"Business, Management and Accounting",0.5070224719101124,0,5,B
272,103311983,Journal of Advertising,0091-3367,Journal of Advertising,['3506'],Journal of Advertising,Marketing,2200,154688,JOURNAL OF ADVERTISING,['BUSINESS'],Journal of Advertising,['1400'],996,Marketing,"Business, Management and Accounting",0.5402455661664393,0,5,B
273,198892436,Accounting Organizations and Society,0361-3682,"Accounting, Organizations and Society",['3501'],"Accounting, Organizations and Society",F&A,2197,246156,ACCOUNTING ORGANIZATIONS AND SOCIETY,"['BUSINESS, FINANCE']","Accounting, Organizations and Society",['1400'],979,Management Information Systems,"Business, Management and Accounting",0.9329004329004329,2,4,B
274,50631486,Journal of Knowledge Management,1367-3270,,,Journal of Knowledge Management,"MIS,KM",2192,165046,Journal of Knowledge Management,['MANAGEMENT'],Journal of Knowledge Management,['1400'],1055,Communication,Social Sciences,0.5571428571428572,0,3,B
275,4210174900,Décisions Marketing,0779-7389,Decisions Marketing,['3506'],,,2188,6685,,,,,421,Strategy and Management,"Business, Management and Accounting",0.8526551982049364,0,2,B
276,134953813,Economics bulletin,1545-2921,Economics Bulletin,['3801' '3802' '3803'],,,2186,11035,Economics Bulletin,['ECONOMICS'],Economics Bulletin,['2000'],327,"General Economics, Econometrics and Finance","Economics, Econometrics and Finance",1.0,6,0,E
277,4210234276,Revista Venezolana de Gerencia,1315-9984,,,,,2179,7774,,,Revista Venezolana de Gerencia,['1400'],809,Economics and Econometrics,"Economics, Econometrics and Finance",0.7029649595687332,1,1,A
278,1650206,Milbank Quarterly,0887-378X,,,Milbank Quarterly,PSM,2177,126988,,,,,461,Economics and Econometrics,"Economics, Econometrics and Finance",0.49014972419227737,1,1,A
279,201037040,International Journal of Manpower,0143-7720,International Journal of Manpower,['3505' '3507'],International Journal of Manpower,"OS/OB,HRM/IR",2174,62273,INTERNATIONAL JOURNAL OF MANPOWER,['MANAGEMENT'],International Journal of Manpower,['1400'],616,Economics and Econometrics,"Economics, Econometrics and Finance",0.5336297943301834,1,5,B
280,178202027,International Journal of Services and Operations Management,1744-2370,International Journal of Services and Operations Management,['3507' '3509'],,,2174,9707,,,International Journal of Services and Operations Management,['1400'],500,Management Information Systems,"Business, Management and Accounting",0.8757668711656442,0,4,B
281,99067594,Journal of Industrial Economics,0022-1821,The Journal of Industrial Economics,['3801' '3803'],Journal of Industrial Economics,Economics,2160,101042,JOURNAL OF INDUSTRIAL ECONOMICS,"['ECONOMICS' 'BUSINESS, FINANCE']",Journal of Industrial Economics,['2000' '1400'],692,Economics and Econometrics,"Economics, Econometrics and Finance",1.0,6,2,E
282,4210224324,Accounting Auditing & Accountability Journal,0951-3574,"Accounting, Auditing & Accountability Journal",['3501'],"Accounting, Auditing and Accountability Journal",F&A,2152,137094,Accounting Auditing & Accountability Journal,"['BUSINESS, FINANCE']","Accounting, Auditing and Accountability Journal",['2000' '1400'],903,Management Information Systems,"Business, Management and Accounting",0.8811619718309859,3,4,B
283,16530434,The European Journal of Health Economics,1618-7598,,,European Journal of Health Economics,Economics,2149,54592,European Journal of Health Economics,['ECONOMICS'],European Journal of Health Economics,['2000'],938,Economics and Econometrics,"Economics, Econometrics and Finance",0.7860134003350083,4,0,E
284,185930956,Contemporary Economic Policy,1074-3529,Contemporary Economic Policy,['3801'],,,2145,38423,CONTEMPORARY ECONOMIC POLICY,['ECONOMICS'],Contemporary Economic Policy,['2000' '1400'],285,Economics and Econometrics,"Economics, Econometrics and Finance",0.838569880823402,4,1,E
285,128035191,The Developing Economies,0012-1533,,,,,2140,17660,DEVELOPING ECONOMIES,['ECONOMICS'],Developing Economies,['2000'],287,"General Economics, Econometrics and Finance","Economics, Econometrics and Finance",0.6785714285714286,3,0,E
286,2765075218,Cogent Economics & Finance,2332-2039,,,,,2127,27864,Cogent Economics & Finance,['ECONOMICS'],Cogent Economics and Finance,['2000'],338,Economics and Econometrics,"Economics, Econometrics and Finance",1.0,3,0,E
287,155657779,International Journal of Business Innovation and Research,1751-0252,International Journal of Business Innovation and Research,['3503' '3507'],,,2094,7994,,,International Journal of Business Innovation and Research,['1400'],215,Information Systems and Management,Decision Sciences,0.5315436241610738,0,3,B
288,71783669,Review of International Economics,0965-7576,Review of International Economics,['3502' '3801'],Review of International Economics,Economics,2091,40431,Review of International Economics,['ECONOMICS'],,,1010,"General Economics, Econometrics and Finance","Economics, Econometrics and Finance",1.0,4,1,E
289,171812798,Metroeconomica,0026-1386,Metroeconomica: international review of economics,['3801' '3802' '3803'],,,2085,17515,Metroeconomica,['ECONOMICS'],Metroeconomica,['2000'],776,Economics and Econometrics,"Economics, Econometrics and Finance",0.8636363636363636,6,0,E
290,82743730,Journal of International Financial Markets Institutions and Money,1042-4431,"Journal of International Financial Markets, Institutions and Money",['3502' '3801'],"Journal of International Financial Markets, Institutions and",F&A,2084,64385,Journal of International Financial Markets Institutions & Money,"['ECONOMICS' 'BUSINESS, FINANCE']","Journal of International Financial Markets, Institutions and Money",['2000'],651,Economics and Econometrics,"Economics, Econometrics and Finance",1.0,5,2,E
291,158705510,Journal of Economic Studies,0144-3585,Journal of Economic Studies,['3801' '3802' '3803'],,,2082,34851,JOURNAL OF ECONOMIC STUDIES,['ECONOMICS'],Journal of Economic Studies,['2000'],430,"General Economics, Econometrics and Finance","Economics, Econometrics and Finance",1.0,6,0,E
292,52125040,International Journal of Logistics Systems and Management,1742-7967,International Journal of Logistics Systems and Management,['3507' '3509'],,,2079,11622,,,International Journal of Logistics Systems and Management,['1400'],505,Management Information Systems,"Business, Management and Accounting",1.0,0,4,B
293,67638930,Structural Change and Economic Dynamics,0954-349X,Structural Change and Economic Dynamics,['3502' '3801'],,,2059,51716,Structural Change and Economic Dynamics,['ECONOMICS'],Structural Change and Economic Dynamics,['2000'],470,Economics and Econometrics,"Economics, Econometrics and Finance",1.0,4,1,E
294,998097505,The Journal of Law and Economics,0022-2186,The Journal of Law and Economics,['3801'],Journal of Law and Economics,Economics,2059,193969,JOURNAL OF LAW & ECONOMICS,['ECONOMICS'],Journal of Law and Economics,['2000'],391,Economics and Econometrics,"Economics, Econometrics and Finance",1.0,5,0,E
295,49396926,Thunderbird International Business Review,1096-4762,Thunderbird International Business Review,['3501' '3505' '3507'],Thunderbird International Business Review,IB,2054,31734,Thunderbird International Business Review,['BUSINESS'],Thunderbird International Business Review,['1400'],509,Strategy and Management,"Business, Management and Accounting",1.0,0,7,B
296,152304618,The Leadership Quarterly,1048-9843,,,Leadership Quarterly,"OS/OB,HRM/IR",2052,282161,LEADERSHIP QUARTERLY,['MANAGEMENT'],Leadership Quarterly,['1400'],732,Organizational Behavior and Human Resource Management,"Business, Management and Accounting",0.6516007532956686,0,4,B
297,201731998,Local Economy The Journal of the Local Economy Policy Unit,0269-0942,,,Local Economy,PSM,2052,22080,Local Economy,['ECONOMICS'],Local Economy,['2000'],265,Finance,"Economics, Econometrics and Finance",0.4021421616358325,3,1,E
298,4210209765,Studies of Applied Economics,1133-3197,,,,,2051,7588,,,Estudios de Economia Aplicada,['2000'],130,Economics and Econometrics,"Economics, Econometrics and Finance",0.60801393728223,2,0,E
299,4210181832,Total Quality Management & Business Excellence,1478-3363,Total Quality Management and Business Excellence,['3505' '3507'],Total Quality Management and Business Excellence,"OR,MS,POM",2048,70969,TOTAL QUALITY MANAGEMENT & BUSINESS EXCELLENCE,['MANAGEMENT'],Total Quality Management and Business Excellence,['1400'],917,Management Information Systems,"Business, Management and Accounting",1.0,0,6,B
300,967494592,Global Business Review,0972-1509,Global Business Review,['3505' '3507'],,,2045,32060,Global Business Review,['MANAGEMENT' 'BUSINESS'],Global Business Review,['1400'],271,Accounting,"Business, Management and Accounting",0.8362573099415205,0,5,B
301,151404345,Journal of Post Keynesian Economics,0160-3477,Journal of Post Keynesian Economics,['3801' '3803'],Journal of Post Keynesian Economics,Economics,2033,33452,JOURNAL OF POST KEYNESIAN ECONOMICS,['ECONOMICS'],Journal of Post Keynesian Economics,['2000'],1303,"General Economics, Econometrics and Finance","Economics, Econometrics and Finance",0.8898122499230533,6,0,E
302,11810700,International Journal of Research in Marketing,0167-8116,International Journal of Research in Marketing,['3506'],International Journal of Research in Marketing,Marketing,2033,121468,INTERNATIONAL JOURNAL OF RESEARCH IN MARKETING,['BUSINESS'],International Journal of Research in Marketing,['1400'],513,Marketing,"Business, Management and Accounting",0.7360872059667241,0,5,B
303,62110574,Review of Quantitative Finance and Accounting,0924-865X,,,Review of Quantitative Finance and Accounting,F&A,2032,38487,Review of Quantitative Finance and Accounting,"['BUSINESS, FINANCE']",Review of Quantitative Finance and Accounting,['2000' '1400'],998,Accounting,"Business, Management and Accounting",1.0,3,3,A
304,4210239688,Communications of the Association for Information Systems,1529-3181,,,Communications of the Association for Information,"MIS,KM",2031,79605,,,,,374,Management Information Systems,"Business, Management and Accounting",0.4237410071942446,0,2,B
305,83511262,International Journal of Productivity and Quality Management,1746-6474,International Journal of Productivity and Quality Management,['3503' '3507'],,,2028,9284,,,International Journal of Productivity and Quality Management,['1400'],705,Management Information Systems,"Business, Management and Accounting",0.820839580209895,0,4,B
306,29817978,Marketing Intelligence & Planning,0263-4503,Marketing Intelligence and Planning,['3506' '3507'],Marketing Intelligence and Planning,Marketing,2027,79022,Marketing Intelligence & Planning,['BUSINESS'],Marketing Intelligence and Planning,['1400'],604,Marketing,"Business, Management and Accounting",0.6758555133079848,0,6,B
307,141901250,Strategic Change,1086-1718,,,Strategic Change,Gen & Strat,2020,23102,Strategic Change-Briefings in Entrepreneurial Finance,"['BUSINESS, FINANCE']",Strategic Change,['2000' '1400'],289,Strategy and Management,"Business, Management and Accounting",1.0,2,4,B
308,184126201,British Journal of Management,1045-3172,British Journal of Management,['3505' '3506' '3507'],British Journal of Management,Gen & Strat,2016,125933,BRITISH JOURNAL OF MANAGEMENT,['MANAGEMENT' 'BUSINESS'],British Journal of Management,['1400'],398,Accounting,"Business, Management and Accounting",0.8935870331219169,0,7,B
309,82178847,Economic Papers A journal of applied economics and policy,0812-0439,Economic Papers: a journal of applied economics and policy,['3502' '3801'],,,2014,9442,Economic Papers,['ECONOMICS'],Economic Papers,['2000'],480,Economics and Econometrics,"Economics, Econometrics and Finance",0.8804232804232804,4,1,E
310,185905316,The Journal of Technology Transfer,0892-9912,Journal of Technology Transfer,['3507'],,,2014,84794,JOURNAL OF TECHNOLOGY TRANSFER,['MANAGEMENT'],Journal of Technology Transfer,['1400'],653,Strategy and Management,"Business, Management and Accounting",1.0,0,4,B
311,58171247,Journal of Product & Brand Management,1061-0421,Journal of Product and Brand Management,['3506' '3507'],Journal of Product and Brand Management,Marketing,2012,90189,Journal of Product and Brand Management,['MANAGEMENT' 'BUSINESS'],Journal of Product and Brand Management,['1400'],1188,Marketing,"Business, Management and Accounting",0.7908088235294117,0,6,B
312,148503350,Queueing Systems,0257-0130,,,Queueing Systems,"OR,MS,POM",2008,47950,,,,,1637,Management Information Systems,"Business, Management and Accounting",0.5082272586153368,0,2,B
313,95496512,Review of Development Economics,1363-6669,,,,,2008,37446,Review of Development Economics,['ECONOMICS'],,,479,Economics and Econometrics,"Economics, Econometrics and Finance",0.7320478723404256,2,0,E
314,51184730,International Journal of Business Excellence,1756-0047,International Journal of Business Excellence,['3503' '3505' '3507'],,,2002,7137,,,International Journal of Business Excellence,['1400'],248,Management Information Systems,"Business, Management and Accounting",0.6579275905118602,0,5,B
315,136745531,Macroeconomic Dynamics,1365-1005,Macroeconomic Dynamics,['3801' '3802' '3803'],Macroeconomic Dynamics,Economics,2002,35578,MACROECONOMIC DYNAMICS,['ECONOMICS'],Macroeconomic Dynamics,['2000'],805,"General Economics, Econometrics and Finance","Economics, Econometrics and Finance",1.0,7,0,E
316,2764393121,The American Economist,0569-4345,American Economist,['3801' '3802' '3803'],,,2001,8877,,,American Economist,['2000'],291,Economics and Econometrics,"Economics, Econometrics and Finance",0.8495486459378134,5,0,E
317,113426170,Compensation & Benefits Review,0886-3687,Compensation and Benefits Review,['3505'],,,1999,8753,,,Compensation and Benefits Review,['1400'],131,Demography,Social Sciences,0.7772108843537415,0,2,B
318,72915307,Organization,1350-5084,,,Organization,"OS/OB,HRM/IR",1989,97179,ORGANIZATION,['MANAGEMENT'],Organization,['1400'],795,Organizational Behavior and Human Resource Management,"Business, Management and Accounting",0.7258566978193146,0,4,B
319,107033909,Journal of Economics,0931-8658,Journal of Economics,['3801' '3802' '3803'],Journal of Economics/ Zeitschrift fur Nationalokonomie,Economics,1985,20397,Journal of Economics,['ECONOMICS'],Journal of Economics/ Zeitschrift fur Nationalokonomie,['2000' '1400'],443,Economics and Econometrics,"Economics, Econometrics and Finance",1.0,7,1,E
320,956737788,BuR - Business Research,1866-8658,BuR: Business Research,['3502'],,,1961,8248,,,Business Research,['1400'],30,Accounting,"Business, Management and Accounting",1.0,0,3,B
321,197145128,Journal of Organizational Change Management,0953-4814,Journal of Organizational Change Management,['3505' '3507'],Journal of Organizational Change Management,Gen & Strat,1960,71793,JOURNAL OF ORGANIZATIONAL CHANGE MANAGEMENT,['MANAGEMENT'],Journal of Organizational Change Management,['1400'],606,Organizational Behavior and Human Resource Management,"Business, Management and Accounting",0.9085985104942451,0,6,B
322,4210177023,Brazilian Journal of Political Economy,0101-3157,Revista de Economia Politica,['3801'],,,1957,12954,,,Brazilian Journal of Political Economy,['2000'],1138,"General Economics, Econometrics and Finance","Economics, Econometrics and Finance",0.9031610637230306,3,0,E
323,173789977,Corporate Governance,1472-0701,Corporate Governance,['3507'],Corporate Governance: The International Journal of Busin,Gen & Strat,1952,65158,Corporate Governance-The International Journal of Business in Society,['BUSINESS'],Corporate Governance (Bingley),['1400'],893,Accounting,"Business, Management and Accounting",1.0,0,5,B
324,8124760,Journal of Management & Organization,1833-3672,Journal of Management and Organization,['3505' '3507'],Journal of Management and Organization,Gen & Strat,1949,33899,Journal of Management & Organization,['MANAGEMENT'],Journal of Management and Organization,['1400'],490,Organizational Behavior and Human Resource Management,"Business, Management and Accounting",1.0,0,6,B
325,4210192821,Credit and Capital Markets – Kredit und Kapital,2199-1227,,,,,1948,2720,,,Credit and Capital Markets,['2000' '1400'],504,Finance,"Economics, Econometrics and Finance",1.0,2,1,E
326,105625036,Journal of Healthcare Management,1096-9012,,,,,1946,18614,,,Journal of Healthcare Management,['1400'],491,Economics and Econometrics,"Economics, Econometrics and Finance",0.47297297297297297,1,1,A
327,4394735563,Journal of applied corporate finance,1745-6622,Journal of Applied Corporate Finance,['3501' '3502'],Journal of Applied Corporate Finance,F&A,1938,51216,Journal of Applied Corporate Finance,"['BUSINESS, FINANCE']",,,581,Accounting,"Business, Management and Accounting",1.0,2,4,B
328,195297104,Organizational Dynamics,0090-2616,,,Organizational Dynamics,"OS/OB,HRM/IR",1936,119025,ORGANIZATIONAL DYNAMICS,['MANAGEMENT' 'BUSINESS'],Organizational Dynamics,['1400'],129,Organizational Behavior and Human Resource Management,"Business, Management and Accounting",0.8072805139186295,0,4,B
329,8557221,Journal of Labor Economics,0734-306X,Journal of Labor Economics,['3801'],Journal of Labor Economics,Economics,1934,170420,JOURNAL OF LABOR ECONOMICS,['ECONOMICS'],Journal of Labor Economics,['2000' '1400'],724,Economics and Econometrics,"Economics, Econometrics and Finance",0.5445246690734056,5,1,E
330,50758683,Revista de Historia Económica / Journal of Iberian and Latin American Economic History,0212-6109,,,,,1933,8471,Revista de Historia Economica-Journal of Iberian and Latin American Economic History,['ECONOMICS'],Revista de Historia Economica - Journal of Iberian and Latin American Economic History,['2000'],601,Economics and Econometrics,"Economics, Econometrics and Finance",0.7370786516853932,3,0,E
331,78792899,Journal of Small Business Management,0047-2778,Journal of Small Business Management,['35'],Journal of Small Business Management,Entrep,1933,144130,JOURNAL OF SMALL BUSINESS MANAGEMENT,['MANAGEMENT'],Journal of Small Business Management,['1400'],843,Management of Technology and Innovation,"Business, Management and Accounting",1.0,0,5,B
332,4210168092,Journal of the History of Economic Thought,1053-8372,,,Journal of the History of Economic Thought,Economics,1931,10378,,,Journal of the History of Economic Thought,['2000'],954,Economics and Econometrics,"Economics, Econometrics and Finance",0.8222727272727273,3,0,E
333,57522439,Australian Economic Papers,0004-900X,Australian Economic Papers,['35' '38'],Australian Economic Papers,Economics,1929,16271,AUSTRALIAN ECONOMIC PAPERS,['ECONOMICS'],Australian Economic Papers,['2000'],395,Economics and Econometrics,"Economics, Econometrics and Finance",1.0,5,1,E
334,132210109,International Journal of Game Theory,0020-7276,,,International Journal of Game Theory,Economics,1926,54539,INTERNATIONAL JOURNAL OF GAME THEORY,['ECONOMICS'],International Journal of Game Theory,['2000'],1072,Management Science and Operations Research,Decision Sciences,0.4587599544937429,3,0,E
335,4210172426,Vikalpa The Journal for Decision Makers,0256-0909,,,,,1923,12229,,,Vikalpa,['1400'],240,Economics and Econometrics,"Economics, Econometrics and Finance",0.7697262479871175,1,1,A
336,197396629,The British Accounting Review,0890-8389,The British Accounting Review,['3501' '3502'],British Accounting Review,F&A,1923,68881,British Accounting Review,"['BUSINESS, FINANCE']",British Accounting Review,['1400'],547,Accounting,"Business, Management and Accounting",1.0,2,5,B
337,189751245,Journal of Consumer Affairs,0022-0078,Journal of Consumer Affairs,['3506'],Journal of Consumer Affairs,Marketing,1922,59822,JOURNAL OF CONSUMER AFFAIRS,['ECONOMICS' 'BUSINESS'],Journal of Consumer Affairs,['2000'],320,Accounting,"Business, Management and Accounting",1.0,2,4,B
338,2737296559,Economies,2227-7099,Economies,['3801' '3803'],,,1908,22628,Economies,['ECONOMICS'],Economies,['2000'],310,Economics and Econometrics,"Economics, Econometrics and Finance",1.0,5,0,E
339,3416249,Review of Industrial Organization,0889-938X,Review of Industrial Organization,['3801'],Review of Industrial Organization,Economics,1899,37510,REVIEW OF INDUSTRIAL ORGANIZATION,['ECONOMICS' 'MANAGEMENT'],Review of Industrial Organization,['2000' '1400'],733,Economics and Econometrics,"Economics, Econometrics and Finance",1.0,5,2,E
340,17986141,Journal of Management Inquiry,1056-4926,Journal of Management Inquiry,['3507'],Journal of Management Inquiry,Gen & Strat,1893,49280,JOURNAL OF MANAGEMENT INQUIRY,['MANAGEMENT'],Journal of Management Inquiry,['1400'],617,Organizational Behavior and Human Resource Management,"Business, Management and Accounting",0.9217719132893497,0,5,B
341,4210215475,Prometheus,0810-9028,,,,,1890,10595,,,Prometheus: Critical Studies in Innovation,['1400'],138,Media Technology,Engineering,0.5587583148558758,0,1,X
342,2764892176,The Antitrust Bulletin,0003-603X,,,,,1890,22316,,,Antitrust Bulletin,['2000'],731,Economics and Econometrics,"Economics, Econometrics and Finance",1.0,2,0,E
343,180851279,Journal of Services Marketing,0887-6045,Journal of Services Marketing,['3504' '3506' '3507'],Journal of Services Marketing,Marketing,1889,125506,Journal of Services Marketing,['BUSINESS'],Journal of Services Marketing,['1400'],1158,Organizational Behavior and Human Resource Management,"Business, Management and Accounting",0.87512971290211,0,7,B
344,2736813639,International Business & Economics Research Journal (IBER),1535-0754,International Business and Economics Research Journal,['3507'],,,1888,14758,,,,,159,Accounting,"Business, Management and Accounting",1.0,0,2,B
345,173896063,Property Management,0263-7472,,,,,1882,13066,Property Management,['MANAGEMENT'],Property Management,['1400'],492,Economics and Econometrics,"Economics, Econometrics and Finance",0.6297250859106529,1,2,B
346,170913539,Bulletin of Economic Research,0307-3378,Bulletin of Economic Research,['3801' '3802' '3803'],Bulletin of Economic Research,Economics,1881,15943,BULLETIN OF ECONOMIC RESEARCH,['ECONOMICS'],Bulletin of Economic Research,['2000'],305,Economics and Econometrics,"Economics, Econometrics and Finance",1.0,7,0,E
347,2764989054,Problems and Perspectives in Management,1727-7051,Problems and Perspectives in Management,['3507'],,,1879,16012,,,Problems and Perspectives in Management,['1400'],206,"Management, Monitoring, Policy and Law",Environmental Science,0.7708565072302559,0,2,B
348,4210232956,Journal of Asian Finance Economics and Business,2288-4637,,,,,1876,33197,,,"Journal of Asian Finance, Economics and Business",['2000' '1400'],293,Accounting,"Business, Management and Accounting",0.7244186046511628,1,2,B
349,52048951,International Journal of Business and Globalisation,1753-3627,International Journal of Business and Globalisation,['3507'],,,1876,6165,,,International Journal of Business and Globalisation,['1400'],243,Management of Technology and Innovation,"Business, Management and Accounting",0.8573573573573574,0,3,B
350,129086836,Real Estate Economics,1080-8620,Real Estate Economics,['3502' '3801'],Real Estate Economics,Economics,1875,59306,REAL ESTATE ECONOMICS,"['ECONOMICS' 'BUSINESS, FINANCE']",Real Estate Economics,['2000' '1400'],1445,Economics and Econometrics,"Economics, Econometrics and Finance",1.0,5,3,E
351,77308338,Corporate Governance An International Review,0964-8410,,,Corporate Governance: An International Review,IB,1872,82959,CORPORATE GOVERNANCE-AN INTERNATIONAL REVIEW,"['MANAGEMENT' 'BUSINESS' 'BUSINESS, FINANCE']",Corporate Governance: An International Review,['1400'],1021,Accounting,"Business, Management and Accounting",1.0,1,4,B
352,105700240,American Business Law Journal,0002-7766,,,,,1867,8638,AMERICAN BUSINESS LAW JOURNAL,['BUSINESS'],American Business Law Journal,['1400'],891,Accounting,"Business, Management and Accounting",0.8805601317957167,0,3,B
353,202812398,Information Systems Research,1047-7047,,,Information Systems Research,"MIS,KM",1867,271930,INFORMATION SYSTEMS RESEARCH,['MANAGEMENT'],Information Systems Research,['1400'],308,Strategy and Management,"Business, Management and Accounting",0.4556354916067146,0,4,B
354,4210228954,Revue de l'OFCE/La Revue de l'OFCE,1265-9576,"Observatoire Francais des Conjonctures Economiques, Revue: observations et diagnostics economiques",['3801' '3802' '3803'],,,1865,5403,,,Revue de l'OFCE,['2000'],257,Urban Studies,Social Sciences,0.5784232365145229,4,0,E
355,51113653,The Engineering Economist,0013-791X,The Engineering Economist,['3801'],,,1860,15939,ENGINEERING ECONOMIST,['MANAGEMENT' 'BUSINESS'],Engineering Economist,['2000'],468,Finance,"Economics, Econometrics and Finance",1.0,3,1,E
356,151491554,The Geneva Papers on Risk and Insurance Issues and Practice,1018-5895,Geneva Papers on Risk and Insurance: Issues and Practice,['3502' '3801'],Geneva Papers on Risk and Insurance: Issues and Practic,Economics,1844,22995,GENEVA PAPERS ON RISK AND INSURANCE-ISSUES AND PRACTICE,"['BUSINESS, FINANCE']",Geneva Papers on Risk and Insurance: Issues and Practice,['2000' '1400'],795,Economics and Econometrics,"Economics, Econometrics and Finance",0.7130829015544041,5,3,E
357,135086714,Journal of Information Technology,0268-3962,,,Journal of Information Technology,"MIS,KM",1843,67556,JOURNAL OF INFORMATION TECHNOLOGY,['MANAGEMENT'],Journal of Information Technology,['1400'],310,Management Information Systems,"Business, Management and Accounting",0.732568402471315,0,4,B
358,191031105,Asia Pacific Journal of Marketing and Logistics,1355-5855,Asia Pacific Journal of Marketing and Logistics,['3506' '3507' '3508'],Asia Pacific Journal of Marketing and Logistics,Marketing,1842,45332,Asia Pacific Journal of Marketing and Logistics,['BUSINESS'],Asia Pacific Journal of Marketing and Logistics,['1400'],718,Marketing,"Business, Management and Accounting",0.6407889215274863,0,7,B
359,25359449,International Advances in Economic Research,1083-0898,International Advances in Economic Research,['3801' '3802' '3803'],,,1837,12479,International Advances in Economic Research,['ECONOMICS'],International Advances in Economic Research,['2000'],254,"General Economics, Econometrics and Finance","Economics, Econometrics and Finance",1.0,6,0,E
360,2508752,Business Process Management Journal,1463-7154,,,Business Process Management Journal,"OR,MS,POM",1836,76344,Business Process Management Journal,['MANAGEMENT' 'BUSINESS'],Business Process Management Journal,['1400'],505,Management Information Systems,"Business, Management and Accounting",1.0,0,4,B
361,4210183922,Journal of General Management,0306-3070,Journal of General Management,['3505' '3507'],Journal of General Management,Gen & Strat,1831,20584,JOURNAL OF GENERAL MANAGEMENT,['MANAGEMENT'],Journal of General Management,['1400'],155,Strategy and Management,"Business, Management and Accounting",1.0,0,6,B
362,163134310,Journal of European Industrial Training,0309-0590,,,,,1821,41809,,,Journal of European Industrial Training,['1400'],256,Applied Psychology,Psychology,0.5437731196054254,0,1,X
363,187626162,Entrepreneurship Theory and Practice,1042-2587,Entrepreneurship: Theory and Practice,['3505' '3507'],Entrepreneurship Theory and Practice,Entrep,1818,303691,ENTREPRENEURSHIP THEORY AND PRACTICE,['BUSINESS'],Entrepreneurship Theory and Practice,['2000' '1400'],1105,Management of Technology and Innovation,"Business, Management and Accounting",1.0,1,6,B
364,15356059,Review of Political Economy,0953-8259,Review of Political Economy,['3502' '3801' '3803'],,,1815,21591,REVIEW OF POLITICAL ECONOMY,['ECONOMICS'],Review of Political Economy,['2000'],932,"General Economics, Econometrics and Finance","Economics, Econometrics and Finance",0.7887269938650306,5,1,E
365,945769174,Revue d économie politique,0373-2630,Revue d'Economie Politique,['3801'],,,1812,6373,REVUE D ECONOMIE POLITIQUE,['ECONOMICS'],Revue d'Economie Politique,['2000'],228,Urban Studies,Social Sciences,0.5324232081911263,3,0,E
366,62142384,Journal of Accounting and Economics,0165-4101,Journal of Accounting and Economics,['3501' '3502' '3801'],Journal of Accounting and Economics,F&A,1805,379574,JOURNAL OF ACCOUNTING & ECONOMICS,"['ECONOMICS' 'BUSINESS, FINANCE']",Journal of Accounting and Economics,['2000' '1400'],1066,Accounting,"Business, Management and Accounting",1.0,4,5,B
367,105799767,European Journal of the History of Economic Thought,0967-2567,,,European Journal of the History of Economic Thought,Economics,1804,11834,European Journal of the History of Economic Thought,['ECONOMICS'],European Journal of the History of Economic Thought,['2000'],856,Economics and Econometrics,"Economics, Econometrics and Finance",0.7813604240282686,4,0,E
368,136661304,Managerial Auditing Journal,0268-6902,Managerial Auditing Journal,['3501'],Managerial Auditing Journal,F&A,1797,63311,Managerial Auditing Journal,"['MANAGEMENT' 'BUSINESS, FINANCE']",Managerial Auditing Journal,['2000' '1400'],907,Accounting,"Business, Management and Accounting",1.0,3,4,B
369,2738355984,Administrative Sciences,2076-3387,,,,,1797,25326,Administrative Sciences,['MANAGEMENT'],Administrative Sciences,['1400'],267,Management of Technology and Innovation,"Business, Management and Accounting",0.8713942307692307,0,3,B
370,2737349555,European Journal of Sustainable Development,2239-5938,,,,,1794,11683,,,European Journal of Sustainable Development,['2000'],139,"Management, Monitoring, Policy and Law",Environmental Science,0.52,1,0,X
371,94775995,European Business Review,0955-534X,European Business Review (Bingley),['3506' '3507'],European Business Review,Gen & Strat,1794,65905,European Business Review,['BUSINESS'],European Business Review,['1400'],195,Strategy and Management,"Business, Management and Accounting",1.0,0,6,B
372,145875555,Journal of Empirical Finance,0927-5398,Journal of Empirical Finance,['3502' '3801'],Journal of Empirical Finance,F&A,1792,79926,Journal of Empirical Finance,"['ECONOMICS' 'BUSINESS, FINANCE']",Journal of Empirical Finance,['2000'],863,Finance,"Economics, Econometrics and Finance",1.0,5,2,E
373,35298862,Journal of Macromarketing,0276-1467,Journal of Macromarketing,['3506'],Journal of Macromarketing,Marketing,1786,39884,Journal of Macromarketing,['BUSINESS'],Journal of Macromarketing,['1400'],314,Marketing,"Business, Management and Accounting",0.7842046718576196,0,5,B
374,166797808,International Journal of Indian Culture and Business Management,1753-0806,,,,,1776,4130,International Journal of Indian Culture and Business Management,['BUSINESS'],,,113,Marketing,"Business, Management and Accounting",0.6090225563909775,0,2,B
375,34139249,The RAND Journal of Economics,0741-6261,RAND Journal of Economics,['3801' '3802' '3803'],RAND Journal of Economics,Economics,1761,201737,RAND JOURNAL OF ECONOMICS,['ECONOMICS'],RAND Journal of Economics,['2000'],497,Economics and Econometrics,"Economics, Econometrics and Finance",0.7506426735218509,7,0,E
376,190363454,Organizational Behavior Teaching Review,1052-5629,,,Journal of Management Education,Education,1759,37351,,,Journal of Management Education,['1400'],581,Management of Technology and Innovation,"Business, Management and Accounting",0.7788778877887789,0,2,B
377,22431819,International Economic Journal,1016-8737,International Economic Journal,['3801' '3802' '3803'],,,1759,15963,INTERNATIONAL ECONOMIC JOURNAL,['ECONOMICS'],International Economic Journal,['2000'],601,"General Economics, Econometrics and Finance","Economics, Econometrics and Finance",1.0,6,0,E
378,53726244,Journal of Managerial Psychology,0268-3946,,,Journal of Managerial Psychology,"OS/OB,HRM/IR",1753,105751,Journal of Managerial Psychology,['MANAGEMENT'],Journal of Managerial Psychology,['1400'],818,Organizational Behavior and Human Resource Management,"Business, Management and Accounting",0.6348684210526315,0,4,B
379,980556082,Agricultural Economics (Zemědělská ekonomika),0139-570X,,,,,1748,14728,Agricultural Economics-Zemedelska Ekonomika,['ECONOMICS'],Agricultural Economics (Czech Republic),['2000'],355,General Agricultural and Biological Sciences,Agricultural and Biological Sciences,0.47266313932980597,2,0,E
380,145471836,Explorations in Economic History,0014-4983,,,Explorations in Economic History,Economics,1746,44095,EXPLORATIONS IN ECONOMIC HISTORY,['ECONOMICS'],Explorations in Economic History,['2000'],539,Economics and Econometrics,"Economics, Econometrics and Finance",0.8419117647058824,4,0,E
381,118000741,The Journal of Investing,1068-0896,The Journal of Investing,['3502'],,,1745,14496,Journal of Investing,"['BUSINESS, FINANCE']",Journal of Investing,['2000' '1400'],872,Finance,"Economics, Econometrics and Finance",1.0,3,3,A
382,2764449526,Management international,1206-1697,,,,,1737,7071,,,Management international,['1400'],292,Urban Studies,Social Sciences,0.7065326633165829,0,1,X
383,61413993,Journal of Business and Psychology,0889-3268,,,Journal of Business and Psychology,"OS/OB,HRM/IR",1736,93233,JOURNAL OF BUSINESS AND PSYCHOLOGY,['BUSINESS'],Journal of Business and Psychology,['1400'],742,Organizational Behavior and Human Resource Management,"Business, Management and Accounting",0.6330935251798561,0,4,B
384,145507837,Industrial and Corporate Change,0960-6491,Industrial and Corporate Change,['3507' '3801'],Industrial and Corporate Change,Economics,1733,134975,INDUSTRIAL AND CORPORATE CHANGE,['ECONOMICS' 'MANAGEMENT' 'BUSINESS'],Industrial and Corporate Change,['2000' '1400'],482,Economics and Econometrics,"Economics, Econometrics and Finance",1.0,5,3,E
385,170810187,International Journal of Bank Marketing,0265-2323,International Journal of Bank Marketing,['3506' '3507'],International Journal of Bank Marketing,Marketing,1730,97719,International Journal of Bank Marketing,['BUSINESS'],International Journal of Bank Marketing,['1400'],780,Organizational Behavior and Human Resource Management,"Business, Management and Accounting",0.6602434077079108,0,6,B
386,41958068,Journal of Consumer Behaviour,1472-0817,Journal of Consumer Behaviour: an international research review,['3506'],Journal of Consumer Behaviour,Marketing,1724,61118,Journal of Consumer Behaviour,['BUSINESS'],,,797,Marketing,"Business, Management and Accounting",0.6918635170603674,0,4,B
387,66201313,Journal of Business Venturing,0883-9026,Journal of Business Venturing,['35'],Journal of Business Venturing,Entrep,1724,353689,JOURNAL OF BUSINESS VENTURING,['BUSINESS'],Journal of Business Venturing,['1400'],971,Management of Technology and Innovation,"Business, Management and Accounting",1.0,0,5,B
388,117460449,Asia Pacific Business Review,1360-2381,Asia Pacific Business Review,['3505' '3507'],Asia Pacific Business Review,IB,1722,21031,Asia Pacific Business Review,['MANAGEMENT' 'BUSINESS'],Asia Pacific Business Review,['1400'],272,Strategy and Management,"Business, Management and Accounting",0.8443627450980392,0,6,B
389,149339240,Eastern European Economics,0012-8775,Eastern European Economics: a journal of translations,['3801' '3802' '3803'],,,1718,9699,EASTERN EUROPEAN ECONOMICS,['ECONOMICS'],Eastern European Economics,['2000'],189,Finance,"Economics, Econometrics and Finance",0.8210399032648126,6,0,E
390,201675752,Canadian Journal of Administrative Sciences / Revue Canadienne des Sciences de l Administration,0825-0383,Canadian Journal of Administrative Sciences,['3505' '3507'],Canadian Journal of Administrative Sciences,Multidisciplinary,1709,28496,CANADIAN JOURNAL OF ADMINISTRATIVE SCIENCES-REVUE CANADIENNE DES SCIENCES DE L ADMINISTRATION,['MANAGEMENT' 'BUSINESS'],Canadian Journal of Administrative Sciences,['1400'],188,Accounting,"Business, Management and Accounting",1.0,0,5,B
391,2765038058,Human Systems Management,0167-2533,Human Systems Management,['3505' '3507'],,,1707,15995,HUMAN SYSTEMS MANAGEMENT,['MANAGEMENT'],Human Systems Management,['1400'],142,Management Science and Operations Research,Decision Sciences,0.4548872180451128,0,4,B
392,81845475,World Competition,1011-4548,,,,,1703,5706,,,World Competition,['2000'],547,Economics and Econometrics,"Economics, Econometrics and Finance",0.49719495091164095,2,0,E
393,99768379,Management Learning,1350-5076,Management Learning,['3505' '3507'],Management Learning,Gen & Strat,1701,53018,MANAGEMENT LEARNING,['MANAGEMENT'],Management Learning,['1400'],734,Organizational Behavior and Human Resource Management,"Business, Management and Accounting",0.9234516353514266,0,6,B
394,4210214252,Risks,2227-9091,Risks,['3502'],,,1699,15839,Risks,"['BUSINESS, FINANCE']",Risks,['2000' '1400'],366,Demography,Social Sciences,0.7252252252252253,2,3,B
395,2737777163,International Journal of Economics and Financial Issues,2146-4138,International Journal of Economics and Financial Issues,['3502' '3801' '3802'],,,1696,10843,,,International Journal of Economics and Financial Issues,['2000'],270,Accounting,"Business, Management and Accounting",0.8281990521327014,3,2,E
396,137473582,Strategy and Leadership,1087-8572,Strategy & Leadership,['3505' '3506' '3507'],,,1689,31680,,,Strategy and Leadership,['1400'],169,Strategy and Management,"Business, Management and Accounting",1.0,0,5,B
397,202178085,The Journal of Real Estate Finance and Economics,0895-5638,Journal of Real Estate Finance and Economics,['3502' '3801'],Journal of Real Estate Finance and Economics,F&A,1688,55719,JOURNAL OF REAL ESTATE FINANCE AND ECONOMICS,"['ECONOMICS' 'BUSINESS, FINANCE']",Journal of Real Estate Finance and Economics,['2000' '1400'],1388,Economics and Econometrics,"Economics, Econometrics and Finance",1.0,5,3,E
398,4210213020,Économie & prévision,0249-4744,,,,,1687,7338,,,Economie et Prevision,['2000' '1400'],265,"General Economics, Econometrics and Finance","Economics, Econometrics and Finance",0.6544202066590127,2,1,E
399,2737535994,Contaduría y Administración,0186-1042,Contaduria y Administracion,['3501'],,,1684,8810,,,Contaduria y Administracion,['1400'],323,Economics and Econometrics,"Economics, Econometrics and Finance",0.8915145005370569,1,2,B
400,62126747,The Singapore Economic Review,0217-5908,Singapore Economic Review,['3801' '3802' '3803'],,,1671,12083,SINGAPORE ECONOMIC REVIEW,['ECONOMICS'],Singapore Economic Review,['2000'],254,Economics and Econometrics,"Economics, Econometrics and Finance",1.0,6,0,E
401,132285554,Creativity and Innovation Management,0963-1690,Creativity and Innovation Management,['3505' '3507'],Creativity and Innovation Management,Innovation,1661,42814,Creativity and Innovation Management,['MANAGEMENT'],Creativity and Innovation Management,['1400'],460,Strategy and Management,"Business, Management and Accounting",0.5998336106489185,0,6,B
402,14567820,The Journal of developing areas,0022-037X,Journal of Developing Areas,['35' '38'],Journal of Developing Areas,Economics,1661,18439,,,,,298,Economics and Econometrics,"Economics, Econometrics and Finance",0.8731656184486373,3,1,E
403,145099083,Journal of Economics and Business,0148-6195,Journal of Economics and Business,['3502' '3801'],,,1658,37345,JOURNAL OF ECONOMICS AND BUSINESS,"['BUSINESS, FINANCE']",Journal of Economics and Business,['2000' '1400'],382,Accounting,"Business, Management and Accounting",1.0,3,4,B
404,4394735609,Foreign Trade Review,0971-7625,,,,,1658,3954,Foreign Trade Review,['ECONOMICS' 'BUSINESS'],Foreign Trade Review,['2000' '1400'],720,"General Economics, Econometrics and Finance","Economics, Econometrics and Finance",0.9188667095943336,3,2,E
405,2764837548,Emerald Emerging Markets Case Studies,2045-0621,,,,,1656,1953,,,Emerald Emerging Markets Case Studies,['2000' '1400'],238,Business and International Management,"Business, Management and Accounting",1.0,1,2,B
406,41302103,International Journal of Physical Distribution & Logistics Management,0960-0035,International Journal of Physical Distribution and Logistics Management,['3509'],International Journal of Physical Distribution and Logistics,"OR,MS,POM",1655,122840,INTERNATIONAL JOURNAL OF PHYSICAL DISTRIBUTION & LOGISTICS MANAGEMENT,['MANAGEMENT'],International Journal of Physical Distribution and Logistics Management,['1400'],643,Management Information Systems,"Business, Management and Accounting",1.0,0,5,B
407,4210199364,Management Research News,0140-9174,Management Research Review: Communication of emergent international management research,['3505' '3506' '3507'],,,1648,25235,Management Research Review,['MANAGEMENT'],Management Research News,['1400'],219,Public Administration,Social Sciences,0.5867924528301887,0,5,B
408,81410195,Manufacturing & Service Operations Management,1523-4614,,,Manufacturing and Service Operations Management,"OR,MS,POM",1648,89610,M&SOM-Manufacturing & Service Operations Management,['MANAGEMENT'],Manufacturing and Service Operations Management,['1400'],731,Management Information Systems,"Business, Management and Accounting",0.8875669244497323,0,4,B
409,121409115,International Review of Law and Economics,0144-8188,,,International Review of Law and Economics,Economics,1646,33023,INTERNATIONAL REVIEW OF LAW AND ECONOMICS,['ECONOMICS'],International Review of Law and Economics,['2000'],699,Economics and Econometrics,"Economics, Econometrics and Finance",0.8915060670949322,4,0,E
410,171424506,European Accounting Review,0963-8180,European Accounting Review,['3501'],European Accounting Review,F&A,1645,68652,European Accounting Review,"['BUSINESS, FINANCE']",European Accounting Review,['2000' '1400'],744,Accounting,"Business, Management and Accounting",1.0,3,4,B
411,124504522,Information Systems Management,1058-0530,,,Information Systems Management,"MIS,KM",1642,39982,,,,,371,Management Information Systems,"Business, Management and Accounting",0.8549172346640701,0,2,B
412,184729184,Public Budgeting &amp Finance,0275-1100,,,,,1642,13558,,,Public Budgeting and Finance,['2000'],580,Political Science and International Relations,Social Sciences,0.6191247974068071,1,0,X
413,82316188,European Journal of Finance,1351-847X,The European Journal of Finance,['3502' '3801'],European Journal of Finance,F&A,1640,33107,European Journal of Finance,"['BUSINESS, FINANCE']",European Journal of Finance,['2000'],608,Finance,"Economics, Econometrics and Finance",1.0,5,2,E
414,4210203272,Ekonomika,1392-1258,,,,,1639,3199,,,Ekonomika,['2000'],193,Economics and Econometrics,"Economics, Econometrics and Finance",0.8317214700193424,2,0,E
415,3022066471,German Journal of Human Resource Management Zeitschrift für Personalforschung,2397-0022,,,German Journal of Human Resource Management,"OS/OB,HRM/IR",1637,9747,German Journal of Human Resource Management-Zeitschrift fur Personalforschung,['MANAGEMENT'],German Journal of Human Resource Management,['1400'],291,Organizational Behavior and Human Resource Management,"Business, Management and Accounting",0.6147686832740213,0,4,B
416,3593595,Australian Journal of Agricultural and Resource Economics,1364-985X,The Australian Journal of Agricultural and Resource Economics,['3801'],Australian Journal of Agricultural and Resource Economics,Economics,1637,28049,AUSTRALIAN JOURNAL OF AGRICULTURAL AND RESOURCE ECONOMICS,['ECONOMICS'],Australian Journal of Agricultural and Resource Economics,['2000'],229,Economics and Econometrics,"Economics, Econometrics and Finance",0.46983758700696054,5,0,E
417,124549413,Journal of Economic Surveys,0950-0804,Journal of Economic Surveys,['3502' '3801'],Journal of Economic Surveys,Economics,1626,105012,JOURNAL OF ECONOMIC SURVEYS,['ECONOMICS'],Journal of Economic Surveys,['2000'],218,"General Economics, Econometrics and Finance","Economics, Econometrics and Finance",1.0,5,1,E
418,107036887,Asia Pacific Journal of Management,0217-4561,Asia Pacific Journal of Management,['3505' '3507'],Asia Pacific Journal of Management,IB,1622,68793,Asia Pacific Journal of Management,['MANAGEMENT'],Asia Pacific Journal of Management,['2000' '1400'],434,Accounting,"Business, Management and Accounting",1.0,1,6,B
419,86762183,Journal of Accounting and Public Policy,0278-4254,,,Journal of Accounting and Public Policy,F&A,1622,75226,JOURNAL OF ACCOUNTING AND PUBLIC POLICY,"['BUSINESS, FINANCE']",Journal of Accounting and Public Policy,['1400'],836,Accounting,"Business, Management and Accounting",1.0,2,3,B
420,187709482,Electronic Commerce Research and Applications,1567-4223,,,Electronic Commerce Research and Applications,"MIS,KM",1618,76009,Electronic Commerce Research and Applications,['BUSINESS'],Electronic Commerce Research and Applications,['1400'],443,Sociology and Political Science,Social Sciences,0.4429727740986019,0,3,B
421,124430719,Arbitration International,0957-0411,,,,,1617,9045,,,Arbitration International,['1400'],1310,Strategy and Management,"Business, Management and Accounting",0.7538405267008047,0,2,B
422,115237062,Journal of Economics & Management Strategy,1058-6407,Journal of Economics and Management Strategy,['3502' '3801'],Journal of Economics and Management Strategy,Economics,1613,61745,JOURNAL OF ECONOMICS & MANAGEMENT STRATEGY,['ECONOMICS' 'MANAGEMENT'],Journal of Economics and Management Strategy,['2000' '1400'],409,Economics and Econometrics,"Economics, Econometrics and Finance",0.7034764826175869,5,3,E
423,170287006,Scandinavian Economic History Review,0358-5522,,,,,1612,11476,SCANDINAVIAN ECONOMIC HISTORY REVIEW,['ECONOMICS'],,,389,Economics and Econometrics,"Economics, Econometrics and Finance",0.6622418879056047,2,0,E
424,171971387,Scandinavian Journal of Management,0956-5221,Scandinavian Journal of Management,['3505' '3507'],Scandinavian Journal of Management,Gen & Strat,1610,54234,Scandinavian Journal of Management,['MANAGEMENT'],Scandinavian Journal of Management,['1400'],451,Organizational Behavior and Human Resource Management,"Business, Management and Accounting",0.9074626865671642,0,6,B
425,165087003,Journal of the European Economic Association,1542-4766,Journal of the European Economic Association,['3801' '3802' '3803'],Journal of the European Economic Association,Economics,1610,123603,Journal of the European Economic Association,['ECONOMICS'],Journal of the European Economic Association,['2000'],204,Economics and Econometrics,"Economics, Econometrics and Finance",0.7892813641900122,7,0,E
426,170231156,International Journal of Entrepreneurial Behaviour & Research,1355-2554,International Journal of Entrepreneurial Behaviour and Research,['3505' '3507'],International Journal of Entrepreneurial Behaviour and Re,Entrep,1609,72155,INTERNATIONAL JOURNAL OF ENTREPRENEURIAL BEHAVIOR & RESEARCH,['MANAGEMENT' 'BUSINESS'],International Journal of Entrepreneurial Behaviour and Research,['1400'],1058,Management of Technology and Innovation,"Business, Management and Accounting",1.0,0,6,B
427,200768828,CEPAL review,0251-2920,,,,,1606,9211,Cepal Review,['ECONOMICS'],CEPAL Review,['2000'],403,"General Economics, Econometrics and Finance","Economics, Econometrics and Finance",0.8779443254817987,3,0,E
428,2735890421,The World Bank Economic Review,0258-6770,The World Bank Economic Review,['3801' '3802' '3803'],World Bank Economic Review,Economics,1602,118171,WORLD BANK ECONOMIC REVIEW,"['ECONOMICS' 'BUSINESS, FINANCE']",World Bank Economic Review,['2000' '1400'],341,Economics and Econometrics,"Economics, Econometrics and Finance",0.6812080536912751,7,2,E
429,35673206,International Marketing Review,0265-1335,International Marketing Review,['3506' '3507'],International Marketing Review,Marketing,1599,98950,INTERNATIONAL MARKETING REVIEW,['BUSINESS'],International Marketing Review,['1400'],593,Strategy and Management,"Business, Management and Accounting",0.8916806253489671,0,6,B
430,116345831,International Journal of Emerging Markets,1746-8809,International Journal of Emerging Markets,['3502' '3506' '3507'],,,1597,31045,International Journal of Emerging Markets,['ECONOMICS' 'MANAGEMENT' 'BUSINESS'],International Journal of Emerging Markets,['1400'],379,Accounting,"Business, Management and Accounting",1.0,1,6,B
431,2765024836,Vision The Journal of Business Perspective,0972-2629,,,,,1597,12998,Vision-The Journal of Business Perspective,['MANAGEMENT' 'BUSINESS'],Vision,['1400'],114,Accounting,"Business, Management and Accounting",0.8245614035087719,0,3,B
432,2764640640,Baltic Journal of Economic Studies,2256-0742,,,,,1581,5798,Baltic Journal of Economic Studies,['ECONOMICS'],,,835,"General Economics, Econometrics and Finance","Economics, Econometrics and Finance",0.6962714704650188,2,0,E
433,4210222123,Journal of Open Innovation Technology Market and Complexity,2199-8531,"Journal of Open Innovation: Technology, Market, and Complexity",['3507'],,,1573,44943,,,"Journal of Open Innovation: Technology, Market, and Complexity",['2000'],234,Strategy and Management,"Business, Management and Accounting",0.6058041112454655,1,2,B
434,2875300,Review of International Political Economy,0969-2290,,,,,1568,78084,REVIEW OF INTERNATIONAL POLITICAL ECONOMY,['ECONOMICS'],Review of International Political Economy,['2000'],320,Development,Social Sciences,0.5233265720081136,2,0,E
435,4210178946,Zeitschrift für die gesamte Versicherungswissenschaft,0044-2585,,,,,1560,3120,,,Zeitschrift fur die gesamte Versicherungswissenschaft,['2000' '1400'],387,Economics and Econometrics,"Economics, Econometrics and Finance",0.7007358953393296,2,1,E
436,181388337,International Journal of Innovation Management,1363-9196,International Journal of Innovation Management,['3503' '3507'],International Journal of Innovation Management,Innovation,1557,40008,International Journal of Innovation Management,['MANAGEMENT'],International Journal of Innovation Management,['1400'],850,Strategy and Management,"Business, Management and Accounting",1.0,0,6,B
437,200161079,Business Information Review,0266-3821,,,,,1555,6225,,,Business Information Review,['2000' '1400'],145,Management Information Systems,"Business, Management and Accounting",0.5031712473572939,1,2,B
438,27632631,Journal of Brand Management,1350-231X,Journal of Brand Management,['3506' '3507'],Journal of Brand Management,Marketing,1554,73193,Journal of Brand Management,['MANAGEMENT' 'BUSINESS'],Journal of Brand Management,['1400'],822,Marketing,"Business, Management and Accounting",0.7443850267379679,0,6,B
439,87328381,Journal of Occupational and Organizational Psychology,0963-1798,,,Journal of Occupational and Organizational Psychology,"OS/OB,HRM/IR",1553,134329,JOURNAL OF OCCUPATIONAL AND ORGANIZATIONAL PSYCHOLOGY,['MANAGEMENT'],Journal of Occupational and Organizational Psychology,['1400'],738,Organizational Behavior and Human Resource Management,"Business, Management and Accounting",0.5536384096024006,0,4,B
440,143995394,Journal of World Business,1090-9516,Journal of World Business,['3505' '3507'],Journal of World Business,IB,1545,133740,JOURNAL OF WORLD BUSINESS,['BUSINESS'],Journal of World Business,['2000' '1400'],702,Strategy and Management,"Business, Management and Accounting",0.8908898305084746,1,6,B
441,4210230903,Engineering Management Journal,1042-9247,,,,,1538,16996,Engineering Management Journal,['MANAGEMENT'],EMJ - Engineering Management Journal,['1400'],194,Management Science and Operations Research,Decision Sciences,0.4200298953662182,0,2,B
442,4210232703,Gospodarka Narodowa,0867-0005,Gospodarka Narodowa,['3801' '3802' '3803'],,,1534,4674,Gospodarka Narodowa-The Polish Journal of Economics,['ECONOMICS'],,,413,Economics and Econometrics,"Economics, Econometrics and Finance",0.7502145922746781,5,0,E
443,44376543,Business & Society,0007-6503,Business and Society,['3507'],Business and Society,Gen & Strat,1525,80460,Business & Society,['BUSINESS'],Business and Society,['1400'],467,Strategy and Management,"Business, Management and Accounting",0.8397873955960516,0,5,B
444,45682993,Academy of Management Learning and Education,1537-260X,,,Academy of Management Learning and Education,Education,1525,83265,Academy of Management Learning & Education,['MANAGEMENT'],Academy of Management Learning and Education,['1400'],480,Organizational Behavior and Human Resource Management,"Business, Management and Accounting",0.8584214808787632,0,3,B
445,187788904,Journal of Hospitality and Tourism Management,1447-6770,Journal of Hospitality and Tourism Management,['3504' '3508'],Journal of Hospitality and Tourism Management,Tourism,1524,54671,Journal of Hospitality and Tourism Management,['MANAGEMENT'],Journal of Hospitality and Tourism Management,['1400'],530,Sociology and Political Science,Social Sciences,0.4594084329767149,0,5,B
446,191693275,Human Resource Development Quarterly,1044-8004,,,Human Resource Development Quarterly,"OS/OB,HRM/IR",1518,51906,Human Resource Development Quarterly,['MANAGEMENT'],Human Resource Development Quarterly,['1400'],468,Applied Psychology,Psychology,0.5144356955380578,0,3,B
447,203364070,Bulletin of Indonesian Economic Studies,0007-4918,,,Bulletin of Indonesian Economic Studies,Economics,1513,20564,BULLETIN OF INDONESIAN ECONOMIC STUDIES,['ECONOMICS'],Bulletin of Indonesian Economic Studies,['2000'],297,Sociology and Political Science,Social Sciences,0.5863509749303621,3,0,E
448,144472306,Journal of Manufacturing Technology Management,1741-038X,Journal of Manufacturing Technology Management,['3507'],Journal of Manufacturing Technology Management,"OR,MS,POM",1505,64796,Journal of Manufacturing Technology Management,['MANAGEMENT'],Journal of Manufacturing Technology Management,['1400'],565,Management Information Systems,"Business, Management and Accounting",0.8804702808621816,0,5,B
449,106098198,Oxford Review of Economic Policy,0266-903X,Oxford Review of Economic Policy,['3502' '3801'],Oxford Review of Economic Policy,Economics,1501,88313,OXFORD REVIEW OF ECONOMIC POLICY,['ECONOMICS'],Oxford Review of Economic Policy,['2000'],208,Economics and Econometrics,"Economics, Econometrics and Finance",1.0,5,1,E
450,4210186494,Gestão & Produção,0104-530X,Gestao e Producao,['3507' '3801'],,,1495,12643,,,Gestao e Producao,['1400'],410,Information Systems and Management,Decision Sciences,0.5434412265758092,1,2,B
451,4210222494,Sustainable Futures,2666-1888,,,,,1490,7511,,,Sustainable Futures,['1400'],246,Economics and Econometrics,"Economics, Econometrics and Finance",0.8350515463917526,1,1,A
452,4210215964,South African Journal of Business Management,2078-5585,,,,,1483,11773,South African Journal of Business Management,['MANAGEMENT' 'BUSINESS'],South African Journal of Business Management,['1400'],142,Strategy and Management,"Business, Management and Accounting",1.0,0,3,B
453,4210206464,International journal of organizational analysis,1758-8561,International Journal of Organizational Analysis,['3505' '3507'],,,1481,24355,International Journal of Organizational Analysis,['MANAGEMENT'],Organizational Analysis,['1400'],496,Organizational Behavior and Human Resource Management,"Business, Management and Accounting",1.0,0,5,B
454,184446198,Journal of Public Economic Theory,1097-3923,Journal of Public Economic Theory,['3801' '3803'],Journal of Public Economic Theory,Economics,1476,17539,Journal of Public Economic Theory,['ECONOMICS'],Journal of Public Economic Theory,['2000'],521,Economics and Econometrics,"Economics, Econometrics and Finance",0.8079268292682927,6,0,E
455,162526994,International Journal of Market Research,1470-7853,International Journal of Market Research,['3506'],International Journal of Market Research,Marketing,1475,32805,INTERNATIONAL JOURNAL OF MARKET RESEARCH,['BUSINESS'],International Journal of Market Research,['2000' '1400'],334,Marketing,"Business, Management and Accounting",0.6584158415841584,1,5,B
456,2764703659,Journal of Business & Economics Research (JBER),1542-4448,Journal of Business and Economics Research,['3507'],,,1469,9275,,,,,157,Accounting,"Business, Management and Accounting",1.0,0,2,B
457,25250876,Economy and Society,0308-5147,,,Economy and Society,Economics,1460,86066,ECONOMY AND SOCIETY,['ECONOMICS'],Economy and Society,['2000'],199,Sociology and Political Science,Social Sciences,0.5751445086705202,3,0,E
458,4210179063,Blätter der DGVFM,0012-0200,,,,,1454,3035,,,Blaetter der DGVFM,['1400'],245,Economics and Econometrics,"Economics, Econometrics and Finance",0.6666666666666666,1,1,A
459,161221442,Abacus,0001-3072,Abacus,['3501' '3502'],Abacus,F&A,1451,31008,Abacus-A Journal of Accounting Finance and Business Studies,"['BUSINESS, FINANCE']",Abacus,['1400'],532,Accounting,"Business, Management and Accounting",1.0,2,5,B
460,128223704,Economics and Philosophy,0266-2671,,,Economics and Philosophy,Economics,1449,23965,Economics & Philosophy,['ECONOMICS'],Economics and Philosophy,['2000'],376,Economics and Econometrics,"Economics, Econometrics and Finance",0.4727954971857411,4,0,E
461,3354691,Journal of Small Business and Enterprise Development,1462-6004,Journal of Small Business and Enterprise Development,['3505' '3506' '3507'],Journal of Small Business and Enterprise Development,Entrep,1449,62484,Journal of Small Business and Enterprise Development,['BUSINESS'],Journal of Small Business and Enterprise Development,['1400'],783,Management of Technology and Innovation,"Business, Management and Accounting",1.0,0,7,B
462,118637542,European J of International Management,1751-6757,European Journal of International Management,['3503' '3505' '3507'],European Journal of International Management,IB,1447,10876,European Journal of International Management,['MANAGEMENT'],European Journal of International Management,['1400'],322,Strategy and Management,"Business, Management and Accounting",1.0,0,7,B
463,4210183623,TSEG/ Low Countries Journal of Social and Economic History,1572-1701,,,,,1445,1630,,,Tijdschrift voor Sociale en Economische Geschiedenis,['2000'],268,Finance,"Economics, Econometrics and Finance",0.5242937853107345,2,0,E
464,187270080,European Journal of Work and Organizational Psychology,1359-432X,,,European Journal of Work and Organizational Psychology,"OS/OB,HRM/IR",1445,95893,European Journal of Work and Organizational Psychology,['MANAGEMENT'],European Journal of Work and Organizational Psychology,['1400'],727,Organizational Behavior and Human Resource Management,"Business, Management and Accounting",0.5728920409771474,0,4,B
465,59042063,Asian-Pacific Economic Literature,0818-9935,Asian-Pacific Economic Literature,['35' '38'],,,1437,7327,Asian-Pacific Economic Literature,['ECONOMICS'],Asian-Pacific Economic Literature,['2000'],286,"General Economics, Econometrics and Finance","Economics, Econometrics and Finance",0.8421052631578947,4,1,E
466,95314075,Leadership,1742-7150,Leadership,['3505' '3507'],Leadership,"OS/OB,HRM/IR",1435,26010,Leadership,['MANAGEMENT'],Leadership,['1400'],350,Organizational Behavior and Human Resource Management,"Business, Management and Accounting",0.8976608187134503,0,6,B
467,100702818,OPSEARCH,0030-3887,,,,,1433,9902,,,OPSEARCH,['1400'],260,Management Information Systems,"Business, Management and Accounting",0.5857699805068226,0,2,B
468,131852005,European Financial Management,1354-7798,European Financial Management,['3501' '3502'],European Financial Management,"F&A, Economics",1432,48421,European Financial Management,"['BUSINESS, FINANCE']",European Financial Management,['2000' '1400'],590,Accounting,"Business, Management and Accounting",1.0,3,5,B
469,127060114,NBER Macroeconomics Annual,0889-3365,Macroeconomics Annual,['3801' '3803'],,,1429,47248,NBER Macroeconomics Annual,['ECONOMICS'],,,376,"General Economics, Econometrics and Finance","Economics, Econometrics and Finance",1.0,4,0,E
470,125733402,Investigación Económica,0185-1667,Investigacion Economica,['3502' '3801'],,,1424,5943,Investigacion Economica,['ECONOMICS'],Investigacion Economica,['2000'],411,"General Economics, Econometrics and Finance","Economics, Econometrics and Finance",0.7285714285714285,4,1,E
471,2738140372,Zeszyty Teoretyczne Rachunkowości,1641-4381,,,,,1424,3285,,,Zeszyty Teoretyczne Rachunkowosci,['2000' '1400'],780,Accounting,"Business, Management and Accounting",1.0,1,2,B
472,182215941,Business Strategy Review,0955-6419,Business Strategy Review,['3507'],,,1416,10057,,,Business Strategy Review,['2000' '1400'],77,Strategy and Management,"Business, Management and Accounting",0.8853754940711462,1,3,B
473,50561683,International Review of Applied Economics,0269-2171,International Review of Applied Economics,['3502' '3801'],International Review of Applied Economics,Economics,1414,23790,International Review of Applied Economics,['ECONOMICS'],International Review of Applied Economics,['2000'],289,"General Economics, Econometrics and Finance","Economics, Econometrics and Finance",1.0,5,1,E
474,4210192748,International Journal of Academic Research in Accounting Finance and Management Sciences,2225-8329,"International Journal of Academic Research in Accounting, Finance and Managment Sciences",['3502'],,,1413,6565,,,,,323,Accounting,"Business, Management and Accounting",0.8773333333333333,0,2,B
475,159120381,Journal of Retailing,0022-4359,Journal of Retailing,['3506'],Journal of Retailing,Marketing,1412,205955,JOURNAL OF RETAILING,['BUSINESS'],Journal of Retailing,['1400'],540,Marketing,"Business, Management and Accounting",0.9280910501810657,0,5,B
476,164923136,Environment and Development Economics,1355-770X,,,,,1412,42727,ENVIRONMENT AND DEVELOPMENT ECONOMICS,['ECONOMICS'],Environment and Development Economics,['2000'],261,Economics and Econometrics,"Economics, Econometrics and Finance",0.8270321361058601,3,0,E
477,173574685,International Journal of Theoretical and Applied Finance,0219-0249,,,International Journal of Theoretical and Applied Finance,F&A,1410,20587,International Journal of Theoretical and Applied Finance,"['BUSINESS, FINANCE']",International Journal of Theoretical and Applied Finance,['2000'],946,Finance,"Economics, Econometrics and Finance",1.0,4,1,E
478,2764670390,Journal of Entrepreneurship and Sustainability Issues,2345-0282,,,,,1410,18975,Entrepreneurship and Sustainability Issues,['BUSINESS'],Entrepreneurship and Sustainability Issues,['2000' '1400'],168,"Management, Monitoring, Policy and Law",Environmental Science,0.5519125683060109,1,2,B
479,148368070,International Journal of Selection and Assessment,0965-075X,,,International Journal of Selection and Assessment,"OS/OB,HRM/IR",1406,37505,INTERNATIONAL JOURNAL OF SELECTION AND ASSESSMENT,['MANAGEMENT'],International Journal of Selection and Assessment,['1400'],307,Clinical Psychology,Psychology,0.4565560821484992,0,3,B
480,968139600,Journal of Personal Selling and Sales Management,0885-3134,Journal of Personal Selling and Sales Management,['3506' '3507'],Journal of Personal Selling and Sales Management,Marketing,1398,43660,Journal of Personal Selling & Sales Management,['BUSINESS'],Journal of Personal Selling and Sales Management,['1400'],469,Organizational Behavior and Human Resource Management,"Business, Management and Accounting",1.0,0,6,B
481,48957891,The TQM Journal,1754-2731,The TQM Journal,['3507'],,,1394,36674,TQM Journal,['MANAGEMENT'],TQM Journal,['1400'],655,Management Information Systems,"Business, Management and Accounting",1.0,0,4,B
482,73109968,EC Tax Review,0928-2750,,,,,1393,3710,,,EC Tax Review,['1400'],708,Accounting,"Business, Management and Accounting",0.8334192882929345,0,2,B
483,146242404,New Political Economy,1356-3467,,,,,1392,48482,NEW POLITICAL ECONOMY,['ECONOMICS'],,,274,Finance,"Economics, Econometrics and Finance",0.45474613686534215,2,0,E
484,4210186714,Marketing,0354-3471,Quarterly Marketing Journal,['3506'],,,1392,2575,,,,,484,Strategy and Management,"Business, Management and Accounting",0.9085619285120532,0,2,B
485,113497174,Human Resource Management Journal,0954-5395,,,Human Resource Management Journal,"OS/OB,HRM/IR",1390,69263,Human Resource Management Journal,['MANAGEMENT'],Human Resource Management Journal,['1400'],343,Organizational Behavior and Human Resource Management,"Business, Management and Accounting",0.45094509450945097,0,4,B
486,178634671,Financial Accountability and Management,0267-4424,,,Financial Accountability and Management,F&A,1389,29490,Financial Accountability & Management,"['BUSINESS, FINANCE']",Financial Accountability and Management,['2000' '1400'],391,Management Information Systems,"Business, Management and Accounting",0.471315092674316,3,3,A
487,42678134,Journal of Hospitality & Tourism Research,1096-3480,Journal of Hospitality and Tourism Research,['3504' '3508'],Journal of Hospitality and Tourism Research,Tourism,1384,57644,,,Journal of Hospitality and Tourism Research,['1400'],373,Sociology and Political Science,Social Sciences,0.5289634146341463,0,4,B
488,7345157,Eastern Economic Journal,0094-5056,Eastern Economic Journal,['3801' '3802' '3803'],,,1382,17498,Eastern Economic Journal,['ECONOMICS'],Eastern Economic Journal,['2000'],165,"General Economics, Econometrics and Finance","Economics, Econometrics and Finance",1.0,6,0,E
489,4210201861,Applied Economic Perspectives and Policy,2040-5790,Applied Economic Perspectives and Policy,['3801'],,,1375,26979,Applied Economic Perspectives and Policy,['ECONOMICS'],Review of Agricultural Economics,['2000'],251,Economics and Econometrics,"Economics, Econometrics and Finance",0.44819819819819817,4,0,E
490,4210170805,Marketing ZFP,0344-1369,Marketing ZFP: Journal of Research and Management,['3506'],,,1374,7062,,,"Marketing, Zeitschrift fur Forschung und Praxis",['1400'],384,Strategy and Management,"Business, Management and Accounting",0.8781138790035588,0,3,B
491,121026525,Journal of Evolutionary Economics,0936-9937,Journal of Evolutionary Economics,['3801' '3803'],Journal of Evolutionary Economics,Economics,1373,49043,JOURNAL OF EVOLUTIONARY ECONOMICS,['ECONOMICS'],Journal of Evolutionary Economics,['2000' '1400'],315,Economics and Econometrics,"Economics, Econometrics and Finance",1.0,6,1,E
492,2764812334,Quality Management Journal,1068-6967,Quality Management Journal,['3507' '3509'],,,1373,27636,Quality Management Journal,['MANAGEMENT'],Quality Management Journal,['1400'],441,Management Information Systems,"Business, Management and Accounting",0.9187096774193548,0,5,B
493,4210191619,Logistics,2305-6290,,,,,1372,11057,Logistics-Basel,['MANAGEMENT'],Logistics,['1400'],197,Strategy and Management,"Business, Management and Accounting",0.4215189873417722,0,3,B
494,133335107,Mathematical Finance,0960-1627,,,Mathematical Finance,F&A,1368,69955,MATHEMATICAL FINANCE,"['ECONOMICS' 'BUSINESS, FINANCE']",Mathematical Finance,['2000' '1400'],867,Finance,"Economics, Econometrics and Finance",0.8928395061728395,4,2,E
495,187151359,International Journal of Economics and Business Research,1756-9850,International Journal of Economics and Business Research,['3502' '3507' '3801'],,,1366,4068,,,International Journal of Economics and Business Research,['2000' '1400'],114,Accounting,"Business, Management and Accounting",1.0,2,4,B
496,163499366,Review of Economic Dynamics,1094-2025,Review of Economic Dynamics,['3801' '3802' '3803'],Review of Economic Dynamics,Economics,1366,62751,REVIEW OF ECONOMIC DYNAMICS,['ECONOMICS'],Review of Economic Dynamics,['2000'],527,Economics and Econometrics,"Economics, Econometrics and Finance",1.0,7,0,E
497,4393917763,Bulletin for international taxation,1819-5490,,,,,1365,5349,,,Bulletin for International Taxation,['2000' '1400'],895,Accounting,"Business, Management and Accounting",0.9224364592462752,1,2,B
498,169699294,Accounting Education,0963-9284,,,Accounting Education,Education,1365,32175,Accounting Education,"['BUSINESS, FINANCE']",Accounting Education,['1400'],799,Accounting,"Business, Management and Accounting",0.8917869034406215,1,3,B
499,88045947,The International Trade Journal,0885-3908,The International Trade Journal,['3502' '3801'],,,1360,8048,International Trade Journal,['ECONOMICS'],International Trade Journal,['2000' '1400'],620,"General Economics, Econometrics and Finance","Economics, Econometrics and Finance",1.0,4,2,E
500,191005381,Defence and Peace Economics,1024-2694,Defence and Peace Economics,['3502' '3801'],,,1359,23736,DEFENCE AND PEACE ECONOMICS,['ECONOMICS'],Defence and Peace Economics,['2000'],776,Economics and Econometrics,"Economics, Econometrics and Finance",0.8019133370849747,4,1,E
501,135394783,The International Journal of Management Education,1472-8117,,,,,1358,35307,International Journal of Management Education,['MANAGEMENT' 'BUSINESS'],International Journal of Management Education,['1400'],295,Management of Technology and Innovation,"Business, Management and Accounting",0.6379962192816635,0,3,B
502,37376905,Journal of Public Policy & Marketing,0743-9156,,,Journal of Public Policy and Marketing,Marketing,1356,62660,JOURNAL OF PUBLIC POLICY & MARKETING,['BUSINESS'],Journal of Public Policy and Marketing,['2000' '1400'],271,Marketing,"Business, Management and Accounting",0.8867924528301887,1,4,B
503,141600920,Fiscal Studies,0143-5671,,,Fiscal Studies,F&A,1355,31985,FISCAL STUDIES,"['ECONOMICS' 'BUSINESS, FINANCE']",Fiscal Studies,['2000' '1400'],435,Economics and Econometrics,"Economics, Econometrics and Finance",0.6900269541778976,4,2,E
504,42192170,International Tax and Public Finance,0927-5940,International Tax and Public Finance,['3502' '3801'],International Tax and Public Finance,PSM,1350,37434,INTERNATIONAL TAX AND PUBLIC FINANCE,['ECONOMICS'],International Tax and Public Finance,['2000' '1400'],822,Economics and Econometrics,"Economics, Econometrics and Finance",0.7557770729497055,4,3,E
505,182336501,Career Development International,1362-0436,Career Development International,['3505' '3507'],Career Development International,"OS/OB,HRM/IR",1348,57985,Career Development International,['MANAGEMENT'],Career Development International,['1400'],438,Organizational Behavior and Human Resource Management,"Business, Management and Accounting",0.45778466305189774,0,6,B
506,107181468,Journal of Accounting Auditing & Finance,0148-558X,JAAF: Journal of Accounting Auditing and Finance,['3501' '3502'],"Journal of Accounting, Auditing and Finance",F&A,1346,32558,Journal of Accounting Auditing and Finance,"['BUSINESS, FINANCE']","Journal of Accounting, Auditing and Finance",['2000' '1400'],815,Accounting,"Business, Management and Accounting",1.0,3,5,B
507,2898340276,Estudios Gerenciales,0123-5923,,,,,1345,8631,Estudios Gerenciales,['ECONOMICS'],Estudios Gerenciales,['2000' '1400'],308,Economics and Econometrics,"Economics, Econometrics and Finance",0.7902264600715138,3,1,E
508,197191252,Journal of International Economic Law,1369-3034,,,,,1339,23547,,,Journal of International Economic Law,['2000'],733,Political Science and International Relations,Social Sciences,0.5612903225806452,1,0,X
509,55766468,International Studies of Management and Organization,0020-8825,International Studies of Management and Organization,['3505' '3507'],International Studies of Management and Organization,IB,1324,38522,INTERNATIONAL STUDIES OF MANAGEMENT & ORGANIZATION,['MANAGEMENT'],International Studies of Management and Organization,['1400'],191,Strategy and Management,"Business, Management and Accounting",0.8806179775280899,0,6,B
510,2764575530,Academy of strategic management journal/Academy of Strategic Management journal,1544-1458,Academy of Strategic Management Journal,['3507'],,,1323,8407,,,Academy of Strategic Management Journal,['1400'],110,Accounting,"Business, Management and Accounting",0.5773672055427251,0,3,B
511,99990550,Journal of Consumer Policy,0168-7034,,,,,1321,32474,JOURNAL OF CONSUMER POLICY,['BUSINESS'],Journal of Consumer Policy,['2000' '1400'],241,Law,Social Sciences,0.5618181818181818,1,2,B
512,2764983799,Journal of Distribution Science,1738-3110,,,,,1320,3919,Journal of Distribution Science,['MANAGEMENT' 'BUSINESS'],Journal of Distribution Science,['2000' '1400'],251,Marketing,"Business, Management and Accounting",0.6617647058823529,1,3,B
513,22247924,Entrepreneurship and Regional Development,0898-5626,Entrepreneurship and Regional Development,['3507'],Entrepreneurship and Regional Development,Entrep,1319,82885,ENTREPRENEURSHIP AND REGIONAL DEVELOPMENT,['BUSINESS'],Entrepreneurship and Regional Development,['2000' '1400'],793,Management of Technology and Innovation,"Business, Management and Accounting",0.891136228435455,1,5,B
514,4210197040,The Journal of Social Sciences Research,2411-9458,,,,,1318,3711,,,Journal of Social Sciences Research,['2000'],141,Accounting,"Business, Management and Accounting",0.4208955223880597,1,1,A
515,23218617,Journal of International Trade & Economic Development,0963-8199,,,,,1316,20796,Journal of International Trade & Economic Development,['ECONOMICS'],Journal of International Trade and Economic Development,['2000'],713,"General Economics, Econometrics and Finance","Economics, Econometrics and Finance",1.0,3,0,E
516,175759345,Economic Development Quarterly,0891-2424,,,Economic Development Quarterly,PSM,1316,32050,ECONOMIC DEVELOPMENT QUARTERLY,['ECONOMICS'],Economic Development Quarterly,['2000'],337,Economics and Econometrics,"Economics, Econometrics and Finance",0.8387096774193549,3,1,E
517,90149737,European Journal of Innovation Management,1460-1060,European Journal of Innovation Management,['3505' '3506' '3507'],European Journal of Innovation Management,Innovation,1315,63432,European Journal of Innovation Management,['MANAGEMENT' 'BUSINESS'],European Journal of Innovation Management,['1400'],571,Strategy and Management,"Business, Management and Accounting",0.9065743944636678,0,7,B
518,70175541,Management and Organization Review,1740-8776,Management and Organization Review,['3505' '3507'],Management and Organization Review,Gen & Strat,1311,32232,Management and Organization Review,['MANAGEMENT'],Management and Organization Review,['1400'],152,Strategy and Management,"Business, Management and Accounting",0.8282387190684134,0,6,B
519,67177122,Marketing Education Review,1052-8008,Marketing Education Review,['3506'],,,1310,12624,,,,,940,Management of Technology and Innovation,"Business, Management and Accounting",0.7484700122399021,0,2,B
520,55416568,International Journal of Procurement Management,1753-8432,International Journal of Procurement Management,['3507' '3509'],,,1308,5729,,,International Journal of Procurement Management,['1400'],287,Strategy and Management,"Business, Management and Accounting",1.0,0,4,B
521,59007373,Supply Chain Management An International Journal,1359-8546,Supply Chain Management,['3507' '3509'],Supply Chain Management,"OR,MS,POM",1308,123540,SUPPLY CHAIN MANAGEMENT-AN INTERNATIONAL JOURNAL,['MANAGEMENT' 'BUSINESS'],Supply Chain Management,['1400'],680,Management Information Systems,"Business, Management and Accounting",1.0,0,6,B
522,2764734295,Management Theory and Studies for Rural Business and Infrastructure Development,1822-6760,Management Theory and Studies for Rural Business and Infrastructure Development,['3507'],,,1306,2843,Management Theory and Studies for Rural Business and Infrastructure Development,['BUSINESS'],,,304,Economics and Econometrics,"Economics, Econometrics and Finance",0.6004415011037527,1,2,B
523,146918421,Social Responsibility Journal,1747-1117,,,,,1306,34655,Social Responsibility Journal,['MANAGEMENT'],Social Responsibility Journal,['1400'],741,Strategy and Management,"Business, Management and Accounting",0.8800223214285714,0,3,B
524,2764884217,Technology Innovation Management Review,1927-0321,Technology Innovation Management Review,['3507'],,,1298,21643,,,Technology Innovation Management Review,['1400'],242,Management of Technology and Innovation,"Business, Management and Accounting",0.8443877551020408,0,3,B
525,2764977819,Global Trade and Customs Journal,1569-755X,,,,,1297,1677,,,Global Trade and Customs Journal,['1400'],488,Political Science and International Relations,Social Sciences,0.4710507505360972,0,1,X
526,4210209280,Total Quality Management,0954-4127,,,,,1293,33751,,,Total Quality Management,['1400'],483,Management Information Systems,"Business, Management and Accounting",0.934560327198364,0,2,B
527,4210209722,Asian Economic Papers,1535-3516,Asian Economic Papers,['3801' '3802' '3803'],,,1293,9081,Asian Economic Papers,['ECONOMICS'],Asian Economic Papers,['2000'],358,"General Economics, Econometrics and Finance","Economics, Econometrics and Finance",1.0,6,0,E
528,153861934,Journal of Marketing Education,0273-4753,Journal of Marketing Education,['3506'],Journal of Marketing Education,Education,1292,37803,,,Journal of Marketing Education,['1400'],980,Management of Technology and Innovation,"Business, Management and Accounting",0.7763018065887354,0,3,B
529,167383514,Ekonomista,0013-3205,,,,,1289,4335,Ekonomista,['ECONOMICS'],Ekonomista,['2000'],436,Economics and Econometrics,"Economics, Econometrics and Finance",0.7840260798696006,3,0,E
530,55074384,The B E Journal of Economic Analysis & Policy,1935-1682,BE Journal of Economic Analysis and Policy,['3801' '3802' '3803'],,,1289,22089,B E Journal of Economic Analysis & Policy,['ECONOMICS'],B.E. Journal of Economic Analysis and Policy,['2000'],147,Economics and Econometrics,"Economics, Econometrics and Finance",0.770764119601329,6,0,E
531,2764412428,Investment Management and Financial Innovations,1810-4967,Investment Management and Financial Innovations,['3502'],,,1289,10209,,,Investment Management and Financial Innovations,['2000'],322,Accounting,"Business, Management and Accounting",1.0,1,2,B
532,79007945,Business Ethics A European Review,0962-8770,,,"Business Ethics, the Environment & Reponsibility","OS/OB,HRM/IR",1288,36417,,,Business Ethics,['2000' '1400'],485,Information Systems and Management,Decision Sciences,0.4292589027911453,1,2,B
533,6450948,Issues in Accounting Education,0739-3172,Issues in Accounting Education,['3501'],Issues in Accounting Education,Education,1285,21950,ISSUES IN ACCOUNTING EDUCATION,"['BUSINESS, FINANCE']",Issues in Accounting Education,['1400'],584,Accounting,"Business, Management and Accounting",0.9272598870056498,1,4,B
534,194514787,Applied Health Economics and Health Policy,1175-5652,,,,,1284,27018,Applied Health Economics and Health Policy,['ECONOMICS'],Applied Health Economics and Health Policy,['2000'],570,Economics and Econometrics,"Economics, Econometrics and Finance",0.7731554160125589,3,0,E
535,173589923,Family and Consumer Sciences Research Journal,1077-727X,Family and Consumer Sciences Research Journal,['3506'],,,1283,14932,,,,,222,Conservation,Arts and Humanities,0.5506072874493927,0,1,X
536,34649780,Measuring Business Excellence,1368-3047,Measuring Business Excellence,['3507'],,,1283,28195,Measuring Business Excellence,['BUSINESS'],Measuring Business Excellence,['1400'],247,Management Information Systems,"Business, Management and Accounting",1.0,0,4,B
537,121634618,Journal of Financial Stability,1572-3089,Journal of Financial Stability,['3502' '3801'],Journal of Financial Stability,F&A,1282,49278,Journal of Financial Stability,"['ECONOMICS' 'BUSINESS, FINANCE']",Journal of Financial Stability,['2000'],798,Finance,"Economics, Econometrics and Finance",1.0,5,2,E
538,148909191,Marketing Letters,0923-0645,Marketing Letters,['3506'],Marketing Letters,Marketing,1281,63547,MARKETING LETTERS,['BUSINESS'],Marketing Letters,['2000' '1400'],440,Marketing,"Business, Management and Accounting",0.7386685552407932,1,5,B
539,129946752,ICSID Review - Foreign Investment Law Journal,0258-3690,,,,,1274,9245,,,ICSID Review,['2000'],1081,Strategy and Management,"Business, Management and Accounting",0.807027027027027,1,1,A
540,113509650,Journal of the Asia Pacific Economy,1354-7860,,,,,1265,15107,Journal of the Asia Pacific Economy,['ECONOMICS'],,,254,"General Economics, Econometrics and Finance","Economics, Econometrics and Finance",1.0,2,0,E
541,4210189360,Bulletin of the Oxford University Institute of Economics & Statistics,0140-5543,,,,,1265,3598,,,Bulletin of the Oxford University Institute of Economics & Statistics,['2000'],106,Economics and Econometrics,"Economics, Econometrics and Finance",0.6116207951070336,2,0,E
542,2764921377,Journal for Quality and Participation,,Journal for Quality and Participation,['3505' '3507'],,,1265,2912,,,,,195,Management Information Systems,"Business, Management and Accounting",0.6428571428571429,0,3,B
543,136999626,Journal of Property Investment and Finance,1463-578X,Journal of Property Investment and Finance,['3502'],,,1263,16881,Journal of Property Investment & Finance,"['BUSINESS, FINANCE']",Journal of Property Investment and Finance,['2000' '1400'],737,Economics and Econometrics,"Economics, Econometrics and Finance",0.9163408913213448,3,3,A
544,2764538546,Polish Journal of Management Studies,2081-7452,,,,,1263,12602,Polish Journal of Management Studies,['MANAGEMENT'],Polish Journal of Management Studies,['2000' '1400'],179,"Management, Monitoring, Policy and Law",Environmental Science,0.5837209302325581,1,2,B
545,192056284,Economics of Innovation and New Technology,1043-8599,Economics of Innovation and New Technology,['3801'],Economics of Innovation and New Technology,Entrep,1261,45905,Economics of Innovation and New Technology,['ECONOMICS'],Economics of Innovation and New Technology,['2000' '1400'],503,Economics and Econometrics,"Economics, Econometrics and Finance",1.0,4,2,E
546,140059072,Human Resource Development International,1367-8868,Human Resource Development International,['3505' '3507'],,,1260,33680,HUMAN RESOURCE DEVELOPMENT INTERNATIONAL,['MANAGEMENT'],Human Resource Development International,['1400'],387,Applied Psychology,Psychology,0.6006191950464397,0,4,B
547,184789190,Journal of Health Management,0972-0634,,,,,1257,8877,,,Journal of Health Management,['1400'],273,Finance,"Economics, Econometrics and Finance",0.4652532391048292,1,1,A
548,184239247,Labour,1121-7081,Labour: review of labour economics and industrial relations,['3505' '3801'],Labour,Economics,1256,15121,,,,,531,Economics and Econometrics,"Economics, Econometrics and Finance",0.5785407725321888,3,1,E
549,37173775,European Journal of Law and Economics,0929-1261,,,,,1255,16563,European Journal of Law and Economics,['ECONOMICS'],European Journal of Law and Economics,['2000' '1400'],372,Economics and Econometrics,"Economics, Econometrics and Finance",0.9275534441805225,3,1,E
550,121321708,Transportation Journal,0041-1612,Transportation Journal,['3509'],,,1253,17490,TRANSPORTATION JOURNAL,['MANAGEMENT' 'TRANSPORTATION'],,,351,Strategy and Management,"Business, Management and Accounting",0.6101243339253997,0,3,B
551,120949314,Comparative Economic Studies,0888-7233,,,,,1252,22974,Comparative Economic Studies,['ECONOMICS'],Comparative Economic Studies,['2000'],254,Finance,"Economics, Econometrics and Finance",0.7613219094247246,3,0,E
552,43415676,Journal of Strategic Marketing,0965-254X,Journal of Strategic Marketing,['3506' '3507'],Journal of Strategic Marketing,Marketing,1248,40737,Journal of Strategic Marketing,['BUSINESS'],Journal of Strategic Marketing,['1400'],397,Organizational Behavior and Human Resource Management,"Business, Management and Accounting",0.7963936889556724,0,6,B
553,2764672172,Academy of Accounting and Financial Studies journal,1096-3685,Academy of Accounting and Financial Studies Journal,['3501' '3502'],,,1243,6749,,,Academy of Accounting and Financial Studies Journal,['2000' '1400'],259,Accounting,"Business, Management and Accounting",1.0,1,4,B
554,129650269,Open Economies Review,0923-7992,Open Economies Review,['3801' '3802' '3803'],,,1242,19415,OPEN ECONOMIES REVIEW,['ECONOMICS'],Open Economies Review,['2000'],601,"General Economics, Econometrics and Finance","Economics, Econometrics and Finance",1.0,6,0,E
555,121651287,Global Business and Economics Review,1097-4954,Global Business and Economics Review,['3502' '3801'],,,1241,3848,,,Global Business and Economics Review,['2000' '1400'],112,Accounting,"Business, Management and Accounting",1.0,2,3,B
556,197112600,Emerging Markets Review,1566-0141,Emerging Markets Review,['3502' '3801'],Emerging Markets Review,F&A,1240,42435,Emerging Markets Review,"['ECONOMICS' 'BUSINESS, FINANCE']",Emerging Markets Review,['2000' '1400'],409,Accounting,"Business, Management and Accounting",1.0,4,4,A
557,182519303,World Trade Review,1474-7456,,,,,1239,12381,World Trade Review,['ECONOMICS'],World Trade Review,['2000'],594,Political Science and International Relations,Social Sciences,0.5629438347320852,2,0,E
558,55433255,Global Business and Organizational Excellence,1932-2054,,,,,1237,8518,,,Global Business and Organizational Excellence,['1400'],90,Organizational Behavior and Human Resource Management,"Business, Management and Accounting",1.0,0,2,B
559,206007305,Economic Systems,0939-3625,Economic Systems,['3502' '3801'],,,1236,25098,Economic Systems,['ECONOMICS'],Economic Systems,['2000'],241,"General Economics, Econometrics and Finance","Economics, Econometrics and Finance",1.0,4,1,E
560,2764632409,Prabandhan Indian Journal of Management,0975-2854,,,,,1235,2056,,,Prabandhan: Indian Journal of Management,['1400'],115,Economics and Econometrics,"Economics, Econometrics and Finance",0.8221024258760108,1,1,A
561,66524056,Journal of Business Economics and Management,1611-1699,,,,,1232,27158,Journal of Business Economics and Management,['ECONOMICS' 'BUSINESS'],Journal of Business Economics and Management,['2000' '1400'],155,Accounting,"Business, Management and Accounting",1.0,2,3,B
562,70935693,Japan and the World Economy,0922-1425,Japan and the World Economy,['3502' '3801'],,,1231,18971,JAPAN AND THE WORLD ECONOMY,['ECONOMICS'],Japan and the World Economy,['2000'],248,"General Economics, Econometrics and Finance","Economics, Econometrics and Finance",1.0,4,1,E
563,34280410,Journal of Productivity Analysis,0895-562X,Journal of Productivity Analysis,['3801' '3802' '3803'],Journal of Productivity Analysis,"OR,MS,POM",1231,63986,JOURNAL OF PRODUCTIVITY ANALYSIS,['ECONOMICS' 'BUSINESS'],Journal of Productivity Analysis,['2000' '1400'],724,Management Science and Operations Research,Decision Sciences,0.5358974358974359,5,3,E
564,205929853,Electronic Commerce Research,1389-5753,,,Electronic Commerce Research,"MIS,KM",1224,28494,Electronic Commerce Research,['MANAGEMENT' 'BUSINESS'],Electronic Commerce Research,['2000'],356,Sociology and Political Science,Social Sciences,0.44762845849802374,1,2,B
565,150702451,Global Finance Journal,1044-0283,Global Finance Journal,['3501' '3502'],Global Finance Journal,F&A,1219,25098,Global Finance Journal,"['BUSINESS, FINANCE']",Global Finance Journal,['2000'],394,Accounting,"Business, Management and Accounting",1.0,3,4,B
566,4210200142,The journal of structured finance,1551-9783,,,,,1219,3354,Journal of Structured Finance,"['BUSINESS, FINANCE']",Journal of Structured Finance,['2000'],305,Economics and Econometrics,"Economics, Econometrics and Finance",1.0,3,1,E
567,4210210868,Revue internationale P M E Économie et gestion de la petite et moyenne entreprise,0776-5436,,,,,1218,5153,Revue Internationale PME,['BUSINESS'],Revue Internationale PME,['1400'],320,Urban Studies,Social Sciences,0.5698275862068966,0,2,B
568,157344451,South African Journal of Economic and Management Sciences,1015-8812,South African Journal of Economic and Management Sciences,['35' '38'],,,1217,13246,South African Journal of Economic and Management Sciences,['ECONOMICS' 'MANAGEMENT'],South African Journal of Economic and Management Sciences,['2000' '1400'],97,Economics and Econometrics,"Economics, Econometrics and Finance",1.0,4,3,E
569,177092143,Australian Journal of Management,0312-8962,Australian Journal of Management,['35'],Australian Journal of Management,Gen & Strat,1216,32269,AUSTRALIAN JOURNAL OF MANAGEMENT,['MANAGEMENT' 'BUSINESS'],Australian Journal of Management,['1400'],332,Accounting,"Business, Management and Accounting",1.0,0,5,B
570,6243863,Journal of Accounting Education,0748-5751,Journal of Accounting Education,['3501'],Journal of Accounting Education,Education,1213,21060,,,Journal of Accounting Education,['1400'],642,Accounting,"Business, Management and Accounting",0.8929266709928618,0,3,B
571,161695446,Journal of Workplace Learning,1366-5626,,,,,1213,33454,,,Journal of Workplace Learning,['1400'],298,Human Factors and Ergonomics,Social Sciences,0.5415057915057915,0,1,X
572,58438227,Journal of Revenue and Pricing Management,1476-6930,Journal of Revenue and Pricing Management,['35' '38'],,,1213,16298,Journal of Revenue and Pricing Management,"['BUSINESS, FINANCE']",Journal of Revenue and Pricing Management,['2000' '1400'],477,Marketing,"Business, Management and Accounting",0.9187306501547987,3,4,B
573,141552693,Journal of Islamic marketing,1759-0833,Journal of Islamic Marketing,['3506'],,,1212,38983,Journal of Islamic Marketing,['BUSINESS'],Journal of Islamic Marketing,['1400'],819,Sociology and Political Science,Social Sciences,0.4258298755186722,0,3,B
574,160393188,Journal of the Japanese and International Economies,0889-1583,Journal of the Japanese and International Economies,['3502' '3801' '3803'],,,1212,31477,JOURNAL OF THE JAPANESE AND INTERNATIONAL ECONOMIES,['ECONOMICS'],Journal of the Japanese and International Economies,['2000'],229,"General Economics, Econometrics and Finance","Economics, Econometrics and Finance",1.0,5,1,E
575,176497116,Management Communication Quarterly,0893-3189,,,Management Communication Quarterly,Gen & Strat,1210,43434,Management Communication Quarterly,['MANAGEMENT'],Management Communication Quarterly,['1400'],321,Organizational Behavior and Human Resource Management,"Business, Management and Accounting",0.5410404624277456,0,4,B
576,171491724,Journal of Economics and Finance,1055-0925,Journal of Economics and Finance,['3502' '3801'],,,1204,16550,JOURNAL OF ECONOMICS AND FINANCE,"['ECONOMICS' 'BUSINESS, FINANCE']",Journal of Economics and Finance,['2000'],332,Accounting,"Business, Management and Accounting",1.0,3,3,A
577,2764787680,Dangdai jingji kexue,1002-2848,,,,,1203,415,,,Modern Economic Science,['2000'],157,Economics and Econometrics,"Economics, Econometrics and Finance",0.7137014314928425,2,0,E
578,141478581,Journal of Enterprise Information Management,1741-0398,,,Journal of Enterprise Information Management,"MIS,KM",1202,54147,Journal of Enterprise Information Management,['MANAGEMENT'],,,237,Information Systems and Management,Decision Sciences,0.7208480565371025,0,2,B
579,192266589,Group & Organization Management,1059-6011,,,Group and Organization Management,"OS/OB,HRM/IR",1201,71092,GROUP & ORGANIZATION MANAGEMENT,['MANAGEMENT'],Group and Organization Management,['1400'],491,Organizational Behavior and Human Resource Management,"Business, Management and Accounting",0.6587155963302752,0,4,B
580,91071628,Journal of East European Management Studies,0949-6181,Journal of East European Management Studies,['3505' '3507'],,,1199,5347,Journal of East European Management Studies,['MANAGEMENT'],Journal of East European Management Studies,['1400'],96,Economics and Econometrics,"Economics, Econometrics and Finance",0.6195652173913043,1,4,B
581,61474858,Services Marketing Quarterly,1533-2969,Services Marketing Quarterly,['3504' '3506'],,,1196,10224,Services Marketing Quarterly,['BUSINESS'],Services Marketing Quarterly,['1400'],402,Organizational Behavior and Human Resource Management,"Business, Management and Accounting",0.7248520710059172,0,5,B
582,46039370,Journal of Economic Geography,1468-2702,,,Journal of Economic Geography,Economics,1194,95655,JOURNAL OF ECONOMIC GEOGRAPHY,['ECONOMICS'],Journal of Economic Geography,['2000'],436,Economics and Econometrics,"Economics, Econometrics and Finance",0.8662280701754386,4,0,E
583,4210195089,Economic Bulletin,0343-754X,Economic Bulletin,['3801' '3802' '3803'],,,1194,592,,,,,164,Economics and Econometrics,"Economics, Econometrics and Finance",0.6231884057971014,4,0,E
584,4210173904,Brookings Papers on Economic Activity,0007-2303,Brookings Papers on Economic Activity,['3502' '3801'],Brookings Papers on Economic Activity,Economics,1188,136636,BROOKINGS PAPERS ON ECONOMIC ACTIVITY,['ECONOMICS'],Brookings Papers on Economic Activity,['2000' '1400'],226,"General Economics, Econometrics and Finance","Economics, Econometrics and Finance",1.0,5,2,E
585,2764889392,Accounting Historians Journal,0148-4184,Accounting Historians Journal,['3501'],Accounting Historians Journal,F&A,1187,8474,Accounting Historians Journal,"['BUSINESS, FINANCE']",Accounting Historians Journal,['1400'],449,Management Information Systems,"Business, Management and Accounting",1.0,2,4,B
586,181356434,Accounting Horizons,0888-7993,Accounting Horizons,['3501'],Accounting Horizons,F&A,1186,65552,Accounting Horizons,"['BUSINESS, FINANCE']",Accounting Horizons,['1400'],717,Accounting,"Business, Management and Accounting",1.0,2,4,B
587,144747835,Australian Accounting Review,1035-6908,Australian Accounting Review,['3501'],Australian Accounting Review,F&A,1183,22726,Australian Accounting Review,"['BUSINESS, FINANCE']",Australian Accounting Review,['1400'],504,Accounting,"Business, Management and Accounting",0.9456681350954479,2,4,B
588,97048498,The International Journal of Logistics Management,0957-4093,The International Journal of Logistics Management,['35'],International Journal of Logistics Management,"OR,MS,POM",1182,75981,International Journal of Logistics Management,['MANAGEMENT'],International Journal of Logistics Management,['1400'],581,Management Information Systems,"Business, Management and Accounting",1.0,0,5,B
589,200274427,Pacific Economic Review,1361-374X,Pacific Economic Review,['3801' '3802' '3803'],Pacific Economic Review,Economics,1182,12373,Pacific Economic Review,['ECONOMICS'],Pacific Economic Review,['2000'],187,"General Economics, Econometrics and Finance","Economics, Econometrics and Finance",1.0,7,0,E
590,2764708084,Production,0103-6513,,,,,1178,10911,,,Production,['1400'],286,Information Systems and Management,Decision Sciences,0.5653753026634383,0,1,X
591,960608072,Journal of International Management,1075-4253,Journal of International Management,['3505' '3507'],Journal of International Management,IB,1177,49222,Journal of International Management,['MANAGEMENT'],Journal of International Management,['2000' '1400'],538,Strategy and Management,"Business, Management and Accounting",0.9105865522174535,1,6,B
592,2764933780,ASIA MARKETING JOURNAL,1598-7868,,,,,1176,1142,Asia Marketing Journal,['BUSINESS'],Asia Marketing Journal,['1400'],140,Sociology and Political Science,Social Sciences,0.5930807248764415,0,2,B
593,2737866954,Review of Regional Studies,0048-749X,,,,,1176,7383,Review of Regional Studies,['ECONOMICS'],,,311,Economics and Econometrics,"Economics, Econometrics and Finance",1.0,2,0,E
594,52721111,Journal of Real Estate Research,0896-5803,Journal of Real Estate Research,['3502' '3801'],,,1173,28740,Journal of Real Estate Research,"['ECONOMICS' 'BUSINESS, FINANCE']",Journal of Real Estate Research,['2000' '1400'],930,Economics and Econometrics,"Economics, Econometrics and Finance",1.0,4,3,E
595,4210213798,AEA Papers and Proceedings,2574-0768,American Economic Association. Papers and Proceedings,['3801'],,,1170,43265,,,,,94,Gender Studies,Social Sciences,0.7751196172248804,1,0,X
596,185253248,Human Resource Management Review,1053-4822,,,Human Resource Management Review,"OS/OB,HRM/IR",1170,122822,HUMAN RESOURCE MANAGEMENT REVIEW,['MANAGEMENT'],Human Resource Management Review,['1400'],382,Organizational Behavior and Human Resource Management,"Business, Management and Accounting",0.8465346534653465,0,4,B
597,82262387,Journal of Information Systems,0888-7985,,,Journal of Information Systems,F&A,1167,20750,JOURNAL OF INFORMATION SYSTEMS,"['BUSINESS, FINANCE']",Journal of Information Systems,['1400'],200,Information Systems and Management,Decision Sciences,0.6946564885496184,2,2,A
598,140563256,Operational Research,1109-2858,,,,,1165,15084,,,Operational Research,['1400'],166,Management Information Systems,"Business, Management and Accounting",0.45933014354066987,0,2,B
599,4210192430,Managing Service Quality,0960-4529,Journal of Service Theory and Practice,['35'],Journal of Service Theory and Practice,Marketing,1163,62254,Journal of Service Theory and Practice,['MANAGEMENT' 'BUSINESS'],Managing Service Quality,['1400'],530,Organizational Behavior and Human Resource Management,"Business, Management and Accounting",1.0,0,5,B
600,4390573755,International Transfer Pricing Journal,1385-3074,,,,,1159,1631,,,International Transfer Pricing Journal,['2000'],811,Accounting,"Business, Management and Accounting",1.0,1,1,A
601,165058066,Resource and Energy Economics,0928-7655,Resource and Energy Economics,['3801'],,,1158,47966,RESOURCE AND ENERGY ECONOMICS,['ECONOMICS'],Resource and Energy Economics,['2000'],424,Economics and Econometrics,"Economics, Econometrics and Finance",0.7962962962962963,4,0,E
602,4210172902,Journal of Institutional and Theoretical Economics JITE,0932-4569,Journal of Institutional and Theoretical Economics,['3801' '3803'],Journal of Institutional and Theoretical Economics,Economics,1157,14420,JOURNAL OF INSTITUTIONAL AND THEORETICAL ECONOMICS-ZEITSCHRIFT FUR DIE GESAMTE STAATSWISSENSCHAFT,['ECONOMICS'],Journal of Institutional and Theoretical Economics,['2000'],263,Economics and Econometrics,"Economics, Econometrics and Finance",0.66991643454039,6,0,E
603,162583106,Health Marketing Quarterly,0735-9683,Health Marketing Quarterly,['3506'],,,1155,10359,Health Marketing Quarterly,['BUSINESS'],Health Marketing Quarterly,['1400'],169,Organizational Behavior and Human Resource Management,"Business, Management and Accounting",0.42857142857142855,0,4,B
604,2764405874,Zeitschrift für schweizerische Statistik und Volkswirtschaft/Schweizerische Zeitschrift für Volkswirtschaft und Statistik/Swiss journal of economics and statistics,0303-9692,,,,,1153,6548,,,Swiss Journal of Economics and Statistics,['2000'],133,"General Economics, Econometrics and Finance","Economics, Econometrics and Finance",0.789272030651341,2,0,E
605,36547454,International Entrepreneurship and Management Journal,1554-7191,The International Entrepreneurship and Management Journal,['3505' '3507'],,,1153,55167,International Entrepreneurship and Management Journal,['MANAGEMENT' 'BUSINESS'],International Entrepreneurship and Management Journal,['1400'],773,Management of Technology and Innovation,"Business, Management and Accounting",1.0,0,5,B
606,4210193400,Economic Change and Restructuring,1573-9414,"Economic Change and Restructuring: an international journal devoted to the study of comparative economics, planning and development",['3502' '3801'],Economic Change and Restructuring,Economics,1152,13806,Economic Change and Restructuring,['ECONOMICS'],Economics of Planning,['2000'],344,Economics and Econometrics,"Economics, Econometrics and Finance",0.8672839506172839,5,1,E
607,2764593300,Agricultural and Resource Economics Review,1068-2805,Agricultural and Resource Economics Review,['3801'],,,1151,18117,,,Agricultural and Resource Economics Review,['2000'],311,Economics and Econometrics,"Economics, Econometrics and Finance",0.6094609460946094,3,0,E
608,102624508,The Learning Organization,0969-6474,The Learning Organization: the international journal of knowledge and organizational learning management,['3505' '3507'],,,1149,36471,Learning Organization,['MANAGEMENT'],Learning Organization,['1400'],451,Organizational Behavior and Human Resource Management,"Business, Management and Accounting",0.7251700680272108,0,5,B
609,94552155,Organization & Environment,1086-0266,,,Organization and Environment,Gen & Strat,1147,42497,ORGANIZATION & ENVIRONMENT,['MANAGEMENT'],Organization and Environment,['1400'],201,Marketing,"Business, Management and Accounting",0.8655737704918033,0,4,B
610,133770707,Empirica,0340-8744,Empirica,['3801' '3802' '3803'],,,1141,15270,Empirica,['ECONOMICS'],Empirica,['2000'],275,"General Economics, Econometrics and Finance","Economics, Econometrics and Finance",1.0,6,0,E
611,4210205650,The International Review of Retail Distribution and Consumer Research,0959-3969,"International Review of Retail, Distribution and Consumer Research",['3506'],"International Review of Retail, Distribution and Consumer",Marketing,1140,25703,International Review of Retail Distribution and Consumer Research,['BUSINESS'],"International Review of Retail, Distribution and Consumer Research",['2000' '1400'],537,Marketing,"Business, Management and Accounting",0.9323031640912436,1,5,B
612,1043165204,Innovar,0121-5051,,,,,1139,5278,,,Innovar,['1400'],163,Economics and Econometrics,"Economics, Econometrics and Finance",0.8343558282208589,1,1,A
613,193408319,Corporate Communications An International Journal,1356-3289,,,,,1137,40737,Corporate Communications,['BUSINESS'],Corporate Communications,['1400'],406,Communication,Social Sciences,0.5360730593607306,0,2,B
614,41930762,Japanese Economic Review,1352-4739,Japanese Economic Review,['3801' '3802' '3803'],,,1137,9998,JAPANESE ECONOMIC REVIEW,['ECONOMICS'],Japanese Economic Review,['2000'],224,Economics and Econometrics,"Economics, Econometrics and Finance",1.0,6,0,E
615,191114782,Journal of Fashion Marketing and Management,1361-2026,Journal of Fashion Marketing and Management,['3506' '3507'],,,1135,39774,Journal of Fashion Marketing and Management,['MANAGEMENT' 'BUSINESS'],Journal of Fashion Marketing and Management,['1400'],570,Marketing,"Business, Management and Accounting",0.7003215434083602,0,5,B
616,169221615,Information Economics and Policy,0167-6245,,,Information Economics and Policy,Economics,1135,31794,INFORMATION ECONOMICS AND POLICY,['ECONOMICS'],Information Economics and Policy,['2000'],411,Media Technology,Engineering,0.6122296793437733,3,0,E
617,196919950,Family Business Review,0894-4865,Family Business Review,['3505' '3507'],Family Business Review,"OS/OB,HRM/IR",1134,107130,Family Business Review,['BUSINESS'],Family Business Review,['2000' '1400'],847,Organizational Behavior and Human Resource Management,"Business, Management and Accounting",0.9636557990379476,1,6,B
618,6144335,The Journal of Strategic Information Systems,0963-8687,,,Journal of Strategic Information Systems,"MIS,KM",1130,76367,JOURNAL OF STRATEGIC INFORMATION SYSTEMS,['MANAGEMENT'],Journal of Strategic Information Systems,['1400'],219,Management Information Systems,"Business, Management and Accounting",0.743046357615894,0,4,B
619,2764651625,Journal of Economic Integration,1225-651X,,,,,1130,13084,JOURNAL OF ECONOMIC INTEGRATION,['ECONOMICS'],Journal of Economic Integration,['2000'],522,"General Economics, Econometrics and Finance","Economics, Econometrics and Finance",1.0,3,0,E
620,2764401931,Frontiers of Health Services Management,0748-8157,,,,,1128,5367,,,Frontiers of Health Services Management,['1400'],253,Economics and Econometrics,"Economics, Econometrics and Finance",0.43023255813953487,1,1,A
621,11853582,Review of Accounting Studies,1380-6653,Review of Accounting Studies,['3501'],Review of Accounting Studies,F&A,1127,79558,REVIEW OF ACCOUNTING STUDIES,"['BUSINESS, FINANCE']",Review of Accounting Studies,['1400'],805,Accounting,"Business, Management and Accounting",1.0,2,4,B
622,61727081,Economics & Sociology,2071-789X,,,,,1126,12165,Economics & Sociology,['ECONOMICS' 'BUSINESS'],Economics and Sociology,['2000' '1400'],66,"Management, Monitoring, Policy and Law",Environmental Science,0.5912408759124088,2,2,A
623,2764352250,Indian Journal of Marketing,0973-8703,Indian Journal of Marketing,['3506'],,,1125,2352,,,Indian Journal of Marketing,['1400'],198,Marketing,"Business, Management and Accounting",0.6400560224089635,0,3,B
624,4210220312,International Journal of Logistics Research and Applications,1367-5567,,,International Journal of Logistics Research and Application,"OR,MS,POM",1125,37172,International Journal of Logistics-Research and Applications,['MANAGEMENT'],International Journal of Logistics Research and Applications,['1400'],340,Management Information Systems,"Business, Management and Accounting",0.8699763593380615,0,4,B
625,4210197436,Vierteljahrshefte zur Wirtschaftsforschung,0340-1707,Quarterly Journal of Economic Research,['3502' '3801'],,,1124,4251,,,,,150,Economics and Econometrics,"Economics, Econometrics and Finance",0.6715063520871143,2,1,E
626,47993699,Journal of Engineering and Technology Management,0923-4748,Journal of Engineering and Technology Management,['3507'],Journal of Engineering and Technology Management - JE,Innovation,1116,47824,JOURNAL OF ENGINEERING AND TECHNOLOGY MANAGEMENT,['MANAGEMENT' 'BUSINESS'],Journal of Engineering and Technology Management - JET-M,['1400'],426,Strategy and Management,"Business, Management and Accounting",0.8922651933701657,0,5,B
627,4210192355,Journal of Applied Business and Economics,1499-691X,Journal of Applied Business and Economics,['3502' '3801'],,,1114,1852,,,,,52,Accounting,"Business, Management and Accounting",1.0,1,2,B
628,166753014,Health Services Management Research,0951-4848,,,Health Services Management Research,PSM,1108,13289,,,,,325,Economics and Econometrics,"Economics, Econometrics and Finance",0.490174672489083,1,1,A
629,91781374,Accounting History,1032-3732,Accounting History,['3501'],Accounting History,F&A,1105,9436,Accounting History,"['BUSINESS, FINANCE']",Accounting History,['1400'],560,Management Information Systems,"Business, Management and Accounting",0.9560117302052786,2,4,B
630,182651638,Economic Systems Research,0953-5314,Economic Systems Research,['3803'],,,1102,34995,Economic Systems Research,['ECONOMICS'],Economic Systems Research,['2000'],319,Environmental Engineering,Environmental Science,0.6714727085478888,3,0,E
631,38909374,The Journal of Alternative Investments,1520-3255,The Journal of Alternative Investments,['3502'],,,1100,11214,Journal of Alternative Investments,"['BUSINESS, FINANCE']",Journal of Alternative Investments,['2000'],435,Finance,"Economics, Econometrics and Finance",1.0,3,2,E
632,2764525551,Asian Economic and Financial Review,2222-6737,Asian Economic and Financial Review,['3502' '3507'],,,1100,9032,,,Asian Economic and Financial Review,['2000' '1400'],186,Accounting,"Business, Management and Accounting",1.0,1,4,B
633,119153320,Journal of Decision System,1246-0125,,,,,1099,11961,,,Journal of Decision Systems,['1400'],137,Management Information Systems,"Business, Management and Accounting",0.5444743935309974,0,2,B
634,191556934,Journal of Intellectual Capital,1469-1930,Journal of Intellectual Capital,['3501' '3502'],,,1099,85091,Journal of Intellectual Capital,['MANAGEMENT' 'BUSINESS'],Journal of Intellectual Capital,['1400'],823,Strategy and Management,"Business, Management and Accounting",0.9390743995313415,0,5,B
635,99789271,The Journal of Fixed Income,1059-8596,The Journal of Fixed Income,['3501' '3502'],Journal of Fixed Income,F&A,1092,17919,,,Journal of Fixed Income,['2000'],478,Finance,"Economics, Econometrics and Finance",1.0,3,2,E
636,49857371,European Finance Review,1382-6662,,,,,1092,67305,,,European Finance Review,['2000'],456,Finance,"Economics, Econometrics and Finance",1.0,2,0,E
637,4210231194,The TQM Journal,0954-478X,,,,,1091,32233,,,TQM Magazine,['1400'],544,Management Information Systems,"Business, Management and Accounting",0.9506292352371732,0,2,B
638,178497631,Quality progress,0033-524X,,,,,1090,5614,,,Quality Progress,['1400'],119,Management Information Systems,"Business, Management and Accounting",0.6825938566552902,0,2,B
639,5835822,The International Journal of Accounting,0020-7063,,,International Journal of Accounting,F&A,1083,35635,,,,,438,Accounting,"Business, Management and Accounting",1.0,1,1,A
640,2764616245,Uncertain Supply Chain Management,2291-6822,Uncertain Supply Chain Management,['3509'],,,1081,14572,,,Uncertain Supply Chain Management,['1400'],209,Management Information Systems,"Business, Management and Accounting",0.6216216216216216,0,3,B
641,2764810659,Journal of Small Business & Entrepreneurship,0827-6331,Journal of Small Business and Entrepreneurship,['3505' '3507'],,,1079,19679,,,Journal of Small Business and Entrepreneurship,['1400'],538,Management of Technology and Innovation,"Business, Management and Accounting",1.0,0,4,B
642,4210226457,The Journal of World Investment & Trade,1660-7112,,,,,1077,6932,,,Journal of World Investment and Trade,['2000' '1400'],628,Strategy and Management,"Business, Management and Accounting",0.729933110367893,1,2,B
643,192723185,Knowledge Management Research & Practice,1477-8238,,,,,1077,27077,Knowledge Management Research & Practice,['MANAGEMENT'],Knowledge Management Research and Practice,['1400'],421,Strategy and Management,"Business, Management and Accounting",0.5969773299748111,0,3,B
644,2764670738,Journal of Governance and Regulation,2220-9352,Journal of Governance and Regulation,['3501' '3507' '3801'],,,1072,4938,,,Journal of Governance and Regulation,['2000' '1400'],189,Accounting,"Business, Management and Accounting",1.0,2,4,B
645,4210168091,The Journal of Law Economics and Organization,1465-7341,"Journal of Law, Economics, and Organization",['3801'],"Journal of Law, Economics, and Organization",Economics,1071,91422,JOURNAL OF LAW ECONOMICS & ORGANIZATION,['ECONOMICS'],"Journal of Law, Economics, and Organization",['2000' '1400'],459,Economics and Econometrics,"Economics, Econometrics and Finance",0.7529518619436876,5,1,E
646,2764850437,International Economics,2110-7017,International Economics,['3502' '3801'],,,1071,13175,,,International Economics,['2000' '1400'],290,"General Economics, Econometrics and Finance","Economics, Econometrics and Finance",1.0,3,2,E
647,2764950559,International Journal of Financial Research,1923-4023,International Journal of Financial Research,['3501' '3502'],,,1071,9275,,,International Journal of Financial Research,['2000' '1400'],219,Accounting,"Business, Management and Accounting",1.0,1,4,B
648,52333995,Journal of Economic Methodology,1350-178X,Journal of Economic Methodology,['3801'],Journal of Economic Methodology,Economics,1070,16728,Journal of Economic Methodology,['ECONOMICS'],Journal of Economic Methodology,['2000'],464,Economics and Econometrics,"Economics, Econometrics and Finance",0.6270125223613596,5,0,E
649,49327401,Journal of Sports Economics,1527-0025,Journal of Sports Economics,['3801'],,,1070,25052,Journal of Sports Economics,['ECONOMICS'],Journal of Sports Economics,['2000'],916,Economics and Econometrics,"Economics, Econometrics and Finance",0.43289224952741023,4,0,E
650,149146142,International Journal of Innovation and Technology Management,0219-8770,International Journal of Innovation and Technology Management,['3507'],,,1069,9981,International Journal of Innovation and Technology Management,['MANAGEMENT'],International Journal of Innovation and Technology Management,['1400'],369,Strategy and Management,"Business, Management and Accounting",0.7391891891891892,0,4,B
651,58879488,Journal of Financial Regulation and Compliance,1358-1988,Journal of Financial Regulation and Compliance,['3501' '3502'],,,1066,8865,Journal of Financial Regulation and Compliance,"['BUSINESS, FINANCE']",Journal of Financial Regulation and Compliance,['2000' '1400'],357,Finance,"Economics, Econometrics and Finance",1.0,3,4,B
652,75845752,Auditing A Journal of Practice & Theory,0278-0380,Auditing: a Journal of Practice and Theory,['3501'],Auditing,F&A,1064,67964,AUDITING-A JOURNAL OF PRACTICE & THEORY,"['BUSINESS, FINANCE']",Auditing,['2000' '1400'],775,Accounting,"Business, Management and Accounting",1.0,3,4,B
653,11782782,Australasian Marketing Journal (AMJ),1441-3582,Australasian Marketing Journal,['3506'],Australasian Marketing Journal,Marketing,1063,29451,Australasian Marketing Journal,['BUSINESS'],Australasian Marketing Journal,['2000' '1400'],334,Marketing,"Business, Management and Accounting",0.7823343848580442,1,5,B
654,79175213,Journal of Financial Services Research,0920-8550,Journal of Financial Services Research,['3501' '3502'],Journal of Financial Services Research,F&A,1060,35280,JOURNAL OF FINANCIAL SERVICES RESEARCH,"['BUSINESS, FINANCE']",Journal of Financial Services Research,['2000' '1400'],593,Finance,"Economics, Econometrics and Finance",1.0,4,4,A
655,42468459,The Journal of Marketing Theory and Practice,1069-6679,Journal of Marketing Theory and Practice,['3506'],Journal of Marketing Theory and Practice,Marketing,1059,66407,Journal of Marketing Theory and Practice,['BUSINESS'],Journal of Marketing Theory and Practice,['1400'],417,Marketing,"Business, Management and Accounting",0.7188940092165899,0,5,B
656,172297888,The Review of Austrian Economics,0889-3047,The Review of Austrian Economics,['3801' '3802' '3803'],,,1058,14173,,,Review of Austrian Economics,['2000'],422,Economics and Econometrics,"Economics, Econometrics and Finance",0.8136315228966986,5,0,E
657,177205937,International Journal of Process Management and Benchmarking,1460-6739,International Journal of Process Management and Benchmarking,['3503' '3507'],,,1054,2578,,,International Journal of Process Management and Benchmarking,['1400'],166,Management Information Systems,"Business, Management and Accounting",0.7075718015665796,0,4,B
658,36209479,Industry and Innovation,1366-2716,"Industry and Innovation: dynamics, strategies, policies",['3503' '3507'],Industry and Innovation,Innovation,1053,41536,Industry and Innovation,['ECONOMICS' 'MANAGEMENT'],Industry and Innovation,['1400'],410,Strategy and Management,"Business, Management and Accounting",1.0,1,6,B
659,148814761,Journal of International Consumer Marketing,0896-1530,Journal of International Consumer Marketing,['3506' '3507'],,,1052,26351,Journal of International Consumer Marketing,['BUSINESS'],Journal of International Consumer Marketing,['1400'],545,Marketing,"Business, Management and Accounting",0.7189014539579968,0,5,B
660,4210231895,Technology audit and production reserves,2664-9969,,,,,1049,1622,,,Technology Audit and Production Reserves,['1400'],113,"Management, Monitoring, Policy and Law",Environmental Science,0.4271047227926078,0,1,X
661,38350834,Journal of Business Logistics,0735-3766,Journal of Business Logistics,['3507' '3509'],Journal of Business Logistics,"OR,MS,POM",1048,73906,Journal of Business Logistics,['MANAGEMENT'],Journal of Business Logistics,['1400'],375,Management Information Systems,"Business, Management and Accounting",1.0,0,6,B
662,2738683535,RAM. Revista de Administração Mackenzie,1518-6776,,,,,1046,7710,,,Revista de Administracao Mackenzie,['1400'],305,Information Systems and Management,Decision Sciences,0.40705128205128205,0,1,X
663,203223212,Journal of Promotion Management,1049-6491,,,,,1045,17047,,,Journal of Promotion Management,['1400'],529,Marketing,"Business, Management and Accounting",0.5076452599388379,0,2,B
664,2764594251,Engineering Economics,1392-2785,,,,,1042,16256,Inzinerine Ekonomika-Engineering Economics,['ECONOMICS'],Engineering Economics,['2000' '1400'],63,Strategy and Management,"Business, Management and Accounting",0.7900763358778626,2,2,A
665,114193083,Chinese Economy,1097-1475,The Chinese Economy: translation and studies,['3502' '3801'],,,1041,7087,CHINESE ECONOMY,['ECONOMICS'],Chinese Economy,['2000'],179,"General Economics, Econometrics and Finance","Economics, Econometrics and Finance",0.7877697841726619,4,1,E
666,4210226649,Competitiveness Review An International Business Journal incorporating Journal of Global Competitiveness,1059-5422,Competitiveness Review,['3507'],,,1041,17044,Competitiveness Review,['BUSINESS'],Competitiveness Review,['1400'],187,Strategy and Management,"Business, Management and Accounting",1.0,0,4,B
667,2764827305,International Journal of Financial Studies,2227-7072,International Journal of Financial Studies,['3502'],,,1040,13228,International Journal of Financial Studies,"['BUSINESS, FINANCE']",International Journal of Financial Studies,['2000'],232,Accounting,"Business, Management and Accounting",1.0,2,3,B
668,128478731,Management International Review,0938-8249,Management International Review,['3505' '3507'],Management International Review,IB,1035,48072,MANAGEMENT INTERNATIONAL REVIEW,['MANAGEMENT'],Management International Review,['1400'],562,Strategy and Management,"Business, Management and Accounting",1.0,0,6,B
669,57862637,Journal of Housing Economics,1051-1377,Journal of Housing Economics,['3502' '3801'],Journal of Housing Economics,Economics,1031,31822,JOURNAL OF HOUSING ECONOMICS,['ECONOMICS'],Journal of Housing Economics,['2000'],768,Economics and Econometrics,"Economics, Econometrics and Finance",0.8962732919254658,5,1,E
670,158451771,Journal of Marketing Communications,1352-7266,Journal of Marketing Communications,['3506' '3507'],Journal of Marketing Communications,Marketing,1031,33253,Journal of Marketing Communications,['BUSINESS'],Journal of Marketing Communications,['1400'],551,Marketing,"Business, Management and Accounting",0.5885269121813032,0,6,B
671,4210226904,Innovations,1267-4982,,,,,1028,3556,,,Innovations,['2000' '1400'],225,Sociology and Political Science,Social Sciences,0.40915593705293274,1,1,A
672,116662517,Asian Economic Journal,1351-3958,Asian Economic Journal,['3801' '3802' '3803'],,,1026,10667,Asian Economic Journal,['ECONOMICS'],Asian Economic Journal,['2000'],213,"General Economics, Econometrics and Finance","Economics, Econometrics and Finance",1.0,6,0,E
673,4306505307,Verslas teorija ir praktika,1648-0627,,,,,1026,9688,,,Business: Theory and Practice,['1400'],96,Economics and Econometrics,"Economics, Econometrics and Finance",0.8318042813455657,1,1,A
674,2165841,International Finance,1367-0271,International Finance,['3502' '3801'],,,1023,17003,International Finance,"['ECONOMICS' 'BUSINESS, FINANCE']",International Finance,['2000'],435,Finance,"Economics, Econometrics and Finance",1.0,4,2,E
675,114801022,Journal of Regulatory Economics,0922-680X,Journal of Regulatory Economics,['3801'],Journal of Regulatory Economics,Economics,1021,31495,JOURNAL OF REGULATORY ECONOMICS,['ECONOMICS'],Journal of Regulatory Economics,['2000'],215,Economics and Econometrics,"Economics, Econometrics and Finance",0.4016393442622951,5,0,E
676,121852782,Journal of Global Marketing,0891-1762,Journal of Global Marketing,['3506'],Journal of Global Marketing,Marketing,1020,17485,Journal of Global Marketing,['BUSINESS'],Journal of Global Marketing,['1400'],270,Marketing,"Business, Management and Accounting",0.824654622741764,0,5,B
677,18727733,IMA Journal of Management Mathematics,1471-678X,,,,,1020,13309,IMA Journal of Management Mathematics,['MANAGEMENT'],IMA Journal of Management Mathematics,['2000' '1400'],114,"Safety, Risk, Reliability and Quality",Engineering,0.600997506234414,1,2,B
678,108218269,Regulation & Governance,1748-5983,,,Regulation and Governance,PSM,1018,29138,,,,,348,Strategy and Management,"Business, Management and Accounting",0.8940397350993378,0,2,B
679,4210234004,Korea International Accounting Review,1598-3919,Korean International Accounting Review,['3501'],,,1018,400,,,,,171,Accounting,"Business, Management and Accounting",0.819376026272578,0,2,B
680,4210230847,Schmalenbach Journal of Business Research,0341-2687,,,,,1015,6422,,,Schmalenbach Journal of Business Research,['2000' '1400'],274,Strategy and Management,"Business, Management and Accounting",1.0,1,2,B
681,4210201856,New Zealand Economic Papers,0077-9954,New Zealand Economic Papers,['3502' '3801'],,,1013,5049,New Zealand Economic Papers,['ECONOMICS'],New Zealand Economic Papers,['2000'],176,Economics and Econometrics,"Economics, Econometrics and Finance",1.0,4,1,E
682,2737657525,Lecturas de Economía,0120-2596,Lecturas de Economía,['3801' '3802' '3803'],,,1010,2420,Lecturas de Economia,['ECONOMICS'],Lecturas de Economia,['2000' '1400'],259,"General Economics, Econometrics and Finance","Economics, Econometrics and Finance",0.4715909090909091,6,1,E
683,5984737,Journal of Financial Intermediation,1042-9573,Journal of Financial Intermediation,['3502' '3801'],Journal of Financial Intermediation,F&A,1009,70779,JOURNAL OF FINANCIAL INTERMEDIATION,"['BUSINESS, FINANCE']",Journal of Financial Intermediation,['2000'],526,Finance,"Economics, Econometrics and Finance",1.0,5,2,E
684,59475652,Health Care Management Science,1386-9620,,,Health Care Management Science,"MIS,KM",1006,33750,,,,,353,Economics and Econometrics,"Economics, Econometrics and Finance",0.49320388349514566,1,1,A
685,2764531464,History of Economics Review,1037-0196,,,,,1004,2983,History of Economics Review,['ECONOMICS'],History of Economics Review,['2000'],451,Economics and Econometrics,"Economics, Econometrics and Finance",0.7129060579455663,3,0,E
686,114140714,Management Accounting Research,1044-5005,Management Accounting Research,['3501'],Management Accounting Research,F&A,1003,71545,Management Accounting Research,"['MANAGEMENT' 'BUSINESS, FINANCE']",Management Accounting Research,['2000' '1400'],513,Management Information Systems,"Business, Management and Accounting",0.9192477876106194,3,4,B
687,106686155,Journal of Risk and Uncertainty,0895-5646,Journal of Risk and Uncertainty,['3502' '3801' '3802'],Journal of Risk and Uncertainty,Economics,1002,85370,JOURNAL OF RISK AND UNCERTAINTY,"['ECONOMICS' 'BUSINESS, FINANCE']",Journal of Risk and Uncertainty,['2000' '1400'],599,General Decision Sciences,Decision Sciences,0.4161764705882353,5,3,E
688,48661868,China & World Economy,1671-2234,China and World Economy,['3502' '3801' '3899'],,,1001,15935,China & World Economy,['ECONOMICS'],China and World Economy,['2000'],234,"General Economics, Econometrics and Finance","Economics, Econometrics and Finance",0.8642149929278642,5,1,E
689,4210191463,Upravlenets,2218-5003,,,,,999,1547,Upravlenets-The Manager,['MANAGEMENT'],,,140,Development,Social Sciences,0.46875,0,1,X
690,162611689,Business Economics,0007-666X,Business Economics: designed to serve the needs of people who use economics in their work,['3502' '3801'],,,996,14599,,,Business Economics,['2000' '1400'],142,"General Economics, Econometrics and Finance","Economics, Econometrics and Finance",1.0,3,2,E
691,181049350,Zeitschrift für Arbeits- und Organisationspsychologie A&O,0932-4089,,,,,995,12204,,,Zeitschrift fur Arbeits- und Organisationspsychologie,['1400'],253,Social Psychology,Psychology,0.40756756756756757,0,1,X
692,156260212,Research in Economics,1090-9443,Research in Economics,['3801' '3802' '3803'],,,994,11662,Research in Economics,['ECONOMICS'],Research in Economics,['2000'],209,Economics and Econometrics,"Economics, Econometrics and Finance",1.0,6,0,E
693,152786945,Stochastics,1744-2508,Stochastics: An International Journal of Probability and Stochastic Processes,['35'],,,994,8670,,,,,623,Finance,"Economics, Econometrics and Finance",0.6451104100946372,1,1,A
694,113338421,International Journal of Business Performance Management,1368-4892,International Journal of Business Performance Management,['3503' '3507'],,,993,5514,International Journal of Business Performance Management,['MANAGEMENT'],International Journal of Business Performance Management,['1400'],112,Management Information Systems,"Business, Management and Accounting",0.8571428571428571,0,5,B
695,2764454127,Industrial Engineering & Management Systems,1598-7248,,,,,990,4823,,,Industrial Engineering and Management Systems,['2000'],107,Industrial and Manufacturing Engineering,Engineering,0.5213032581453634,1,0,X
696,2764518860,Annals of Economics and Statistics,1968-3863,Annals of Economics and Statistics,['3801' '3802' '3803'],,,987,6354,,,Annals of Economics and Statistics,['2000'],145,Economics and Econometrics,"Economics, Econometrics and Finance",1.0,5,0,E
697,105710273,Review of Financial Economics,1058-3300,Review of Financial Economics,['3502' '3801'],Review of Financial Economics,F&A,986,18648,Review of Financial Economics,"['BUSINESS, FINANCE']",Review of Financial Economics,['2000'],289,Finance,"Economics, Econometrics and Finance",1.0,5,2,E
698,206312523,Journal of Cultural Economy,1753-0350,,,Journal of Cultural Economy,Economics,985,16158,Journal of Cultural Economy,['ECONOMICS'],,,191,Finance,"Economics, Econometrics and Finance",0.6652806652806653,3,0,E
699,206916388,Journal of Asset Management,1470-8272,The Journal of Asset Management,['3502' '3801'],,,985,11622,Journal of Asset Management,"['BUSINESS, FINANCE']",Journal of Asset Management,['1400'],584,Finance,"Economics, Econometrics and Finance",1.0,3,3,A
700,4210225597,Problemy Zarządzania - Management Issues,1644-9584,,,,,983,2313,Problemy Zarzadzania-Management Issues,['MANAGEMENT'],,,186,Strategy and Management,"Business, Management and Accounting",0.8814531548757171,0,2,B
701,37738278,Knowledge and Process Management,1092-4604,Knowledge and Process Management (Print Edition): the journal of corporate transformation,['3507'],Knowledge and Process Management,"OR,MS,POM",977,21442,Knowledge and Process Management,['MANAGEMENT'],Knowledge and Process Management,['1400'],282,Strategy and Management,"Business, Management and Accounting",0.6837806301050176,0,5,B
702,42911722,International Journal of Economic Policy in Emerging Economies,1752-0452,International Journal of Economic Policy and Emerging Economies,['3502'],,,977,2641,,,International Journal of Economic Policy in Emerging Economies,['2000'],82,"General Economics, Econometrics and Finance","Economics, Econometrics and Finance",1.0,2,1,E
703,2736382696,ClinicoEconomics and Outcomes Research,1178-6981,,,,,972,15261,,,ClinicoEconomics and Outcomes Research,['2000'],174,Economics and Econometrics,"Economics, Econometrics and Finance",0.7656675749318801,2,0,E
704,2898476603,Investigaciones de Historia Económica,1698-6989,,,,,969,2308,Investigaciones de Historia Economica,['ECONOMICS'],Investigaciones de Historia Economica,['2000'],151,Economics and Econometrics,"Economics, Econometrics and Finance",0.7701492537313432,3,0,E
705,2764998092,International Journal of Academic Research in Economics and Management Sciences,2226-3624,International Journal of Academic Research in Economics and Management Sciences,['3505' '3801' '3507'],,,969,3003,,,,,136,Accounting,"Business, Management and Accounting",0.7056962025316456,1,3,B
706,182227784,Social Marketing Quarterly,1524-5004,Social Marketing Quarterly,['3506'],,,968,11097,Social Marketing Quarterly,['BUSINESS'],Social Marketing Quarterly,['2000' '1400'],143,Marketing,"Business, Management and Accounting",0.474671669793621,1,4,B
707,6013065,Journal of Management & Governance,1385-3457,Journal of Management and Governance,['3507'],Journal of Management and Governance,Gen & Strat,966,33587,Journal of Management and Governance,['MANAGEMENT'],Journal of Management and Governance,['1400'],465,Accounting,"Business, Management and Accounting",1.0,0,5,B
708,99304778,Forum for Social Economics,0736-0932,,,,,966,4533,Forum for Social Economics,['ECONOMICS'],Forum for Social Economics,['2000'],221,Economics and Econometrics,"Economics, Econometrics and Finance",0.7232472324723247,3,0,E
709,4210230881,Journal of Hospitality & Tourism Education,1096-3758,,,,,961,10375,,,Journal of Hospitality and Tourism Education,['1400'],486,"Tourism, Leisure and Hospitality Management","Business, Management and Accounting",0.7927461139896373,0,2,B
710,48393686,Revista de historia industrial,1132-7200,Revista de Historia Industrial,['3801'],,,961,1693,Revista de Historia Industrial,['ECONOMICS' 'BUSINESS'],Revista de Historia Industrial,['2000' '1400'],450,Economics and Econometrics,"Economics, Econometrics and Finance",0.6122448979591837,4,2,E
711,135706173,Journal of Leadership Studies,1935-2611,Journal of Leadership Studies,['3505' '3507'],,,960,8056,Journal of Leadership Studies,['MANAGEMENT'],,,125,Organizational Behavior and Human Resource Management,"Business, Management and Accounting",0.8867102396514162,0,4,B
712,193530623,Studies in Nonlinear Dynamics and Econometrics,1081-1826,Studies in Nonlinear Dynamics and Econometrics,['3801' '3802'],,,960,14108,STUDIES IN NONLINEAR DYNAMICS AND ECONOMETRICS,['ECONOMICS'],Studies in Nonlinear Dynamics and Econometrics,['2000'],436,"General Economics, Econometrics and Finance","Economics, Econometrics and Finance",1.0,5,0,E
713,149205526,Chinese Management Studies,1750-614X,Chinese Management Studies,['3505' '3507'],,,960,12504,Chinese Management Studies,['MANAGEMENT'],Chinese Management Studies,['1400'],199,Organizational Behavior and Human Resource Management,"Business, Management and Accounting",1.0,0,5,B
714,125608309,Journal of Service Research,1094-6705,Journal of Service Research,['3504' '3506' '3507'],Journal of Service Research,Marketing,958,130241,JOURNAL OF SERVICE RESEARCH,['BUSINESS'],Journal of Service Research,['1400'],573,Organizational Behavior and Human Resource Management,"Business, Management and Accounting",0.8873239436619719,0,7,B
715,166792937,Economics of Transition,0967-0750,Economics of Transition and Institutional Change,['3502' '3801'],Economics of Transition,Economics,958,28004,Economics of Transition and Institutional Change,['ECONOMICS'],Economics of Transition and Institutional Change,['2000'],136,Economics and Econometrics,"Economics, Econometrics and Finance",1.0,5,1,E
716,146268463,Journal of Institutional Economics,1744-1374,,,Journal of Institutional Economics,Economics,955,20482,Journal of Institutional Economics,['ECONOMICS'],Journal of Institutional Economics,['2000'],223,Economics and Econometrics,"Economics, Econometrics and Finance",0.43768545994065283,4,0,E
717,168487652,Journal Of Consumer Studies and Home Economics,0309-3891,,,,,955,4529,,,Journal of Consumer Studies & Home Economics,['2000' '1400'],67,Marketing,"Business, Management and Accounting",0.44483985765124556,1,2,B
718,119908498,Journal of International Marketing,1069-031X,Journal of International Marketing,['3506' '3507'],Journal of International Marketing,Marketing,953,64029,JOURNAL OF INTERNATIONAL MARKETING,['BUSINESS'],Journal of International Marketing,['1400'],352,Strategy and Management,"Business, Management and Accounting",0.8980392156862745,0,6,B
719,2764807727,The International Journal of Entrepreneurship and Innovation,1465-7503,International Journal of Entrepreneurship and Innovation,['3507'],International Journal of Entrepreneurship and Innovation,Entrep,950,14234,International Journal of Entrepreneurship and Innovation,['BUSINESS'],International Journal of Entrepreneurship and Innovation,['1400'],535,Management of Technology and Innovation,"Business, Management and Accounting",1.0,0,5,B
720,4210236701,SN Business & Economics,2662-9399,,,,,950,4144,,,SN Business and Economics,['1400'],112,"General Economics, Econometrics and Finance","Economics, Econometrics and Finance",0.8680412371134021,1,1,A
721,180492355,Public Finance Review,1091-1421,,,Public Finance Review,Economics,947,14588,PUBLIC FINANCE REVIEW,['ECONOMICS'],Public Finance Review,['2000'],543,Economics and Econometrics,"Economics, Econometrics and Finance",0.69296875,4,0,E
722,2764723101,Sinergie Italian Journal of Management,0393-5108,,,,,946,3445,,,Sinergie,['1400'],459,Marketing,"Business, Management and Accounting",1.0,0,2,B
723,133599136,Organizational Research Methods,1094-4281,Organizational Research Methods,['3507'],Organizational Research Methods,Gen & Strat,945,157510,ORGANIZATIONAL RESEARCH METHODS,['MANAGEMENT'],Organizational Research Methods,['1400'],160,Organizational Behavior and Human Resource Management,"Business, Management and Accounting",0.48484848484848486,0,5,B
724,151220816,Post-Communist Economies,1463-1377,Post-Communist Economies,['3801'],,,944,12803,POST-COMMUNIST ECONOMIES,['ECONOMICS'],Post-Communist Economies,['2000'],157,Political Science and International Relations,Social Sciences,0.7535321821036107,3,0,E
725,126582591,World Review of Entrepreneurship Management and Sustainable Development,1746-0573,"World Review of Entrepreneurship, Management and Sustainable Development",['3503' '3507'],,,944,4053,,,"World Review of Entrepreneurship, Management and Sustainable Development",['2000' '1400'],152,Management of Technology and Innovation,"Business, Management and Accounting",1.0,1,4,B
726,126936603,International Regional Science Review,0160-0176,,,International Regional Science Review,Economics,942,37858,,,,,357,Economics and Econometrics,"Economics, Econometrics and Finance",0.8631813125695217,2,0,E
727,173901576,The Journal of Derivatives,1074-1240,,,Journal of Derivatives,F&A,942,22046,Journal of Derivatives,"['BUSINESS, FINANCE']",Journal of Derivatives,['2000'],477,Finance,"Economics, Econometrics and Finance",1.0,4,1,E
728,203071086,Review of Managerial Science,1863-6683,Review of Managerial Science,['35'],Review of Managerial Science,Gen & Strat,940,31067,Review of Managerial Science,['MANAGEMENT'],Review of Managerial Science,['1400'],224,Accounting,"Business, Management and Accounting",1.0,0,5,B
729,4210205215,SA Journal of Human Resource Management,1683-7584,,,,,934,12959,SA Journal of Human Resource Management,['MANAGEMENT'],SA Journal of Human Resource Management,['1400'],262,Organizational Behavior and Human Resource Management,"Business, Management and Accounting",0.6796875,0,3,B
730,4210214681,Foresight-Russia,1995-459X,,,,,932,5929,Foresight and STI Governance,['ECONOMICS' 'MANAGEMENT'],Foresight and STI Governance,['2000' '1400'],105,Development,Social Sciences,0.5202702702702703,2,2,A
731,49321836,Advances in Developing Human Resources,1523-4223,,,,,932,33929,,,Advances in Developing Human Resources,['1400'],322,Applied Psychology,Psychology,0.48931116389548696,0,1,X
732,155589366,Business and Society Review,0045-3609,,,,,931,15055,BUSINESS AND SOCIETY REVIEW,['BUSINESS'],Business and Society Review,['1400'],207,Information Systems and Management,Decision Sciences,0.6750392464678179,0,2,B
733,4210173366,JOURNAL OF INTERNATIONAL STUDIES,2071-8330,,,,,929,10879,,,Journal of International Studies,['2000'],59,Strategy and Management,"Business, Management and Accounting",0.8036363636363636,1,1,A
734,194468602,International Journal of Housing Markets and Analysis,1753-8270,,,,,929,9085,,,International Journal of Housing Markets and Analysis,['2000'],689,Economics and Econometrics,"Economics, Econometrics and Finance",0.8695003728560775,2,0,E
735,95636294,International Journal of Entrepreneurship and Innovation Management,1368-275X,International Journal of Entrepreneurship and Innovation Management,['3503' '3507'],,,928,9124,,,International Journal of Entrepreneurship and Innovation Management,['2000' '1400'],315,Management of Technology and Innovation,"Business, Management and Accounting",1.0,1,4,B
736,172313144,European Management Review,1740-4754,European Management Review,['3505' '3507'],European Management Review,Gen & Strat,921,22738,European Management Review,['MANAGEMENT'],European Management Review,['1400'],211,Strategy and Management,"Business, Management and Accounting",1.0,0,6,B
737,139289085,Qualitative Market Research An International Journal,1352-2752,Qualitative Market Research: an international journal,['3506' '3507'],Qualitative Market Research,Marketing,921,44221,Qualitative Market Research,['BUSINESS'],Qualitative Market Research,['1400'],334,Marketing,"Business, Management and Accounting",0.7973462002412546,0,6,B
738,73680622,Journal of Pensions Economics and Finance,1474-7472,Journal of Pension Economics and Finance,['3502' '3801'],,,916,15186,Journal of Pension Economics & Finance,"['ECONOMICS' 'BUSINESS, FINANCE']",Journal of Pension Economics and Finance,['2000' '1400'],499,Accounting,"Business, Management and Accounting",0.46801872074882994,3,4,B
739,2764742558,International Journal of Marketing Studies,1918-719X,International Journal of Marketing Studies,['3506'],,,915,14604,,,,,270,Sociology and Political Science,Social Sciences,0.6258124419684308,0,1,X
740,108158533,Journal of Quality Assurance in Hospitality & Tourism,1528-008X,Journal of Quality Assurance in Hospitality & Tourism,['3504' '3508'],,,910,17257,,,Journal of Quality Assurance in Hospitality and Tourism,['1400'],361,Organizational Behavior and Human Resource Management,"Business, Management and Accounting",0.5424,0,4,B
741,207176912,Journal of Foodservice Business Research,1537-8020,Journal of Foodservice Business Research,['3504' '3506' '3507'],,,909,14222,,,Journal of Foodservice Business Research,['1400'],207,Organizational Behavior and Human Resource Management,"Business, Management and Accounting",0.84,0,5,B
742,61561007,The Journal of Risk Finance,1526-5943,The Journal of Risk Finance,['3502'],,,907,19399,Journal of Risk Finance,"['BUSINESS, FINANCE']",Journal of Risk Finance,['2000' '1400'],220,Economics and Econometrics,"Economics, Econometrics and Finance",1.0,3,3,A
743,130757258,International Game Theory Review,0219-1989,International Game Theory Review,['3803'],,,906,6794,,,International Game Theory Review,['1400'],414,Management Science and Operations Research,Decision Sciences,0.4589905362776025,1,1,A
744,9871798,European Business Organization Law Review,1566-7529,,,,,904,9566,European Business Organization Law Review,['BUSINESS'],European Business Organization Law Review,['1400'],331,Strategy and Management,"Business, Management and Accounting",1.0,0,3,B
745,46472734,Young Consumers Insight and Ideas for Responsible Marketers,1747-3616,,,,,903,16420,Young Consumers,['BUSINESS'],Young Consumers,['2000'],317,Marketing,"Business, Management and Accounting",0.49193548387096775,1,2,B
746,4210228924,Sosyoekonomi,1305-5577,,,,,901,2831,Sosyoekonomi,['ECONOMICS'],Sosyoekonomi,['2000'],169,Economics and Econometrics,"Economics, Econometrics and Finance",1.0,3,0,E
747,2764951333,Ege Akademik Bakis (Ege Academic Review),1303-099X,,,,,900,5551,EGE ACADEMIC REVIEW,['ECONOMICS'],,,74,Economics and Econometrics,"Economics, Econometrics and Finance",0.597972972972973,2,0,E
748,92709572,Journal of Interactive Marketing,1094-9968,Journal of Interactive Marketing,['3506'],Journal of Interactive Marketing,Marketing,900,105465,JOURNAL OF INTERACTIVE MARKETING,['BUSINESS'],Journal of Interactive Marketing,['1400'],410,Sociology and Political Science,Social Sciences,0.49106382978723406,0,4,B
749,154565395,International Journal of Services Technology and Management,1460-6720,International Journal of Services Technology and Management,['3503' '3507'],,,897,6130,International Journal of Services Technology and Management,['MANAGEMENT'],International Journal of Services Technology and Management,['1400'],119,Organizational Behavior and Human Resource Management,"Business, Management and Accounting",0.5714285714285714,0,5,B
750,174966194,The Journal of Private Equity,1096-5572,,,,,893,6771,,,Journal of Private Equity,['2000'],503,Accounting,"Business, Management and Accounting",1.0,1,1,A
751,72326750,Journal of technology management & innovation,0718-2724,Journal of Technology Management and Innovation,['3507'],,,892,13607,,,Journal of Technology Management and Innovation,['1400'],271,Strategy and Management,"Business, Management and Accounting",1.0,0,3,B
752,197981039,Economics and Politics,0954-1985,Economics and Politics,['3801' '3802' '3803'],Economics and Politics,Economics,889,33304,Economics & Politics,['ECONOMICS'],Economics and Politics,['2000'],188,Economics and Econometrics,"Economics, Econometrics and Finance",0.6851851851851852,7,0,E
753,202144432,Science Technology and Society,0971-7218,,,,,888,8634,Science Technology and Society,['MANAGEMENT'],,,86,Strategy and Management,"Business, Management and Accounting",1.0,0,2,B
754,129963087,Journal of Islamic accounting and business research,1759-0817,Journal of Islamic Accounting and Business Research,['3501' '3502'],,,887,15062,Journal of Islamic Accounting and Business Research,"['BUSINESS, FINANCE']",Journal of Islamic Accounting and Business Research,['1400'],748,Accounting,"Business, Management and Accounting",0.923653715064758,1,5,B
755,97320426,Journal of Supply Chain Management,1523-2409,Journal of Supply Chain Management,['3507' '3509'],Journal of Supply Chain Management,"OR,MS,POM",881,63727,Journal of Supply Chain Management,['MANAGEMENT'],Journal of Supply Chain Management,['2000' '1400'],308,Management Information Systems,"Business, Management and Accounting",1.0,1,6,B
756,166113629,Constitutional Political Economy,1043-4062,,,,,881,12480,,,Constitutional Political Economy,['2000'],135,Economics and Econometrics,"Economics, Econometrics and Finance",0.43902439024390244,2,0,E
757,127646213,Journal of Financial Markets,1386-4181,Journal of Financial Markets,['3501' '3502'],Journal of Financial Markets,F&A,879,50646,JOURNAL OF FINANCIAL MARKETS,"['BUSINESS, FINANCE']",Journal of Financial Markets,['2000'],660,Finance,"Economics, Econometrics and Finance",1.0,4,3,E
758,114639657,Information Resources Management Journal,1040-1628,,,,,878,14630,,,Information Resources Management Journal,['1400'],166,Information Systems and Management,Decision Sciences,0.526615969581749,0,1,X
759,99606308,Economic Policy,0266-4658,Economic Policy,['3801' '3802' '3803'],Economic Policy,Economics,877,66135,ECONOMIC POLICY,['ECONOMICS'],Economic Policy,['2000'],141,Finance,"Economics, Econometrics and Finance",1.0,7,0,E
760,2764472780,Management and Labour Studies,0258-042X,,,,,877,4665,,,Management and Labour Studies,['1400'],136,Organizational Behavior and Human Resource Management,"Business, Management and Accounting",0.6932907348242812,0,2,B
761,183776795,Review of Pacific Basin Financial Markets and Policies,0219-0915,Review of Pacific Basin Financial Markets and Policies,['3501' '3502'],,,876,5957,Review of Pacific Basin Financial Markets and Policies,"['BUSINESS, FINANCE']",Review of Pacific Basin Financial Markets and Policies,['2000'],301,Accounting,"Business, Management and Accounting",1.0,2,4,B
762,199690760,Innovation,1447-9338,Innovation: Organization and Management,['3507'],,,876,19618,Innovation-Organization & Management,['MANAGEMENT'],Innovation: Organization and Management,['1400'],299,Strategy and Management,"Business, Management and Accounting",1.0,0,4,B
763,39332106,Journal of Food Products Marketing,1045-4446,"Journal of Food Products Marketing: innovations in food advertising, food promotion, food publicity, food sales promotion",['3506'],,,875,14603,JOURNAL OF FOOD PRODUCTS MARKETING,['BUSINESS'],Journal of Food Products Marketing,['1400'],269,Plant Science,Agricultural and Biological Sciences,0.41102181400688864,0,3,B
764,104354167,Acta Oeconomica,0001-6373,Acta Oeconomica,['3801' '3802' '3803'],,,874,4347,ACTA OECONOMICA,['ECONOMICS'],Acta Oeconomica,['2000'],88,Finance,"Economics, Econometrics and Finance",0.8223350253807107,6,0,E
765,4210230980,International Journal of Economics and Business Administration,2241-4754,,,,,873,5482,,,International Journal of Economics and Business Administration,['2000' '1400'],85,Accounting,"Business, Management and Accounting",0.5968379446640316,1,2,B
766,55239356,Journal of Purchasing and Supply Management,1478-4092,Journal of Purchasing and Supply Management,['3507' '3509'],Journal of Purchasing and Supply Management,"OR,MS,POM",871,45125,Journal of Purchasing and Supply Management,['MANAGEMENT'],Journal of Purchasing and Supply Management,['1400'],292,Management Information Systems,"Business, Management and Accounting",1.0,0,6,B
767,2736592181,Revista Contabilidade & Finanças,1519-7077,Accounting and Finance Review,['3502'],,,870,9623,,,Revista Contabilidade e Financas,['2000' '1400'],247,Accounting,"Business, Management and Accounting",0.7796954314720812,1,3,B
768,2912564958,Journal of Public Budgeting Accounting & Financial Management,1096-3367,"Journal of Public Budgeting, Accounting and Financial Management",['3501'],,,869,10283,Journal of Public Budgeting Accounting & Financial Management,"['BUSINESS, FINANCE']","Journal of Public Budgeting, Accounting and Financial Management",['1400'],250,Political Science and International Relations,Social Sciences,0.522,1,3,B
769,2764680368,Social and Environmental Accountability Journal,0969-160X,Social and Environmental Accountability Journal,['3501' '3507'],,,869,16725,,,Social and Environmental Accountability Journal,['1400'],199,Strategy and Management,"Business, Management and Accounting",0.8685714285714285,0,4,B
770,138197279,International Journal of Trade and Global Markets,1742-7541,International Journal of Trade and Global Markets,['3502' '3507' '3801'],,,867,2426,,,International Journal of Trade and Global Markets,['2000' '1400'],150,"General Economics, Econometrics and Finance","Economics, Econometrics and Finance",0.8696741854636592,3,3,A
771,2764639155,Transnational Corporation Review,1918-6444,Transnational Corporations Review,['3502' '3507' '3801'],,,866,6057,Transnational Corporations Review,['ECONOMICS' 'BUSINESS'],Transnational Corporations Review,['2000' '1400'],247,Strategy and Management,"Business, Management and Accounting",0.8628808864265928,3,5,B
772,60010591,Action Learning Research and Practice,1476-7333,,,,,865,11212,,,Action Learning: Research and Practice,['1400'],329,Organizational Behavior and Human Resource Management,"Business, Management and Accounting",0.7216374269005847,0,2,B
773,2764977439,Economic & Labour Market Review,1751-8326,Economic and Labour Market Review,['3505' '3801'],,,865,2508,,,Economic and Labour Market Review,['2000' '1400'],116,Political Science and International Relations,Social Sciences,0.5193370165745856,2,2,A
774,22315241,FinanzArchiv Public Finance Analysis,0015-2218,Finanzarchiv,['3502' '3801'],FinanzArchiv,Economics,865,6562,FinanzArchiv-European Journal of Public Finance,"['ECONOMICS' 'BUSINESS, FINANCE']",FinanzArchiv,['2000'],300,Economics and Econometrics,"Economics, Econometrics and Finance",0.7811634349030471,5,2,E
775,4210203108,Asia-Pacific Journal of Accounting & Economics,1608-1625,Asia-Pacific Journal of Accounting and Economics,['35' '38'],Asia-Pacific Journal of Accounting and Economics,F&A,865,8335,Asia-Pacific Journal of Accounting & Economics,"['ECONOMICS' 'BUSINESS, FINANCE']",Asia-Pacific Journal of Accounting and Economics,['2000' '1400'],407,Accounting,"Business, Management and Accounting",1.0,4,4,A
776,158011328,American Economic Journal Economic Policy,1945-7731,American Economic Journal: Economic Policy,['3502' '3801'],American Economic Journal: Economic Policy,Economics,862,62503,American Economic Journal-Economic Policy,['ECONOMICS'],American Economic Journal: Economic Policy,['2000'],173,Economics and Econometrics,"Economics, Econometrics and Finance",0.7664359861591695,5,1,E
777,34941771,Venture Capital,1369-1066,Venture Capital,['3502' '3507'],,,861,23303,Venture Capital,"['BUSINESS, FINANCE']",Venture Capital,['2000'],530,Accounting,"Business, Management and Accounting",1.0,2,4,B
778,4210234314,Cahiers d économie politique,0154-8344,,,,,860,2931,,,Cahiers d'Economie Politique,['2000'],326,Economics and Econometrics,"Economics, Econometrics and Finance",0.5374149659863946,2,0,E
779,62940521,Public Works Management & Policy,1087-724X,,,,,857,8011,,,Public Works Management and Policy,['1400'],138,Strategy and Management,"Business, Management and Accounting",0.4694736842105263,0,2,B
780,192372812,Journal of International Food & Agribusiness Marketing,0897-4438,Journal of International Food and Agribusiness Marketing,['3506'],,,857,9863,Journal of International Food & Agribusiness Marketing,['BUSINESS'],Journal of International Food and Agribusiness Marketing,['1400'],227,Plant Science,Agricultural and Biological Sciences,0.6616989567809239,0,3,B
781,141165859,Studies in Economics and Finance,1086-7376,Studies in Economics and Finance,['3501' '3502' '3801'],,,857,9513,Studies in Economics and Finance,"['BUSINESS, FINANCE']",Studies in Economics and Finance,['2000'],235,Economics and Econometrics,"Economics, Econometrics and Finance",1.0,4,3,E
782,15925821,Journal of Modelling in Management,1746-5664,Journal of Modelling in Management,['3507'],,,855,14704,Journal of Modelling in Management,['MANAGEMENT'],Journal of Modelling in Management,['1400'],174,Strategy and Management,"Business, Management and Accounting",0.8858195211786372,0,4,B
783,2765040591,Airline business,0268-7615,,,,,855,407,,,Airline Business,['1400'],167,"General Economics, Econometrics and Finance","Economics, Econometrics and Finance",0.7165775401069518,1,1,A
784,4210191937,Risk Management,1460-3799,Risk Management,['3502' '3507'],,,855,13314,,,Risk Management,['2000' '1400'],97,Accounting,"Business, Management and Accounting",0.6425,1,4,B
785,92422469,Journal of Multinational Financial Management,1042-444X,Journal of Multinational Financial Management,['3502' '3801'],Journal of Multinational Financial Management,F&A,854,23692,Journal of Multinational Financial Management,"['BUSINESS, FINANCE']",Journal of Multinational Financial Management,['2000'],354,Accounting,"Business, Management and Accounting",1.0,4,3,E
786,152372256,International Journal of Auditing,1090-6738,International Journal of Auditing,['3501'],International Journal of Auditing,F&A,854,21449,INTERNATIONAL JOURNAL OF AUDITING,"['BUSINESS, FINANCE']",International Journal of Auditing,['2000' '1400'],536,Accounting,"Business, Management and Accounting",1.0,3,4,B
787,4210167455,Decisions in Economics and Finance,1129-6569,,,,,853,4576,,,Decisions in Economics and Finance,['2000'],216,Economics and Econometrics,"Economics, Econometrics and Finance",0.7669064748201438,2,0,E
788,113957626,International Journal of Political Economy,0891-1916,,,,,851,6983,INTERNATIONAL JOURNAL OF POLITICAL ECONOMY,['ECONOMICS'],International Journal of Political Economy,['2000'],337,"General Economics, Econometrics and Finance","Economics, Econometrics and Finance",0.7872078720787208,3,0,E
789,4210186234,Jurnal Pengurusan,0127-2713,,,,,851,5414,,,Jurnal Pengurusan,['1400'],347,Accounting,"Business, Management and Accounting",0.7864992150706437,0,2,B
790,186483588,Journal of Service Science and Management,1940-9893,Journal of Service Science and Management,['3504' '3506'],,,850,7754,,,,,89,Organizational Behavior and Human Resource Management,"Business, Management and Accounting",0.4234527687296417,0,3,B
791,161389873,International Journal of Law and Management,1754-243X,,,,,849,12131,,,International Journal of Law and Management,['1400'],160,Accounting,"Business, Management and Accounting",1.0,0,2,B
792,4210197709,Central European Management Journal,2658-0845,,,,,841,1874,Central European Management Journal,['MANAGEMENT'],Central European Management Journal,['1400'],40,Accounting,"Business, Management and Accounting",0.8,0,3,B
793,2898307581,Journal of Innovation & Knowledge,2444-569X,Journal of Innovation and Knowledge,['3503' '3507'],,,841,34169,Journal of Innovation & Knowledge,['MANAGEMENT' 'BUSINESS'],Journal of Innovation and Knowledge,['2000' '1400'],152,Strategy and Management,"Business, Management and Accounting",1.0,1,5,B
794,4210214909,Prague Economic Papers,1210-0455,Prague Economic Papers: quarterly journal of economic theory and policy,['3801'],,,840,5954,Prague Economic Papers,['ECONOMICS'],Prague Economic Papers,['2000'],172,"General Economics, Econometrics and Finance","Economics, Econometrics and Finance",1.0,4,0,E
795,2764372386,Journal of Behavioral and Experimental Finance,2214-6350,Journal of Behavioral and Experimental Finance,['3502' '3801'],,,838,24605,Journal of Behavioral and Experimental Finance,"['ECONOMICS' 'BUSINESS, FINANCE']",Journal of Behavioral and Experimental Finance,['2000' '1400'],338,Finance,"Economics, Econometrics and Finance",0.8680142687277052,4,3,E
796,23010633,Asian Economic Policy Review,1748-3131,,,,,837,8083,Asian Economic Policy Review,['ECONOMICS'],Asian Economic Policy Review,['2000'],163,"General Economics, Econometrics and Finance","Economics, Econometrics and Finance",0.8595505617977528,3,0,E
797,26598852,Economia Politica,1120-2890,Economia Politica,['3801'],,,835,4906,Economia Politica,['ECONOMICS'],Economia Politica,['2000'],83,Economics and Econometrics,"Economics, Econometrics and Finance",1.0,4,0,E
798,54467454,International Environmental Agreements Politics Law and Economics,1567-9764,,,,,833,22041,International Environmental Agreements-Politics Law and Economics,['ECONOMICS'],"International Environmental Agreements: Politics, Law and Economics",['2000'],288,Economics and Econometrics,"Economics, Econometrics and Finance",0.42729970326409494,3,0,E
799,2764403422,Journal of Corporate Citizenship,1470-5001,Journal of Corporate Citizenship,['3507'],,,832,12949,,,,,140,Strategy and Management,"Business, Management and Accounting",0.8969465648854962,0,2,B
800,126354654,Journal of Financial Services Marketing,1363-0539,Journal of Financial Services Marketing,['3502' '3506'],,,830,17384,Journal of Financial Services Marketing,['BUSINESS'],Journal of Financial Services Marketing,['2000' '1400'],268,Organizational Behavior and Human Resource Management,"Business, Management and Accounting",0.6137184115523465,1,5,B
801,2898123265,Revista Europea de Dirección y Economía de la Empresa,1019-6838,Revista Europea de Direccion y Economia de la Empresa,['3803'],,,828,4235,,,Revista Europea de Direccion y Economia de la Empresa,['1400'],230,Organizational Behavior and Human Resource Management,"Business, Management and Accounting",0.8805394990366089,1,2,B
802,4306508649,Journal of Industrial and Business Economics,0391-2078,Economia e Politica Industriale,['3502' '3801'],,,828,6287,Journal of Industrial and Business Economics,['ECONOMICS'],Journal of Industrial and Business Economics,['2000' '1400'],210,Economics and Econometrics,"Economics, Econometrics and Finance",1.0,4,2,E
803,22361854,Cost Effectiveness and Resource Allocation,1478-7547,Cost Effectiveness and Resource Allocation,['3801'],,,827,17337,,,,,257,Economics and Econometrics,"Economics, Econometrics and Finance",0.6988950276243094,2,0,E
804,185325801,Journal of Korea Trade,1229-828X,,,,,823,1820,Journal of Korea Trade,['ECONOMICS'],Journal of Korea Trade,['2000' '1400'],206,"General Economics, Econometrics and Finance","Economics, Econometrics and Finance",1.0,3,1,E
805,2765072615,Journal of Public Administration and Governance,2161-7104,Journal of Public Administration and Governance,['3501'],,,822,3738,,,,,56,Accounting,"Business, Management and Accounting",0.5769230769230769,0,2,B
806,4210227272,Economic Annals-ХХI,1728-6220,,,,,821,4499,Economic Annals-XXI,['ECONOMICS'],Economic Annals-XXI,['2000'],145,"Management, Monitoring, Policy and Law",Environmental Science,0.5412186379928315,2,0,E
807,132950052,Journal of Interdisciplinary Economics,0260-1079,Journal of Interdisciplinary Economics,['3801' '3802' '3803'],,,821,3103,Journal of Interdisciplinary Economics,['ECONOMICS'],Journal of Interdisciplinary Economics,['2000'],110,Economics and Econometrics,"Economics, Econometrics and Finance",0.863013698630137,6,0,E
808,4210228947,SOCIOLOGIA DEL LAVORO,0392-5048,,,,,820,1267,,,Sociologia del Lavoro,['2000' '1400'],188,General Health Professions,Health Professions,0.4027027027027027,1,1,A
809,4210204559,Marketing and Management of Innovations,2218-4511,,,,,820,6895,Marketing and Management of Innovations,['MANAGEMENT'],,,225,"Management, Monitoring, Policy and Law",Environmental Science,0.5468975468975469,0,1,X
810,3034727917,Financial Innovation,2199-4730,Financial Innovation,['3502'],,,820,24206,Financial Innovation,"['BUSINESS, FINANCE']",Financial Innovation,['2000' '1400'],232,Economics and Econometrics,"Economics, Econometrics and Finance",0.8143236074270557,3,3,A
811,2494413385,ECONOMIC COMPUTATION AND ECONOMIC CYBERNETICS STUDIES AND RESEARCH,0424-267X,,,,,818,4200,Economic Computation and Economic Cybernetics Studies and Research,['ECONOMICS'],Economic Computation and Economic Cybernetics Studies and Research,['2000'],55,Economics and Econometrics,"Economics, Econometrics and Finance",0.605,3,0,E
812,4210192666,Gruppe Interaktion Organisation Zeitschrift für Angewandte Organisationspsychologie (GIO),2366-6145,,,,,818,3288,,,Gruppe. Interaktion. Organisation. Zeitschrift fur Angewandte Organisationspsychologie,['1400'],268,Organizational Behavior and Human Resource Management,"Business, Management and Accounting",0.4090909090909091,0,2,B
813,4210228282,Southeast Asian Economies,2339-5095,Journal of Southeast Asian Economies,['3801' '3803' '3899'],,,818,4526,Journal of Southeast Asian Economies,['ECONOMICS'],Journal of Southeast Asian Economies,['2000'],242,"General Economics, Econometrics and Finance","Economics, Econometrics and Finance",0.6201550387596899,6,0,E
814,2764651816,Academy of Entrepreneurship journal,1087-9595,Academy of Entrepreneurship Journal,['3507'],,,817,5011,,,Academy of Entrepreneurship Journal,['2000' '1400'],271,Management of Technology and Innovation,"Business, Management and Accounting",0.9225941422594143,1,3,B
815,4210175690,Accounting,2369-7393,,,,,815,6191,,,Accounting,['1400'],104,Accounting,"Business, Management and Accounting",1.0,0,2,B
816,4210195452,FIIB Business Review,2319-7145,,,,,812,6202,FIIB Business Review,['MANAGEMENT' 'BUSINESS'],FIIB Business Review,['1400'],64,Sociology and Political Science,Social Sciences,0.5643939393939394,0,2,B
817,87745625,International Journal of Management Reviews,1460-8545,International Journal of Management Reviews,['3502' '3505' '3507'],International Journal of Management Reviews,Gen & Strat,810,111426,INTERNATIONAL JOURNAL OF MANAGEMENT REVIEWS,['MANAGEMENT' 'BUSINESS'],International Journal of Management Reviews,['1400'],168,Strategy and Management,"Business, Management and Accounting",1.0,0,7,B
818,4210240883,Bulletin of Monetary Economics and Banking,1410-8046,Buletin Ekonomi Moneter Dan Perbankan,['3801'],,,809,5368,,,Buletin Ekonomi Moneter dan Perbankan/Monetary and banking economics bulletin,['2000'],261,Economics and Econometrics,"Economics, Econometrics and Finance",1.0,3,0,E
819,4306509026,EKONOMIA,,,,,,805,238,,,Ekonomia,['2000'],346,Strategy and Management,"Business, Management and Accounting",0.7465635738831615,1,1,A
820,2764758797,Brazilian Business Review,1808-2386,,,,,804,4962,,,Brazilian Business Review,['2000' '1400'],153,Information Systems and Management,Decision Sciences,0.6514806378132119,1,1,A
821,172526255,Finance and Stochastics,0949-2984,,,Finance and Stochastics,F&A,802,41689,FINANCE AND STOCHASTICS,"['BUSINESS, FINANCE']",Finance and Stochastics,['2000'],701,Finance,"Economics, Econometrics and Finance",0.8938802083333334,4,1,E
822,4210230148,OEconomia,2113-5207,,,,,801,1341,Oeconomia-History Methodology Philosophy,['ECONOMICS'],OEconomia,['2000'],278,Economics and Econometrics,"Economics, Econometrics and Finance",0.714516129032258,3,0,E
823,4210185306,Recherches en Sciences de Gestion,2259-6372,,,,,800,1588,,,Recherches en Sciences de Gestion,['1400'],107,Urban Studies,Social Sciences,0.5878378378378378,0,1,X
824,18436875,International Journal of Electronic Commerce,1086-4415,,,International Journal of Electronic Commerce,"MIS,KM",799,67178,INTERNATIONAL JOURNAL OF ELECTRONIC COMMERCE,['BUSINESS'],International Journal of Electronic Commerce,['2000' '1400'],240,Sociology and Political Science,Social Sciences,0.4692400482509047,1,3,B
825,2765032997,Indian Economic Review,0019-4670,,,,,799,4024,Indian Economic Review,['ECONOMICS' 'MANAGEMENT' 'BUSINESS'],Indian Economic Review,['2000'],103,"General Economics, Econometrics and Finance","Economics, Econometrics and Finance",1.0,3,1,E
826,2764755811,Studies in Economics and Econometrics,0379-6205,,,,,799,3228,,,Journal for Studies in Economics and Econometrics,['2000'],186,"General Economics, Econometrics and Finance","Economics, Econometrics and Finance",1.0,2,0,E
827,178953182,International Insolvency Review,1099-1107,,,,,796,1767,International Insolvency Review,"['BUSINESS, FINANCE']",International Insolvency Review,['2000'],524,Accounting,"Business, Management and Accounting",0.7653880463871543,2,2,A
828,3835251,Human Performance,0895-9285,,,Human Performance,"OS/OB,HRM/IR",796,48741,,,Human Performance,['1400'],289,Organizational Behavior and Human Resource Management,"Business, Management and Accounting",0.4319880418535127,0,3,B
829,130164084,Journal of financial reporting & accounting,1985-2517,Journal of Financial Reporting and Accounting,['3501'],,,794,14111,Journal of Financial Reporting and Accounting,"['BUSINESS, FINANCE']",Journal of Financial Reporting and Accounting,['2000' '1400'],461,Accounting,"Business, Management and Accounting",1.0,2,4,B
830,157001289,Journal of Nonprofit & Public Sector Marketing,1049-5142,Journal of Nonprofit and Public Sector Marketing,['3506'],,,794,12019,Journal of Nonprofit & Public Sector Marketing,['BUSINESS'],Journal of Nonprofit and Public Sector Marketing,['1400'],186,Sociology and Political Science,Social Sciences,0.5095541401273885,0,3,B
831,118298121,Journal of Hospitality Marketing & Management,1936-8623,Journal of Hospitality Marketing and Management,['3504' '3506' '3508'],Journal of Hospitality Marketing and Management,Tourism,794,41900,Journal of Hospitality Marketing & Management,['MANAGEMENT' 'BUSINESS'],Journal of Hospitality Marketing and Management,['1400'],289,Organizational Behavior and Human Resource Management,"Business, Management and Accounting",0.5797773654916512,0,7,B
832,4210179731,Cuadernos de Administración,0120-4645,,,,,793,2021,Cuadernos de Administracion-Universidad del Valle,['MANAGEMENT'],,,229,Economics and Econometrics,"Economics, Econometrics and Finance",0.8535773710482529,1,1,A
833,175241249,International Business Management,1993-5250,,,,,792,4667,,,International Business Management,['1400'],59,Accounting,"Business, Management and Accounting",1.0,0,2,B
834,144946686,IIMB Management Review,0970-3896,IIMB Management Review,['3502' '3505' '3507'],,,792,9964,IIMB Management Review,['MANAGEMENT'],IIMB Management Review,['2000' '1400'],59,Accounting,"Business, Management and Accounting",1.0,1,6,B
835,98077829,International Journal of Monetary Economics and Finance,1752-0479,International Journal of Monetary Economics and Finance,['3502' '3801'],,,791,2138,,,International Journal of Monetary Economics and Finance,['2000'],160,"General Economics, Econometrics and Finance","Economics, Econometrics and Finance",1.0,3,1,E
836,140389752,Revista de Economía Mundial,1576-0162,,,,,784,2222,Revista de Economia Mundial,['ECONOMICS'],Revista de Economia Mundial,['2000'],147,"General Economics, Econometrics and Finance","Economics, Econometrics and Finance",0.4569377990430622,3,0,E
837,140551370,Cornell Hospitality Quarterly,1938-9655,Cornell Hospitality Quarterly,['3504' '3506' '3508'],,,784,26932,Cornell Hospitality Quarterly,['MANAGEMENT'],Cornell Hospitality Quarterly,['1400'],173,Organizational Behavior and Human Resource Management,"Business, Management and Accounting",0.8,0,6,B
838,2764726166,Asia Pacific Management Review,1029-3132,Asia Pacific Management Review,['3505' '3507'],,,782,14146,Asia Pacific Management Review,['MANAGEMENT'],Asia Pacific Management Review,['1400'],82,Accounting,"Business, Management and Accounting",0.7951070336391437,0,5,B
839,131296671,Accounting Forum,0155-9982,Accounting Forum,['3501'],Accounting Forum,F&A,781,29110,Accounting Forum,"['BUSINESS, FINANCE']",Accounting Forum,['2000' '1400'],219,Accounting,"Business, Management and Accounting",1.0,3,4,B
840,35090897,International Journal of the Economics of Business,1357-1516,International Journal of the Economics of Business,['3502' '3801'],International Journal of the Economics of Business,Economics,781,17925,International Journal of the Economics of Business,['ECONOMICS' 'BUSINESS'],International Journal of the Economics of Business,['2000' '1400'],184,Economics and Econometrics,"Economics, Econometrics and Finance",1.0,5,3,E
841,2764388120,Business and Economic Research,2162-4860,Business and Economic Research,['3507' '3801'],,,781,3380,,,,,69,Accounting,"Business, Management and Accounting",1.0,1,2,B
842,23246025,Corporate Reputation Review,1363-3589,Corporate Reputation Review: an international journal,['3506' '3507'],,,781,35227,CORPORATE REPUTATION REVIEW,['BUSINESS'],Corporate Reputation Review,['1400'],451,Strategy and Management,"Business, Management and Accounting",0.8626373626373627,0,5,B
843,33519306,Econometrics Journal,1368-4221,,,Econometrics Journal,Economics,780,35198,Econometrics Journal,['ECONOMICS'],Econometrics Journal,['2000'],271,"General Economics, Econometrics and Finance","Economics, Econometrics and Finance",0.7548022598870057,4,0,E
844,27001385,Advances in Accounting,0882-6110,Advances in Accounting,['3501'],Advances in Accounting,F&A,780,16323,Advances in Accounting,"['BUSINESS, FINANCE']",Advances in Accounting,['2000' '1400'],525,Accounting,"Business, Management and Accounting",1.0,3,4,B
845,80357293,Journal of Industrial Engineering and Management,2013-0953,,,,,779,14006,,,Journal of Industrial Engineering and Management,['1400'],152,Management Information Systems,"Business, Management and Accounting",0.8911111111111111,0,2,B
846,35246616,International Review of Finance,1369-412X,International Review of Finance,['3501' '3502' '3801'],International Review of Finance,F&A,777,12534,International Review of Finance,"['BUSINESS, FINANCE']",International Review of Finance,['2000'],310,Accounting,"Business, Management and Accounting",1.0,4,4,A
847,4210240795,ReMark - Revista Brasileira de Marketing,2177-5184,REMark: Revista Brasileira de Marketing,['3506' '3507'],,,777,3997,Revista Brasileira de Marketing,['BUSINESS'],Revista Brasileira de Marketing,['2000' '1400'],268,Information Systems and Management,Decision Sciences,0.5238784370477568,1,4,B
848,165267014,International Journal of Product Development,1477-9056,International Journal of Product Development,['3507'],,,777,6671,,,International Journal of Product Development,['2000' '1400'],157,Management of Technology and Innovation,"Business, Management and Accounting",0.425891181988743,1,3,B
849,2764464146,Journal of airport management,1750-1938,Journal of Airport Management,['3507' '3509'],,,776,1668,,,Journal of Airport Management,['2000' '1400'],402,"General Economics, Econometrics and Finance","Economics, Econometrics and Finance",0.6149659863945578,2,3,B
850,64831726,Journal of Leadership & Organizational Studies,1548-0518,Journal of Leadership and Organizational Studies,['3505' '3507'],,,775,44619,Journal of Leadership & Organizational Studies,['MANAGEMENT'],Journal of Leadership and Organizational Studies,['1400'],429,Organizational Behavior and Human Resource Management,"Business, Management and Accounting",0.7002652519893899,0,5,B
851,12497220,International Journal of Business and Systems Research,1751-200X,International Journal of Business and Systems Research,['3503' '3507'],,,773,2510,,,International Journal of Business and Systems Research,['1400'],78,Information Systems and Management,Decision Sciences,0.6666666666666666,0,3,B
852,157427695,International Journal of Islamic and Middle Eastern Finance and Management,1753-8394,International Journal of Islamic and Middle Eastern Finance and Management,['3502'],,,773,20127,International Journal of Islamic and Middle Eastern Finance and Management,"['MANAGEMENT' 'BUSINESS, FINANCE']",International Journal of Islamic and Middle Eastern Finance and Management,['2000' '1400'],581,Accounting,"Business, Management and Accounting",1.0,2,4,B
853,2764647440,MONTENEGRIN JOURNAL OF ECONOMICS,1800-5845,Montenegrin Journal of Economics,['3801' '3802' '3803'],,,772,4361,Montenegrin Journal of Economics,['ECONOMICS'],Montenegrin Journal of Economics,['2000'],63,Development,Social Sciences,0.575187969924812,5,0,E
854,2764882396,Borsa Istanbul Review,2214-8450,Borsa Istanbul Review,['3502' '3801'],,,769,21127,Borsa Istanbul Review,"['ECONOMICS' 'BUSINESS, FINANCE']",Borsa Istanbul Review,['2000'],202,Economics and Econometrics,"Economics, Econometrics and Finance",1.0,4,2,E
855,2764848322,International Journal of Human Resource Studies,2162-3058,International Journal of Human Resource Studies,['3505' '3507'],,,767,6463,,,,,161,Organizational Behavior and Human Resource Management,"Business, Management and Accounting",0.8274111675126904,0,3,B
856,2764449665,Journal of Wine Economics,1931-4361,Journal of Wine Economics,['3502' '3506' '3801'],,,764,7095,Journal of Wine Economics,['ECONOMICS'],Journal of Wine Economics,['1400'],497,"Tourism, Leisure and Hospitality Management","Business, Management and Accounting",0.5267175572519084,2,4,B
857,195188575,Marketing Theory,1470-5931,Marketing Theory: an international review,['3506'],Marketing Theory,Marketing,764,42768,Marketing Theory,['BUSINESS'],Marketing Theory,['1400'],340,Marketing,"Business, Management and Accounting",0.8901808785529716,0,5,B
858,168561851,Decision Sciences Journal of Innovative Education,1540-4595,,,,,762,12658,,,Decision Sciences Journal of Innovative Education,['1400'],171,Management of Technology and Innovation,"Business, Management and Accounting",0.47863247863247865,0,2,B
859,2898332746,Ensayos sobre Política Económica,0120-4483,Ensayos Sobre Politica Economica,['3502' '3801'],,,761,2522,,,Ensayos Sobre Politica Economica,['2000'],298,"General Economics, Econometrics and Finance","Economics, Econometrics and Finance",0.8003169572107766,3,1,E
860,102700472,Financial Services Review,1057-0810,Financial Services Review,['3502'],,,760,11479,,,Financial Services Review,['2000' '1400'],254,Accounting,"Business, Management and Accounting",0.9142857142857143,1,3,B
861,4210226746,Ekonomia i Prawo,1898-2255,,,,,759,1379,Ekonomia i Prawo-Economics and Law,['ECONOMICS'],,,166,Economics and Econometrics,"Economics, Econometrics and Finance",1.0,2,0,E
862,169712084,International Journal of Information Technology and Management,1461-4111,International Journal of Information Technology and Management,['3503'],,,759,2805,,,,,81,Information Systems and Management,Decision Sciences,0.5379310344827586,0,1,X
863,12132826,The International Food and Agribusiness Management Review,1096-7508,International Food and Agribusiness Management Review,['3506' '3509' '3801'],,,759,12109,,,International Food and Agribusiness Management Review,['1400'],122,Plant Science,Agricultural and Biological Sciences,0.5151515151515151,1,3,B
864,105584983,International Journal of Management and Decision Making,1462-4621,International Journal of Management and Decision Making,['3503' '3507'],,,758,5213,,,,,72,Strategy and Management,"Business, Management and Accounting",0.7418181818181818,0,3,B
865,2764773711,International Journal of Business and Society,1511-6670,,,,,757,7194,International Journal of Business and Society,['BUSINESS'],International Journal of Business and Society,['2000' '1400'],135,Accounting,"Business, Management and Accounting",0.7197452229299363,1,3,B
866,147728512,Cato Journal,0273-3072,,,,,757,8416,,,Cato Journal,['2000'],143,"General Economics, Econometrics and Finance","Economics, Econometrics and Finance",1.0,2,0,E
867,187200255,Competition & Change,1024-5294,,,Competition and Change,Sociology,757,16923,Competition & Change,['ECONOMICS' 'BUSINESS'],Competition and Change,['1400'],187,Finance,"Economics, Econometrics and Finance",0.7043795620437956,2,2,A
868,137554564,Journal of Hospitality Leisure Sport & Tourism Education,1473-8376,"Journal of Hospitality, Leisure, Sports and Tourism Education",['3508'],,,755,16850,,,"Journal of Hospitality, Leisure, Sport and Tourism Education",['1400'],254,"Tourism, Leisure and Hospitality Management","Business, Management and Accounting",0.5807560137457045,0,3,B
869,191612999,Organizacija,1318-5454,,,,,753,4666,Organizacija,['MANAGEMENT'],Organizacija,['1400'],41,Organizational Behavior and Human Resource Management,"Business, Management and Accounting",0.8323353293413174,0,3,B
870,13669392,German Economic Review,1465-6485,German Economic Review,['3801' '3802' '3803'],German Economic Review,Economics,751,14587,German Economic Review,['ECONOMICS'],German Economic Review,['2000'],105,Economics and Econometrics,"Economics, Econometrics and Finance",1.0,7,0,E
871,4210168315,Ekonomski pregled,0424-7558,,,,,751,756,Ekonomski Pregled,['ECONOMICS'],Ekonomski Pregled,['2000'],242,Economics and Econometrics,"Economics, Econometrics and Finance",0.8004484304932735,3,0,E
872,63980162,Law and Financial Markets Review,1752-1440,,,,,750,2197,,,Law and Financial Markets Review,['2000'],184,Finance,"Economics, Econometrics and Finance",1.0,2,0,E
873,38901890,International Journal of Accounting Information Systems,1467-0895,,,,,750,27904,International Journal of Accounting Information Systems,"['MANAGEMENT' 'BUSINESS' 'BUSINESS, FINANCE']",International Journal of Accounting Information Systems,['2000' '1400'],133,Accounting,"Business, Management and Accounting",0.8061002178649237,2,3,B
874,165973286,The Journal of Computational Finance,1460-1559,,,Journal of Computational Finance,F&A,749,14025,Journal of Computational Finance,"['BUSINESS, FINANCE']",Journal of Computational Finance,['2000'],507,Finance,"Economics, Econometrics and Finance",0.9075535512965051,4,1,E
875,4060489,Capital Markets Law Journal,1750-7219,,,,,748,2461,,,Capital Markets Law Journal,['2000'],188,Strategy and Management,"Business, Management and Accounting",1.0,1,1,A
876,96837958,International Journal of Innovation and Sustainable Development,1740-8822,,,,,747,5673,,,International Journal of Innovation and Sustainable Development,['1400'],109,Marketing,"Business, Management and Accounting",0.7491525423728813,0,2,B
877,161977297,Journal of Accounting & Organizational Change,1832-5912,The International Journal of Accounting,['3501' '3502' '3507'],,,746,14036,Journal of Accounting and Organizational Change,"['BUSINESS, FINANCE']",Journal of Accounting and Organizational Change,['1400'],360,Management Information Systems,"Business, Management and Accounting",0.895,1,6,B
878,99707577,Business and Politics,1369-5258,,,,,746,15073,,,Business and Politics,['1400'],156,Strategy and Management,"Business, Management and Accounting",0.8409090909090909,0,2,B
879,116955675,Asia-Pacific Financial Markets,1387-2834,Asia-Pacific Financial Markets,['3501' '3502'],,,746,6368,Asia-Pacific Financial Markets,['ECONOMICS'],Asia-Pacific Financial Markets,['2000'],228,Finance,"Economics, Econometrics and Finance",1.0,3,2,E
880,93195727,International Journal of Management and Enterprise Development,1468-4330,International Journal of Management and Enterprise Development,['3503' '3507'],,,744,5196,,,International Journal of Management and Enterprise Development,['1400'],106,Management of Technology and Innovation,"Business, Management and Accounting",0.8601823708206687,0,4,B
881,4210230833,Journal of Business and Economics,2155-7950,Journal of Business and Economics,['3501' '3502'],,,744,851,,,,,18,Accounting,"Business, Management and Accounting",0.797752808988764,0,3,B
882,2764598072,Journal of Corporate Finance Research / Корпоративные Финансы | ISSN 2073-0438,2073-0438,,,,,743,991,,,Journal of Corporate Finance Research,['2000'],107,Accounting,"Business, Management and Accounting",0.6688741721854304,1,1,A
883,2764969724,Jordan Journal of Business Administration,1815-8633,,,,,743,1770,,,Jordan Journal of Business Administration,['1400'],227,Artificial Intelligence,Computer Science,0.5,0,1,X
884,2764747635,Journal of European economic history/The Journal of European economic history,0391-5115,,,Journal of European Economic History,Economics,741,4508,,,Journal of European Economic History,['2000'],141,Economics and Econometrics,"Economics, Econometrics and Finance",0.7845117845117845,3,0,E
885,73818033,International Journal of Management Practice,1477-9064,International Journal of Management Practice,['3505' '3507'],,,741,2542,,,International Journal of Management Practice,['1400'],51,Management Information Systems,"Business, Management and Accounting",0.8165938864628821,0,4,B
886,2738551320,Health Economics Review,2191-1991,,,,,741,12912,Health Economics Review,['ECONOMICS'],,,212,General Health Professions,Health Professions,0.608440797186401,1,0,X
887,4210219833,Marketing Review St Gallen,1865-6544,Marketing Review St Gallen,['3506'],,,740,2916,,,,,295,Management of Technology and Innovation,"Business, Management and Accounting",0.9251612903225807,0,2,B
888,62069514,The Journal of Entrepreneurship,0971-3557,The Journal of Entrepreneurship,['3505' '3507'],,,740,8511,Journal of Entrepreneurship,['BUSINESS'],Journal of Entrepreneurship,['2000' '1400'],303,Management of Technology and Innovation,"Business, Management and Accounting",1.0,1,5,B
889,171484276,International Journal of Learning and Intellectual Capital,1479-4853,International Journal of Learning and Intellectual Capital,['3503' '3507'],,,739,5493,INTERNATIONAL JOURNAL OF LEARNING AND INTELLECTUAL CAPITAL,['MANAGEMENT' 'BUSINESS'],International Journal of Learning and Intellectual Capital,['1400'],329,Strategy and Management,"Business, Management and Accounting",0.9216354344122658,0,5,B
890,2764465937,Banks and Bank Systems,1816-7403,Banks and Bank Systems,['3502'],,,738,6154,Banks and Bank Systems,"['ECONOMICS' 'BUSINESS, FINANCE']",Banks and Bank Systems,['2000' '1400'],267,Accounting,"Business, Management and Accounting",1.0,2,4,B
891,187295728,Journal of Teaching in International Business,0897-5930,Journal of Teaching in International Business,['3505' '3507'],,,737,6820,,,Journal of Teaching in International Business,['1400'],348,Management of Technology and Innovation,"Business, Management and Accounting",0.46251441753171857,0,4,B
892,2764494274,International Journal of Business Administration,1923-4007,International Journal of Business Administration,['3505' '3506' '3507'],,,737,6751,,,,,49,Accounting,"Business, Management and Accounting",1.0,0,4,B
893,4210172125,Comptabilité - Contrôle - Audit,1262-2788,Accounting Auditing Control,['3501'],Comptabilité - Contrôle - Audit,F&A,734,5854,Comptabilite Controle Audit,"['BUSINESS, FINANCE']",Comptabilite Controle Audit,['2000' '1400'],324,Management Information Systems,"Business, Management and Accounting",0.7304469273743017,3,4,B
894,4210187274,Afro-Asian J of Finance and Accounting,1751-6447,Afro-Asian Journal of Finance and Accounting,['3501' '3502'],,,734,2137,,,Afro-Asian Journal of Finance and Accounting,['2000' '1400'],196,Accounting,"Business, Management and Accounting",1.0,1,4,B
895,82593474,Asian Business & Management,1472-4782,Asian Business and Management,['3505' '3507'],,,734,12401,Asian Business & Management,['MANAGEMENT' 'BUSINESS'],Asian Business and Management,['1400'],183,Strategy and Management,"Business, Management and Accounting",1.0,0,5,B
896,4210226067,Journal of Hospitality and Tourism Insights,2514-9792,Journal of Hospitality and Tourism Insights,['3504' '3508'],,,733,10927,,,Journal of Hospitality and Tourism Insights,['1400'],247,Sociology and Political Science,Social Sciences,0.47110141766630315,0,3,B
897,173331177,Economia Aplicada,1413-8050,,,,,733,4199,,,Economia Aplicada,['2000'],214,"General Economics, Econometrics and Finance","Economics, Econometrics and Finance",0.7601476014760148,2,0,E
898,2764892107,Multinational Business Review,1525-383X,Multinational Business Review,['3505' '3507'],Multinational Business Review,IB,730,13866,Multinational Business Review,['BUSINESS'],Multinational Business Review,['1400'],358,Strategy and Management,"Business, Management and Accounting",1.0,0,6,B
899,4210171430,Journal of Enterprising Communities People and Places in the Global Economy,1750-6204,Journal of Enterprising Communities: people and places of global economy,['35'],,,727,14348,Journal of Enterprising Communities-People and Places in the Global Economy,['BUSINESS'],Journal of Enterprising Communities,['2000' '1400'],352,Management of Technology and Innovation,"Business, Management and Accounting",0.8559113300492611,1,4,B
900,2764516016,European journal of training and development,2046-9012,European Journal of Training and Development,['3505' '3507'],,,724,16582,European Journal of Training and Development,['MANAGEMENT'],European Journal of Training and Development,['1400'],226,Organizational Behavior and Human Resource Management,"Business, Management and Accounting",0.6368330464716007,0,5,B
901,23257470,Journal of Property Research,0959-9916,Journal of Property Research,['3502' '3801'],,,722,12638,,,,,451,Economics and Econometrics,"Economics, Econometrics and Finance",1.0,2,1,E
902,4210178345,Russian Management Journal,1729-7427,,,,,721,1097,Rossiiskii Zhurnal Menedzhmenta-Russian Management Journal,['MANAGEMENT'],,,80,Development,Social Sciences,0.634703196347032,0,1,X
903,4306509737,Eskişehir Osmangazi Üniversitesi İktisadi ve İdari Bilimler Dergisi,1306-6730,,,,,721,2057,Eskisehir Osmangazi Universitesi IIBF Dergisi-Eskisehir Osmangazi University Journal of Economics and Administrative Sciences,['ECONOMICS'],,,62,Economics and Econometrics,"Economics, Econometrics and Finance",0.8075313807531381,2,0,E
904,2765073605,European Journal of Economics and Economic Policies Intervention,2052-7764,,,,,720,3141,European Journal of Economics and Economic Policies-Intervention,['ECONOMICS'],European Journal of Economics and Economic Policies: Intervention,['2000'],292,"General Economics, Econometrics and Finance","Economics, Econometrics and Finance",0.8895184135977338,3,0,E
905,136764900,Journal of Forensic Economics,0898-5510,Journal of Forensic Economics,['3899'],,,717,2797,,,,,225,Economics and Econometrics,"Economics, Econometrics and Finance",0.7131931166347992,2,0,E
906,100930738,Financial History Review,0968-5650,,,,,716,5091,,,Financial History Review,['2000'],157,Economics and Econometrics,"Economics, Econometrics and Finance",1.0,2,0,E
907,2898392467,Future Business Journal,2314-7202,,,,,715,11388,Future Business Journal,['BUSINESS'],,,82,Accounting,"Business, Management and Accounting",0.65625,0,2,B
908,47824075,Global Economic Review,1226-508X,Global Economic Review,['3502' '3801'],,,715,6213,Global Economic Review,['ECONOMICS'],Global Economic Review,['2000' '1400'],136,"General Economics, Econometrics and Finance","Economics, Econometrics and Finance",1.0,4,2,E
909,94083415,Journal of Behavioral Finance,1542-7560,Journal of Behavioral Finance,['3501' '3502'],Journal of Behavioral Finance,F&A,713,15519,Journal of Behavioral Finance,"['ECONOMICS' 'BUSINESS, FINANCE']",Journal of Behavioral Finance,['2000'],507,Finance,"Economics, Econometrics and Finance",0.8564981949458483,4,3,E
910,1076045,Culture and Organization,1475-9551,,,Culture and Organization,Sociology,712,9850,Culture and Organization,['MANAGEMENT'],Culture and Organization,['1400'],289,Organizational Behavior and Human Resource Management,"Business, Management and Accounting",0.7321814254859611,0,3,B
911,2764792399,Investment Analysts Journal,1029-3523,Investment Analysts Journal,['3502'],,,709,5103,Investment Analysts Journal,"['BUSINESS, FINANCE']",Investment Analysts Journal,['2000' '1400'],309,Finance,"Economics, Econometrics and Finance",1.0,3,3,A
912,2764987631,Academy of Marketing Studies journal,1095-6298,Academy of Marketing Studies Journal,['3506'],,,708,4109,,,Academy of Marketing Studies Journal,['2000' '1400'],129,Marketing,"Business, Management and Accounting",0.6176991150442478,1,3,B
913,4210173397,Journal of Public Finance and Public Choice,2515-6918,,,,,705,1800,Journal of Public Finance and Public Choice,['ECONOMICS'],Journal of Public Finance and Public Choice,['2000'],135,Economics and Econometrics,"Economics, Econometrics and Finance",0.8138528138528138,3,0,E
914,2764881238,Indian Journal of Finance,0973-8711,,,,,705,1575,,,Indian Journal of Finance,['2000'],118,Economics and Econometrics,"Economics, Econometrics and Finance",1.0,2,0,E
915,114724389,Journal of African Business,1522-8916,Journal of African Business,['3507'],,,705,13227,Journal of African Business,['BUSINESS'],,,97,Information Systems,Computer Science,0.7679425837320574,0,2,B
916,36660284,International Journal of Technology Policy and Management,1468-4322,,,,,703,4050,,,"International Journal of Technology, Policy and Management",['1400'],70,Strategy and Management,"Business, Management and Accounting",0.8326180257510729,0,2,B
917,4210230127,management revue,0935-9915,Management Revue: the international review of management studies,['3505' '3507'],,,702,7595,Management Revue,['MANAGEMENT'],Management Revue,['1400'],100,Public Administration,Social Sciences,0.5379746835443038,0,4,B
918,147000529,International Journal of Automotive Technology and Management,1470-9511,,,,,701,5409,International Journal of Automotive Technology and Management,['TRANSPORTATION'],International Journal of Automotive Technology and Management,['1400'],124,Strategy and Management,"Business, Management and Accounting",0.8117913832199547,0,3,B
919,97316453,Cambridge Journal of Regions Economy and Society,1752-1378,,,,,700,33303,Cambridge Journal of Regions Economy and Society,['ECONOMICS'],"Cambridge Journal of Regions, Economy and Society",['2000'],128,Economics and Econometrics,"Economics, Econometrics and Finance",0.7044967880085653,3,0,E
920,4210220385,Economics,1864-6042,Economics,['3801'],,,700,9029,Economics-The Open Access Open-Assessment E-Journal,['ECONOMICS'],Economics,['2000'],127,"General Economics, Econometrics and Finance","Economics, Econometrics and Finance",1.0,4,0,E
921,2764624254,Micro & macro marketing,1121-4228,,,,,700,725,,,Micro and Macro Marketing,['1400'],418,Marketing,"Business, Management and Accounting",0.9182795698924732,0,2,B
922,4404673462,Journal of payments strategy & systems,1750-1806,,,,,693,2103,,,Journal of Payments Strategy and Systems,['1400'],155,Strategy and Management,"Business, Management and Accounting",0.8768115942028986,0,2,B
923,56271844,Information Systems and e-Business Management,1617-9846,,,,,692,18993,Information Systems and E-Business Management,['MANAGEMENT' 'BUSINESS'],,,129,Management Information Systems,"Business, Management and Accounting",0.41286307053941906,0,2,B
924,107183665,Journal of service management,1757-5818,Journal of Service Management,['3506' '3507'],Journal of Service Management,"OR,MS,POM",692,51028,Journal of Service Management,['MANAGEMENT'],International Journal of Service Industry Management,['1400'],359,Organizational Behavior and Human Resource Management,"Business, Management and Accounting",0.8641750227894257,0,6,B
925,4210228953,Logistique & Management,1250-7970,,,,,692,2194,,,Logistique et Management,['1400'],185,Management Information Systems,"Business, Management and Accounting",0.7653213751868461,0,2,B
926,4210179146,Business Strategy & Development,2572-3170,,,,,692,7377,Business Strategy and Development,['BUSINESS'],Business Strategy and Development,['2000' '1400'],223,Marketing,"Business, Management and Accounting",1.0,1,3,B
927,175963831,El Trimestre Económico,0041-3011,El Trimestre Economico,['3801' '3802' '3803'],,,692,3081,TRIMESTRE ECONOMICO,['ECONOMICS'],Trimestre Economico,['2000'],177,"General Economics, Econometrics and Finance","Economics, Econometrics and Finance",0.8741865509761388,6,0,E
928,147126554,Panoeconomicus,1452-595X,,,,,689,6977,Panoeconomicus,['ECONOMICS'],Panoeconomicus,['2000'],162,Finance,"Economics, Econometrics and Finance",1.0,3,0,E
929,4306506978,Contaduría Universidad de Antioquia,0120-4203,,,,,689,1502,Contaduria Universidad de Antioquia,"['BUSINESS, FINANCE']",,,458,Accounting,"Business, Management and Accounting",0.9421221864951769,1,2,B
930,16146169,International Journal of Economic Theory,1742-7355,International Journal of Economic Theory,['3801' '3803'],,,689,3337,International Journal of Economic Theory,['ECONOMICS'],International Journal of Economic Theory,['2000'],245,Economics and Econometrics,"Economics, Econometrics and Finance",1.0,5,0,E
931,4210185932,J for Global Business Advancement,1746-966X,Journal for Global Business Advancement,['3801'],,,689,2297,,,Journal for Global Business Advancement,['1400'],66,Strategy and Management,"Business, Management and Accounting",0.7993079584775087,1,2,B
932,4210190745,Asia-Pacific Journal of Financial Studies,2041-6156,Asia-Pacific Journal of Financial Studies,['3501' '3502'],,,688,5405,Asia-Pacific Journal of Financial Studies,"['BUSINESS, FINANCE']",Asia-Pacific Journal of Financial Studies,['2000'],290,Accounting,"Business, Management and Accounting",1.0,2,4,B
933,85792242,International Journal of Business Governance and Ethics,1477-9048,,,,,688,3830,,,International Journal of Business Governance and Ethics,['1400'],180,Accounting,"Business, Management and Accounting",0.8188976377952756,0,2,B
934,32895864,Actual Problems of Economics,1993-6788,Actual Problems of economics,['3502'],,,687,635,,,Actual Problems of Economics,['2000'],270,"General Economics, Econometrics and Finance","Economics, Econometrics and Finance",0.6391304347826087,2,1,E
935,2764945587,International journal of entrepreneurship,1099-9264,International Journal of Entrepreneurship,['3507'],,,686,4605,,,International Journal of Entrepreneurship,['2000' '1400'],188,Management of Technology and Innovation,"Business, Management and Accounting",0.776536312849162,1,3,B
936,154838382,Journal of Teaching in Travel & Tourism,1531-3220,,,,,685,9281,,,Journal of Teaching in Travel and Tourism,['1400'],318,"Tourism, Leisure and Hospitality Management","Business, Management and Accounting",0.5872170439414115,0,2,B
937,4390573758,International VAT Monitor,0925-0832,,,,,685,922,,,International VAT Monitor,['2000'],372,Accounting,"Business, Management and Accounting",1.0,1,1,A
938,4210193318,Asean Economic Bulletin,0217-4472,ASEAN Economic Bulletin,['3801' '3802' '3803'],,,684,16317,,,,,296,"General Economics, Econometrics and Finance","Economics, Econometrics and Finance",0.901840490797546,4,0,E
939,170166683,American Economic Journal Macroeconomics,1945-7707,American Economic Journal: Macroeconomics,['3801' '3803'],American Economic Journal: Macroeconomics,Economics,684,55335,American Economic Journal-Macroeconomics,['ECONOMICS'],American Economic Journal: Macroeconomics,['2000'],229,"General Economics, Econometrics and Finance","Economics, Econometrics and Finance",1.0,6,0,E
940,4210230096,Journal of Accounting and Finance,2158-3625,Journal of Accounting and Finance,['3501' '3502'],,,681,1036,,,,,111,Accounting,"Business, Management and Accounting",1.0,0,3,B
941,4210171040,Science and innovation,2409-9066,,,,,681,1562,,,Science and Innovation,['1400'],71,"General Economics, Econometrics and Finance","Economics, Econometrics and Finance",0.6557377049180327,1,1,A
942,120391282,Extremes,1386-1999,,,,,680,14449,,,Extremes,['2000'],420,Finance,"Economics, Econometrics and Finance",0.6032967032967033,2,0,E
943,4210208887,Public Policy And Administration,1648-2603,,,,,679,1635,,,Public Policy and Administration,['2000'],76,"General Economics, Econometrics and Finance","Economics, Econometrics and Finance",0.4767932489451477,2,0,E
944,132432621,Journal of International Accounting Auditing and Taxation,1061-9518,"Journal of International Accounting, Auditing and Taxation",['3501'],"Journal of International Accounting, Auditing and Taxation",F&A,678,22980,Journal of International Accounting Auditing and Taxation,"['BUSINESS, FINANCE']","Journal of International Accounting, Auditing and Taxation",['2000' '1400'],415,Accounting,"Business, Management and Accounting",1.0,3,4,B
945,207154782,Journal of Financial Econometrics,1479-8409,Journal of Financial Econometrics,['3502' '3802'],Journal of Financial Econometrics,Economics,677,29423,Journal of Financial Econometrics,"['ECONOMICS' 'BUSINESS, FINANCE']",Journal of Financial Econometrics,['2000'],406,Finance,"Economics, Econometrics and Finance",1.0,5,2,E
946,4210175713,Economía,0254-4415,Economia,['3801' '3802' '3803'],,,677,2139,Revista Economia,['ECONOMICS'],,,148,"General Economics, Econometrics and Finance","Economics, Econometrics and Finance",0.4791666666666667,5,0,E
947,5486590,International Economics and Economic Policy,1612-4804,International Economics and Economic Policy,['3502' '3801'],,,677,9264,INTERNATIONAL ECONOMICS AND ECONOMIC POLICY,['ECONOMICS'],International Economics and Economic Policy,['2000'],205,"General Economics, Econometrics and Finance","Economics, Econometrics and Finance",1.0,4,1,E
948,148189957,Journal of Management History,1751-1348,,,Journal of Management History,Gen & Strat,676,7447,Journal of Management History,['MANAGEMENT'],Journal of Management History,['1400'],296,Organizational Behavior and Human Resource Management,"Business, Management and Accounting",1.0,0,4,B
949,40814766,Journal of Marketing for HIGHER EDUCATION,0884-1241,,,,,675,18233,Journal of Marketing for Higher Education,['BUSINESS'],Journal of Marketing for Higher Education,['1400'],197,Management of Technology and Innovation,"Business, Management and Accounting",0.6924101198402131,0,3,B
950,44088940,International Journal of Management Concepts and Philosophy,1478-1484,International Journal of Management Concepts and Philosophy,['3505' '3507'],,,675,1946,,,,,74,Organizational Behavior and Human Resource Management,"Business, Management and Accounting",1.0,0,3,B
951,2799221473,Risk Governance and Control Financial Markets & Institutions,2077-429X,,,,,674,2661,,,Risk Governance and Control: Financial Markets and Institutions,['2000' '1400'],124,Accounting,"Business, Management and Accounting",1.0,1,2,B
952,127898814,Society and Economy,1588-970X,,,,,671,3880,,,Society and Economy,['2000' '1400'],51,Political Science and International Relations,Social Sciences,0.5240641711229946,1,1,A
953,146380144,International Journal of Business and Emerging Markets,1753-6219,International Journal of Business and Emerging Markets,['3506' '3507'],,,669,1948,,,International Journal of Business and Emerging Markets,['2000' '1400'],83,Strategy and Management,"Business, Management and Accounting",0.8333333333333334,1,4,B
954,50216583,Journal of Medical Marketing Device Diagnostic and Pharmaceutical Marketing,1745-7904,Journal of Medical Marketing,['3506'],,,668,3829,,,Journal of Medical Marketing,['1400'],134,Economics and Econometrics,"Economics, Econometrics and Finance",0.5199004975124378,1,2,B
955,188742231,International Journal of Innovation Science,1757-2223,International Journal of Innovation Science,['3507'],,,668,10280,International Journal of Innovation Science,['BUSINESS'],International Journal of Innovation Science,['1400'],157,Strategy and Management,"Business, Management and Accounting",1.0,0,4,B
956,2737940734,Revista de Economia Contemporânea,1415-9848,,,,,667,2892,,,Revista de Economia Contemporanea,['2000'],339,"General Economics, Econometrics and Finance","Economics, Econometrics and Finance",0.9262166405023547,2,0,E
957,109066046,The Banking law journal,0005-5506,,,,,666,12,,,Banking Law Journal,['2000' '1400'],9,Finance,"Economics, Econometrics and Finance",0.8947368421052632,2,1,E
958,139478629,Journal of Business-to-Business Marketing,1051-712X,Journal of Business-to-Business Marketing,['3506' '3507'],Journal of Business-to-Business Marketing,Marketing,666,11117,Journal of Business-to-Business Marketing,['BUSINESS'],Journal of Business-to-Business Marketing,['1400'],240,Organizational Behavior and Human Resource Management,"Business, Management and Accounting",0.8240131578947368,0,6,B
959,21322974,International Journal of Learning and Change,1740-2875,International Journal of Learning and Change,['3505' '3507'],,,661,2048,,,International Journal of Learning and Change,['1400'],52,Strategy and Management,"Business, Management and Accounting",0.694300518134715,0,4,B
960,2764347203,Risk Management and Insurance Review,1098-1616,Risk Management and Insurance Review,['3502'],,,661,6714,RISK MANAGEMENT AND INSURANCE REVIEW,"['ECONOMICS' 'BUSINESS, FINANCE']",Risk Management and Insurance Review,['2000' '1400'],269,Economics and Econometrics,"Economics, Econometrics and Finance",0.8160714285714286,3,3,A
961,2764678689,Accounting and Finance Research,1927-5986,Accounting and Finance Research,['3501' '3502'],,,656,4113,,,,,194,Accounting,"Business, Management and Accounting",1.0,0,3,B
962,98174993,Revista Brasileira de Economia,0034-7140,,,,,655,5136,,,Revista Brasileira de Economia,['2000'],232,"General Economics, Econometrics and Finance","Economics, Econometrics and Finance",0.9278523489932886,2,0,E
963,76295336,Journal of Media Economics,0899-7764,,,,,655,10189,JOURNAL OF MEDIA ECONOMICS,['ECONOMICS'],Journal of Media Economics,['2000'],126,Media Technology,Engineering,0.5477477477477477,2,0,E
964,2764896919,Environmental Economics and Policy Studies,1432-847X,Environmental Economics and Policy Studies,['3801'],,,654,9228,Environmental Economics and Policy Studies,['ECONOMICS'],Environmental Economics and Policy Studies,['2000'],245,Economics and Econometrics,"Economics, Econometrics and Finance",0.6911942098914354,4,0,E
965,1234856,The Journal of High Technology Management Research,1047-8310,The Journal of High Technology Management Research,['3507'],Journal of High Technology Management Research,Innovation,653,21791,,,Journal of High Technology Management Research,['1400'],250,Strategy and Management,"Business, Management and Accounting",0.8834586466165414,0,4,B
966,2738281210,Review of Business Management,1806-4892,,,,,653,5765,RBGN-Revista Brasileira de Gestao de Negocios,['MANAGEMENT' 'BUSINESS'],Revista Brasileira de Gestao de Negocios,['1400'],130,Information Systems and Management,Decision Sciences,0.6,0,2,B
967,4210197281,Ekonomika APK,2221-1055,,,,,653,2553,,,Ekonomika APK,['2000' '1400'],374,Economics and Econometrics,"Economics, Econometrics and Finance",0.48539114043355325,2,1,E
968,4210208307,Dirección y Organización,1132-175X,,,,,652,1728,Direccion y Organizacion,['MANAGEMENT'],Direccion y Organizacion,['1400'],135,Economics and Econometrics,"Economics, Econometrics and Finance",1.0,1,2,B
969,4210188437,Supply Chain Forum an International Journal,1624-6039,Supply Chain Forum: an International Journal,['3507' '3509'],,,651,10064,Supply Chain Forum,['MANAGEMENT'],Supply Chain Forum,['1400'],241,Management Information Systems,"Business, Management and Accounting",1.0,0,5,B
970,40285785,Journal of Applied Economics,1514-0326,Journal of Applied Economics,['3502' '3801'],,,650,14636,Journal of Applied Economics,['ECONOMICS'],Journal of Applied Economics,['2000'],160,"General Economics, Econometrics and Finance","Economics, Econometrics and Finance",1.0,4,1,E
971,153849593,Baltic Journal of Management,1746-5265,Baltic Journal of Management,['3505' '3507'],,,649,13815,Baltic Journal of Management,['MANAGEMENT'],Baltic Journal of Management,['1400'],136,Organizational Behavior and Human Resource Management,"Business, Management and Accounting",1.0,0,5,B
972,38613568,Journal of Change Management,1469-7017,Journal of Change Management,['3505' '3507'],,,649,23790,JOURNAL OF CHANGE MANAGEMENT,['MANAGEMENT'],Journal of Change Management,['1400'],209,Organizational Behavior and Human Resource Management,"Business, Management and Accounting",0.8645276292335116,0,5,B
973,16069442,Journal of Management Accounting Research,1049-2127,Journal of Management Accounting Research,['3501'],Journal of Management Accounting Research,F&A,647,21559,Journal of Management Accounting Research,"['BUSINESS, FINANCE']",Journal of Management Accounting Research,['1400'],226,Accounting,"Business, Management and Accounting",0.8447121820615796,2,4,B
974,165881774,The B E Journal of Theoretical Economics,1935-1704,,,B.E. Journal of Theoretical Economics,Economics,646,6545,B E Journal of Theoretical Economics,['ECONOMICS'],B.E. Journal of Theoretical Economics,['2000'],201,Economics and Econometrics,"Economics, Econometrics and Finance",0.4094292803970223,4,0,E
975,6014304,Journal of the American Taxation Association,0198-9073,,,Journal of the American Taxation Association,F&A,646,9528,Journal of the American Taxation Association,"['BUSINESS, FINANCE']",Journal of the American Taxation Association,['2000' '1400'],381,Accounting,"Business, Management and Accounting",1.0,3,3,A
976,2764555313,International Journal of Business,1083-4346,International Journal of Business,['3502' '3507'],,,646,4467,International Journal of Business,['BUSINESS'],International Journal of Business,['2000' '1400'],67,Accounting,"Business, Management and Accounting",1.0,1,5,B
977,2764415137,International Journal of Management Science and Engineering Management,1750-9653,,,,,645,8882,,,International Journal of Management Science and Engineering Management,['1400'],152,Management Information Systems,"Business, Management and Accounting",0.7272727272727273,0,2,B
978,183939566,Sustainability Accounting Management and Policy Journal,2040-8021,,,,,644,20523,Sustainability Accounting Management and Policy Journal,"['MANAGEMENT' 'BUSINESS, FINANCE']","Sustainability Accounting, Management and Policy Journal",['1400'],341,Strategy and Management,"Business, Management and Accounting",1.0,1,3,B
979,11394615,Strategic Organization,1476-1270,Strategic Organization,['3505' '3507'],Strategic Organization,Gen & Strat,644,37254,Strategic Organization,['MANAGEMENT' 'BUSINESS'],Strategic Organization,['1400'],258,Strategy and Management,"Business, Management and Accounting",1.0,0,6,B
980,133138818,Journal of Cases on Information Technology,1548-7717,,,,,642,3494,,,Journal of Cases on Information Technology,['1400'],46,Management Information Systems,"Business, Management and Accounting",0.6863905325443787,0,2,B
981,79989894,International Journal of Managerial Finance,1743-9132,International Journal of Managerial Finance,['3501' '3502'],International Journal of Managerial Finance,F&A,642,13449,International Journal of Managerial Finance,"['BUSINESS, FINANCE']",International Journal of Managerial Finance,['2000' '1400'],427,Accounting,"Business, Management and Accounting",1.0,3,5,B
982,4210223136,Estudos Econômicos (São Paulo),0101-4161,Estudos Economicos,['3801' '3802' '3803'],,,642,4001,,,Estudos Economicos,['2000'],215,"General Economics, Econometrics and Finance","Economics, Econometrics and Finance",0.9189686924493554,5,0,E
983,4210190049,Journal of King Abdulaziz University-Islamic Economics,1018-7383,,,,,639,3861,,,"Journal of King Abdulaziz University, Islamic Economics",['2000'],414,Accounting,"Business, Management and Accounting",0.8121301775147929,1,1,A
984,158129444,Journal of Developmental Entrepreneurship,1084-9467,Journal of Developmental Entrepreneurship,['3507'],,,638,12921,Journal of Developmental Entrepreneurship,['BUSINESS'],Journal of Developmental Entrepreneurship,['2000' '1400'],345,Management of Technology and Innovation,"Business, Management and Accounting",0.8948004836759371,1,4,B
985,66624660,Pacific Accounting Review,0114-0582,Pacific Accounting Review,['3501' '3502'],,,638,11416,Pacific Accounting Review,"['BUSINESS, FINANCE']",Pacific Accounting Review,['2000' '1400'],256,Accounting,"Business, Management and Accounting",1.0,2,5,B
986,4210192575,GLOBAL BUSINESS & FINANCE REVIEW,1088-6931,Global Business and Finance Review,['3502'],,,637,1566,,,Global Business and Finance Review,['2000' '1400'],49,Accounting,"Business, Management and Accounting",0.4787234042553192,1,3,B
987,164507624,Asian Review of Accounting,1321-7348,Asian Review of Accounting,['3501'],,,637,11282,Asian Review of Accounting,"['BUSINESS, FINANCE']",Asian Review of Accounting,['2000' '1400'],379,Accounting,"Business, Management and Accounting",1.0,2,4,B
988,71351135,International Journal of Disclosure and Governance,1741-3591,International Journal of Disclosure and Governance,['3501'],,,636,8183,International Journal of Disclosure and Governance,['MANAGEMENT'],International Journal of Disclosure and Governance,['2000' '1400'],310,Accounting,"Business, Management and Accounting",1.0,1,4,B
989,2765036513,Australasian Accounting Business and Finance Journal,1834-2000,Australasian Accounting Business and Finance Journal,['3501' '3502' '3507'],,,635,8878,Australasian Accounting Business and Finance Journal,"['BUSINESS, FINANCE']","Australasian Accounting, Business and Finance Journal",['2000' '1400'],93,Accounting,"Business, Management and Accounting",1.0,2,6,B
990,132368879,Journal of Enterprising Culture,0218-4958,Journal of Enterprising Culture,['3505' '3507'],,,635,10641,JOURNAL OF ENTERPRISING CULTURE,['BUSINESS'],,,371,Management of Technology and Innovation,"Business, Management and Accounting",1.0,0,4,B
991,144150890,Journal of Geographical Systems,1435-5930,,,,,635,21942,,,Journal of Geographical Systems,['2000'],200,Economics and Econometrics,"Economics, Econometrics and Finance",0.5394045534150613,2,0,E
992,45044709,International Journal of Organization Theory and Behavior,1093-4537,International Journal of Organization Theory and Behavior,['3505' '3507'],,,633,5323,,,International Journal of Organization Theory and Behavior,['1400'],117,Organizational Behavior and Human Resource Management,"Business, Management and Accounting",0.6324324324324324,0,4,B
993,2764964828,The Journal of Applied Management and Entrepreneurship,1077-1158,Journal of Applied Management and Entrepreneurship,['3505' '3507'],,,633,9700,,,,,53,Management of Technology and Innovation,"Business, Management and Accounting",1.0,0,3,B
994,4210216369,European Procurement & Public Private Partnership Law Review,2194-7376,,,,,633,821,,,European Procurement and Public Private Partnership Law Review,['2000'],243,Strategy and Management,"Business, Management and Accounting",0.7014388489208633,1,1,A
995,31690342,Strategic Entrepreneurship Journal,1932-4391,Strategic Entrepreneurship Journal,['3507'],Strategic Entrepreneurship Journal,Gen & Strat,632,42042,Strategic Entrepreneurship Journal,['MANAGEMENT' 'BUSINESS'],Strategic Entrepreneurship Journal,['2000' '1400'],330,Management of Technology and Innovation,"Business, Management and Accounting",1.0,1,5,B
996,4404664269,Journal of risk management in financial institutions,1752-8887,,,,,632,1845,,,Journal of Risk Management in Financial Institutions,['2000'],132,Economics and Econometrics,"Economics, Econometrics and Finance",1.0,2,0,E
997,4210188407,Middle East J of Management,2050-3636,,,,,631,1616,Middle East Journal of Management,['MANAGEMENT'],,,68,Sociology and Political Science,Social Sciences,0.5408163265306123,0,1,X
998,68051293,Philosophy of Management,1740-3812,,,,,631,3532,Philosophy of Management,['MANAGEMENT'],Philosophy of Management,['1400'],156,Organizational Behavior and Human Resource Management,"Business, Management and Accounting",0.5572519083969466,0,3,B
999,4210203671,The CASE Journal,1544-9106,,,,,631,361,,,CASE Journal,['1400'],43,Management of Technology and Innovation,"Business, Management and Accounting",1.0,0,2,B
1000,10615428,Journal of Real Estate Literature,0927-7544,Journal of Real Estate Literature,['3502'],,,630,7506,,,Journal of Real Estate Literature,['2000' '1400'],328,Economics and Econometrics,"Economics, Econometrics and Finance",1.0,2,2,A
1001,4404664192,Journal of securities operations & custody,1753-1802,Journal of Securities Operations and Custody,['3502'],,,630,588,,,,,83,Finance,"Economics, Econometrics and Finance",1.0,1,1,A
1002,52073566,International Journal of Technology Transfer and Commercialisation,1470-6075,International Journal of Technology Transfer and Commercialisation,['3503' '3507'],,,629,2401,,,,,107,Strategy and Management,"Business, Management and Accounting",1.0,0,3,B
1003,152972827,International Journal of Lean Six Sigma,2040-4166,International Journal of Lean Six Sigma,['3507'],,,629,19695,International Journal of Lean Six Sigma,['MANAGEMENT'],,,524,Management Information Systems,"Business, Management and Accounting",0.9214501510574018,0,3,B
1004,4210222895,Meditari Accountancy Research,2049-372X,Meditari Accountancy Research,['3501'],,,629,17469,Meditari Accountancy Research,"['BUSINESS, FINANCE']",Meditari Accountancy Research,['2000' '1400'],252,Strategy and Management,"Business, Management and Accounting",1.0,2,4,B
1005,44763245,International Journal of Green Economics,1744-9928,International Journal of Green Economics,['3801' '3802' '3803'],,,627,3421,,,International Journal of Green Economics,['2000'],121,Economics and Econometrics,"Economics, Econometrics and Finance",0.6728538283062645,5,0,E
1006,2764736692,International Journal of Accounting and Economics Studies,2309-4508,,,,,624,637,,,International Journal of Accounting and Economics Studies,['2000' '1400'],48,Accounting,"Business, Management and Accounting",0.8457142857142858,1,2,B
1007,144250037,Journal of Applied Accounting Research,0967-5426,Journal of Applied Accounting Research,['3501' '3507'],Journal of Applied Accounting Research,F&A,623,14766,Journal of Applied Accounting Research,"['BUSINESS, FINANCE']",Journal of Applied Accounting Research,['2000' '1400'],333,Accounting,"Business, Management and Accounting",1.0,3,5,B
1008,4210234983,Journal on Innovation and Sustainability RISUS,2179-3565,,,,,621,1405,RISUS-Journal on Innovation and Sustainability,['MANAGEMENT'],,,74,Information Systems and Management,Decision Sciences,0.44559585492227977,0,1,X
1009,176820844,European Review of Economic History,1361-4916,,,European Review of Economic History,Economics,621,17381,European Review of Economic History,['ECONOMICS'],European Review of Economic History,['2000'],298,Economics and Econometrics,"Economics, Econometrics and Finance",0.8296422487223168,4,0,E
1010,2764978665,Journal of Modern Accounting and Auditing,1548-6583,Journal of Modern Accounting and Auditing,['3501' '3507'],,,621,2329,,,,,85,Accounting,"Business, Management and Accounting",1.0,0,3,B
1011,196118188,International Journal of Services Economics and Management,1753-0822,"International Journal of Services, Economics and Management",['3506' '3507'],,,621,1713,,,"International Journal of Services, Economics and Management",['2000' '1400'],122,Organizational Behavior and Human Resource Management,"Business, Management and Accounting",0.7033333333333334,1,4,B
1012,2764934467,Iranian economic review,1026-6542,Iranian Economic Review,['3801' '3802' '3803'],,,620,1819,,,Iranian Economic Review,['2000'],132,Economics and Econometrics,"Economics, Econometrics and Finance",1.0,5,0,E
1013,75627377,SIAM Journal on Financial Mathematics,1945-497X,,,,,619,10500,SIAM Journal on Financial Mathematics,"['BUSINESS, FINANCE']",SIAM Journal on Financial Mathematics,['2000'],481,Finance,"Economics, Econometrics and Finance",0.8886877828054298,3,1,E
1014,202264103,Journal of Asia Business Studies,1558-7894,Journal of Asia Business Studies,['3505' '3507'],,,619,10989,Journal of Asia Business Studies,['BUSINESS'],Journal of Asia Business Studies,['2000' '1400'],113,Accounting,"Business, Management and Accounting",0.8571428571428571,1,5,B
1015,91213080,The Economists Voice,1553-3832,The Economists' Voice,['3801' '3802' '3803'],,,618,3294,Economists Voice,['ECONOMICS'],Economists' Voice,['2000' '1400'],76,Finance,"Economics, Econometrics and Finance",1.0,6,1,E
1016,2764846857,Economics and Business Review/The Poznań University of Economics Review,1643-5877,Economics and Business Review,['3801' '3502'],,,617,2859,Economics and Business Review,['ECONOMICS'],Economics and Business Review,['2000' '1400'],48,Finance,"Economics, Econometrics and Finance",1.0,4,2,E
1017,2738413198,Equilibrium Quarterly Journal of Economics and Economic Policy,1689-765X,,,,,616,5677,Equilibrium-Quarterly Journal of Economics and Economic Policy,['ECONOMICS'],Equilibrium. Quarterly Journal of Economics and Economic Policy,['2000'],61,Political Science and International Relations,Social Sciences,0.7765567765567766,2,0,E
1018,4210218449,Business Ethics the Environment & Responsibility,2694-6416,,,,,616,5211,Business Ethics the Environment & Responsibility,['BUSINESS'],"Business Ethics, the Environment and Responsibility",['2000' '1400'],235,Strategy and Management,"Business, Management and Accounting",0.8287461773700305,1,3,B
1019,4210168739,M n gement,1286-4692,M@n@gement,['3505' '3507'],M@n@gement,Gen & Strat,615,7449,Management,['MANAGEMENT'],Management (France),['1400'],179,Organizational Behavior and Human Resource Management,"Business, Management and Accounting",0.9224806201550387,0,6,B
1020,83262020,Journal of International Financial Management and Accounting,0954-1314,Journal of International Financial Management and Accounting,['3501' '3502'],Journal of International Financial Management and Accou,F&A,614,18483,Journal of International Financial Management & Accounting,"['BUSINESS, FINANCE']",Journal of International Financial Management and Accounting,['2000' '1400'],262,Accounting,"Business, Management and Accounting",1.0,3,5,B
1021,196564809,The B E Journal of Macroeconomics,1935-1690,The BE Journal of Macroeconomics,['3502' '3801' '3803'],B.E. Journal of Macroeconomics,Economics,613,7874,B E Journal of Macroeconomics,['ECONOMICS'],B.E. Journal of Macroeconomics,['2000'],266,"General Economics, Econometrics and Finance","Economics, Econometrics and Finance",1.0,6,1,E
1022,185277049,Journal of Banking Regulation,1745-6452,,,,,613,6625,Journal of Banking Regulation,"['BUSINESS, FINANCE']",Journal of Banking Regulation,['2000'],366,Finance,"Economics, Econometrics and Finance",1.0,3,1,E
1023,4210186350,Journal of Competition Law & Economics,1744-6414,,,,,611,8193,Journal of Competition Law & Economics,['ECONOMICS'],Journal of Competition Law and Economics,['2000'],369,Economics and Econometrics,"Economics, Econometrics and Finance",0.9023383768913342,3,0,E
1024,90477801,Journal of transport economics and policy,0022-5258,Journal of Transport Economics and Policy,['3509' '3801'],Journal of Transport Economics and Policy,Economics,611,16709,JOURNAL OF TRANSPORT ECONOMICS AND POLICY,['ECONOMICS' 'TRANSPORTATION'],Journal of Transport Economics and Policy,['2000'],217,Transportation,Social Sciences,0.4020926756352765,4,2,E
1025,68754933,Organization Management Journal,1541-6518,Organization Management Journal,['3505' '3507'],,,609,6978,,,Organization Management Journal,['1400'],85,Management of Technology and Innovation,"Business, Management and Accounting",0.8878205128205128,0,4,B
1026,2764837506,Indian Journal of Labour Economics,0019-5308,,,,,608,3968,Indian Journal of Labour Economics,['ECONOMICS'],Indian Journal of Labour Economics,['2000'],168,General Health Professions,Health Professions,0.4172661870503597,2,0,E
1027,101163346,International Journal of Strategic Property Management,1648-715X,International Journal of Strategic Property Management,['3504'],,,608,10894,International Journal of Strategic Property Management,['MANAGEMENT'],International Journal of Strategic Property Management,['1400'],274,Economics and Econometrics,"Economics, Econometrics and Finance",0.6509240246406571,1,3,B
1028,30370390,Journal of Customer Behaviour,1475-3928,Journal of Customer Behavior,['3506'],,,608,6930,,,,,87,Organizational Behavior and Human Resource Management,"Business, Management and Accounting",0.5994397759103641,0,2,B
1029,4210223036,Mehmet Akif Ersoy Üniversitesi İktisadi ve İdari Bilimler Fakültesi Dergisi,2149-1658,,,,,607,1350,Journal of Mehmet Akif Ersoy University Economics and Administrative Sciences Faculty,['ECONOMICS'],,,45,Economics and Econometrics,"Economics, Econometrics and Finance",1.0,2,0,E
1030,4210206322,PharmacoEconomics - Open,2509-4254,,,,,606,5770,Pharmacoeconomics-Open,['ECONOMICS'],,,207,Economics and Econometrics,"Economics, Econometrics and Finance",0.9137466307277629,2,0,E
1031,94967567,European Company and Financial Law Review,1613-2548,,,,,606,3218,,,European Company and Financial Law Review,['2000'],323,Strategy and Management,"Business, Management and Accounting",1.0,1,1,A
1032,2764983112,Nigerian journal of economic and social studies,0029-0092,,,,,606,2097,,,Nigerian Journal of Economic and Social Studies,['2000'],62,Economics and Econometrics,"Economics, Econometrics and Finance",0.6173913043478261,2,0,E
1033,2913545599,Spanish Journal of Finance and Accounting / Revista Española de Financiación y Contabilidad,0210-2412,Spanish Journal of Finance and Accounting,['3502'],,,606,4785,Spanish Journal of Finance and Accounting-Revista Espanola de Financiacion y Contabilidad,"['BUSINESS, FINANCE']",Revista Espanola de Financiacion y Contabilidad,['2000' '1400'],244,Accounting,"Business, Management and Accounting",1.0,2,4,B
1034,2764587561,The Journal of Economic Asymmetries,1703-4949,,,,,606,6700,,,Journal of Economic Asymmetries,['2000'],191,"General Economics, Econometrics and Finance","Economics, Econometrics and Finance",1.0,2,0,E
1035,84210283,International Journal of Human Resources Development and Management,1465-6612,International Journal of Human Resources Development and Management,['3505' '3507'],,,605,4461,,,International Journal of Human Resources Development and Management,['1400'],88,Organizational Behavior and Human Resource Management,"Business, Management and Accounting",0.8626760563380281,0,4,B
1036,2737989190,Revista de Métodos Cuantitativos para la Economía y la Empresa,1886-516X,,,,,605,1014,,,Revista de Metodos Cuantitativos para la Economia y la Empresa,['2000' '1400'],137,Economics and Econometrics,"Economics, Econometrics and Finance",0.7663551401869159,2,1,E
1037,178563901,Society and Business Review,1746-5680,Society and Business Review,['3501' '3507'],,,604,11844,Society and Business Review,['BUSINESS'],Society and Business Review,['1400'],132,Strategy and Management,"Business, Management and Accounting",0.8886138613861386,0,5,B
1038,2764460587,Ikonomičeski izsledvaniâ,0205-3292,,,,,603,624,,,Ikonomicheski Izsledvania,['2000'],66,Strategy and Management,"Business, Management and Accounting",0.8058608058608059,1,1,A
1039,117685085,The World Bank Research Observer,0257-3032,,,World Bank Research Observer,Economics,603,59395,WORLD BANK RESEARCH OBSERVER,['ECONOMICS'],World Bank Research Observer,['2000'],76,Economics and Econometrics,"Economics, Econometrics and Finance",0.40924092409240925,4,0,E
1040,203894561,International Journal of Pharmaceutical and Healthcare Marketing,1750-6123,International Journal of Pharmaceutical and Healthcare Marketing,['3506'],,,602,6734,,,International Journal of Pharmaceutical and Healthcare Marketing,['1400'],124,Pharmacology,"Pharmacology, Toxicology and Pharmaceutics",0.631578947368421,0,2,B
1041,4210172326,Journal of Management and Sustainability,1925-4725,Journal of Management and Sustainability,['3505' '3507'],,,602,4420,,,,,72,Marketing,"Business, Management and Accounting",0.8986784140969163,0,3,B
1042,156003414,Quantitative Economics,1759-7323,Quantitative Economics,['3801' '3802'],Quantitative Economics,Economics,600,13426,Quantitative Economics,['ECONOMICS'],Quantitative Economics,['2000'],111,"General Economics, Econometrics and Finance","Economics, Econometrics and Finance",0.8257142857142857,6,0,E
1043,29581992,Nova Economia,0103-6351,Nova Economia: the journal of the economics department at UFMG,['3801' '3802' '3803'],,,599,3288,,,Nova Economia,['2000'],207,"General Economics, Econometrics and Finance","Economics, Econometrics and Finance",0.897489539748954,5,0,E
1044,4210178198,Economy of Ukraine,2522-9303,Ekonomika Ukrainy,['3801' '3802' '3803'],,,598,1752,,,,,246,"General Economics, Econometrics and Finance","Economics, Econometrics and Finance",0.8107667210440457,4,0,E
1045,4210176701,Logforum,1734-459X,,,,,597,3724,LogForum,['MANAGEMENT'],Logforum,['1400'],64,Management Information Systems,"Business, Management and Accounting",0.6846473029045643,0,3,B
1046,4210176348,Journal of Science and Technology Policy Management,2053-4620,,,,,597,10563,Journal of Science and Technology Policy Management,['MANAGEMENT'],Journal of Science and Technology Policy Management,['1400'],120,Information Systems and Management,Decision Sciences,0.48467966573816157,0,2,B
1047,1027187413,Amfiteatru Economic,1582-9146,,,,,596,5508,Amfiteatru Economic,['ECONOMICS' 'MANAGEMENT' 'BUSINESS'],Amfiteatru Economic,['2000'],61,Marketing,"Business, Management and Accounting",0.8765957446808511,2,2,A
1048,4210188560,Korean Accounting Review,1229-3288,,,,,595,1046,,,Korean Accounting Review,['1400'],206,Accounting,"Business, Management and Accounting",0.8894927536231884,0,2,B
1049,2736834300,Journal of the Geographical Institute Jovan Cvijic SASA,0350-7599,,,,,595,2772,,,Journal of the Geographical Institute Jovan Cvijic SASA,['1400'],171,Economics and Econometrics,"Economics, Econometrics and Finance",0.546448087431694,1,1,A
1050,187998666,Comparative Economic Research Central and Eastern Europe,1508-2008,,,,,594,3164,Comparative Economic Research-Central and Eastern Europe,['ECONOMICS'],Comparative Economic Research,['2000'],75,Economics and Econometrics,"Economics, Econometrics and Finance",0.7699680511182109,3,0,E
1051,2764953858,Journal of Real Estate Portfolio Management,1083-5547,Journal of Real Estate Portfolio Management,['3502' '3504'],,,594,8358,,,Journal of Real Estate Portfolio Management,['2000' '1400'],440,Economics and Econometrics,"Economics, Econometrics and Finance",1.0,2,3,B
1052,2764797014,Journal of Innovation and Entrepreneurship,2192-5372,,,,,594,15818,,,Journal of Innovation and Entrepreneurship,['2000' '1400'],232,Management of Technology and Innovation,"Business, Management and Accounting",1.0,1,2,B
1053,95074589,Review of Accounting and Finance,1475-7702,Review of Accounting and Finance,['3501' '3502'],,,592,9918,Review of Accounting and Finance,"['BUSINESS, FINANCE']",Review of Accounting and Finance,['2000' '1400'],326,Accounting,"Business, Management and Accounting",1.0,2,5,B
1054,4210178298,INTERNATIONAL JOURNAL OF MANAGEMENT,0976-6502,International Journal of Management,['3505' '3507'],,,592,1206,,,International Journal of Management,['2000' '1400'],44,"Management, Monitoring, Policy and Law",Environmental Science,0.5496688741721855,1,3,B
1055,2764835697,Asian Development Review,0116-1105,,,,,590,7840,Asian Development Review,['ECONOMICS'],Asian Development Review,['2000'],131,"General Economics, Econometrics and Finance","Economics, Econometrics and Finance",0.8604118993135011,3,0,E
1056,4210232136,Journal of Current Issues & Research in Advertising,1064-1734,,,,,588,16903,Journal of Current Issues and Research In Advertising,['BUSINESS'],Journal of Current Issues and Research in Advertising,['1400'],341,Marketing,"Business, Management and Accounting",0.4300126103404792,0,3,B
1057,62246846,International Journal of Accounting Auditing and Performance Evaluation,1740-8008,"International Journal of Accounting, Auditing and Performance Evaluation",['3501'],,,588,3920,,,"International Journal of Accounting, Auditing and Performance Evaluation",['2000' '1400'],263,Accounting,"Business, Management and Accounting",1.0,1,3,B
1058,37660120,Human Resource Development Review,1534-4843,Human Resource Development Review,['3505' '3507'],,,587,35443,Human Resource Development Review,['MANAGEMENT'],Human Resource Development Review,['1400'],212,Applied Psychology,Psychology,0.5383211678832117,0,4,B
1059,2737950648,Aestimum,1592-6117,,,,,587,356,Aestimum,['ECONOMICS'],Aestimum,['2000'],285,"Management, Monitoring, Policy and Law",Environmental Science,0.41365461847389556,2,0,E
1060,69024147,South Asia Economic Journal,0973-077X,South Asia Economic Journal,['3801' '3802' '3803'],,,586,4124,,,South Asia Economic Journal,['2000'],198,"General Economics, Econometrics and Finance","Economics, Econometrics and Finance",0.8778947368421053,5,0,E
1061,4210227574,Interdisciplinary Environmental Review,1521-0227,Interdisciplinary Environmental Review,['35'],,,585,1648,,,,,53,Marketing,"Business, Management and Accounting",0.6445783132530121,0,2,B
1062,206364101,Economic Notes,0391-5026,Economic Notes,['3801' '3802' '3803'],,,585,8012,Economic Notes,['ECONOMICS'],Economic Notes,['2000'],153,Finance,"Economics, Econometrics and Finance",1.0,6,0,E
1063,160156518,International Journal of Fashion Design Technology and Education,1754-3266,,,,,585,7728,International Journal of Fashion Design Technology and Education,['BUSINESS'],,,165,Museology,Arts and Humanities,0.4722792607802875,0,1,X
1064,3409213,Service Business,1862-8508,Service Business: an international journal,['3504' '3506' '3507'],,,584,16186,Service Business,['MANAGEMENT' 'BUSINESS'],Service Business,['1400'],224,Organizational Behavior and Human Resource Management,"Business, Management and Accounting",0.6191222570532915,0,6,B
1065,4210240452,REVISTA PROCESOS DE MERCADO,1697-6797,Procesos de Mercado: revista europea de economia politica,['3502' '3801' '3803'],,,584,610,,,,,159,"General Economics, Econometrics and Finance","Economics, Econometrics and Finance",0.7737556561085973,3,1,E
1066,79974643,Journal of Advertising Education,1098-0482,,,,,583,1688,,,Journal of Advertising Education,['1400'],243,Management of Technology and Innovation,"Business, Management and Accounting",1.0,0,2,B
1067,28822639,Computational Management Science,1619-697X,,,,,583,11332,,,Computational Management Science,['1400'],145,Management Science and Operations Research,Decision Sciences,0.4904632152588556,0,1,X
1068,2737582874,Studies in Business and Economics,1842-4120,,,,,583,3639,Studies in Business and Economics,['ECONOMICS'],Studies in Business and Economics,['2000' '1400'],46,Accounting,"Business, Management and Accounting",1.0,2,2,A
1069,4210231290,Financial markets and portfolio management,1934-4554,Financial Markets and Portfolio Management,['3502' '3801'],Financial Markets and Portfolio Management,F&A,581,6006,Financial Markets and Portfolio Management,"['BUSINESS, FINANCE']",Financial Markets and Portfolio Management,['2000' '1400'],243,Finance,"Economics, Econometrics and Finance",1.0,5,3,E
1070,4210239895,Revista de Economia,0556-5782,Revista de Economia,['3801' '3802' '3803'],,,581,945,,,,,193,"General Economics, Econometrics and Finance","Economics, Econometrics and Finance",0.5704545454545454,4,0,E
1071,7161550,Spatial Economic Analysis,1742-1772,,,,,581,12966,Spatial Economic Analysis,['ECONOMICS'],Spatial Economic Analysis,['2000'],295,Economics and Econometrics,"Economics, Econometrics and Finance",1.0,3,0,E
1072,445011,International Journal of Sustainable Economy,1756-5804,,,,,580,2582,,,International Journal of Sustainable Economy,['2000' '1400'],88,Economics and Econometrics,"Economics, Econometrics and Finance",0.8322981366459627,2,1,E
1073,142092826,International Journal of Enterprise Network Management,1748-1252,International Journal of Enterprise Network Management,['3503' '3507'],,,580,1366,,,International Journal of Enterprise Network Management,['1400'],62,Management Information Systems,"Business, Management and Accounting",0.575,0,4,B
1074,141081643,Journal of Innovation Economics & Management,2032-5355,,,,,577,5794,Journal of Innovation Economics & Management,['MANAGEMENT'],Journal of Innovation Economics and Management,['2000' '1400'],114,Strategy and Management,"Business, Management and Accounting",1.0,1,3,B
1075,164338815,EuroMed Journal of Business,1450-2194,EuroMed Journal of Business,['3506' '3507'],,,576,11707,EuroMed Journal of Business,['BUSINESS'],EuroMed Journal of Business,['2000' '1400'],91,Accounting,"Business, Management and Accounting",0.817629179331307,1,5,B
1076,4210171100,Strategic Management,1821-3448,,,,,576,2742,Strategic Management,['MANAGEMENT'],,,45,Strategy and Management,"Business, Management and Accounting",1.0,0,2,B
1077,2898242091,Journal of Business Venturing Insights,2352-6734,Journal of Business Venturing Insights,['3507'],Journal of Business Venturing Insights,Entrep,575,15073,,,Journal of Business Venturing Insights,['1400'],345,Management of Technology and Innovation,"Business, Management and Accounting",1.0,0,4,B
1078,47854491,International Journal of Entrepreneurial Venturing,1742-5360,International Journal of Entrepreneurial Venturing,['3503' '3507'],,,574,5047,International Journal of Entrepreneurial Venturing,['MANAGEMENT'],International Journal of Entrepreneurial Venturing,['1400'],299,Management of Technology and Innovation,"Business, Management and Accounting",1.0,0,5,B
1079,55432613,Journal of East-West Business,1066-9868,Journal of East-West Business,['3505' '3507'],,,574,4250,Journal of East-West Business,['BUSINESS'],Journal of East-West Business,['1400'],173,Strategy and Management,"Business, Management and Accounting",0.8909090909090909,0,5,B
1080,4210218909,Journal of Quantitative Economics,2364-1045,,,,,573,2432,JOURNAL OF QUANTITATIVE ECONOMICS,['ECONOMICS'],Journal of Quantitative Economics,['2000' '1400'],166,"General Economics, Econometrics and Finance","Economics, Econometrics and Finance",1.0,3,1,E
1081,4210234043,Journal of Management Research,1941-899X,Journal of Management Research,['3505' '3507'],,,572,6508,,,,,45,Organizational Behavior and Human Resource Management,"Business, Management and Accounting",0.8095238095238095,0,3,B
1082,119469219,Economic Annals,0013-3264,,,,,571,3288,,,Economic Annals,['2000'],83,Economics and Econometrics,"Economics, Econometrics and Finance",1.0,2,0,E
1083,62905163,Operations Management Research,1936-9735,Operations Management Research,['3507' '3509'],,,570,15266,Operations Management Research,['MANAGEMENT'],Operations Management Research,['1400'],194,Strategy and Management,"Business, Management and Accounting",1.0,0,5,B
1084,42260610,African Journal of Economic and Management Studies,2040-0705,African Journal of Economic and Management Studies,['3507' '3801'],,,570,8712,African Journal of Economic and Management Studies,['ECONOMICS'],African Journal of Economic and Management Studies,['2000' '1400'],98,Economics and Econometrics,"Economics, Econometrics and Finance",0.7651933701657458,4,2,E
1085,103378164,Journal of Euromarketing,1049-6483,Journal of Euromarketing,['3506'],,,569,5032,,,Journal of Euromarketing,['1400'],117,Marketing,"Business, Management and Accounting",0.8715846994535519,0,3,B
1086,59777368,International Journal of Managerial and Financial Accounting,1753-6715,International Journal of Managerial and Financial Accounting,['3501'],,,566,3126,International Journal of Managerial and Financial Accounting,"['BUSINESS, FINANCE']",International Journal of Managerial and Financial Accounting,['1400'],150,Accounting,"Business, Management and Accounting",1.0,1,4,B
1087,2764431486,World Review of Political Economy,2042-891X,,,,,566,1175,World Review of Political Economy,['ECONOMICS'],World Review of Political Economy,['2000'],189,Sociology and Political Science,Social Sciences,0.519916142557652,2,0,E
1088,4210194146,Journal of health economics and outcomes research,2326-697X,,,,,565,1933,Journal of Health Economics and Outcomes Research,['ECONOMICS'],,,80,Economics and Econometrics,"Economics, Econometrics and Finance",0.7485029940119761,2,0,E
1089,2764879640,Global Journal of Flexible Systems Management,0972-2696,Global Journal of Flexible Systems Management,['3505' '3507'],,,565,14892,,,Global Journal of Flexible Systems Management,['1400'],121,Management Information Systems,"Business, Management and Accounting",1.0,0,4,B
1090,64915403,The Quarterly Journal of Austrian Economics,1098-3708,The Quarterly Journal of Austrian Economics,['3801' '3802' '3803'],,,565,5845,,,Quarterly Journal of Austrian Economics,['2000'],206,Economics and Econometrics,"Economics, Econometrics and Finance",0.9149338374291115,5,0,E
1091,97781730,Journal of Professional Services Marketing,0748-4623,,,,,565,4869,,,Journal of Professional Services Marketing,['1400'],132,Organizational Behavior and Human Resource Management,"Business, Management and Accounting",0.8666666666666667,0,2,B
1092,2764655866,Review of Keynesian Economics,2049-5323,Review of Keynesian Economics,['3502' '3801' '3803'],,,563,4951,Review of Keynesian Economics,['ECONOMICS'],Review of Keynesian Economics,['2000'],296,"General Economics, Econometrics and Finance","Economics, Econometrics and Finance",0.8458149779735683,5,1,E
1093,2764873792,African Journal of Business and Economic Research,1750-4554,African Journal of Business and Economic Research,['35' '38'],,,563,1594,,,African Journal of Business and Economic Research,['2000' '1400'],47,Economics and Econometrics,"Economics, Econometrics and Finance",0.7704081632653061,3,2,E
1094,45303301,Critical Perspectives on International Business,1742-2043,Critical Perspectives on International Business,['3505' '3507'],Critical Perspectives on International Business,IB,562,9321,Critical Perspectives on International Business,['BUSINESS'],Critical Perspectives on International Business,['1400'],137,Strategy and Management,"Business, Management and Accounting",0.8689839572192514,0,6,B
1095,160194987,Journal of Industry Competition and Trade,1566-1679,"Journal of Industry, Competition and Trade: from theory to policy",['3801' '3802' '3803'],,,561,9919,Journal of Industry Competition & Trade,['BUSINESS'],"Journal of Industry, Competition and Trade",['2000'],206,Economics and Econometrics,"Economics, Econometrics and Finance",1.0,5,1,E
1096,2764953695,International Review of Management and Business Research,2306-9007,International Review of Management and Business Research,['3505' '3507'],,,561,3485,,,,,68,Accounting,"Business, Management and Accounting",0.8443396226415094,0,3,B
1097,126012839,Applied Mathematical Finance,1350-486X,,,Applied Mathematical Finance,F&A,560,13710,,,Applied Mathematical Finance,['2000'],437,Finance,"Economics, Econometrics and Finance",1.0,3,0,E
1098,2764440250,International Journal of Business and Social Science,2219-1933,International Journal of Business and Social Science,['35'],,,559,6227,,,,,41,Accounting,"Business, Management and Accounting",0.6506849315068494,0,2,B
1099,4306508671,Economic and Financial Review,,Economic and Financial Review,['3801' '3802' '3803'],,,558,2000,,,,,108,Finance,"Economics, Econometrics and Finance",0.8337662337662337,4,0,E
1100,61350954,Journal of Advances in Management Research,0972-7981,Journal of Advances in Management Research,['3507'],,,558,10075,Journal of Advances in Management Research,['MANAGEMENT'],Journal of Advances in Management Research,['1400'],86,Management Information Systems,"Business, Management and Accounting",0.8609022556390977,0,4,B
1101,195233491,Progress in Industrial Ecology An International Journal,1476-8917,,,,,558,3541,,,Progress in Industrial Ecology,['2000'],94,Industrial and Manufacturing Engineering,Engineering,0.44299674267100975,1,0,X
1102,30207186,CESifo Economic Studies,1610-241X,CESifo Economic Studies,['3801' '3802' '3803'],,,557,13233,CESifo Economic Studies,['ECONOMICS'],CESifo Economic Studies,['2000'],124,Economics and Econometrics,"Economics, Econometrics and Finance",0.8483965014577259,6,0,E
1103,89611103,Global economy journal,1553-5304,Global Economy Journal,['3801'],,,557,5163,Global Economy Journal,['ECONOMICS'],Global Economy Journal,['2000'],196,"General Economics, Econometrics and Finance","Economics, Econometrics and Finance",1.0,4,0,E
1104,82515002,"The Journal of social, political, and economic studies",0278-839X,,,,,556,2820,,,"Journal of Social, Political, and Economic Studies",['2000'],25,Finance,"Economics, Econometrics and Finance",0.4117647058823529,2,0,E
1105,19785326,The Marketing Review,1469-347X,The Marketing Review,['3506'],,,556,11523,,,,,80,Sociology and Political Science,Social Sciences,0.7333333333333333,0,1,X
1106,86375777,International Journal of Accounting and Information Management,1758-9037,International Journal of Accounting and Information Management,['3501' '3502'],,,554,12450,International Journal of Accounting and Information Management,['MANAGEMENT'],International Journal of Accounting and Information Management,['1400'],292,Accounting,"Business, Management and Accounting",1.0,0,5,B
1107,4210179092,International Journal for Quality Research,1800-6450,International Journal for Quality Research,['35'],,,554,3378,,,,,72,"Management, Monitoring, Policy and Law",Environmental Science,0.5288461538461539,0,1,X
1108,2736601860,Entrepreneurial Business and Economics Review,2353-8821,Entrepreneurial Business and Economics Review,['3507'],,,554,8507,Entrepreneurial Business and Economics Review,['ECONOMICS'],Entrepreneurial Business and Economics Review,['2000' '1400'],157,Management of Technology and Innovation,"Business, Management and Accounting",1.0,2,3,B
1109,77392188,Journal of Marketing Channels,1046-669X,Journal of Inter-Organizational Relationships,['3506'],,,552,6610,Journal of Inter-Organizational Relationships,['BUSINESS'],Journal of Marketing Channels,['1400'],132,Organizational Behavior and Human Resource Management,"Business, Management and Accounting",1.0,0,4,B
1110,2764399863,Advances In Management,0974-2611,Advances in Management,['3507'],,,552,1798,,,,,34,Organizational Behavior and Human Resource Management,"Business, Management and Accounting",0.8270676691729323,0,2,B
1111,4210188630,Accounting Perspectives,1911-382X,Accounting Perspectives,['3501'],,,552,3526,Accounting Perspectives,"['BUSINESS, FINANCE']",Accounting Perspectives,['2000' '1400'],162,Accounting,"Business, Management and Accounting",1.0,2,4,B
1112,2764714755,Research in World Economy,1923-3981,,,,,552,2633,,,Research in World Economy,['2000' '1400'],75,Economics and Econometrics,"Economics, Econometrics and Finance",1.0,2,1,E
1113,992988095,Ekonomický časopis,0013-3035,Ekonomicky Casopis,['3801' '3802' '3803'],,,552,1147,EKONOMICKY CASOPIS,['ECONOMICS'],Ekonomicky Casopis,['2000'],94,Political Science and International Relations,Social Sciences,0.4525993883792049,5,0,E
1114,2738677470,Oeconomia Copernicana,2083-1277,,,,,550,8403,Oeconomia Copernicana,['ECONOMICS'],Oeconomia Copernicana,['2000' '1400'],63,Economics and Econometrics,"Economics, Econometrics and Finance",1.0,3,1,E
1115,4210226909,Acta Commercii,1684-1999,Acta Commercii,['3505' '3507'],,,548,4945,,,Acta Commercii,['1400'],67,Management of Technology and Innovation,"Business, Management and Accounting",1.0,0,4,B
1116,45224653,Journal of Research in Interactive Marketing,2040-7122,Journal of Research in Interactive Marketing,['3506' '3507'],,,547,25122,Journal of Research in Interactive Marketing,['BUSINESS'],Direct Marketing,['1400'],395,Sociology and Political Science,Social Sciences,0.45164506480558325,0,4,B
1117,180332110,Review of Law & Economics,1555-5879,Review of Law and Economics,['3801' '3803'],,,547,4087,,,Review of Law and Economics,['2000'],248,Economics and Econometrics,"Economics, Econometrics and Finance",0.7992047713717694,4,0,E
1118,14764538,Journal of strategy and management,1755-425X,Journal of Strategy and Management,['3505' '3507'],,,546,11741,Journal of Strategy and Management,['MANAGEMENT'],Journal of Strategy and Management,['1400'],207,Strategy and Management,"Business, Management and Accounting",1.0,0,5,B
1119,4306515389,Journal of Business & Retail Management Research,1751-8202,The Journal of Business and Retail Management Research,['3507'],,,544,3843,,,Journal of Business and Retail Management Research,['1400'],103,Marketing,"Business, Management and Accounting",0.7016574585635359,0,3,B
1120,137166528,International Journal of Knowledge Management Studies,1743-8268,,,,,544,2303,International Journal of Knowledge Management Studies,['MANAGEMENT'],International Journal of Knowledge Management Studies,['1400'],165,Communication,Social Sciences,0.41379310344827586,0,2,B
1121,2764853111,Journal of Economic and Financial Sciences,1995-7076,Journal of Economic and Financial Sciences,['35' '38'],,,543,2689,,,Journal of Economic and Financial Sciences,['2000'],84,Strategy and Management,"Business, Management and Accounting",0.8424908424908425,2,2,A
1122,10914567,International Journal of Work Organisation and Emotion,1740-8938,International Journal of Work Organisation and Emotion,['3505' '3507'],,,543,2454,,,International Journal of Work Organisation and Emotion,['1400'],109,Organizational Behavior and Human Resource Management,"Business, Management and Accounting",0.40512820512820513,0,4,B
1123,4210176665,Production Engineering Archives,2353-5156,,,,,543,3765,,,Production Engineering Archives,['1400'],83,Strategy and Management,"Business, Management and Accounting",0.695852534562212,0,2,B
1124,2765013869,Journal of Family Business Management,2043-6238,Journal of Family Business Management,['3505' '3507'],,,542,9356,Journal of Family Business Management,['MANAGEMENT'],Journal of Family Business Management,['2000' '1400'],506,Organizational Behavior and Human Resource Management,"Business, Management and Accounting",0.9430431244914564,1,5,B
1125,71487352,BAR - Brazilian Administration Review,1807-7692,,,,,542,7435,Brazilian Administration Review,['MANAGEMENT' 'BUSINESS'],BAR - Brazilian Administration Review,['1400'],79,Strategy and Management,"Business, Management and Accounting",1.0,0,3,B
1126,4306506326,CIRIEC-España revista de economía pública social y cooperativa,0213-8093,,,,,541,3202,CIRIEC-Espana Revista de Economia Publica Social y Cooperativa,['ECONOMICS'],"CIRIEC-Espana Revista de Economia Publica, Social y Cooperativa",['2000'],176,Strategy and Management,"Business, Management and Accounting",0.5317647058823529,2,1,E
1127,170367418,International Journal of Pluralism and Economics Education,1757-5648,International Journal of Pluralism and Economics Education,['3801'],,,541,1029,,,International Journal of Pluralism and Economics Education,['2000'],177,Economics and Econometrics,"Economics, Econometrics and Finance",0.5972495088408645,3,0,E
1128,4210220067,Revista Mexicana de Economía y Finanzas,2448-6795,,,,,539,1117,,,Revista Mexicana de Economia y Finanzas Nueva Epoca,['2000'],98,"General Economics, Econometrics and Finance","Economics, Econometrics and Finance",1.0,2,0,E
1129,22585208,Advances in consumer research,0098-9258,Advances in Consumer Research,['3506'],,,539,3873,,,Advances in Consumer Research,['2000' '1400'],97,Marketing,"Business, Management and Accounting",0.6995708154506438,1,3,B
1130,2765030839,Journal of Economic and Social Measurement,0747-9662,Journal of Economic and Social Measurement,['3802'],,,538,6773,,,,,59,"General Economics, Econometrics and Finance","Economics, Econometrics and Finance",0.4251968503937008,2,0,E
1131,2764806892,Journal of Philippine development,0115-9143,Philippine Journal of Development,['3801'],,,538,547,,,,,85,"General Economics, Econometrics and Finance","Economics, Econometrics and Finance",0.695852534562212,2,0,E
1132,2735010472,Journal of the Association for Consumer Research,2378-1815,Journal of The Association For Consumer Research,['3506'],,,538,7305,Journal of the Association for Consumer Research,['BUSINESS'],Journal of the Association for Consumer Research,['2000' '1400'],174,Marketing,"Business, Management and Accounting",0.5643564356435643,1,4,B
1133,116778711,Asian Journal of Technology Innovation,1976-1597,Asian Journal of Technology Innovation,['3503' '3507'],,,537,6926,Asian Journal of Technology Innovation,['ECONOMICS' 'BUSINESS'],Asian Journal of Technology Innovation,['2000' '1400'],201,Strategy and Management,"Business, Management and Accounting",1.0,2,5,B
1134,102611516,International Journal of Electronic Finance,1746-0069,International Journal of Electronic Finance,['3502'],,,537,2554,,,International Journal of Electronic Finance,['2000' '1400'],117,Information Systems and Management,Decision Sciences,0.5401662049861495,1,2,B
1135,4210171086,The Journal of Risk,1465-1211,,,,,537,16863,Journal of Risk,"['BUSINESS, FINANCE']",Journal of Risk,['2000' '1400'],135,Finance,"Economics, Econometrics and Finance",0.8053097345132744,3,2,E
1136,1086168,International Journal of Critical Accounting,1757-9848,International Journal of Critical Accounting,['3501'],,,537,1172,,,,,111,Accounting,"Business, Management and Accounting",1.0,0,2,B
1137,4210186250,Journal of Competitiveness,1804-171X,,,,,536,13472,Journal of Competitiveness,['ECONOMICS' 'MANAGEMENT' 'BUSINESS'],Journal of Competitiveness,['2000' '1400'],62,Strategy and Management,"Business, Management and Accounting",0.5970149253731343,2,3,B
1138,196955526,Journal of Asia-Pacific Business,1059-9231,Journal of Asia Pacific Business,['3506' '3507'],,,535,4470,,,Journal of Asia-Pacific Business,['1400'],80,"General Economics, Econometrics and Finance","Economics, Econometrics and Finance",1.0,1,3,B
1139,109960688,Journal of Human Resources in Hospitality & Tourism,1533-2845,Journal of Human Resources in Hospitality & Tourism,['3505' '3507' '3508'],,,535,10939,,,Journal of Human Resources in Hospitality and Tourism,['1400'],250,Organizational Behavior and Human Resource Management,"Business, Management and Accounting",0.779969650986343,0,5,B
1140,43391031,International Journal of Business Environment,1740-0589,International Journal of Business Environment,['3503' '3505' '3507'],,,534,2305,International Journal of Business Environment,['BUSINESS'],International Journal of Business Environment,['1400'],77,Strategy and Management,"Business, Management and Accounting",0.8250950570342205,0,6,B
1141,2764807039,Service Science,2164-3962,,,,,534,8139,Service Science,['MANAGEMENT' 'BUSINESS'],Service Science,['1400'],196,Marketing,"Business, Management and Accounting",0.9009009009009009,0,3,B
1142,4210198543,Journal of Agribusiness in Developing and Emerging Economies,2044-0839,,,,,534,7548,Journal of Agribusiness in Developing and Emerging Economies,['ECONOMICS'],Journal of Agribusiness in Developing and Emerging Economies,['2000'],171,General Agricultural and Biological Sciences,Agricultural and Biological Sciences,0.5193798449612403,2,0,E
1143,2764536234,Regional Studies Regional Science,2168-1376,,,,,534,7606,,,"Regional Studies, Regional Science",['2000'],108,Political Science and International Relations,Social Sciences,0.44610778443113774,1,0,X
1144,149050951,Journal of Chinese Economic and Business Studies,1476-5284,Journal of Chinese Economics and Business Studies,['3502' '3801'],,,534,7782,Journal of Chinese Economic and Business Studies,['ECONOMICS'],Journal of Chinese Economic and Business Studies,['2000'],110,"General Economics, Econometrics and Finance","Economics, Econometrics and Finance",1.0,4,1,E
1145,4210208616,Innovative Marketing,1814-2427,Innovative Marketing,['3506'],,,533,3410,Innovative Marketing,['BUSINESS'],Innovative Marketing,['1400'],222,Sociology and Political Science,Social Sciences,0.5203938115330521,0,3,B
1146,2764487005,Social and economic studies,0037-7651,,,,,531,1190,,,Social and Economic Studies,['2000'],73,Cultural Studies,Social Sciences,0.40225563909774437,1,0,X
1147,164447516,International Journal of Asian Business and Information Management,1947-9638,International Journal of Asian Business and Information Management,['3506' '3507'],,,531,2186,International Journal of Asian Business and Information Management,['BUSINESS'],International Journal of Asian Business and Information Management,['1400'],66,Information Systems and Management,Decision Sciences,0.4779116465863454,0,4,B
1148,4306516105,Journal of Taxation and Accounting,1738-3323,Journal of Taxation and Accounting,['3501'],,,530,232,,,,,135,Accounting,"Business, Management and Accounting",0.8505434782608695,0,2,B
1149,187179583,International Journal of Wine Business Research,1751-1062,International Journal of Wine Business Research,['3506' '3507' '3508'],,,530,11814,,,International Journal of Wine Business Research,['1400'],458,"Tourism, Leisure and Hospitality Management","Business, Management and Accounting",0.5559006211180124,0,5,B
1150,4210206470,Journal of Sustainable Finance & Investment,2043-0795,Journal of Sustainable Finance and Investment,['3502'],,,530,18020,Journal of Sustainable Finance & Investment,"['BUSINESS, FINANCE']",Journal of Sustainable Finance and Investment,['2000' '1400'],140,Strategy and Management,"Business, Management and Accounting",1.0,2,4,B
1151,181870614,Journal of Financial Economic Policy,1757-6385,,,,,530,7108,Journal of Financial Economic Policy,['ECONOMICS'],Journal of Financial Economic Policy,['2000'],190,Finance,"Economics, Econometrics and Finance",1.0,3,0,E
1152,98234996,Accounting Research Journal,1030-9616,Accounting Research Journal,['3501' '3502'],Accounting Research Journal,F&A,529,8630,Accounting Research Journal,"['BUSINESS, FINANCE']",Accounting Research Journal,['2000' '1400'],256,Accounting,"Business, Management and Accounting",1.0,3,5,B
1153,100820205,International Journal of Commerce and Management,1056-9219,Review of International Business and Strategy,['3505' '3507'],,,529,10916,Review of International Business and Strategy,['BUSINESS'],International Journal of Commerce and Management,['1400'],82,Accounting,"Business, Management and Accounting",1.0,0,5,B
1154,44544138,Journal of Income Distribution,0926-6437,"Journal of Income Distribution: an international journal, New Series",['3803'],,,528,2833,,,Journal of Income Distribution,['2000'],196,Sociology and Political Science,Social Sciences,0.6294896030245747,2,0,E
1155,88920680,Intangible Capital,1697-9818,,,,,527,5773,Intangible Capital,['MANAGEMENT'],Intangible Capital,['1400'],60,Strategy and Management,"Business, Management and Accounting",1.0,0,3,B
1156,4210221200,J for International Business and Entrepreneurship Development,1549-9324,,,,,526,2057,Journal for International Business and Entrepreneurship Development,['BUSINESS'],Journal for International Business and Entrepreneurship Development,['1400'],101,Management of Technology and Innovation,"Business, Management and Accounting",0.8611111111111112,0,3,B
1157,4210216073,Agricultural and Resource Economics International Scientific E-Journal,2414-584X,,,,,526,2341,Agricultural and Resource Economics-International Scientific E-Journal,['ECONOMICS'],Agricultural and Resource Economics,['1400'],188,Economics and Econometrics,"Economics, Econometrics and Finance",0.5596153846153846,2,1,E
1158,2735550652,Journal of the Association of Environmental and Resource Economists,2333-5955,Journal of the Association of Environmental and Resource Economists,['3801'],Journal of the Association of Environmental and Resource,Economics,525,14475,Journal of the Association of Environmental and Resource Economists,['ECONOMICS'],Journal of the Association of Environmental and Resource Economists,['2000'],170,Economics and Econometrics,"Economics, Econometrics and Finance",0.7422680412371134,5,0,E
1159,2738906280,Investigaciones Europeas de Dirección y Economía de la Empresa,1135-2523,,,,,524,3503,,,Investigaciones Europeas de Direccion y Economia de la Empresa,['2000' '1400'],129,Organizational Behavior and Human Resource Management,"Business, Management and Accounting",1.0,1,2,B
1160,22354156,Humanomics,0828-8666,,,,,523,7402,,,Humanomics,['2000'],186,Accounting,"Business, Management and Accounting",0.8972972972972973,1,1,A
1161,4210205371,Journal of Eastern European and Central Asian Research (JEECAR),2328-8272,,,,,522,2947,,,Journal of Eastern European and Central Asian Research,['2000' '1400'],42,Sociology and Political Science,Social Sciences,0.5220125786163522,1,1,A
1162,4210216222,Journal of Entrepreneurship in Emerging Economies,2053-4604,Journal of Entrepreneurship in Emerging Economies,['3505' '3507'],,,520,11113,Journal of Entrepreneurship in Emerging Economies,['BUSINESS'],Journal of Entrepreneurship in Emerging Economies,['1400'],355,Management of Technology and Innovation,"Business, Management and Accounting",1.0,0,5,B
1163,166595748,International Review of Economics,1863-4613,International Review of Economics,['3801' '3802' '3803'],,,518,4969,,,International Review of Economics,['2000'],62,Safety Research,Social Sciences,0.5862068965517241,4,0,E
1164,4306515379,Journal of brand strategy,2045-855X,,,,,517,1579,,,Journal of Brand Strategy,['1400'],101,Sociology and Political Science,Social Sciences,0.555956678700361,0,1,X
1165,98232940,International Review on Public and Nonprofit Marketing,1865-1984,International Review on Public and Non Profit Marketing,['3506' '3507'],,,517,7007,International Review on Public and Nonprofit Marketing,['BUSINESS'],International Review on Public and Nonprofit Marketing,['2000' '1400'],117,Marketing,"Business, Management and Accounting",0.608786610878661,1,5,B
1166,4210189729,DLSU Business & Economics Review,0116-7111,,,,,516,947,,,DLSU Business and Economics Review,['2000' '1400'],36,Finance,"Economics, Econometrics and Finance",1.0,2,1,E
1167,4210238195,Jurnal Ekonomi Malaysia,0127-1962,,,,,515,2100,,,Jurnal Ekonomi Malaysia,['2000'],144,Accounting,"Business, Management and Accounting",0.8958333333333334,1,1,A
1168,118119388,Journal of Family Business Strategy,1877-8585,Journal of Family Business Strategy,['3505' '3507'],,,514,26757,Journal of Family Business Strategy,['MANAGEMENT' 'BUSINESS'],Journal of Family Business Strategy,['2000' '1400'],439,Organizational Behavior and Human Resource Management,"Business, Management and Accounting",0.9651695692025665,1,5,B
1169,137885350,International Journal of Intelligent Enterprise,1745-3232,,,,,514,1300,,,International Journal of Intelligent Enterprise,['1400'],38,Management Information Systems,"Business, Management and Accounting",0.696078431372549,0,2,B
1170,127536956,Journal of International Accounting Research,1542-6297,Journal of International Accounting Research,['3501'],Journal of International Accounting Research,F&A,511,8796,Journal of International Accounting Research,"['BUSINESS, FINANCE']",Journal of International Accounting Research,['1400'],283,Accounting,"Business, Management and Accounting",1.0,2,4,B
1171,60036207,The Journal of Credit Risk,1744-6619,Journal of Credit Risk,['3501' '3502'],,,511,3401,Journal of Credit Risk,"['BUSINESS, FINANCE']",Journal of Credit Risk,['2000'],321,Finance,"Economics, Econometrics and Finance",1.0,3,3,A
1172,68817889,Social enterprise journal,1750-8533,,,,,510,13599,Social Enterprise Journal,['BUSINESS'],Social Enterprise Journal,['2000' '1400'],274,Management of Technology and Innovation,"Business, Management and Accounting",0.9007936507936508,1,3,B
1173,59505519,Journal des Économistes et des Études Humaines,2153-1552,,,,,510,3914,,,Journal des Economistes et des Etudes Humaines,['2000'],90,Economics and Econometrics,"Economics, Econometrics and Finance",0.5569620253164557,2,0,E
1174,32948690,Qualitative Research in Financial Markets,1755-4179,Qualitative Research in Financial Markets,['3502'],,,510,8499,Qualitative Research in financial Markets,"['BUSINESS, FINANCE']",Qualitative Research in Financial Markets,['2000' '1400'],139,Accounting,"Business, Management and Accounting",1.0,2,4,B
1175,171954068,European Competition Journal,1744-1056,,,,,510,3067,,,European Competition Journal,['2000'],257,Economics and Econometrics,"Economics, Econometrics and Finance",0.5920826161790017,2,0,E
1176,199699369,International Journal of Applied Management Science,1755-8913,International Journal of Applied Management Science,['3507' '3509'],,,509,1674,International Journal of Applied Management Science,['MANAGEMENT'],International Journal of Applied Management Science,['1400'],56,Management Information Systems,"Business, Management and Accounting",0.6774193548387096,0,5,B
1177,2764929533,South Asian Journal of Management,0971-5428,South Asian Journal of Management,['3505' '3507'],,,509,4664,,,,,50,Economics and Econometrics,"Economics, Econometrics and Finance",1.0,1,2,B
1178,27614628,Academy of Management Annals,1941-6067,The Academy of Management Annals,['3507'],Academy of Management Annals,Gen & Strat,506,115926,Academy of Management Annals,['MANAGEMENT' 'BUSINESS'],Academy of Management Annals,['1400'],167,Organizational Behavior and Human Resource Management,"Business, Management and Accounting",0.9065817409766455,0,5,B
1179,2764706523,International Journal of Systems Science Operations & Logistics,2330-2674,,,,,505,6751,,,International Journal of Systems Science: Operations and Logistics,['1400'],215,Management Information Systems,"Business, Management and Accounting",0.686084142394822,0,2,B
1180,2764773172,International Journal of Engineering Business Management,1847-9790,,,,,504,11471,International Journal of Engineering Business Management,['BUSINESS'],International Journal of Engineering Business Management,['1400'],59,Management Information Systems,"Business, Management and Accounting",0.8360655737704918,0,3,B
1181,4210182956,Journal of Marketing Analytics,2050-3318,Journal of Marketing Analytics,['3506'],,,504,7661,Journal of Marketing Analytics,['BUSINESS'],Journal of Marketing Analytics,['2000' '1400'],184,Sociology and Political Science,Social Sciences,0.7032258064516129,1,3,B
1182,4306524859,Psihologia Resurselor Umane,1583-7327,,,,,504,696,,,Psihologia Resurselor Umane,['1400'],75,Organizational Behavior and Human Resource Management,"Business, Management and Accounting",0.5033557046979866,0,2,B
1183,2764495062,Management Systems in Production Engineering,2299-0461,,,,,504,3178,,,Management Systems in Production Engineering,['1400'],59,Strategy and Management,"Business, Management and Accounting",0.7052631578947368,0,2,B
1184,2898363556,Econometrics and Statistics,2452-3062,,,,,504,3401,Econometrics and Statistics,['ECONOMICS'],Econometrics and Statistics,['2000'],168,Finance,"Economics, Econometrics and Finance",0.5668896321070234,3,0,E
1185,2764850994,Journal of managerial issues,1045-3695,Journal of Managerial Issues,['3505' '3507'],,,502,20239,,,Journal of Managerial Issues,['1400'],91,Organizational Behavior and Human Resource Management,"Business, Management and Accounting",0.8801261829652997,0,4,B
1186,2737431740,Econometrics,2225-1146,Econometrics,['3802'],,,502,5903,Econometrics,['ECONOMICS'],Econometrics,['2000'],159,"General Economics, Econometrics and Finance","Economics, Econometrics and Finance",0.8447653429602888,4,0,E
1187,2764480295,Journal of Academy of Business and Economics,1542-8710,Journal of the Academy of Business and Economics,['35' '38'],,,501,275,,,,,31,Accounting,"Business, Management and Accounting",1.0,1,2,B
1188,8424357,International Journal of Intellectual Property Management,1478-9647,,,,,501,1176,,,International Journal of Intellectual Property Management,['1400'],145,Management of Technology and Innovation,"Business, Management and Accounting",1.0,0,2,B
1189,2764482395,Journal of business & entrepreneurship,1042-6337,Journal of Business and Entrepreneurship,['3507'],,,501,2804,,,Journal of Business and Entrepreneurship,['1400'],182,Management of Technology and Innovation,"Business, Management and Accounting",0.8792569659442725,0,3,B
1190,39811122,Financial Markets Institutions and Instruments,0963-8008,"Financial Markets, Institutions and Instruments",['3502'],"Financial Markets, Institutions and Instruments",F&A,500,9534,,,"Financial Markets, Institutions and Instruments",['2000'],167,Finance,"Economics, Econometrics and Finance",1.0,3,1,E
1191,82530445,Romanian Journal of Economic Forecasting,1582-6163,,,,,500,2648,Romanian Journal of Economic Forecasting,['ECONOMICS'],Romanian Journal of Economic Forecasting,['2000'],117,"General Economics, Econometrics and Finance","Economics, Econometrics and Finance",1.0,3,0,E
1192,2764794650,Journal of International Logistics and Trade,1738-2122,Journal of International Logistics and Trade,['3509' '3801'],,,500,1870,,,Journal of International Logistics and Trade,['2000' '1400'],140,"General Economics, Econometrics and Finance","Economics, Econometrics and Finance",0.5662100456621004,3,2,E
1193,4210187585,Small Enterprise Research,1175-0979,Small Enterprise Research,['3506' '3507'],,,499,5485,Small Enterprise Research,['BUSINESS'],Small Enterprise Research,['2000' '1400'],224,Management of Technology and Innovation,"Business, Management and Accounting",1.0,1,5,B
1194,87816754,International Journal of Business Continuity and Risk Management,1758-2164,International Journal of Business Continuity and Risk Management,['3503' '3507'],,,497,1154,,,International Journal of Business Continuity and Risk Management,['1400'],77,Strategy and Management,"Business, Management and Accounting",0.8716814159292036,0,4,B
1195,2765008422,Global Strategy Journal,2042-5791,Global Strategy Journal,['35'],Global Strategy Journal,Gen & Strat,495,20996,Global Strategy Journal,['MANAGEMENT' 'BUSINESS'],Global Strategy Journal,['1400'],260,Strategy and Management,"Business, Management and Accounting",1.0,0,5,B
1196,60441335,Folia Oeconomica Stetinensia,1730-4237,,,,,494,1616,,,Folia Oeconomica Stetinensia,['2000' '1400'],64,Economics and Econometrics,"Economics, Econometrics and Finance",1.0,2,1,E
1197,137360237,Contributions to Political Economy,0277-5921,Contributions to Political Economy,['3502' '3801'],,,493,5522,,,Contributions to Political Economy,['2000'],158,"General Economics, Econometrics and Finance","Economics, Econometrics and Finance",0.7210626185958254,3,1,E
1198,2764719117,Journal of Reviews on Global Economics,1929-7092,,,,,492,3187,,,Journal of Reviews on Global Economics,['2000'],45,Development,Social Sciences,0.7513812154696132,1,0,X
1199,2764900618,Brazilian Journal of Operations & Production Management,1679-8171,,,,,492,3516,,,Brazilian Journal of Operations and Production Management,['1400'],91,Management Information Systems,"Business, Management and Accounting",0.75,0,2,B
1200,199127151,Qualitative Research in Organizations and Management An International Journal,1746-5648,Qualitative Research in Organizations and Management,['3505' '3507'],,,491,18650,Qualitative Research in Organizations and Management,['MANAGEMENT'],Qualitative Research in Organizations and Management,['2000' '1400'],224,Organizational Behavior and Human Resource Management,"Business, Management and Accounting",0.631578947368421,1,5,B
1201,4210203985,ECONOMIA AGRO-ALIMENTARE,1126-1668,,,,,491,1486,,,Economia Agro-Alimentare,['2000' '1400'],135,Plant Science,Agricultural and Biological Sciences,0.5703517587939698,1,1,A
1202,2764750966,Keio economic studies,0022-9709,Keio Economic Studies,['3801' '3802' '3803'],,,491,1387,,,,,39,Economics and Econometrics,"Economics, Econometrics and Finance",1.0,4,0,E
1203,2764690196,Journal of Choice Modelling,1755-5345,,,,,489,11511,Journal of Choice Modelling,['ECONOMICS'],,,333,Economics and Econometrics,"Economics, Econometrics and Finance",0.5781865965834428,2,0,E
1204,2765043386,Systèmes d information & management,1260-4984,,,,,489,1899,,,Systemes d'Information et Management,['1400'],93,Strategy and Management,"Business, Management and Accounting",0.4928571428571429,0,2,B
1205,76239586,Qualitative Research in Accounting & Management,1176-6093,Qualitative Research in Accounting and Management,['3501'],Qualitative Research in Accounting and Management,F&A,488,13470,Qualitative Research in Accounting and Management,"['MANAGEMENT' 'BUSINESS, FINANCE']",Qualitative Research in Accounting and Management,['1400'],298,Management Information Systems,"Business, Management and Accounting",0.8962536023054755,2,4,B
1206,103309803,International Journal of Quality and Service Sciences,1756-669X,International Journal of Quality and Service Sciences,['3507'],,,488,12727,International Journal of Quality and Service Sciences,['MANAGEMENT'],International Journal of Quality and Service Sciences,['1400'],220,Organizational Behavior and Human Resource Management,"Business, Management and Accounting",1.0,0,4,B
1207,116843975,Journal of Emerging Technologies in Accounting,1554-1908,Journal of Emerging Technologies in Accounting,['3501'],,,487,9082,Journal of Emerging Technologies in Accounting,"['BUSINESS, FINANCE']",Journal of Emerging Technologies in Accounting,['1400'],116,Accounting,"Business, Management and Accounting",0.8689458689458689,1,4,B
1208,4210227841,International Journal of Organizational Leadership,2345-6744,,,,,487,3985,International Journal of Organizational Leadership,['MANAGEMENT'],,,101,Organizational Behavior and Human Resource Management,"Business, Management and Accounting",0.7472118959107806,0,2,B
1209,4210183210,Revue de l’Entrepreneuriat,1630-7542,,,,,486,3496,,,Revue de l'Entrepreneuriat,['1400'],309,Management of Technology and Innovation,"Business, Management and Accounting",0.9138187221396731,0,2,B
1210,2764399430,Journal of Responsible Innovation,2329-9037,,,,,485,10818,Journal of Responsible Innovation,['MANAGEMENT'],Journal of Responsible Innovation,['1400'],101,Global and Planetary Change,Environmental Science,0.5949008498583569,0,2,B
1211,59995812,International Journal of Enterprise Information Systems,1548-1115,,,,,485,4808,,,International Journal of Enterprise Information Systems,['1400'],150,Management Information Systems,"Business, Management and Accounting",0.6297872340425532,0,2,B
1212,4210171712,Management,1429-9321,,,,,484,2647,Management-Poland,['MANAGEMENT'],,,122,Strategy and Management,"Business, Management and Accounting",1.0,0,2,B
1213,2764830693,Environmental Economics,1998-6041,Environmental Economics,['3801' '3802' '3803'],,,483,2246,Environmental Economics,['ECONOMICS'],Environmental Economics,['2000'],83,Economics and Econometrics,"Economics, Econometrics and Finance",0.6818181818181818,6,0,E
1214,4210241083,Innovative technologies and scientific solutions for industries,2522-9818,,,,,482,1077,,,Innovative Technologies and Scientific Solutions for Industries,['1400'],107,"Management, Monitoring, Policy and Law",Environmental Science,0.5995260663507109,0,1,X
1215,196034224,MIT Sloan management review,1532-8937,MIT Sloan Management Review: MIT's journal of management research and ideas,['3506' '3507'],MIT Sloan Management Review,Gen & Strat,481,35727,MIT SLOAN MANAGEMENT REVIEW,['MANAGEMENT' 'BUSINESS'],MIT Sloan Management Review,['1400'],50,Strategy and Management,"Business, Management and Accounting",0.8895027624309392,0,6,B
1216,4210202595,International Journal of Financial Engineering,2424-7863,,,,,480,1746,International Journal of Financial Engineering,"['BUSINESS, FINANCE']",,,162,Finance,"Economics, Econometrics and Finance",1.0,2,1,E
1217,140842003,Review of Environmental Economics and Policy,1750-6816,Review of Environmental Economics and Policy,['3502' '3801'],,,479,30915,Review of Environmental Economics and Policy,['ECONOMICS'],Review of Environmental Economics and Policy,['2000'],208,Economics and Econometrics,"Economics, Econometrics and Finance",0.7184466019417476,4,1,E
1218,112489639,International Journal of Computational Economics and Econometrics,1757-1170,International Journal of Computational Economics and Econometrics,['3801' '3802' '3803'],,,477,1302,International Journal of Computational Economics and Econometrics,['ECONOMICS'],International Journal of Computational Economics and Econometrics,['2000'],69,"General Economics, Econometrics and Finance","Economics, Econometrics and Finance",1.0,6,0,E
1219,38196630,Asia-Pacific Journal of Business Administration,1757-4323,Asia-Pacific Journal of Business Administration,['3505' '3507'],,,477,9297,Asia-Pacific Journal of Business Administration,['BUSINESS'],Asia-Pacific Journal of Business Administration,['1400'],115,Organizational Behavior and Human Resource Management,"Business, Management and Accounting",0.835820895522388,0,5,B
1220,4210219680,Restaurant Business,0097-8043,,,,,477,310,,,Restaurant Business,['1400'],27,Accounting,"Business, Management and Accounting",0.6134453781512605,0,2,B
1221,107261186,Journal of Historical Research in Marketing,1755-750X,Journal of Historical Research in Marketing,['3506'],,,477,3488,Journal of Historical Research in Marketing,['BUSINESS'],Journal of Historical Research in Marketing,['1400'],125,Marketing,"Business, Management and Accounting",0.8188405797101449,0,4,B
1222,62270215,International Journal of Information Systems and Supply Chain Management,1935-5726,,,,,477,2881,International Journal of Information Systems and Supply Chain Management,['MANAGEMENT'],International Journal of Information Systems and Supply Chain Management,['1400'],121,Management Information Systems,"Business, Management and Accounting",1.0,0,3,B
1223,4210195359,Economía,1529-7470,,,,,477,8678,Economia-Journal of the Latin American and Caribbean Economic Association,['ECONOMICS'],Economia,['2000' '1400'],97,"General Economics, Econometrics and Finance","Economics, Econometrics and Finance",0.8545454545454545,3,1,E
1224,4210214382,Erasmus Journal for Philosophy and Economics,1876-9098,Erasmus Journal for Philosophy and Economics,['3803'],,,476,1559,,,Erasmus Journal for Philosophy and Economics,['2000'],198,Economics and Econometrics,"Economics, Econometrics and Finance",0.6795865633074936,3,0,E
1225,2764802715,Competition and Regulation in Network Industries,1783-5917,,,,,475,2842,,,Competition and Regulation in Network Industries,['1400'],130,Media Technology,Engineering,0.6782178217821783,0,1,X
1226,2764594977,European Journal of Management,1555-4015,European Journal of Management,['3507'],,,474,639,,,,,32,"Management, Monitoring, Policy and Law",Environmental Science,0.7419354838709677,0,1,X
1227,2764889080,Evolutionary and Institutional Economics Review,1349-4961,,,,,474,3149,Evolutionary and Institutional Economics Review,['ECONOMICS'],,,106,Economics and Econometrics,"Economics, Econometrics and Finance",0.8508158508158508,2,0,E
1228,4210170797,系统科学与信息学报(英文),1478-9906,,,,,472,1426,,,Journal of Systems Science and Information,['2000'],37,Economics and Econometrics,"Economics, Econometrics and Finance",0.85,2,0,E
1229,2737238315,East Asian Economic Review,2508-1640,,,,,472,1394,East Asian Economic Review,['ECONOMICS'],,,147,"General Economics, Econometrics and Finance","Economics, Econometrics and Finance",1.0,2,0,E
1230,4210200126,Gestion 2000,0773-0543,,,,,471,1499,,,Gestion 2000,['1400'],71,Strategy and Management,"Business, Management and Accounting",0.7728813559322034,0,2,B
1231,2764580720,Journal of Global Scholars of Marketing Science,2163-9159,Journal of Global Scholars of Marketing Science: Bridging Asia and the World,['3506' '3507'],,,469,5848,Journal of Global Scholars of Marketing Science,['BUSINESS'],Journal of Global Scholars of Marketing Science: Bridging Asia and the World,['1400'],194,Marketing,"Business, Management and Accounting",0.6459731543624161,0,5,B
1232,4210191595,Mercados y Negocios,1665-7039,,,,,469,488,,,Mercados y Negocios,['1400'],130,Economics and Econometrics,"Economics, Econometrics and Finance",0.8366197183098592,1,1,A
1233,145054062,International Journal of Knowledge-Based Development,2040-4468,,,,,468,2713,,,International Journal of Knowledge-Based Development,['1400'],55,Political Science and International Relations,Social Sciences,0.5240384615384616,0,1,X
1234,4210237825,International Journal of Ethics and Systems,2514-9369,,,,,468,5826,International Journal of Ethics and Systems,['ECONOMICS'],International Journal of Ethics and Systems,['2000'],130,Accounting,"Business, Management and Accounting",0.7766749379652605,2,1,E
1235,53993439,American Law and Economics Review,1465-7252,,,,,467,11934,American Law and Economics Review,['ECONOMICS'],American Law and Economics Review,['2000'],223,Economics and Econometrics,"Economics, Econometrics and Finance",0.8025751072961373,3,0,E
1236,196715598,Annual Review of Economics,1941-1383,Annual Review of Economics,['3801' '3803'],Annual Review of Economics,Economics,467,50513,Annual Review of Economics,['ECONOMICS'],Annual Review of Economics,['2000'],59,Economics and Econometrics,"Economics, Econometrics and Finance",0.834061135371179,6,0,E
1237,2764852000,Applied Econometrics,1993-7601,,,,,466,927,,,Applied Econometrics,['2000'],71,Development,Social Sciences,0.5497835497835498,1,0,X
1238,4210226436,Operations and Supply Chain Management An International Journal,2579-9363,,,,,466,4481,Operations and Supply Chain Management-An International Journal,['MANAGEMENT'],Operations and Supply Chain Management,['1400'],124,Management Information Systems,"Business, Management and Accounting",1.0,0,3,B
1239,175138789,Journal of International Entrepreneurship,1570-7385,Journal of International Entrepreneurship,['3507'],,,465,22079,Journal of International Entrepreneurship,['BUSINESS'],Journal of International Entrepreneurship,['1400'],298,Strategy and Management,"Business, Management and Accounting",1.0,0,4,B
1240,146534985,Journal of Economic Interaction and Coordination,1860-711X,Journal of Economic Interaction and Coordination,['3502' '3801'],,,464,5268,Journal of Economic Interaction and Coordination,['ECONOMICS'],Journal of Economic Interaction and Coordination,['2000' '1400'],198,Economics and Econometrics,"Economics, Econometrics and Finance",0.8909090909090909,4,2,E
1241,4210189013,Management Review Quarterly,2198-1620,Management Review Quarterly,['3507'],,,464,12677,Management Review Quarterly,"['MANAGEMENT' 'BUSINESS' 'BUSINESS, FINANCE']",Management Review Quarterly,['1400'],55,Strategy and Management,"Business, Management and Accounting",1.0,1,4,B
1242,146522396,Annals of Finance,1614-2446,Annals of Finance,['3502'],,,463,6438,Annals of Finance,"['BUSINESS, FINANCE']",Annals of Finance,['2000'],156,Finance,"Economics, Econometrics and Finance",1.0,3,2,E
1243,2911474128,Journal of Entrepreneurship Education,1098-8394,,,,,463,5963,,,Journal of Entrepreneurship Education,['2000' '1400'],204,Management of Technology and Innovation,"Business, Management and Accounting",0.5619834710743802,1,2,B
1244,74096415,Journal of Economic Policy Reform,1748-7870,,,,,463,8171,Journal of Economic Policy Reform,['ECONOMICS'],Journal of Economic Policy Reform,['2000' '1400'],105,Economics and Econometrics,"Economics, Econometrics and Finance",1.0,3,1,E
1245,4210178803,International Journal of Industrial Engineering and Management,2217-2661,,,,,462,3494,,,International Journal of Industrial Engineering and Management,['1400'],63,Management Information Systems,"Business, Management and Accounting",0.527363184079602,0,2,B
1246,4210175454,Management Research The Journal of the Iberoamerican Academy of Management,1536-5433,Management Research: the journal of the Iberoamerican Academy of Management,['3505' '3507'],,,462,4268,Management Research-The Journal of the Iberoamerican Academy of Management,['MANAGEMENT'],Management Research,['1400'],95,Strategy and Management,"Business, Management and Accounting",1.0,0,5,B
1247,2764560526,Journal of economics and economic education research,1533-3590,,,,,462,1381,,,Journal of Economics and Economic Education Research,['2000'],105,Education,Social Sciences,0.5606694560669456,1,0,X
1248,4210216338,Business Ethics and Leadership,2520-6311,,,,,461,2709,,,Business Ethics and Leadership,['1400'],71,"Management, Monitoring, Policy and Law",Environmental Science,0.4427083333333333,0,1,X
1249,183802457,The Journal of Operational Risk,1744-6740,Journal of Operational Risk,['3502'],,,460,2683,Journal of Operational Risk,"['BUSINESS, FINANCE']",Journal of Operational Risk,['2000' '1400'],159,Economics and Econometrics,"Economics, Econometrics and Finance",1.0,3,3,A
1250,6772833,Review of Network Economics,1446-9022,The Review of Network Economics,['3801'],,,459,9682,Review of Network Economics,['ECONOMICS'],Review of Network Economics,['2000'],203,Strategy and Management,"Business, Management and Accounting",0.698051948051948,3,1,E
1251,4210204305,RIVISTA DI STUDI SULLA SOSTENIBILITA,2239-1959,,,,,459,890,,,Rivista di Studi sulla Sostenibilita,['2000' '1400'],48,Economics and Econometrics,"Economics, Econometrics and Finance",0.6140350877192983,2,1,E
1252,2737575852,China Finance and Economic Review,2196-5633,,,,,458,819,,,China Finance and Economic Review,['2000'],57,Economics and Econometrics,"Economics, Econometrics and Finance",0.828125,2,0,E
1253,160930499,Pensions An International Journal,1478-5315,,,,,458,1525,,,Pensions,['2000' '1400'],196,Accounting,"Business, Management and Accounting",0.5611650485436893,1,2,B
1254,4210226616,List Forum für Wirtschafts- und Finanzpolitik,0937-0862,,,,,458,698,,,List Forum fur Wirtschafts- und Finanzpolitik,['2000'],58,Sociology and Political Science,Social Sciences,0.6153846153846154,1,0,X
1255,126021079,International Journal of Sport Finance,1558-6235,International Journal of Sport Finance,['3502'],,,457,5832,,,International Journal of Sport Finance,['2000' '1400'],299,Economics and Econometrics,"Economics, Econometrics and Finance",0.47126436781609193,2,2,A
1256,2764472888,Central European Business Review,1805-4854,Central European Business Review,['3506' '3507'],,,457,3681,Central European Business Review,['BUSINESS'],Central European Business Review,['1400'],46,Marketing,"Business, Management and Accounting",0.7758620689655172,0,5,B
1257,4210192013,Agris on-line Papers in Economics and Informatics,1804-1930,,,,,456,2832,,,Agris On-line Papers in Economics and Informatics,['2000'],67,Strategy and Management,"Business, Management and Accounting",0.6707317073170732,1,1,A
1258,2765042083,Latin american journal of economics,0719-0425,Latin American Journal of Economics,['3801' '3802' '3803'],,,454,2397,,,Latin American Journal of Economics,['2000'],162,"General Economics, Econometrics and Finance","Economics, Econometrics and Finance",0.919889502762431,5,0,E
1259,2765029338,Economic and Regional Studies / Studia Ekonomiczne i Regionalne,2083-3725,,,,,453,649,,,Economic and Regional Studies / Studia Ekonomiczne i Regionalne,['2000' '1400'],111,Economics and Econometrics,"Economics, Econometrics and Finance",0.6418918918918919,2,1,E
1260,4210181460,Geographica Pannonica,0354-8724,,,,,452,3596,,,Geographica Pannonica,['1400'],106,Economics and Econometrics,"Economics, Econometrics and Finance",0.40304182509505704,1,1,A
1261,4210208553,OPEC Energy Review,1753-0229,OPEC Energy Review: energy economics and related issues,['3801'],,,452,4259,OPEC Energy Review,['ECONOMICS'],OPEC Energy Review,['2000'],186,Economics and Econometrics,"Economics, Econometrics and Finance",0.6309523809523809,4,0,E
1262,85985498,The Journal of Index Investing,2154-7238,,,,,452,1703,,,Journal of Index Investing,['2000' '1400'],289,Finance,"Economics, Econometrics and Finance",1.0,2,1,E
1263,87209429,Journal of Benefit-Cost Analysis,2152-2812,Journal of Benefit-Cost Analysis,['3801'],,,452,5764,Journal of Benefit-Cost Analysis,['ECONOMICS'],Journal of Benefit-Cost Analysis,['2000'],132,Economics and Econometrics,"Economics, Econometrics and Finance",0.8734939759036144,4,0,E
1264,18469005,Latin American Business Review,1097-8526,Latin American Business Review,['3507'],,,452,3433,Latin American Business Review,['ECONOMICS' 'MANAGEMENT' 'BUSINESS'],Latin American Business Review,['1400'],72,Strategy and Management,"Business, Management and Accounting",1.0,1,4,B
1265,194824457,The Geneva Risk and Insurance Review,1554-964X,The Geneva Risk and Insurance Review,['3502' '3801'],Geneva Risk and Insurance Review,F&A,450,6340,Geneva Risk and Insurance Review,"['ECONOMICS' 'BUSINESS, FINANCE']",GENEVA Risk and Insurance Review,['2000' '1400'],176,Economics and Econometrics,"Economics, Econometrics and Finance",0.6594360086767896,5,3,E
1266,2764709238,Economic Alternatives,1312-7462,,,,,450,1199,,,Economic Alternatives,['2000'],48,"Management, Monitoring, Policy and Law",Environmental Science,0.7108433734939759,1,0,X
1267,24290265,Health Services and Outcomes Research Methodology,1387-3741,"Health Services and Outcomes Research Methodology: an international journal devoted to quantitative methods for the study of the utilization, quality, cost and outcomes of health care",['35'],,,450,11455,,,,,142,Economics and Econometrics,"Economics, Econometrics and Finance",0.5605749486652978,1,1,A
1268,4210186315,DECISION,0304-0941,,,,,445,3433,Decision,['MANAGEMENT'],,,28,Accounting,"Business, Management and Accounting",1.0,0,2,B
1269,2764403712,International Journal of Business Research,1555-1296,International Journal of Business Research,['3505' '3507'],,,445,707,,,International Journal of Business Research,['2000' '1400'],25,Organizational Behavior and Human Resource Management,"Business, Management and Accounting",0.6262626262626263,1,4,B
1270,2736497804,Revista Brasileira de Inovação,1677-2504,,,,,444,2683,Revista Brasileira de Inovacao,['BUSINESS'],,,115,Strategy and Management,"Business, Management and Accounting",0.8147268408551069,0,2,B
1271,4210240632,De Computis - Revista Española de Historia de la Contabilidad,1886-1881,,,,,444,748,De Computis-Revista Espanola de Historia de la Contabilidad,"['BUSINESS, FINANCE']",,,98,Accounting,"Business, Management and Accounting",0.6750902527075813,1,2,B
1272,4210195788,Delhi Business Review,0972-222X,Delhi Business Review,['3505'],,,444,1720,,,,,20,Economics and Econometrics,"Economics, Econometrics and Finance",0.6506024096385542,1,1,A
1273,21260181,IMF Economic Review,2041-4161,IMF Economic Review,['3502' '3801'],IMF Economic Review,Economics,443,22387,IMF Economic Review,"['ECONOMICS' 'BUSINESS, FINANCE']",IMF Economic Review,['2000' '1400'],234,Finance,"Economics, Econometrics and Finance",1.0,5,3,E
1274,2765045378,Pacific Rim Property Research Journal,1444-5921,,,,,442,3899,Pacific Rim Property Research Journal,['BUSINESS'],Pacific Rim Property Research Journal,['2000'],299,Economics and Econometrics,"Economics, Econometrics and Finance",0.9127659574468086,2,1,E
1275,4210224898,Journal of Service Theory and Practice,2055-6225,Journal of Service Theory and Practice,['35'],Journal of Service Theory and Practice,Marketing,442,12184,Journal of Service Theory and Practice,['MANAGEMENT' 'BUSINESS'],Journal of Service Theory and Practice,['1400'],234,Organizational Behavior and Human Resource Management,"Business, Management and Accounting",0.8356589147286821,0,5,B
1276,142725411,Journal of Contemporary Accounting & Economics,1815-5669,Journal of Contemporary Accounting and Economics,['3501' '3502' '3801'],Journal of Contemporary Accounting and Economics,F&A,442,11581,Journal of Contemporary Accounting & Economics,"['ECONOMICS' 'BUSINESS, FINANCE']",Journal of Contemporary Accounting and Economics,['1400'],295,Accounting,"Business, Management and Accounting",1.0,3,5,B
1277,124851215,Journal of Social Entrepreneurship,1942-0676,Journal of Social Entrepreneurship,['3507'],,,442,12700,Journal of Social Entrepreneurship,['BUSINESS'],Journal of Social Entrepreneurship,['2000' '1400'],302,Management of Technology and Innovation,"Business, Management and Accounting",0.9339152119700748,1,4,B
1278,57658676,Journal of Financial Management of Property and Construction,1366-4387,,,,,441,6960,Journal of Financial Management of Property and Construction,"['BUSINESS, FINANCE']",Journal of Financial Management of Property and Construction,['2000' '1400'],191,Management Science and Operations Research,Decision Sciences,0.4405010438413361,2,2,A
1279,149838422,International Journal of Value Chain Management,1741-5357,International Journal of Value Chain Management,['3503' '3507'],,,441,2006,International Journal of Value Chain Management,['MANAGEMENT'],International Journal of Value Chain Management,['1400'],98,Management Information Systems,"Business, Management and Accounting",1.0,0,5,B
1280,41393910,Behavioral Research in Accounting,1050-4753,Behavioral Research in Accounting,['3501'],Behavioral Research in Accounting,F&A,440,13709,Behavioral Research in Accounting,"['BUSINESS, FINANCE']",Behavioral Research in Accounting,['1400'],198,Accounting,"Business, Management and Accounting",0.6905737704918032,2,4,B
1281,186929564,Journal of Hospitality & Leisure Marketing,1050-7051,,,,,440,9974,,,Journal of Hospitality and Leisure Marketing,['1400'],143,Organizational Behavior and Human Resource Management,"Business, Management and Accounting",0.5936842105263158,0,2,B
1282,156716048,Economics of Governance,1435-6104,Economics of Governance,['3502' '3801'],,,439,11025,Economics of Governance,['ECONOMICS'],Economics of Governance,['2000' '1400'],115,Economics and Econometrics,"Economics, Econometrics and Finance",0.47645429362880887,4,2,E
1283,2764906524,Review of Economics and Finance,1923-7529,Review of Economics and Finance,['3502' '3801'],,,439,1396,,,Review of Economics and Finance,['2000'],39,Accounting,"Business, Management and Accounting",1.0,2,2,A
1284,46803900,Macroeconomics and Finance in Emerging Market Economies,1752-0843,,,,,439,2645,Macroeconomics and Finance in Emerging Market Economies,['ECONOMICS'],Macroeconomics and Finance in Emerging Market Economies,['2000'],201,"General Economics, Econometrics and Finance","Economics, Econometrics and Finance",1.0,3,0,E
1285,149715497,International Journal of Service Science Management Engineering and Technology,1947-959X,,,,,439,3846,,,"International Journal of Service Science, Management, Engineering, and Technology",['1400'],55,Marketing,"Business, Management and Accounting",0.6910112359550562,0,2,B
1286,4210194547,European competition and regulatory law review/CoRe,2510-3148,,,,,438,175,,,European Competition and Regulatory Law Review,['2000'],110,Political Science and International Relations,Social Sciences,0.5132530120481927,1,0,X
1287,2765039173,Millennial Asia,0976-3996,,,,,438,2074,,,Millennial Asia,['2000'],48,"General Economics, Econometrics and Finance","Economics, Econometrics and Finance",0.6756756756756757,2,0,E
1288,4210210210,Economic and business review,1580-0466,Economic and Business Review,['3801' '3802' '3803'],,,437,2605,,,,,26,Management of Technology and Innovation,"Business, Management and Accounting",1.0,3,1,E
1289,2737328910,REVESCO Revista de Estudios Cooperativos,1135-6618,,,,,437,2677,REVESCO-Revista de Estudios Cooperativos,['ECONOMICS'],REVESCO Revista de Estudios Cooperativos,['2000'],182,Strategy and Management,"Business, Management and Accounting",0.7376237623762376,2,1,E
1290,2764454290,Journal of Applied Economic Sciences (JAES),1843-6110,,,,,437,774,,,Journal of Applied Economic Sciences,['2000' '1400'],29,Economics and Econometrics,"Economics, Econometrics and Finance",0.6637931034482759,2,1,E
1291,2764591875,Zhongnan Cai-jing Daxue xuebao,1003-5230,Zhongnan Caijing Daxue Xuebao,['3803'],,,437,136,,,,,46,Economics and Econometrics,"Economics, Econometrics and Finance",0.6836158192090396,2,0,E
1292,168387291,Asian Journal of Management Cases,0972-8201,,,,,436,486,Asian Journal of Management Cases,['MANAGEMENT'],Asian Journal of Management Cases,['1400'],51,Economics and Econometrics,"Economics, Econometrics and Finance",1.0,1,2,B
1293,75434068,International Journal of Technological Learning Innovation and Development,1753-1942,,,,,436,3754,,,"International Journal of Technological Learning, Innovation and Development",['1400'],60,Business and International Management,"Business, Management and Accounting",1.0,0,2,B
1294,4210207936,Schmalenbach Business Review,1439-2917,Schmalenbach Business Review,['3507'],Schmalenbach Business Review,Gen & Strat,434,6130,,,,,96,Accounting,"Business, Management and Accounting",0.8527131782945736,0,3,B
1295,2764355095,British tax review,0007-1870,,,,,433,411,,,British Tax Review,['2000' '1400'],144,Accounting,"Business, Management and Accounting",0.8833333333333333,1,2,B
1296,2764665883,Journal of Housing Research,1052-7001,,,,,432,4836,,,Journal of Housing Research,['2000' '1400'],251,Economics and Econometrics,"Economics, Econometrics and Finance",0.8950749464668094,2,1,E
1297,2765006878,The Journal of Hospitality Financial Management,1091-3211,The Journal of Hospitality Financial Management,['3504'],,,432,1735,,,Journal of Hospitality Financial Management,['2000' '1400'],92,Accounting,"Business, Management and Accounting",1.0,1,3,B
1298,4210206116,Korean Journal of Financial Studies,2005-8187,,,,,431,658,,,Korean Journal of Financial Studies,['2000'],113,Accounting,"Business, Management and Accounting",1.0,1,1,A
1299,2765057965,Gadjah Mada International Journal of Business,1411-1128,,,,,429,4841,Gadjah Mada international journal of business,['BUSINESS'],Gadjah Mada International Journal of Business,['1400'],56,Accounting,"Business, Management and Accounting",0.8502415458937198,0,3,B
1300,4210207324,Journal of Database Marketing & Customer Strategy Management,1741-2439,Journal of Database Marketing and Customer Strategy Management,['3506' '3507'],,,429,7800,,,Journal of Database Marketing and Customer Strategy Management,['1400'],145,Organizational Behavior and Human Resource Management,"Business, Management and Accounting",0.8383561643835616,0,4,B
1301,2764509274,China Finance Review International,2044-1398,China Finance Review International,['3501' '3502'],,,429,6481,China Finance Review International,"['BUSINESS, FINANCE']",China Finance Review International,['2000'],141,Finance,"Economics, Econometrics and Finance",1.0,3,3,A
1302,155832970,International Journal of Advanced Operations Management,1758-938X,International Journal of Advanced Operations Management,['3507' '3509'],,,428,1909,,,International Journal of Advanced Operations Management,['1400'],93,Management Information Systems,"Business, Management and Accounting",0.5993485342019544,0,4,B
1303,2765036361,The Journal of Risk Model Validation,1753-9579,Journal of Risk Model Validation,['3502'],,,428,1444,Journal of Risk Model Validation,"['BUSINESS, FINANCE']",Journal of Risk Model Validation,['2000'],175,Finance,"Economics, Econometrics and Finance",1.0,3,2,E
1304,76844451,Annual Review of Resource Economics,1941-1340,Annual Review of Resource Economics,['3801' '3803' '3802'],,,427,22481,Annual Review of Resource Economics,['ECONOMICS'],Annual Review of Resource Economics,['2000'],100,Economics and Econometrics,"Economics, Econometrics and Finance",0.7467948717948718,6,0,E
1305,2764767644,The Journal of Retirement,2326-6899,The Journal of Retirement,['3502'],,,426,1116,,,Journal of Retirement,['2000' '1400'],265,Accounting,"Business, Management and Accounting",0.49487554904831627,1,3,B
1306,2764774255,Asian Journal of Finance & Accounting,1946-052X,Asian Journal of Finance and Accounting,['3501' '3502'],,,426,4089,,,,,108,Accounting,"Business, Management and Accounting",1.0,0,3,B
1307,4394735491,"Intelligent systems in accounting, finance and management/Intelligent systems in accounting, finance & management",1550-1949,,,,,426,6983,Intelligent Systems in Accounting Finance & Management,"['BUSINESS, FINANCE']","Intelligent Systems in Accounting, Finance and Management",['2000' '1400'],96,Management Science and Operations Research,Decision Sciences,0.498220640569395,2,2,A
1308,2764824119,Real Estate Management and Valuation,2300-5289,,,,,426,2301,Real Estate Management and Valuation,"['MANAGEMENT' 'BUSINESS, FINANCE']",Real Estate Management and Valuation,['2000' '1400'],240,Economics and Econometrics,"Economics, Econometrics and Finance",0.6936936936936937,3,2,E
1309,135812718,Asian Case Research Journal,0218-9275,Asian Case Research Journal,['35' '38'],,,425,381,Asian Case Research Journal,['BUSINESS'],Asian Case Research Journal,['1400'],52,Economics and Econometrics,"Economics, Econometrics and Finance",1.0,2,3,B
1310,2798767114,Corporate Board role duties and composition,1810-8601,"Corporate Board: role, duties and composition",['3501'],,,425,2172,,,"Corporate Board: Role, Duties and Composition",['1400'],248,Accounting,"Business, Management and Accounting",1.0,0,3,B
1311,4210192138,Nankai Business Review International,2040-8749,,,,,425,5637,Nankai Business Review International,['MANAGEMENT'],Nankai Business Review International,['1400'],112,Accounting,"Business, Management and Accounting",0.8339100346020761,0,3,B
1312,26772273,Climate Change Economics,2010-0078,Climate Change Economics,['3801'],,,425,7429,Climate Change Economics,['ECONOMICS'],Climate Change Economics,['2000'],222,Economics and Econometrics,"Economics, Econometrics and Finance",0.63671875,4,0,E
1313,4210193298,EMC Review - Časopis za ekonomiju - APEIRON,2232-8823,,,,,424,344,Casopis za Ekonomiju i Trzisne Komunikacije,['BUSINESS'],,,159,Economics and Econometrics,"Economics, Econometrics and Finance",0.8783269961977186,1,1,A
1314,207627288,International Journal of Integrated Supply Management,1477-5360,International Journal of Integrated Supply Management,['3507' '3509'],,,423,3619,,,International Journal of Integrated Supply Management,['1400'],159,Management Information Systems,"Business, Management and Accounting",1.0,0,4,B
1315,180512645,Letters in Spatial and Resource Sciences,1864-4031,,,,,423,3600,,,Letters in Spatial and Resource Sciences,['2000'],92,Economics and Econometrics,"Economics, Econometrics and Finance",1.0,2,0,E
1316,2764465404,Entrepreneurship Research Journal,2157-5665,Entrepreneurship Research Journal,['3507'],,,423,7219,Entrepreneurship Research Journal,['BUSINESS'],Entrepreneurship Research Journal,['1400'],304,Management of Technology and Innovation,"Business, Management and Accounting",1.0,0,4,B
1317,2764901971,Hospitality & Tourism Educator,2329-8758,,,,,422,1826,,,Hospitality and Tourism Educator,['1400'],207,"Tourism, Leisure and Hospitality Management","Business, Management and Accounting",0.8538011695906432,0,2,B
1318,153921829,der markt,0025-3863,Der Markt: international journal of marketing,['3506'],,,422,1806,,,der markt,['1400'],171,Strategy and Management,"Business, Management and Accounting",1.0,0,3,B
1319,111767569,History of economic ideas,1122-8792,History of Economic Ideas,['3801'],,,422,956,,,History of Economic Ideas,['2000'],211,Economics and Econometrics,"Economics, Econometrics and Finance",0.7858672376873662,3,0,E
1320,2764865913,Economics and Business Letters,2254-4380,,,,,421,2266,Economics and Business Letters,['ECONOMICS'],Economics and Business Letters,['2000' '1400'],50,"General Economics, Econometrics and Finance","Economics, Econometrics and Finance",1.0,3,1,E
1321,4210191457,Innovation and Development,2157-930X,,,,,421,5904,Innovation and Development,['ECONOMICS'],,,161,Business and International Management,"Business, Management and Accounting",1.0,1,1,A
1322,4210184796,Business Perspectives and Research,2278-5337,,,,,418,4102,,,Business Perspectives and Research,['1400'],50,Accounting,"Business, Management and Accounting",0.6262135922330098,0,2,B
1323,21663492,International Journal of Business Performance and Supply Chain Modelling,1758-9401,International Journal of Business Performance and Supply Chain Modelling,['3507' '3509'],,,416,2087,,,International Journal of Business Performance and Supply Chain Modelling,['1400'],126,Management Information Systems,"Business, Management and Accounting",1.0,0,4,B
1324,34975756,Journal of Global Responsibility,2041-2568,Journal of Global Responsibility,['3505' '3507'],,,415,7865,Journal of Global Responsibility,['MANAGEMENT'],Journal of Global Responsibility,['1400'],170,Strategy and Management,"Business, Management and Accounting",0.8449438202247191,0,5,B
1325,2764665428,Journal of Entrepreneurship Management and Innovation,2299-7075,"Journal of Entrepreneurship, Management and Innovation",['3505' '3507'],,,414,3798,Journal of Entrepreneurship Management and Innovation,['BUSINESS'],"Journal of Entrepreneurship, Management and Innovation",['1400'],93,Management of Technology and Innovation,"Business, Management and Accounting",1.0,0,5,B
1326,35075559,Review of Behavioral Finance,1940-5979,Review of Behavioral Finance,['3502'],,,413,5062,Review of Behavioral Finance,"['BUSINESS, FINANCE']",Review of Behavioral Finance,['2000' '1400'],258,Finance,"Economics, Econometrics and Finance",1.0,3,3,A
1327,4210214964,Humanities and Social Sciences Letters,2312-4318,,,,,412,1361,,,Humanities and Social Sciences Letters,['2000' '1400'],36,Accounting,"Business, Management and Accounting",0.61,1,2,B
1328,2738123342,Economic Journal of Emerging Markets,2086-3128,,,,,412,1477,Economic Journal of Emerging Markets,['ECONOMICS'],,,135,Economics and Econometrics,"Economics, Econometrics and Finance",0.8662420382165605,2,0,E
1329,181171746,Journal of Economic Growth,1381-4338,Journal of Economic Growth,['3502' '3801' '3803'],Journal of Economic Growth,Economics,411,70902,JOURNAL OF ECONOMIC GROWTH,['ECONOMICS'],Journal of Economic Growth,['2000'],207,Economics and Econometrics,"Economics, Econometrics and Finance",0.7272727272727273,6,1,E
1330,4210176329,Fórum Empresarial,1541-8561,,,,,411,544,,,Forum Empresarial,['1400'],78,Economics and Econometrics,"Economics, Econometrics and Finance",0.8776371308016878,1,1,A
1331,154770346,World Customs Journal,1834-6707,,,,,410,1823,,,World Customs Journal,['2000' '1400'],77,"General Economics, Econometrics and Finance","Economics, Econometrics and Finance",0.8577777777777778,2,1,E
1332,2765032965,International Journal of Management and Sustainability,2306-0662,,,,,410,1721,,,International Journal of Management and Sustainability,['2000' '1400'],29,Marketing,"Business, Management and Accounting",0.8083333333333333,1,2,B
1333,4210237676,Ekonomi Politika ve Finans Arastirmalari Dergisi,2587-151X,,,,,410,1076,Ekonomi Politika & Finans Arastirmalari Dergisi,"['ECONOMICS' 'BUSINESS, FINANCE']",,,77,Economics and Econometrics,"Economics, Econometrics and Finance",1.0,2,1,E
1334,167126396,Journal of Relationship Marketing,1533-2667,Journal of Relationship Marketing,['3506'],Journal of Relationship Marketing,Marketing,409,9796,,,Journal of Relationship Marketing,['1400'],305,Organizational Behavior and Human Resource Management,"Business, Management and Accounting",0.6899736147757256,0,4,B
1335,4394736890,International Real Estate Review,2154-8919,International Real Estate Review,['3502' '3801'],,,409,1895,International Real Estate Review,['ECONOMICS'],International Real Estate Review,['2000' '1400'],349,Economics and Econometrics,"Economics, Econometrics and Finance",1.0,4,2,E
1336,4210232391,Journal of Innovation Management,2183-0606,,,,,408,4905,,,Journal of Innovation Management,['1400'],84,Strategy and Management,"Business, Management and Accounting",1.0,0,2,B
1337,168697966,Management & Organizational History,1744-9359,,,,,408,5189,Management & Organizational History,['MANAGEMENT'],Management and Organizational History,['1400'],164,Organizational Behavior and Human Resource Management,"Business, Management and Accounting",1.0,0,3,B
1338,2764400943,Journal of Global Fashion Marketing,2093-2685,Journal of Global Fashion Marketing,['3506' '3507'],,,408,9693,Journal of Global Fashion Marketing,['BUSINESS'],Journal of Global Fashion Marketing,['1400'],284,Marketing,"Business, Management and Accounting",0.6976090014064698,0,5,B
1339,4210169731,Journal of Accounting in Emerging Economies,2042-1168,Journal of Accounting in Emerging Economies,['3501'],,,407,9309,Journal of Accounting in Emerging Economies,"['BUSINESS, FINANCE']",Journal of Accounting in Emerging Economies,['1400'],235,Accounting,"Business, Management and Accounting",1.0,1,4,B
1340,4210170305,ACM Transactions on Management Information Systems,2158-656X,,,,,406,11551,,,ACM Transactions on Management Information Systems,['1400'],34,Management Information Systems,"Business, Management and Accounting",0.46564885496183206,0,2,B
1341,2764716688,Journal of International Finance and Economics,1555-6336,Journal of International Finance and Economics,['3502'],,,406,236,,,,,52,Accounting,"Business, Management and Accounting",1.0,0,2,B
1342,2765073796,International journal of ecological economics and statistics,0973-1385,International Journal of Ecological Economics and Statistics,['3801'],,,406,1340,International Journal of Ecological Economics & Statistics,['ECONOMICS'],International Journal of Ecological Economics and Statistics,['2000'],55,"Public Health, Environmental and Occupational Health",Medicine,0.42528735632183906,3,0,E
1343,4210186947,Finance Contrôle Stratégie,1287-1141,Finance Controle Strategie,['3502' '3507'],,,405,813,,,Finance Controle Strategie,['1400'],80,Accounting,"Business, Management and Accounting",0.7814814814814814,0,4,B
1344,4210218165,Asia-Pacific Management Accounting Journal,1675-3194,Asia-Pacific Management Accounting Journal,['3501'],,,404,1252,Asia-Pacific Management Accounting Journal,"['BUSINESS, FINANCE']",,,81,Accounting,"Business, Management and Accounting",1.0,1,3,B
1345,4306502633,Applied marketing analytics,2054-7544,,,,,404,595,,,Applied Marketing Analytics,['1400'],135,Management Information Systems,"Business, Management and Accounting",0.7841726618705036,0,2,B
1346,2764671874,Journal of Transport and Supply Chain Management,1995-5235,,,,,402,3498,Journal of Transport and Supply Chain Management,['MANAGEMENT'],Journal of Transport and Supply Chain Management,['1400'],123,Management Information Systems,"Business, Management and Accounting",0.6675603217158177,0,3,B
1347,4210181022,World Journal of Entrepreneurship Management and Sustainable Development,2042-5961,,,,,402,6768,World Journal of Entrepreneurship Management and Sustainable Development,['MANAGEMENT'],"World Journal of Entrepreneurship, Management and Sustainable Development",['2000' '1400'],98,Management of Technology and Innovation,"Business, Management and Accounting",0.9115384615384615,1,3,B
1348,4210175221,Asia-Pacific Journal of Regional Science,2509-7946,,,,,401,2726,Asia-Pacific Journal of Regional Science,['ECONOMICS'],Asia-Pacific Journal of Regional Science,['2000'],60,Economics and Econometrics,"Economics, Econometrics and Finance",1.0,3,0,E
1349,80375752,Current Issues in Auditing,1936-1270,Current Issues in Auditing,['3501'],,,401,3930,Current Issues in Auditing,"['BUSINESS, FINANCE']",Current Issues in Auditing,['1400'],236,Accounting,"Business, Management and Accounting",1.0,1,4,B
1350,4210211126,Canadian Tax Journal/Revue fiscale canadienne,0008-5111,,,,,400,263,,,Canadian Tax Journal,['2000' '1400'],162,Accounting,"Business, Management and Accounting",0.8125,1,2,B
1351,4210237355,Corporate and Business Strategy Review,2708-4965,,,,,400,1143,,,Corporate and Business Strategy Review,['1400'],30,"Management, Monitoring, Policy and Law",Environmental Science,0.7674418604651163,0,1,X
1352,4210192656,Universal Journal of Accounting and Finance,2331-9712,,,,,400,2620,,,Universal Journal of Accounting and Finance,['2000' '1400'],62,Accounting,"Business, Management and Accounting",1.0,1,2,B
1353,196354030,International Journal of Technology Management and Sustainable Development,1474-2748,International Journal of Technology Management and Sustainable Development,['3507'],,,399,3800,,,International Journal of Technology Management and Sustainable Development,['1400'],61,Business and International Management,"Business, Management and Accounting",1.0,0,3,B
1354,58276920,Journal of European real estate research,1753-9269,Journal of European Real Estate Research,['3502' '3504'],,,398,3481,Journal of European Real Estate Research,"['BUSINESS, FINANCE']",Journal of European Real Estate Research,['2000' '1400'],267,Economics and Econometrics,"Economics, Econometrics and Finance",0.905982905982906,3,4,B
1355,124412575,Mathematics and Financial Economics,1862-9660,Mathematics and Financial Economics,['3502'],,,398,5787,Mathematics and Financial Economics,"['ECONOMICS' 'BUSINESS, FINANCE']",Mathematics and Financial Economics,['2000'],230,Finance,"Economics, Econometrics and Finance",0.8488888888888889,3,2,E
1356,4210179427,Academia Revista Latinoamericana de Administración,1012-8255,,,,,396,4160,Academia-Revista Latinoamericana de Administracion,['MANAGEMENT' 'BUSINESS'],Academia Revista Latinoamericana de Administracion,['1400'],76,Accounting,"Business, Management and Accounting",1.0,0,3,B
1357,34937439,International Journal of Globalisation and Small Business,1479-3059,International Journal of Globalisation and Small Business,['3503' '3507'],,,396,2533,,,International Journal of Globalisation and Small Business,['1400'],79,Strategy and Management,"Business, Management and Accounting",1.0,0,4,B
1358,4210173805,Evidence-based HRM a Global Forum for Empirical Scholarship,2049-3983,Evidence-Based HRM: a global forum for empirical scholarship,['3505' '3507'],,,395,4023,Evidence-based HRM-A Global Forum for Empirical Scholarship,['MANAGEMENT'],Evidence-based HRM,['2000' '1400'],257,Organizational Behavior and Human Resource Management,"Business, Management and Accounting",0.5775280898876405,1,5,B
1359,110231434,International Journal of Business Process Integration and Management,1741-8763,International Journal of Business Process Integration and Management,['3503' '3507'],,,395,2612,,,International Journal of Business Process Integration and Management,['1400'],164,Management Information Systems,"Business, Management and Accounting",0.466824644549763,0,4,B
1360,26712294,The Psychologist-Manager Journal,1088-7156,,,,,395,5015,,,Psychologist-Manager Journal,['1400'],62,Organizational Behavior and Human Resource Management,"Business, Management and Accounting",0.4915254237288136,0,2,B
1361,2764690092,ECONOMICS AND POLICY OF ENERGY AND THE ENVIRONMENT,2280-7659,,,,,394,943,,,Economics and Policy of Energy and the Environment,['2000'],69,Economics and Econometrics,"Economics, Econometrics and Finance",0.4669421487603306,2,0,E
1362,4210173756,Florida Tax Review,1066-3487,,,,,393,885,,,Florida Tax Review,['2000' '1400'],253,Accounting,"Business, Management and Accounting",1.0,1,2,B
1363,4210229067,Business and Human Rights Journal,2057-0198,,,,,393,3531,Business and Human Rights Journal,['BUSINESS'],Business and Human Rights Journal,['1400'],183,Organizational Behavior and Human Resource Management,"Business, Management and Accounting",0.7055702917771883,0,3,B
1364,4162551,International Journal of Gender and Entrepreneurship,1756-6266,,,,,392,13240,International Journal of Gender and Entrepreneurship,['BUSINESS'],International Journal of Gender and Entrepreneurship,['2000' '1400'],288,Management of Technology and Innovation,"Business, Management and Accounting",0.7401360544217687,1,3,B
1365,80197860,International Journal of Development Issues,1446-8956,,,,,391,4388,,,International Journal of Development Issues,['2000'],87,Economics and Econometrics,"Economics, Econometrics and Finance",0.7033898305084746,2,0,E
1366,146248155,International Journal of Six Sigma and Competitive Advantage,1479-2494,International Journal of Six Sigma and Competitive Advantage,['3507'],,,391,4075,,,International Journal of Six Sigma and Competitive Advantage,['1400'],242,Management Information Systems,"Business, Management and Accounting",0.8333333333333334,0,3,B
1367,4210206587,JIMS8M The Journal of Indian Management & Strategy,0973-9335,,,,,389,305,JIMS8M-The Journal of Indian Management & Strategy,['MANAGEMENT'],,,21,Accounting,"Business, Management and Accounting",1.0,0,2,B
1368,4210188240,Journal of Organizational Effectiveness People and Performance,2051-6614,Journal of Organizational Effectiveness: People and Performance,['3505' '3507'],,,388,7947,Journal of Organizational Effectiveness-People and Performance,['MANAGEMENT'],Journal of Organizational Effectiveness,['1400'],197,Organizational Behavior and Human Resource Management,"Business, Management and Accounting",0.801829268292683,0,5,B
1369,2798529314,Corporate Governance and Organizational Behavior Review,2521-1870,,,,,388,1514,,,Corporate Governance and Organizational Behavior Review,['2000' '1400'],68,Accounting,"Business, Management and Accounting",0.8904109589041096,1,2,B
1370,2764696161,Southern African Business Review,1998-8125,Southern African Business Review,['3505' '3507'],,,386,3141,,,,,42,Organizational Behavior and Human Resource Management,"Business, Management and Accounting",0.8132530120481928,0,3,B
1371,4210186146,Economía Agraria y Recursos Naturales,1578-0732,,,,,384,2073,Economia Agraria y Recursos Naturales,['ECONOMICS'],,,72,Economics and Econometrics,"Economics, Econometrics and Finance",0.6459143968871596,2,0,E
1372,29210485,Journal of Personnel Psychology,1866-5888,,,,,383,9708,,,Journal of Personnel Psychology,['1400'],189,Organizational Behavior and Human Resource Management,"Business, Management and Accounting",0.6511627906976745,0,2,B
1373,4210213948,Journal of Management and Strategy,1923-3965,Journal of Management and Strategy,['3505' '3506' '3507'],,,383,2971,,,,,39,Strategy and Management,"Business, Management and Accounting",0.8294573643410853,0,4,B
1374,4210179748,Audit Financiar,1583-5812,Financial Audit,['3501'],,,383,881,,,,,88,Accounting,"Business, Management and Accounting",1.0,0,2,B
1375,4210212964,World,2673-4060,,,,,382,2421,World,['ECONOMICS'],,,22,"Management, Monitoring, Policy and Law",Environmental Science,0.7349397590361446,1,0,X
1376,2764806082,China Journal of Accounting Research,1755-3091,China Journal of Accounting Research,['3501' '3502'],,,382,8201,China Journal of Accounting Research,"['BUSINESS, FINANCE']",China Journal of Accounting Research,['2000' '1400'],254,Accounting,"Business, Management and Accounting",1.0,2,5,B
1377,204649255,China Economic Journal,1753-8963,China Economic Journal,['3801' '3802'],,,381,6038,China Economic Journal,['ECONOMICS'],China Economic Journal,['2000'],69,"General Economics, Econometrics and Finance","Economics, Econometrics and Finance",0.8582995951417004,5,0,E
1378,2764982749,SMART Journal of Business Management Studies,0973-1598,,,,,381,501,SMART-Journal of Business Management Studies,['MANAGEMENT'],,,25,Accounting,"Business, Management and Accounting",1.0,0,2,B
1379,4306528643,Rivista di storia economica,,,,,,381,1444,,,Rivista di Storia Economica,['2000'],147,Economics and Econometrics,"Economics, Econometrics and Finance",0.6775956284153005,2,0,E
1380,71564990,Frontiers of Business Research in China,1673-7326,,,,,380,4824,Frontiers of Business Research in China,['BUSINESS'],Frontiers of Business Research in China,['1400'],92,Accounting,"Business, Management and Accounting",1.0,0,3,B
1381,2764883772,Serbian Journal of Management,1452-4864,,,,,379,4199,Serbian Journal of Management,['MANAGEMENT'],Serbian Journal of Management,['1400'],25,Management Information Systems,"Business, Management and Accounting",0.8378378378378378,0,3,B
1382,4210183127,Cuadernos de Economía,0121-4772,Cuadernos de Economia,['3801' '3802' '3803'],,,378,1241,Cuadernos de Economia,['ECONOMICS'],Cuadernos de Economia (Colombia),['2000'],116,"General Economics, Econometrics and Finance","Economics, Econometrics and Finance",0.8979591836734694,6,0,E
1383,4210202650,Academy of Management Discoveries,2168-1007,Academy of Management Discoveries,['3507'],Academy of Management Discoveries,Gen & Strat,377,9563,Academy of Management Discoveries,['MANAGEMENT'],Academy of Management Discoveries,['1400'],68,Organizational Behavior and Human Resource Management,"Business, Management and Accounting",1.0,0,5,B
1384,4210183232,Journal of global entrepreneurship research,2228-7566,,,,,377,9655,Journal of Global Entrepreneurship Research,['BUSINESS'],,,243,Management of Technology and Innovation,"Business, Management and Accounting",1.0,0,2,B
1385,4210237048,International Journal of Applied Economics Finance and Accounting,2577-767X,,,,,374,1352,,,"International Journal of Applied Economics, Finance and Accounting",['2000' '1400'],59,Accounting,"Business, Management and Accounting",0.8128654970760234,1,2,B
1386,2764884493,"Journal of organizational culture, communication and conflict",1544-0508,,,,,374,2927,,,"Journal of Organizational Culture, Communications and Conflict",['1400'],32,Organizational Behavior and Human Resource Management,"Business, Management and Accounting",0.514018691588785,0,2,B
1387,138712653,Homo Oeconomicus,0943-0180,Homo Oeconomicus,['3801' '3802' '3803'],,,372,1021,Homo Oeconomicus-Journal of Behavioral and Institutional Economics,['ECONOMICS'],,,47,Economics and Econometrics,"Economics, Econometrics and Finance",0.5028901734104047,5,0,E
1388,2736629167,Journal of Economic Structures,2193-2409,Journal of Economic Structures,['3801' '3802'],,,372,7261,,,Journal of Economic Structures,['2000'],80,Environmental Engineering,Environmental Science,0.7507788161993769,3,0,E
1389,4210185842,Management Teaching Review,2379-2981,,,,,371,1600,,,Management Teaching Review,['1400'],145,Management of Technology and Innovation,"Business, Management and Accounting",0.7521865889212828,0,2,B
1390,2764583656,Journal of Social Marketing,2042-6763,Journal of Social Marketing,['3506'],,,371,7930,Journal of Social Marketing,['BUSINESS'],Journal of Social Marketing,['1400'],85,Marketing,"Business, Management and Accounting",0.5915492957746479,0,4,B
1391,2764984103,Business Management and Strategy,2157-6068,Business Management and Strategy,['3505' '3506' '3507'],,,370,2262,,,,,43,Accounting,"Business, Management and Accounting",0.6099290780141844,0,4,B
1392,4389158097,Journal of Hospitality & Tourism Cases,2164-9987,,,,,370,132,,,Journal of Hospitality and Tourism Cases,['1400'],46,Sociology and Political Science,Social Sciences,0.5503355704697986,0,1,X
1393,4210238075,Journal of Derivatives and Quantitative Studies 선물연구,1229-988X,,,,,370,509,,,Journal of Derivatives and Quantitative Studies,['2000'],165,Finance,"Economics, Econometrics and Finance",0.8518518518518519,2,0,E
1394,4210226106,Cuadernos de Gestión,1131-6837,,,,,369,2599,Cuadernos de Gestion,['MANAGEMENT' 'BUSINESS'],Cuadernos de Gestion,['1400'],40,Sociology and Political Science,Social Sciences,0.7674418604651163,0,2,B
1395,2764413711,Journal of International Business and Economics,1544-8037,Journal of International Business and Economics,['3507'],,,369,254,,,Journal of International Business and Economics,['2000' '1400'],29,Strategy and Management,"Business, Management and Accounting",1.0,1,3,B
1396,2912066455,Journal of Financial Counseling and Planning,1052-3073,Financial Counseling and Planning,['3502'],,,369,5914,Journal of Financial Counseling and Planning,['ECONOMICS' 'BUSINESS'],Journal of Financial Counseling and Planning,['2000'],252,Accounting,"Business, Management and Accounting",0.7769230769230769,2,3,B
1397,1002656045,Cuadernos de Economía y Dirección de la Empresa,1138-5758,,,,,368,3668,,,Cuadernos de Economia y Direccion de la Empresa,['2000' '1400'],93,Organizational Behavior and Human Resource Management,"Business, Management and Accounting",1.0,1,2,B
1398,2764875035,Journal of Entrepreneurship and Public Policy,2045-2101,,,,,368,4837,Journal of Entrepreneurship and Public Policy,['ECONOMICS'],Journal of Entrepreneurship and Public Policy,['1400'],163,Management of Technology and Innovation,"Business, Management and Accounting",1.0,1,2,B
1399,4210169096,Accounting Economics and Law - A Convivium,2152-2820,,,,,367,2822,Accounting Economics and Law-A Convivium,"['BUSINESS, FINANCE']","Accounting, Economics and Law: A Convivium",['2000' '1400'],57,Accounting,"Business, Management and Accounting",1.0,2,3,B
1400,9940815,International Journal of Services Operations and Informatics,1741-539X,International Journal of Services Operations and Informatics,['3509'],,,366,1425,,,International Journal of Services Operations and Informatics,['1400'],54,Management Information Systems,"Business, Management and Accounting",0.4716981132075472,0,3,B
1401,2737324406,Journal of Islamic Monetary Economics and Finance,2460-6146,,,,,365,3056,,,Journal of Islamic Monetary Economics and Finance,['2000'],294,Accounting,"Business, Management and Accounting",0.8248299319727891,1,1,A
1402,62850545,Research in Accounting Regulation,1052-0457,Research in Accounting Regulation,['3501'],Research in Accounting Regulation,F&A,365,5050,,,Research in Accounting Regulation,['2000' '1400'],241,Accounting,"Business, Management and Accounting",1.0,2,3,B
1403,2764927316,Logistics and transportation review,0047-4991,,,,,364,3888,,,Logistics and Transportation Review,['1400'],97,Strategy and Management,"Business, Management and Accounting",0.511864406779661,0,2,B
1404,2739380121,Scientific Annals of Economics and Business,2501-1960,,,,,363,2022,Scientific Annals of Economics and Business,['ECONOMICS'],Scientific Annals of Economics and Business,['2000' '1400'],46,Economics and Econometrics,"Economics, Econometrics and Finance",1.0,3,1,E
1405,2764688742,Acta Innovations,2300-5599,,,,,363,1465,,,Acta Innovations,['1400'],27,"Renewable Energy, Sustainability and the Environment",Energy,0.5161290322580645,0,1,X
1406,2737685543,Revista Finanzas y Política Económica,2011-7663,,,,,361,962,Revista Finanzas y Politica Economica,['ECONOMICS'],Revista Finanzas y Politica Economica,['2000' '1400'],59,Accounting,"Business, Management and Accounting",0.8774703557312253,2,2,A
1407,136286870,Journal of Indian Business Research,1755-4195,Journal of Indian Business Research,['3505' '3506' '3507'],,,361,7387,Journal of Indian Business Research,['BUSINESS'],Journal of Indian Business Research,['1400'],61,Marketing,"Business, Management and Accounting",0.8015564202334631,0,6,B
1408,2764742078,Chinese Journal of Urban and Environmental Studies,2345-7481,,,,,361,1333,,,Chinese Journal of Urban and Environmental Studies,['2000'],61,Economics and Econometrics,"Economics, Econometrics and Finance",0.6394230769230769,2,0,E
1409,2898531903,Journal of commodity markets,2405-8505,Journal of Commodity Markets,['3502' '3801'],Journal of Commodity Markets,F&A,360,5402,Journal of Commodity Markets,"['ECONOMICS' 'BUSINESS, FINANCE']",Journal of Commodity Markets,['2000'],270,Economics and Econometrics,"Economics, Econometrics and Finance",0.9046762589928058,5,2,E
1410,31040931,International Journal of Electronic Customer Relationship Management,1750-0664,International Journal of Electronic Customer Relationship Management,['3503' '3507'],,,359,2229,,,International Journal of Electronic Customer Relationship Management,['1400'],150,Organizational Behavior and Human Resource Management,"Business, Management and Accounting",0.4926315789473684,0,4,B
1411,2738441059,ETIKONOMI,1412-8969,,,,,358,2353,Etikonomi,['ECONOMICS'],,,105,Accounting,"Business, Management and Accounting",0.6472602739726028,1,1,A
1412,163374072,International Journal of Foresight and Innovation Policy,1740-2816,International Journal of Foresight and Innovation Policy,['3801'],,,357,3567,,,International Journal of Foresight and Innovation Policy,['1400'],42,Strategy and Management,"Business, Management and Accounting",0.5941176470588235,1,2,B
1413,2764398122,Financial Theory and Practice,1845-9757,Financial Theory and Practice,['3502'],,,356,1599,,,,,34,Economics and Econometrics,"Economics, Econometrics and Finance",0.8244274809160306,1,1,A
1414,97595773,Journal of Targeting Measurement and Analysis for Marketing,0967-3237,,,,,356,11813,,,"Journal of Targeting, Measurement and Analysis for Marketing",['2000' '1400'],123,Organizational Behavior and Human Resource Management,"Business, Management and Accounting",0.8616504854368932,1,2,B
1415,2898581472,Journal of Work and Organizational Psychology,1576-5962,,,,,356,8515,,,Revista de Psicologia del Trabajo y de las Organizaciones,['1400'],151,Organizational Behavior and Human Resource Management,"Business, Management and Accounting",0.45896656534954405,0,2,B
1416,204467137,SERIEs,1869-4187,,,,,356,3627,Series-Journal of the Spanish Economic Association,['ECONOMICS'],SERIEs,['2000'],44,Economics and Econometrics,"Economics, Econometrics and Finance",1.0,3,0,E
1417,2737155129,Journal of Central Banking Theory and Practice,1800-9581,,,,,356,3609,Journal of Central Banking Theory and Practice,"['BUSINESS, FINANCE']",Journal of Central Banking Theory and Practice,['2000'],139,"General Economics, Econometrics and Finance","Economics, Econometrics and Finance",1.0,3,1,E
1418,193803878,International Journal of Human Capital and Information Technology Professionals,1947-3478,,,,,354,2262,International Journal of Human Capital and Information Technology Professionals,['MANAGEMENT'],International Journal of Human Capital and Information Technology Professionals,['1400'],44,Organizational Behavior and Human Resource Management,"Business, Management and Accounting",0.4691358024691358,0,3,B
1419,150848784,Journal of Emerging Market Finance,0972-6527,Journal of Emerging Market Finance,['3502' '3801'],,,354,4366,Journal of Emerging Market Finance,"['BUSINESS, FINANCE']",Journal of Emerging Market Finance,['2000'],125,Finance,"Economics, Econometrics and Finance",1.0,4,2,E
1420,173627905,Journal of Agricultural & Food Industrial Organization,1542-0485,Journal of Agricultural and Food Industrial Organization,['3801'],,,354,4977,,,Journal of Agricultural and Food Industrial Organization,['2000' '1400'],107,Economics and Econometrics,"Economics, Econometrics and Finance",0.8865030674846626,3,1,E
1421,2737537699,Our Economy Journal of Contemporary Issues in Economics and Business,0547-3101,Nase Gospodarstvo,['3801' '3802' '3803'],,,354,1346,,,,,28,Economics and Econometrics,"Economics, Econometrics and Finance",1.0,4,0,E
1422,9019866,Journal of Transnational Management,1547-5778,Journal of Transnational Management,['3505' '3507'],,,354,3273,,,,,63,Strategy and Management,"Business, Management and Accounting",1.0,0,3,B
1423,31181851,Accounting in Europe,1744-9480,Accounting in Europe,['3501'],Accounting in Europe,F&A,353,10197,Accounting in Europe,"['BUSINESS, FINANCE']",Accounting in Europe,['2000' '1400'],253,Accounting,"Business, Management and Accounting",1.0,3,4,B
1424,68945430,Corporate Environmental Strategy,1066-7938,,,,,351,3764,,,Corporate Environmental Strategy,['1400'],51,Marketing,"Business, Management and Accounting",0.6690140845070423,0,2,B
1425,2764642258,Indian journal of industrial relations,0019-5286,Indian Journal of Industrial Relations,['3505' '3801'],,,351,2073,,,,,51,Organizational Behavior and Human Resource Management,"Business, Management and Accounting",0.48743718592964824,1,2,B
1426,4210169982,Eurasian economic review :,2147-429X,,,,,349,4530,Eurasian Economic Review,['ECONOMICS'],Eurasian Economic Review,['2000'],84,Economics and Econometrics,"Economics, Econometrics and Finance",1.0,3,0,E
1427,4210174681,Asia Pacific Business Review,0973-2470,Asian-Pacific Business Review,['3507'],,,349,1435,,,,,35,Accounting,"Business, Management and Accounting",1.0,0,2,B
1428,2764532243,Korean Economic Review/The Korean economic review,0254-3737,,,,,348,532,Korean Economic Review,['ECONOMICS'],Korean Economic Review,['2000'],52,Economics and Econometrics,"Economics, Econometrics and Finance",1.0,3,0,E
1429,2738972098,3C Empresa Investigación y pensamiento crítico,2254-3376,,,,,348,1290,3C Empresa,['BUSINESS'],,,89,Economics and Econometrics,"Economics, Econometrics and Finance",0.8493723849372385,1,1,A
1430,4387284526,Journal of Globalization Competitiveness and Governability,1988-7116,,,,,346,945,,,"Journal Globalization, Competitiveness and Governability",['2000' '1400'],46,Information Systems and Management,Decision Sciences,0.7245508982035929,1,1,A
1431,2764883386,Journal of Environmental Economics and Policy,2160-6544,,,,,346,4172,,,Journal of Environmental Economics and Policy,['2000'],169,Economics and Econometrics,"Economics, Econometrics and Finance",0.8563829787234043,2,0,E
1432,196716848,Journal of Human Capital,1932-8575,Journal of Human Capital,['3502' '3801'],Journal of Human Capital,Economics,345,7453,Journal of Human Capital,['ECONOMICS'],Journal of Human Capital,['2000'],72,Economics and Econometrics,"Economics, Econometrics and Finance",0.45075757575757575,5,1,E
1433,1034618884,International Journal of Customer Relationship Marketing and Management,1947-9247,,,,,344,1166,,,International Journal of Customer Relationship Marketing and Management,['1400'],132,Organizational Behavior and Human Resource Management,"Business, Management and Accounting",0.5641025641025641,0,2,B
1434,111478541,Marketing management,1061-3846,,,,,343,982,,,Marketing Management,['1400'],84,Strategy and Management,"Business, Management and Accounting",0.8854625550660793,0,2,B
1435,4210239487,Italian Economic Journal,2199-322X,,,,,343,2654,Italian Economic Journal,['ECONOMICS'],Italian Economic Journal,['2000'],61,Economics and Econometrics,"Economics, Econometrics and Finance",1.0,3,0,E
1436,65047066,International Journal of Services and Standards,1740-8849,International Journal of Services and Standards,['3504'],,,343,2081,,,International Journal of Services and Standards,['1400'],47,Information Systems and Management,Decision Sciences,0.42038216560509556,0,2,B
1437,2764416040,Quality Innovation Prosperity,1335-1745,,,,,343,3302,Quality Innovation Prosperity-Kvalita Inovacia Prosperita,['MANAGEMENT'],Quality Innovation Prosperity,['1400'],57,Management Information Systems,"Business, Management and Accounting",0.783625730994152,0,3,B
1438,4210227184,Cleaner and Responsible Consumption,2666-7843,,,,,343,4166,,,Cleaner and Responsible Consumption,['2000'],127,Marketing,"Business, Management and Accounting",0.655786350148368,1,1,A
1439,2764805720,Eurasian Economic Review,1309-4297,Eurasian Business Review,['3502' '3507'],,,342,8597,Eurasian Business Review,['ECONOMICS' 'MANAGEMENT' 'BUSINESS'],Eurasian Business Review,['2000' '1400'],91,Accounting,"Business, Management and Accounting",1.0,2,5,B
1440,127482291,Journal of Research in Marketing and Entrepreneurship,1471-5201,Journal of Research in Marketing and Entrepreneurship,['3506' '3507'],,,342,6717,Journal of Research in Marketing and Entrepreneurship,['BUSINESS'],Journal of Research in Marketing and Entrepreneurship,['1400'],204,Management of Technology and Innovation,"Business, Management and Accounting",0.8948598130841121,0,5,B
1441,86211607,Frontiers of Economics in China,1673-3444,Frontiers of Economics in China: selected publications from Chinese universities,['3502' '3801'],,,341,2434,,,Frontiers of Economics in China,['2000'],66,Economics and Econometrics,"Economics, Econometrics and Finance",1.0,3,1,E
1442,7006481,Margin The Journal of Applied Economic Research,0025-2921,,,,,340,3558,Margin-Journal of Applied Economic Research,['ECONOMICS'],Margin,['2000'],76,"General Economics, Econometrics and Finance","Economics, Econometrics and Finance",1.0,3,0,E
1443,2898124213,Journal of Accounting Literature,0737-4607,Journal of Accounting Literature,['3501' '3502'],Journal of Accounting Literature,F&A,340,7901,Journal of Accounting Literature,"['BUSINESS, FINANCE']",Journal of Accounting Literature,['1400'],157,Accounting,"Business, Management and Accounting",1.0,2,5,B
1444,2764701209,Intellectual Economics,1822-8011,,,,,340,1951,,,Intellectual Economics,['2000' '1400'],31,Economics and Econometrics,"Economics, Econometrics and Finance",0.6148148148148148,2,1,E
1445,2898542531,Revista de Contabilidad,1138-4891,,,,,339,5200,Revista de Contabilidad-Spanish Accounting Review,"['BUSINESS, FINANCE']",Revista de Contabilidad-Spanish Accounting Review,['1400'],96,Accounting,"Business, Management and Accounting",1.0,1,3,B
1446,4210167554,London Business School Review,2057-1607,,,,,339,413,,,London Business School Review,['2000' '1400'],13,Marketing,"Business, Management and Accounting",0.7857142857142857,1,2,B
1447,2737009078,APUNTES DEL CENES,0120-3053,,,,,338,1021,Apuntes del CENES,['ECONOMICS'],Apuntes del Cenes,['2000'],70,Economics and Econometrics,"Economics, Econometrics and Finance",0.5101214574898786,3,0,E
1448,2765062947,Journal of food distribution research,0047-245X,Journal of Food Distribution Research,['3506'],,,336,1972,,,Journal of Food Distribution Research,['2000' '1400'],68,Plant Science,Agricultural and Biological Sciences,0.5526315789473685,1,2,B
1449,4210184380,ISRA International Journal of Islamic Finance,0128-1976,,,,,336,4349,ISRA International Journal of Islamic Finance,"['BUSINESS, FINANCE']",ISRA International Journal of Islamic Finance,['2000' '1400'],284,Accounting,"Business, Management and Accounting",0.8428030303030303,2,3,B
1450,4210210387,Cross Cultural & Strategic Management,2059-5794,Cross Cultural and Strategic Management,['3507'],Cross Cultural and Strategic Management,"OS/OB,HRM/IR",336,6036,Cross Cultural & Strategic Management,['MANAGEMENT'],Cross Cultural and Strategic Management,['1400'],81,Strategy and Management,"Business, Management and Accounting",0.7957957957957958,0,5,B
1451,2738303727,Revista de estudios empresariales,0213-8964,,,,,336,788,Revista de Estudios Empresariales-Segunda Epoca,['BUSINESS'],,,38,Economics and Econometrics,"Economics, Econometrics and Finance",0.588957055214724,1,1,A
1452,2764820791,Journal of Organizational Ethnography,2046-6749,,,,,336,3337,Journal of Organizational Ethnography,['MANAGEMENT'],Journal of Organizational Ethnography,['1400'],102,Organizational Behavior and Human Resource Management,"Business, Management and Accounting",0.4533333333333333,0,3,B
1453,2764423627,Contemporary Management Research,1813-5498,Contemporary Management Research: an international journal,['3505' '3506' '3507'],,,333,5457,,,Contemporary Management Research,['2000' '1400'],62,Sociology and Political Science,Social Sciences,0.5510204081632653,1,4,B
1454,125058558,International Journal of Value-Based Management,0895-8815,,,,,333,2249,,,International Journal of Value-Based Management,['1400'],53,Information Systems and Management,Decision Sciences,0.576,0,1,X
1455,2737372166,Economics,2303-5005,,,,,333,1740,,,ECONOMICS - Innovative and Economics Research Journal,['2000' '1400'],37,Economics and Econometrics,"Economics, Econometrics and Finance",0.8394160583941606,2,1,E
1456,11647023,Applied Economics Quarterly,1611-6607,Applied Economics Quarterly,['3502' '3801'],,,333,1897,,,Applied Economics Quarterly,['2000'],78,"General Economics, Econometrics and Finance","Economics, Econometrics and Finance",1.0,3,1,E
1457,4210170931,Annual Review of Financial Economics,1941-1367,Annual Review of Financial Economics,['3502'],Annual Review of Financial Economics,Economics,333,21998,Annual Review of Financial Economics,"['ECONOMICS' 'BUSINESS, FINANCE']",Annual Review of Financial Economics,['2000'],126,Finance,"Economics, Econometrics and Finance",1.0,4,2,E
1458,4387287903,REGEPE Entrepreneurship and Small Business Journal,2965-1506,,,,,332,1249,,,REGEPE Entrepreneurship and Small Business Journal,['2000' '1400'],174,Information Systems and Management,Decision Sciences,0.5195652173913043,1,1,A
1459,10891802,International Journal of Technology Intelligence and Planning,1740-2832,International Journal of Technology Intelligence and Planning,['3503' '3507'],,,332,2197,,,International Journal of Technology Intelligence and Planning,['1400'],129,Strategy and Management,"Business, Management and Accounting",0.7622950819672131,0,4,B
1460,4210174903,Scientific Bulletin of Mukachevo State University Series “Economics”,2313-8114,,,,,332,654,Scientific Bulletin of Mukachevo State University-Series Economics,"['BUSINESS, FINANCE']",Scientific Bulletin of Mukachevo State University. Series Economics,['2000' '1400'],126,"General Economics, Econometrics and Finance","Economics, Econometrics and Finance",0.6666666666666666,3,2,E
1461,134015283,International Journal of Revenue Management,1474-7332,International Journal of Revenue Management,['3502'],,,332,1813,,,International Journal of Revenue Management,['2000' '1400'],60,Management Information Systems,"Business, Management and Accounting",1.0,1,3,B
1462,2898359650,Operations Research Perspectives,2214-7160,,,,,331,7741,,,Operations Research Perspectives,['1400'],58,Management Information Systems,"Business, Management and Accounting",0.5242718446601942,0,2,B
1463,4210172729,Journal of Humanitarian Logistics and Supply Chain Management,2042-6747,,,,,331,8437,Journal of Humanitarian Logistics and Supply Chain Management,['MANAGEMENT'],Journal of Humanitarian Logistics and Supply Chain Management,['1400'],235,Organizational Behavior and Human Resource Management,"Business, Management and Accounting",0.8469945355191257,0,3,B
1464,2764742896,Journal of Economic Research (JER),1226-4261,Journal of Economic Research,['3801' '3802' '3803'],,,330,1075,,,,,51,Economics and Econometrics,"Economics, Econometrics and Finance",1.0,4,0,E
1465,176018216,International Journal of Operations Research and Information Systems,1947-9328,,,,,330,1454,,,International Journal of Operations Research and Information Systems,['1400'],42,Management Information Systems,"Business, Management and Accounting",0.4473684210526316,0,2,B
1466,2764507295,South Asian Journal of Business and Management Cases,2277-9779,,,,,330,1236,,,South Asian Journal of Business and Management Cases,['1400'],40,Business and International Management,"Business, Management and Accounting",1.0,0,2,B
1467,4404661665,Journal of business and management.,1535-668X,Journal of Business and Management,['3505' '3507'],,,329,2595,,,,,13,Management of Technology and Innovation,"Business, Management and Accounting",0.6530612244897959,0,3,B
1468,2737717374,Ekonomska misao i praksa,1330-1039,,,,,328,444,Ekonomska Misao i Praksa-Economic Thought and Practice,['ECONOMICS'],Economic Thought and Practice,['2000'],104,Economics and Econometrics,"Economics, Econometrics and Finance",0.6648351648351648,3,0,E
1469,164875865,International Journal of Banking Accounting and Finance,1755-3830,"International Journal of Banking, Accounting and Finance",['3501' '3502'],,,327,1230,,,"International Journal of Banking, Accounting and Finance",['2000' '1400'],104,Accounting,"Business, Management and Accounting",1.0,1,4,B
1470,26927318,Asian Journal on Quality,1598-2688,Asian Journal on Quality,['3507'],,,327,1925,,,,,86,Management Information Systems,"Business, Management and Accounting",0.7268518518518519,0,2,B
1471,4210183797,Public Sector Economics,2459-8860,,,,,327,1519,,,Public Sector Economics,['2000'],91,Economics and Econometrics,"Economics, Econometrics and Finance",0.8693693693693694,2,0,E
1472,4210221031,Theoretical and Practical Research in Economic Fields,2068-7710,,,,,326,454,,,Theoretical and Practical Research in the Economic Fields,['2000'],34,Economics and Econometrics,"Economics, Econometrics and Finance",0.6141732283464567,2,0,E
1473,4210202212,INFORMS Journal on Applied Analytics,2644-0865,,,,,326,1457,INFORMS Journal on Applied Analytics,['MANAGEMENT'],INFORMS Journal on Applied Analytics,['1400'],41,Management Information Systems,"Business, Management and Accounting",0.44366197183098594,0,3,B
1474,4210206015,Quantitative Marketing and Economics,1570-7156,Quantitative Marketing and Economics,['3801'],Quantitative Marketing and Economics,Marketing,325,12162,QME-Quantitative Marketing and Economics,['ECONOMICS' 'BUSINESS'],Quantitative Marketing and Economics,['2000' '1400'],244,Marketing,"Business, Management and Accounting",1.0,3,4,B
1475,4210172834,Revista de Economía Institucional,0124-5996,Revista de Economia Institucional,['3502' '3801' '3803'],,,325,828,,,Revista de Economia Institucional,['2000'],70,"General Economics, Econometrics and Finance","Economics, Econometrics and Finance",0.6782945736434108,4,1,E
1476,4210204469,International Journal of Economics and Accounting,2041-868X,International Journal of Economics and Accounting,['3501' '3502'],,,324,661,,,,,80,Accounting,"Business, Management and Accounting",1.0,0,3,B
1477,4210179340,Économie internationale,1240-8093,,,,,324,2394,,,Economie Internationale,['2000' '1400'],103,"General Economics, Econometrics and Finance","Economics, Econometrics and Finance",1.0,2,1,E
1478,112983894,Portuguese Economic Journal,1617-982X,Portuguese Economic Journal,['3801' '3802' '3803'],,,323,6870,Portuguese Economic Journal,['ECONOMICS'],Portuguese Economic Journal,['2000'],65,Economics and Econometrics,"Economics, Econometrics and Finance",1.0,6,0,E
1479,4210184227,World Journal of Science Technology and Sustainable Development,2042-5945,,,,,322,3781,,,"World Journal of Science, Technology and Sustainable Development",['1400'],25,Business and International Management,"Business, Management and Accounting",0.6893203883495146,0,2,B
1480,4210225772,REICE Revista Electrónica de Investigación en Ciencias Económicas,2308-782X,,,,,322,285,REICE-Revista Electronica de Investigacion en Ciencias Economicas,['ECONOMICS'],,,76,Economics and Econometrics,"Economics, Econometrics and Finance",0.734375,2,0,E
1481,86301901,Revista de economía aplicada/Revista de economía aplicada,1133-455X,Revista de Economia Aplicada,['3502' '3801'],,,321,3090,,,Revista de Economia Aplicada,['2000'],38,Economics and Econometrics,"Economics, Econometrics and Finance",0.774390243902439,3,1,E
1482,2737763312,Business Systems Research Journal,1847-8344,,,,,320,3239,Business Systems Research Journal,['BUSINESS'],Business Systems Research,['2000' '1400'],22,Management Information Systems,"Business, Management and Accounting",0.7586206896551724,1,3,B
1483,7241030,Cliometrica,1863-2505,,,,,320,5252,Cliometrica,['ECONOMICS'],Cliometrica,['2000'],136,Economics and Econometrics,"Economics, Econometrics and Finance",0.8143322475570033,3,0,E
1484,2764768042,Journal of Economics Finance and Administrative Science,2077-1886,"Journal of Economics, Finance and Administrative Science",['3801' '3802'],,,319,5540,Journal of Economics Finance and Administrative Science,['ECONOMICS'],"Journal of Economics, Finance and Administrative Science",['2000'],53,Accounting,"Business, Management and Accounting",1.0,4,1,E
1485,4210234539,Research in Globalization,2590-051X,,,,,319,5093,Research in Globalization,['ECONOMICS'],Research in Globalization,['2000'],43,Economics and Econometrics,"Economics, Econometrics and Finance",0.7828571428571428,3,0,E
1486,2764761084,Foundations of Management,2080-7279,,,,,319,2592,Foundations of Management,['MANAGEMENT'],Foundations of Management,['1400'],27,Strategy and Management,"Business, Management and Accounting",1.0,0,3,B
1487,2736877889,Management & Marketing,1842-0206,Management and Marketing,['3506' '3507'],,,318,4510,Management & Marketing,['BUSINESS'],Management and Marketing,['1400'],53,Marketing,"Business, Management and Accounting",0.6292682926829268,0,5,B
1488,100711025,Review of Derivatives Research,1380-6645,Review of Derivatives Research,['3502'],Review of Derivatives Research,F&A,318,8155,Review of Derivatives Research,"['ECONOMICS' 'BUSINESS, FINANCE']",Review of Derivatives Research,['2000'],236,Finance,"Economics, Econometrics and Finance",1.0,4,2,E
1489,2764881094,International journal of business and economics,1607-0704,International Journal of Business and Economics,['3502' '3801'],,,318,1741,,,,,40,"General Economics, Econometrics and Finance","Economics, Econometrics and Finance",1.0,2,1,E
1490,4210173453,AMS Review,1869-814X,AMS Review,['3506'],,,318,7520,,,AMS Review,['1400'],118,Marketing,"Business, Management and Accounting",0.8357348703170029,0,3,B
1491,4210208451,Quarterly Journal of Finance,2010-1392,Quarterly Journal of Finance,['3502'],,,317,5222,Quarterly Journal of Finance,"['BUSINESS, FINANCE']",Quarterly Journal of Finance,['2000' '1400'],144,Finance,"Economics, Econometrics and Finance",1.0,3,3,A
1492,4210169699,China Journal of Accounting Studies,2169-7213,China Journal of Accounting Studies,['3501'],,,317,1988,,,China Journal of Accounting Studies,['1400'],205,Accounting,"Business, Management and Accounting",1.0,0,3,B
1493,2736886050,Contabilidad y Negocios,1992-1896,,,,,316,714,Contabilidad y Negocios,"['BUSINESS, FINANCE']",,,78,Economics and Econometrics,"Economics, Econometrics and Finance",0.7593984962406015,2,1,E
1494,49164534,Journal of International Commerce Economics and Policy,1793-9933,,,,,316,3216,Journal of International Commerce Economics and Policy,['ECONOMICS'],"Journal of International Commerce, Economics and Policy",['2000' '1400'],88,"General Economics, Econometrics and Finance","Economics, Econometrics and Finance",1.0,3,1,E
1495,2898409089,BRQ Business Research Quarterly,2340-9436,Brq Business Research Quarterly,['3507'],,,316,11072,,,BRQ Business Research Quarterly,['2000' '1400'],93,Accounting,"Business, Management and Accounting",1.0,1,3,B
1496,2737109034,International Journal of Innovation,2318-9975,,,,,315,1860,International Journal of Innovation,['BUSINESS'],International Journal of Innovation,['1400'],74,Information Systems and Management,Decision Sciences,0.6492890995260664,0,2,B
1497,2764777187,Annals of Financial Economics,2010-4952,Annals of Financial Economics,['3502' '3801'],,,314,2245,Annals of Financial Economics,['ECONOMICS'],Annals of Financial Economics,['2000' '1400'],94,Economics and Econometrics,"Economics, Econometrics and Finance",1.0,4,2,E
1498,2764933238,New England journal of entrepreneurship,1550-333X,New England Journal of Entrepreneurship,['3505' '3507'],,,313,4113,,,New England Journal of Entrepreneurship,['2000' '1400'],173,Management of Technology and Innovation,"Business, Management and Accounting",1.0,1,4,B
1499,157595173,Journal of Organizational Excellence,1531-1864,,,,,313,1908,,,Journal of Organizational Excellence,['1400'],26,Organizational Behavior and Human Resource Management,"Business, Management and Accounting",1.0,0,2,B
1500,4210214961,Revue de gestion des ressources humaines,1163-913X,,,,,313,2002,,,Revue de Gestion des Ressources Humaines,['1400'],79,Organizational Behavior and Human Resource Management,"Business, Management and Accounting",0.6192170818505338,0,2,B
1501,3035068822,Journal of Organization Design,2245-408X,,,,,313,4898,Journal of Organization Design,['MANAGEMENT' 'BUSINESS'],Journal of Organization Design,['1400'],118,Strategy and Management,"Business, Management and Accounting",0.8260869565217391,0,3,B
1502,4210193511,Economics and Mathematical Methods,0424-7388,,,,,312,646,Ekonomika i Matematiceskie Metody-Economics and Mathematical Methods,['ECONOMICS'],,,97,Development,Social Sciences,0.5,1,0,X
1503,4306522742,Politica economica,,,,,,311,1069,Politica Economica,['ECONOMICS'],Politica Economica,['2000'],84,Economics and Econometrics,"Economics, Econometrics and Finance",0.8820960698689956,3,0,E
1504,72072742,International Journal of Rural Management,0973-0052,,,,,311,2358,,,International Journal of Rural Management,['1400'],52,Economics and Econometrics,"Economics, Econometrics and Finance",0.4975369458128079,1,1,A
1505,2764958490,Iranian journal of management studies,2008-7055,Iranian Journal of Management Studies,['3507'],,,311,2510,Iranian Journal of Management Studies,['MANAGEMENT'],Iranian Journal of Management Studies,['1400'],39,Organizational Behavior and Human Resource Management,"Business, Management and Accounting",0.8359375,0,4,B
1506,4210176635,International Review,2217-9739,,,,,309,1192,International Review,['ECONOMICS'],,,55,Economics and Econometrics,"Economics, Econometrics and Finance",0.7666666666666667,2,0,E
1507,170200280,Journal of Australian political economy,0156-5826,,,,,308,1545,Journal of Australian Political Economy,['ECONOMICS'],Journal of Australian Political Economy,['2000'],46,Finance,"Economics, Econometrics and Finance",0.6197916666666666,3,0,E
1508,2738848155,Contemporary Economics,2084-0845,,,,,308,2435,Contemporary Economics,['ECONOMICS'],Contemporary Economics,['2000' '1400'],30,"General Economics, Econometrics and Finance","Economics, Econometrics and Finance",1.0,3,1,E
1509,2764905064,Multinational Finance Journal,1096-1879,Multinational Finance Journal,['3502'],,,307,3906,,,Multinational Finance Journal,['1400'],91,Finance,"Economics, Econometrics and Finance",1.0,1,2,B
1510,4210218959,Journal of Hospital Management and Health Policy,2523-2533,,,,,307,1047,,,Journal of Hospital Management and Health Policy,['1400'],44,Economics and Econometrics,"Economics, Econometrics and Finance",0.6111111111111112,1,1,A
1511,2738796003,Zbornik radova Ekonomskog fakulteta u Rijeci,1331-8004,,,,,307,1631,Zbornik Radova Ekonomskog Fakulteta u Rijeci-Proceedings of Rijeka Faculty of Economics,['ECONOMICS'],Zbornik radova Ekonomskog fakulteta u Rijeci / Proceedings of Rijeka Faculty of Economics,['2000' '1400'],30,Economics and Econometrics,"Economics, Econometrics and Finance",1.0,3,1,E
1512,44261207,Hitotsubashi journal of economics,0018-280X,Hitotsubashi Journal of Economics,['3801' '3802' '3803'],,,306,2776,HITOTSUBASHI JOURNAL OF ECONOMICS,['ECONOMICS'],Hitotsubashi Journal of Economics,['2000' '1400'],43,"General Economics, Econometrics and Finance","Economics, Econometrics and Finance",1.0,6,1,E
1513,3297139,International Journal of Financial Services Management,1460-6712,International Journal of Financial Services Management,['3502'],,,305,1502,,,,,64,Accounting,"Business, Management and Accounting",1.0,0,2,B
1514,2764544156,Journal of Economic Theory And Econometrics,1229-2893,,,,,304,232,,,Journal of Economic Theory and Econometrics,['2000'],53,Economics and Econometrics,"Economics, Econometrics and Finance",1.0,2,0,E
1515,2764980737,The Philippine Review of Economics,1655-1516,Philippine Review of Economics,['35' '38'],,,304,403,,,Philippine Review of Economics,['2000'],35,"General Economics, Econometrics and Finance","Economics, Econometrics and Finance",0.6581196581196581,3,1,E
1516,2736404288,Decyzje,1733-0092,,,,,304,698,,,Decyzje,['2000'],35,Strategy and Management,"Business, Management and Accounting",0.43661971830985913,1,1,A
1517,188292526,Econ journal watch,1933-527X,Econ Journal Watch,['3801' '3802' '3803'],,,304,2535,Econ Journal Watch,['ECONOMICS'],Econ Journal Watch,['2000'],71,Economics and Econometrics,"Economics, Econometrics and Finance",0.9113924050632911,6,0,E
1518,4210226759,Quantitative Finance and Economics,2573-0134,,,,,304,3399,Quantitative Finance and Economics,"['BUSINESS, FINANCE']",Quantitative Finance and Economics,['2000' '1400'],111,Economics and Econometrics,"Economics, Econometrics and Finance",1.0,3,2,E
1519,2764697442,Journal of Retail & Leisure Property,1479-1110,,,,,303,3675,,,Journal of Retail and Leisure Property,['2000' '1400'],62,Marketing,"Business, Management and Accounting",0.5555555555555556,1,2,B
1520,2765035765,Korea and the World Economy,2234-2346,Korea and the World Economy,['3801' '3899'],,,302,911,,,,,68,"General Economics, Econometrics and Finance","Economics, Econometrics and Finance",1.0,3,0,E
1521,120011570,Global Journal of Emerging Market Economies,0974-9101,,,,,302,2620,,,Global Journal of Emerging Market Economies,['2000' '1400'],56,"General Economics, Econometrics and Finance","Economics, Econometrics and Finance",1.0,2,1,E
1522,2764804572,Economic Theory Bulletin,2196-1085,Economic Theory Bulletin,['3801' '3803'],,,302,1097,Economic Theory Bulletin,['ECONOMICS'],,,154,Economics and Econometrics,"Economics, Econometrics and Finance",0.531322505800464,4,0,E
1523,4210210758,Asian Journal of Business Research,1178-8933,Asian Journal of Business Research,['35'],,,301,3285,,,Asian Journal of Business Research,['1400'],63,Sociology and Political Science,Social Sciences,0.5424528301886793,0,2,B
1524,4210229491,Journal of Intelligence Studies in Business,2001-015X,,,,,301,2329,Journal of Intelligence Studies in Business,['BUSINESS'],,,174,Strategy and Management,"Business, Management and Accounting",0.9743589743589743,0,2,B
1525,4210181789,Journal of the International Council for Small Business,2643-7015,,,,,300,1498,Journal of the International Council for Small Business,['MANAGEMENT' 'BUSINESS'],Journal of the International Council for Small Business,['1400'],153,Management of Technology and Innovation,"Business, Management and Accounting",1.0,0,3,B
1526,4210192771,Economic and Political Studies,2095-4816,,,,,300,3288,,,Economic and Political Studies,['2000'],31,Finance,"Economics, Econometrics and Finance",0.8217054263565892,2,0,E
1527,29616527,Applied Financial Economics Letters,1744-6546,,,,,299,2808,,,Applied Financial Economics Letters,['2000'],110,Finance,"Economics, Econometrics and Finance",1.0,2,0,E
1528,4210221741,Organizations and Markets in Emerging Economies,2029-4581,Organizations and Markets in Emerging Economies,['3507'],,,299,2710,Organizations and Markets in Emerging Economies,['ECONOMICS'],Organizations and Markets in Emerging Economies,['2000' '1400'],35,Sociology and Political Science,Social Sciences,0.7682119205298014,2,2,A
1529,2764503137,Economics of Development,1683-1942,,,,,299,617,,,Economics of Development,['2000' '1400'],119,"Management, Monitoring, Policy and Law",Environmental Science,0.6426735218508998,1,1,A
1530,4210229507,EconomiA,1517-7580,,,,,299,2980,,,EconomiA,['2000'],78,"General Economics, Econometrics and Finance","Economics, Econometrics and Finance",1.0,2,0,E
1531,4210210207,Journal of Management Analytics,2327-0012,Journal of Management Analytics,['3503' '3507'],,,298,7629,Journal of Management Analytics,['MANAGEMENT' 'BUSINESS'],Journal of Management Analytics,['1400'],69,Management Information Systems,"Business, Management and Accounting",0.8883248730964467,0,5,B
1532,4210205797,Notas Económicas,0872-4733,,,,,298,646,,,Notas Economicas,['2000'],37,"General Economics, Econometrics and Finance","Economics, Econometrics and Finance",0.8211382113821138,2,0,E
1533,2764541937,Journal of Economics and Development,1859-0020,,,,,296,3743,Journal of Economics and Development,['ECONOMICS'],Journal of Economics and Development,['2000' '1400'],61,Economics and Econometrics,"Economics, Econometrics and Finance",0.859375,3,1,E
1534,4210180518,Asia-Pacific Journal of Risk and Insurance,1793-2157,Asia-Pacific Journal of Risk and Insurance,['3502'],,,295,827,,,,,144,Economics and Econometrics,"Economics, Econometrics and Finance",0.48284960422163586,1,1,A
1535,2764820232,Review of Business Research,1546-2609,Review of Business Research,['3507'],,,295,361,,,,,11,Education,Social Sciences,0.6078431372549019,0,1,X
1536,4306503306,Asian Review of Financial Research,1229-0351,,,,,293,354,,,Asian Review of Financial Research,['2000'],58,Accounting,"Business, Management and Accounting",1.0,1,1,A
1537,4210219837,International Journal of Diplomacy and Economy,2049-0887,,,,,293,467,,,International Journal of Diplomacy and Economy,['2000' '1400'],35,Economics and Econometrics,"Economics, Econometrics and Finance",0.8188976377952756,2,1,E
1538,4210181465,Transnational corporations,1014-9562,Transnational Corporations,['3507'],Transnational Corporations,"Economics, IB",292,5255,,,Transnational Corporations,['2000' '1400'],111,Strategy and Management,"Business, Management and Accounting",1.0,2,4,B
1539,4210219166,Management and Accounting Review,2550-1895,,,,,292,936,,,Management and Accounting Review,['2000' '1400'],76,Accounting,"Business, Management and Accounting",0.8819875776397516,1,2,B
1540,4210199182,JOURNAL OF EUROPEAN ECONOMY,2519-4070,,,,,291,604,,,Journal of European Economy,['2000'],119,"General Economics, Econometrics and Finance","Economics, Econometrics and Finance",0.7894736842105263,2,0,E
1541,4386621735,International Journal of Management Studies,2180-2467,International Journal of Management Studies,['3507'],,,291,1235,International Journal of Management Studies,['MANAGEMENT'],,,80,Accounting,"Business, Management and Accounting",0.6910112359550562,0,3,B
1542,4210227174,Engineering Management in Production and Services,2543-6597,,,,,291,2971,,,Engineering Management in Production and Services,['1400'],28,Management Information Systems,"Business, Management and Accounting",0.6548672566371682,0,2,B
1543,56187647,International Journal of Logistics Economics and Globalisation,1741-5373,International Journal of Logistics Economics and Globalisation,['3801'],,,291,943,,,,,54,Management Information Systems,"Business, Management and Accounting",1.0,1,1,A
1544,2764669261,Journal of Hospital Marketing,0883-7570,Journal of Hospital Marketing and Public Relations,['3506'],,,291,602,,,Journal of Hospital Marketing,['1400'],54,Organizational Behavior and Human Resource Management,"Business, Management and Accounting",0.6476683937823834,0,3,B
1545,83882168,Journal of International Trade Law and Policy,1477-0024,,,,,290,1735,,,Journal of International Trade Law and Policy,['2000' '1400'],113,"General Economics, Econometrics and Finance","Economics, Econometrics and Finance",0.6621621621621622,2,1,E
1546,4210183343,Journal of Creating Value,2394-9643,Journal of Creating Value,['3507'],,,289,2194,Journal of Creating Value,['MANAGEMENT' 'BUSINESS'],Journal of Creating Value,['1400'],102,Marketing,"Business, Management and Accounting",0.8852459016393442,0,4,B
1547,4210173595,American Journal of Health Economics,2332-3493,,,,,289,3957,American Journal of Health Economics,['ECONOMICS'],American Journal of Health Economics,['2000'],128,Economics and Econometrics,"Economics, Econometrics and Finance",0.5227963525835866,3,0,E
1548,55099511,Research in Organizational Behavior,0191-3085,,,Research in Organizational Behavior,"OS/OB,HRM/IR",288,70074,Research in Organizational Behavior,['MANAGEMENT'],Research in Organizational Behavior,['1400'],59,Organizational Behavior and Human Resource Management,"Business, Management and Accounting",0.5476190476190477,0,4,B
1549,71377650,Baltic Journal of Economics,1406-099X,Baltic Journal of Economics,['35' '38'],,,286,2011,Baltic Journal of Economics,['ECONOMICS'],Baltic Journal of Economics,['2000'],50,"General Economics, Econometrics and Finance","Economics, Econometrics and Finance",1.0,4,1,E
1550,88344008,Applied econometrics and international development,1578-4487,,,,,286,1396,,,Applied Econometrics and International Development,['2000'],82,"General Economics, Econometrics and Finance","Economics, Econometrics and Finance",1.0,2,0,E
1551,2736787908,Asian Academy of Management Journal,1394-2603,Asian Academy of Management Journal,['3505' '3507'],,,285,4069,Asian Academy of Management Journal,['MANAGEMENT'],Asian Academy of Management Journal,['1400'],43,Accounting,"Business, Management and Accounting",1.0,0,5,B
1552,2898237991,Economics of Transportation,2212-0122,,,,,285,4887,Economics of Transportation,['ECONOMICS' 'TRANSPORTATION'],Economics of Transportation,['2000'],104,Transportation,Social Sciences,0.42024539877300615,2,1,E
1553,2764466227,IIM Kozhikode Society & Management Review,2277-9752,,,,,285,2400,IIM Kozhikode Society & Management Review,['MANAGEMENT'],,,22,Marketing,"Business, Management and Accounting",0.6,0,2,B
1554,983446,Business Strategy Series,1751-5637,Journal of Behavioral Strategy,['3505' '3507'],,,285,5261,,,Business Strategy Series,['1400'],42,Strategy and Management,"Business, Management and Accounting",1.0,0,4,B
1555,4210198461,ECONOMIA PUBBLICA,0390-6140,,,,,284,422,,,Economia Pubblica,['2000'],48,Marketing,"Business, Management and Accounting",0.6086956521739131,1,1,A
1556,2736647864,Retos,1390-6291,,,,,284,1848,Retos-Revista de Ciencias de la Administracion y Economia,['ECONOMICS'],Retos (Ecuador),['2000' '1400'],114,Economics and Econometrics,"Economics, Econometrics and Finance",0.7723214285714286,3,1,E
1557,2739118867,Revista Universidad y Empresa,0124-4639,,,,,284,1241,Revista Universidad Empresa,['BUSINESS'],,,135,Economics and Econometrics,"Economics, Econometrics and Finance",0.8373493975903614,1,1,A
1558,2738004809,The Journal of Philosophical Economics,1843-2298,,,,,282,1291,Journal of Philosophical Economics,['ECONOMICS'],Journal of Philosophical Economics: Reflections on Economic and Social Issues,['2000'],144,Economics and Econometrics,"Economics, Econometrics and Finance",0.8035714285714286,3,0,E
1559,2764526016,"Journal of transportation law, logistics, and policy",1078-5906,"Journal of Transportation Law, Logistics and Policy",['3509'],,,281,149,,,,,99,Strategy and Management,"Business, Management and Accounting",0.7014925373134329,0,2,B
1560,63345707,International Journal of Environment Workplace and Employment,1741-8437,,,,,280,902,,,"International Journal of Environment, Workplace and Employment",['1400'],34,Marketing,"Business, Management and Accounting",0.6016949152542372,0,2,B
1561,125379575,Journal of Chinese Economic and Foreign Trade Studies,1754-4408,Journal of Chinese Economic and Foreign Trade Studies,['3502' '3507'],,,278,3217,Journal of Chinese Economic and Foreign Trade Studies,['ECONOMICS'],Journal of Chinese Economic and Foreign Trade Studies,['2000'],114,"General Economics, Econometrics and Finance","Economics, Econometrics and Finance",1.0,3,2,E
1562,2764536255,Journal of cost management,1092-8057,Cost Management,['3501'],,,278,2038,,,,,61,Management Information Systems,"Business, Management and Accounting",0.7194244604316546,0,2,B
1563,2737221291,Zagreb international review of economics and business/Zagreb international review of economics & business,1331-5609,Zagreb International Review of Economics and Business,['3801' '3802' '3803'],,,278,1867,Zagreb International Review of Economics & Business,['ECONOMICS'],,,35,Economics and Econometrics,"Economics, Econometrics and Finance",1.0,5,0,E
1564,4210173693,Asian Journal of Economic Modelling,2312-3656,,,,,277,1473,,,Asian Journal of Economic Modelling,['2000'],53,Economics and Econometrics,"Economics, Econometrics and Finance",1.0,2,0,E
1565,4210183760,Strategy Science,2333-2050,Strategy Science,['3507'],Strategy Science,Gen & Strat,277,5862,Strategy Science,['MANAGEMENT'],Strategy Science,['1400'],108,Strategy and Management,"Business, Management and Accounting",1.0,0,5,B
1566,4210187686,Ekonomski horizonti,1450-863X,,,,,277,1544,,,Economic Horizons,['2000' '1400'],35,Economics and Econometrics,"Economics, Econometrics and Finance",1.0,2,1,E
1567,4210219434,South African Journal of Accounting Research,1029-1954,South African Journal of Accounting Research,['3501' '3502'],,,277,2287,South African Journal of Accounting Research,"['BUSINESS, FINANCE']",South African Journal of Accounting Research,['1400'],81,Accounting,"Business, Management and Accounting",1.0,1,5,B
1568,4306515674,Journal of International Business and Economy,1527-8603,Journal of International Business and Economy,['3502' '3801'],,,277,785,,,,,53,Strategy and Management,"Business, Management and Accounting",1.0,1,2,B
1569,4210204571,Prakseologia,0079-4872,,,,,276,203,,,Prakseologia,['1400'],82,Strategy and Management,"Business, Management and Accounting",0.5095238095238095,0,2,B
1570,4210218316,European Journal of Management and Business Economics,2444-8451,European Journal of Management and Business Economics,['3801'],,,276,7120,European Journal of Management and Business Economics,['ECONOMICS' 'MANAGEMENT' 'BUSINESS'],European Journal of Management and Business Economics,['2000' '1400'],49,Sociology and Political Science,Social Sciences,0.7231638418079096,3,2,E
1571,4210176106,Journal of Management Control,2191-4761,Journal of Management Control,['3501'],Journal of Management Control,F&A,275,6193,Journal of Management Control,['MANAGEMENT'],Journal of Management Control,['1400'],122,Management Information Systems,"Business, Management and Accounting",1.0,1,4,B
1572,4210218084,Complex Systems Informatics and Modeling Quarterly,2255-9922,,,,,274,1324,,,Complex Systems Informatics and Modeling Quarterly,['1400'],70,Management Information Systems,"Business, Management and Accounting",0.7681818181818182,0,2,B
1573,173177581,International Journal of Accounting and Finance,1752-8224,International Journal of Accounting and Finance,['3501' '3502'],,,274,857,,,,,76,Accounting,"Business, Management and Accounting",1.0,0,3,B
1574,2764833774,Accounting History Review,2155-2851,Accounting History Review,['3501'],Accounting History Review,Bus Hist,274,1888,Accounting History Review,['BUSINESS'],Accounting History Review,['1400'],136,Management Information Systems,"Business, Management and Accounting",1.0,0,5,B
1575,2764962862,Business and Economic Horizons,1804-1205,,,,,273,2873,,,Business and Economic Horizons,['2000' '1400'],29,Accounting,"Business, Management and Accounting",1.0,1,2,B
1576,2736251538,The Review of Corporate Finance Studies,2046-9128,Review of Corporate Finance Studies,['3502'],Review of Corporate Finance Studies,F&A,273,8677,Review of Corporate Finance Studies,"['BUSINESS, FINANCE']",Review of Corporate Finance Studies,['2000' '1400'],129,Accounting,"Business, Management and Accounting",1.0,3,4,B
1577,4210203263,Asian Journal of Accounting and Governance,2180-3838,,,,,272,1723,Asian Journal of Accounting and Governance,"['BUSINESS, FINANCE']",,,97,Accounting,"Business, Management and Accounting",1.0,1,2,B
1578,4210195776,Journal of International Education in Business,1836-3261,,,,,272,3548,,,Journal of International Education in Business,['1400'],70,Communication,Social Sciences,0.428,0,1,X
1579,4210223519,Cleaner Logistics and Supply Chain,2772-3909,,,,,271,4527,,,Cleaner Logistics and Supply Chain,['1400'],156,Strategy and Management,"Business, Management and Accounting",0.8562691131498471,0,2,B
1580,4210200923,Annual Review of Organizational Psychology and Organizational Behavior,2327-0608,,,Annual Review of Organizational Psychology and Organiza,"Psychology, OS/OB,HRM/IR",270,46516,Annual Review of Organizational Psychology and Organizational Behavior,['MANAGEMENT'],Annual Review of Organizational Psychology and Organizational Behavior,['1400'],96,Organizational Behavior and Human Resource Management,"Business, Management and Accounting",0.6774193548387096,0,4,B
1581,2764958792,Asian Journal of Empirical Research,2224-4425,Asian Journal of Empirical Research,['3802' '3801' '3899'],,,270,883,,,,,30,Economics and Econometrics,"Economics, Econometrics and Finance",0.8240740740740741,4,0,E
1582,81639433,Forum for Health Economics & Policy,1558-9544,,,,,270,3495,,,Forum for Health Economics and Policy,['2000'],106,Economics and Econometrics,"Economics, Econometrics and Finance",0.6226993865030674,2,0,E
1583,2764732466,Global business and management research,1947-5667,Global Business and Management Research: an International Journal,['3505' '3507'],,,269,3369,,,,,26,Accounting,"Business, Management and Accounting",0.8461538461538461,0,3,B
1584,2736975137,Journal of Indonesian Economy and Business,0215-2487,Journal of Indonesian Economy and Business,['35' '38'],,,267,2437,,,Journal of Indonesian Economy and Business,['2000' '1400'],25,Accounting,"Business, Management and Accounting",0.7927927927927928,2,3,B
1585,175723052,Argumenta Oeconomica,1233-5835,,,,,266,1101,Argumenta Oeconomica,['ECONOMICS'],Argumenta Oeconomica,['2000' '1400'],23,Political Science and International Relations,Social Sciences,0.7472527472527473,2,1,E
1586,4210190232,Academic Review,2074-5354,,,,,265,330,Academy Review,"['ECONOMICS' 'MANAGEMENT' 'BUSINESS, FINANCE']",,,73,"General Economics, Econometrics and Finance","Economics, Econometrics and Finance",0.72,2,1,E
1587,4210180889,Central European Economic Journal,2543-6821,,,,,265,702,,,Central European Economic Journal,['2000'],25,Economics and Econometrics,"Economics, Econometrics and Finance",1.0,2,0,E
1588,4210233507,Entrepreneurship Education and Pedagogy,2515-1274,,,,,263,4172,,,Entrepreneurship Education and Pedagogy,['1400'],185,Management of Technology and Innovation,"Business, Management and Accounting",0.7410256410256411,0,2,B
1589,4210215609,Economics ecology socium,2616-7107,,,,,263,856,Economics Ecology Socium,['ECONOMICS' 'BUSINESS'],,,58,"General Economics, Econometrics and Finance","Economics, Econometrics and Finance",0.65625,2,1,E
1590,2898275063,European Research on Management and Business Economics,2444-8834,European Research on Management and Business Economics,['3507' '3801'],,,263,10720,European Research on Management and Business Economics,['ECONOMICS' 'MANAGEMENT' 'BUSINESS'],European Research on Management and Business Economics,['2000' '1400'],35,Management of Technology and Innovation,"Business, Management and Accounting",0.6369426751592356,3,4,B
1591,2764859133,HISTORY OF ECONOMIC THOUGHT AND POLICY,2240-9971,,,,,262,379,,,History of Economic Thought and Policy,['2000'],70,Economics and Econometrics,"Economics, Econometrics and Finance",0.8027522935779816,2,0,E
1592,4210213957,International Journal of Work Innovation,2043-9032,,,,,262,481,,,International Journal of Work Innovation,['1400'],33,Management of Technology and Innovation,"Business, Management and Accounting",0.6635514018691588,0,2,B
1593,132340323,Review of Economic Perspectives,1213-2446,,,,,262,1913,Review of Economic Perspectives,['ECONOMICS'],Review of Economic Perspectives,['2000'],42,"General Economics, Econometrics and Finance","Economics, Econometrics and Finance",1.0,3,0,E
1594,4210236412,The Journal of Financial Data Science,2640-3943,,,,,262,1679,,,Journal of Financial Data Science,['2000' '1400'],118,Management Science and Operations Research,Decision Sciences,0.5119453924914675,1,1,A
1595,80614181,Middle East Development Journal,1793-8120,,,,,261,2445,,,Middle East Development Journal,['2000'],51,Economics and Econometrics,"Economics, Econometrics and Finance",0.847457627118644,2,0,E
1596,4210177222,Review of Economics,0948-5139,,,,,261,1654,,,Review of Economics,['2000'],39,"General Economics, Econometrics and Finance","Economics, Econometrics and Finance",1.0,2,0,E
1597,4390296984,World Tax Journal,1878-4917,,,,,261,2593,,,World Tax Journal,['2000' '1400'],204,Accounting,"Business, Management and Accounting",0.907942238267148,1,2,B
1598,4306527555,Revista Internacional Administracion & Finanzas,,Revista Internacional Administracion & Finanzas,['3501'],,,260,124,,,,,100,Economics and Econometrics,"Economics, Econometrics and Finance",0.7422222222222222,1,1,A
1599,4210168767,Africa Journal of Management,2332-2373,Africa Journal of Management,['3507'],,,259,3079,Africa Journal of Management,['MANAGEMENT'],Africa Journal of Management,['1400'],75,Anthropology,Social Sciences,0.6975806451612904,0,3,B
1600,2764861952,EERS. Estudios económicos regionales y sectoriales,1578-4460,,,,,259,908,,,Regional and Sectoral Economic Studies,['2000'],32,Economics and Econometrics,"Economics, Econometrics and Finance",0.8,2,0,E
1601,4210240749,Indonesian Journal of Sustainability Accounting and Management,2597-6214,,,,,258,1565,Indonesian Journal of Sustainability Accounting and Management,"['MANAGEMENT' 'BUSINESS, FINANCE']",,,72,Strategy and Management,"Business, Management and Accounting",1.0,1,2,B
1602,4210188400,The Journal of Energy Markets,1756-3607,The Journal of Energy Markets,['3502' '3801'],,,258,2082,Journal of Energy Markets,['ECONOMICS'],Journal of Energy Markets,['2000' '1400'],109,Economics and Econometrics,"Economics, Econometrics and Finance",0.5,4,2,E
1603,2737852900,Review of Economic Analysis,1973-3909,,,,,257,1088,Review of Economic Analysis,['ECONOMICS'],Review of Economic Analysis,['2000'],30,"General Economics, Econometrics and Finance","Economics, Econometrics and Finance",1.0,3,0,E
1604,2737115228,Journal of Financial Therapy,1944-9771,,,,,257,2393,,,Journal of Financial Therapy,['2000'],107,Accounting,"Business, Management and Accounting",0.5095238095238095,1,1,A
1605,2735409286,The Review of Asset Pricing Studies,2045-9920,Review of Asset Pricing Studies,['3502' '3801'],Review of Asset Pricing Studies,F&A,256,9973,Review of Asset Pricing Studies,"['BUSINESS, FINANCE']",Review of Asset Pricing Studies,['2000'],142,Finance,"Economics, Econometrics and Finance",1.0,5,2,E
1606,2764693117,Journal of Real Estate Practice and Education,1521-4842,,,,,256,1797,,,Journal of Real Estate Practice and Education,['2000'],137,Economics and Econometrics,"Economics, Econometrics and Finance",0.8284313725490197,2,0,E
1607,4210204310,Review of Business and Economics Studies,2308-944X,,,,,255,547,,,Review of Business and Economics Studies,['2000' '1400'],40,Development,Social Sciences,0.44554455445544555,1,1,A
1608,2764704972,Asian Academy of Management Journal of Accounting and Finance,1823-4992,Asian Academy of Management Journal of Accounting and Finance,['3501' '3502'],,,255,2139,Asian Academy of Management Journal of Accounting and Finance,"['BUSINESS, FINANCE']",Asian Academy of Management Journal of Accounting and Finance,['2000' '1400'],98,Accounting,"Business, Management and Accounting",1.0,2,5,B
1609,2765001115,The Economics of Peace and Security Journal,1749-852X,,,,,255,2086,Economics of Peace and Security Journal,['ECONOMICS'],Economics of Peace and Security Journal,['2000' '1400'],94,Economics and Econometrics,"Economics, Econometrics and Finance",0.4292237442922374,3,1,E
1610,4210226929,South Asian Journal of Human Resources Management,2322-0937,,,,,255,2002,South Asian Journal of Human Resource Management,['MANAGEMENT'],South Asian Journal of Human Resources Management,['1400'],74,Organizational Behavior and Human Resource Management,"Business, Management and Accounting",0.42528735632183906,0,3,B
1611,4210200043,International Journal of Business Analytics,2334-4547,,,,,255,1217,International Journal of Business Analytics,['BUSINESS'],International Journal of Business Analytics,['1400'],22,Management Information Systems,"Business, Management and Accounting",0.64,0,3,B
1612,4210200455,Asian Development Policy Review,2313-8343,,,,,253,968,,,Asian Development Policy Review,['2000'],37,Economics and Econometrics,"Economics, Econometrics and Finance",1.0,2,0,E
1613,2898603574,RAUSP Management Journal,2531-0488,,,,,253,4067,RAUSP Management Journal,['MANAGEMENT' 'BUSINESS'],RAUSP Management Journal,['1400'],23,Accounting,"Business, Management and Accounting",1.0,0,3,B
1614,4404663202,Economic Sciences.,1505-4683,Economic Sciences,['3801' '3802' '3803'],,,253,67,,,,,14,Economics and Econometrics,"Economics, Econometrics and Finance",0.6119402985074627,4,0,E
1615,2736327412,"Contabilidade, Gestão e Governança/UNB Contábil",1516-7011,,,,,253,519,Contabilidade Gestao e Governanca,['MANAGEMENT'],,,107,Information Systems and Management,Decision Sciences,0.5018181818181818,0,1,X
1616,4210170851,Review of Regional Research,0173-7600,,,,,252,2276,Review of Regional Research-Jahrbuch fur Regionalwissenschaft,['ECONOMICS'],Review of Regional Research,['2000'],68,Economics and Econometrics,"Economics, Econometrics and Finance",0.7219512195121951,3,0,E
1617,2898343181,Wine Economics and Policy,2212-9774,Wine Economics and Policy,['3506' '3801'],,,252,5897,,,Wine Economics and Policy,['2000'],210,"Tourism, Leisure and Hospitality Management","Business, Management and Accounting",0.46153846153846156,2,2,A
1618,57151279,Economist on CD-ROM/Economist,0013-0613,,,,,250,113,,,Economist (United Kingdom),['2000' '1400'],30,Economics and Econometrics,"Economics, Econometrics and Finance",0.8152173913043478,2,1,E
1619,2736730828,Management,1331-0194,,,,,250,1424,Management-Journal of Contemporary Management Issues,['MANAGEMENT'],Management (Croatia),['1400'],20,Economics and Econometrics,"Economics, Econometrics and Finance",0.6049382716049383,1,2,B
1620,4210179812,International Journal of Health Care Finance and Economics,1389-6563,,,,,248,6661,,,International Journal of Health Care Finance and Economics,['2000'],170,Economics and Econometrics,"Economics, Econometrics and Finance",0.6144578313253012,2,0,E
1621,4210219127,International Journal of Economic Sciences,1804-9796,,,,,247,1292,International Journal of Economic Sciences,['ECONOMICS'],,,24,Economics and Econometrics,"Economics, Econometrics and Finance",1.0,2,0,E
1622,2764783623,Asian Journal of Business and Accounting,1985-4064,Asian Journal of Business and Accounting,['3501' '3502' '3507'],,,247,3017,Asian Journal of Business and Accounting,"['BUSINESS, FINANCE']",Asian Journal of Business and Accounting,['1400'],57,Accounting,"Business, Management and Accounting",0.7842105263157895,1,6,B
1623,4210225395,St Petersburg University Journal of Economic Studies,1026-356X,,,,,246,1155,Vestnik Sankt-Peterburgskogo Universiteta-Ekonomika-St Petersburg University Journal of Economic Studies,['ECONOMICS'],Vestnik Sankt-Peterburgskogo Universiteta. Ekonomika,['2000'],52,Development,Social Sciences,0.48872180451127817,2,0,E
1624,4393918062,Suma de Negocios,2027-5692,,,,,245,2057,Suma de Negocios,['BUSINESS'],Suma de Negocios,['1400'],77,Economics and Econometrics,"Economics, Econometrics and Finance",0.8602150537634409,1,2,B
1625,132932317,Indian Growth and Development Review,1753-8254,,,,,244,2381,,,Indian Growth and Development Review,['2000' '1400'],47,Economics and Econometrics,"Economics, Econometrics and Finance",1.0,2,1,E
1626,4210173643,International Journal of Health Economics and Management,2199-9023,International Journal of Health Economics and Management,['3801' '3803'],,,244,2474,International Journal of Health Economics and Management,"['ECONOMICS' 'BUSINESS, FINANCE']",International Journal of Health Economics and Management,['2000'],121,General Health Professions,Health Professions,0.5804597701149425,4,1,E
1627,4210231679,Journal of Industrial Integration and Management,2424-8622,,,,,244,5650,Journal of Industrial Integration and Management-Innovation and Entrepreneurship,['MANAGEMENT'],Journal of Industrial Integration and Management,['1400'],44,Industrial and Manufacturing Engineering,Engineering,0.65625,0,2,B
1628,36524903,Asian Journal of Law and Economics,2154-4611,,,,,244,669,,,Asian Journal of Law and Economics,['2000'],64,Economics and Econometrics,"Economics, Econometrics and Finance",1.0,2,0,E
1629,4210168463,Finance and Society,2059-5999,,,,,243,2252,,,Finance and Society,['2000'],96,Finance,"Economics, Econometrics and Finance",0.8883495145631068,2,0,E
1630,28881989,International Journal of Financial Markets and Derivatives,1756-7130,International Journal of Financial Markets and Derivatives,['3502' '3801'],,,242,361,,,,,76,Economics and Econometrics,"Economics, Econometrics and Finance",1.0,2,1,E
1631,2764940387,Organizational Psychology Review,2041-3866,,,Organizational Psychology Review,"OS/OB,HRM/IR",242,11004,Organizational Psychology Review,['MANAGEMENT'],Organizational Psychology Review,['1400'],98,Organizational Behavior and Human Resource Management,"Business, Management and Accounting",0.5815899581589958,0,4,B
1632,4210216953,International Journal of Economic Policy Studies,1881-4387,,,,,242,1047,International Journal of Economic Policy Studies,['ECONOMICS'],International Journal of Economic Policy Studies,['2000'],46,Economics and Econometrics,"Economics, Econometrics and Finance",1.0,3,0,E
1633,2764897135,"IIUM Journal Of Economics and Management/International Journal of Economics, Management and Accounting",1394-7680,,,,,241,2501,International Journal of Economics Management and Accounting,['ECONOMICS'],,,130,Accounting,"Business, Management and Accounting",0.8181818181818182,1,1,A
1634,4210199549,The Journal of Prediction Markets,1750-6751,The Journal of Prediction Markets,['3502' '3801'],,,241,1926,,,,,124,Economics and Econometrics,"Economics, Econometrics and Finance",0.759375,2,1,E
1635,201445340,International Journal of Business Competition and Growth,2042-3845,International Journal of Business Competition and Growth,['3502' '3507'],,,241,423,,,,,29,Marketing,"Business, Management and Accounting",0.4954954954954955,0,3,B
1636,4210189212,Asian Journal of Business Ethics,2210-6723,,,,,241,2736,,,Asian Journal of Business Ethics,['2000' '1400'],98,Information Systems and Management,Decision Sciences,0.50390625,1,1,A
1637,4210180246,Journal of Economics and Management,1732-1948,,,,,241,1510,,,Journal of Economics and Management (Poland),['2000' '1400'],19,Economics and Econometrics,"Economics, Econometrics and Finance",1.0,2,1,E
1638,4210230920,TEC Empresarial,1659-2395,,,,,240,753,Tec Empresarial,['MANAGEMENT'],Tec Empresarial,['1400'],70,Economics and Econometrics,"Economics, Econometrics and Finance",0.8805031446540881,1,2,B
1639,4210183118,Indian Journal of Commerce & Management Studies,2229-5674,Indian Journal of Commerce and Management Studies,['35'],,,240,1019,,,,,24,Marketing,"Business, Management and Accounting",0.8068181818181818,0,2,B
1640,184213297,International Journal of Business Intelligence Research,1947-3591,,,,,240,1623,,,International Journal of Business Intelligence Research,['1400'],113,Management Information Systems,"Business, Management and Accounting",0.7735042735042735,0,2,B
1641,2898117752,Russian Journal of Economics,2405-4739,,,,,240,3241,,,Russian Journal of Economics,['2000'],48,Political Science and International Relations,Social Sciences,0.5308641975308642,1,0,X
1642,43172894,New England economic review,0028-4726,,,,,239,4216,,,New England Economic Review,['2000'],28,Finance,"Economics, Econometrics and Finance",1.0,2,0,E
1643,4210177368,Journal of International Business Research and Marketing,1849-8558,Journal of International Business Research and Marketing,['3506'],,,238,1482,,,,,23,Sociology and Political Science,Social Sciences,0.5316455696202531,0,1,X
1644,17774442,American Journal of Business,1935-5181,,,,,238,3254,American Journal of Business,['BUSINESS'],,,45,Accounting,"Business, Management and Accounting",1.0,0,2,B
1645,2764481179,Journal of Economic Development,0254-8372,,,,,238,4314,,,Journal of Economic Development,['2000'],81,Economics and Econometrics,"Economics, Econometrics and Finance",0.8656126482213439,2,0,E
1646,4210240235,Resources Conservation & Recycling Advances,2667-3789,,,,,237,3516,,,"Resources, Conservation and Recycling Advances",['2000'],58,Strategy and Management,"Business, Management and Accounting",0.4444444444444444,1,1,A
1647,2738428943,Studia Universitatis „Vasile Goldis” Arad – Economics Series,1584-2339,,,,,237,1204,Studia Universitatis Vasile Goldis Arad Seria Stiinte Economice,['ECONOMICS'],"Studia Universitatis Vasile Goldis Arad, Economics Series",['2000' '1400'],40,Economics and Econometrics,"Economics, Econometrics and Finance",1.0,3,1,E
1648,4210194271,International Journal of Applied Behavioral Economics,2160-9802,,,,,237,502,International Journal of Applied Behavioral Economics,['ECONOMICS'],,,30,General Decision Sciences,Decision Sciences,0.4948453608247423,1,0,X
1649,2764623020,International journal of information and management sciences,1017-1819,,,,,237,893,,,International Journal of Information and Management Sciences,['1400'],40,Management Information Systems,"Business, Management and Accounting",0.7521367521367521,0,2,B
1650,4306500644,Actualidad Contable FACES,1316-8533,Actualidad Contable Faces,['3501'],,,237,339,Actualidad Contable Faces,"['BUSINESS, FINANCE']",,,61,Accounting,"Business, Management and Accounting",0.8627450980392157,1,3,B
1651,81297664,Journal of Chinese Human Resource Management,2040-8005,Journal of Chinese Human Resources Management,['3505' '3507'],,,236,2022,Journal of Chinese Human Resources Management,['MANAGEMENT'],Journal of Chinese Human Resources Management,['1400'],53,Organizational Behavior and Human Resource Management,"Business, Management and Accounting",0.825,0,5,B
1652,4210167594,African J of Accounting Auditing and Finance,2046-8083,,,,,236,554,African Journal of Accounting Auditing and Finance,"['BUSINESS, FINANCE']",,,54,Accounting,"Business, Management and Accounting",1.0,1,2,B
1653,128686264,NETNOMICS Economic Research and Electronic Networking,1385-9587,,,,,236,3749,,,NETNOMICS: Economic Research and Electronic Networking,['2000'],64,Media Technology,Engineering,0.4270833333333333,1,0,X
1654,4210181806,South Asian Journal of Business Studies,2398-628X,,,,,235,4915,South Asian Journal of Business Studies,['BUSINESS'],South Asian Journal of Business Studies,['2000' '1400'],53,Organizational Behavior and Human Resource Management,"Business, Management and Accounting",0.8662420382165605,1,3,B
1655,1518699,Universia business review,1698-5117,,,,,235,1131,,,Universia Business Review,['2000' '1400'],67,Organizational Behavior and Human Resource Management,"Business, Management and Accounting",0.7151515151515152,1,2,B
1656,4306510824,Forum Scientiae Oeconomia,2300-5947,,,,,235,1099,,,Forum Scientiae Oeconomia,['2000' '1400'],15,Economics and Econometrics,"Economics, Econometrics and Finance",0.5972222222222222,2,1,E
1657,123977160,Electronic Journal of Knowledge Management,1479-4411,,,,,234,3329,,,Electronic Journal of Knowledge Management,['1400'],80,Communication,Social Sciences,0.56,0,1,X
1658,4210174288,American Economic Review Insights,2640-205X,American Economic Review: Insights,['3801' '3802' '3803'],American Economic Review: Insights,Economics,234,8546,American Economic Review-Insights,['ECONOMICS'],,,22,Safety Research,Social Sciences,0.5882352941176471,5,0,E
1659,4210185427,Accounting Finance & Governance Review/Accounting finance & governance review,2009-8766,,,,,233,829,,,"Accounting, Finance and Governance Review",['2000' '1400'],70,Accounting,"Business, Management and Accounting",1.0,1,2,B
1660,4210176257,Journal of Management Science and Engineering,2096-2320,,,,,233,3565,Journal of Management Science and Engineering,"['ECONOMICS' 'MANAGEMENT' 'BUSINESS, FINANCE']",Journal of Management Science and Engineering,['1400'],36,Economics and Econometrics,"Economics, Econometrics and Finance",1.0,2,2,A
1661,4210168154,International Journal of Purchasing and Materials Management,1055-6001,,,,,233,13794,,,International Journal of Purchasing and Materials Management,['2000' '1400'],80,Management Information Systems,"Business, Management and Accounting",1.0,1,2,B
1662,4210169265,VISIÓN GERENCIAL,1317-8822,,,,,233,142,Vision Gerencial,['MANAGEMENT'],,,95,Economics and Econometrics,"Economics, Econometrics and Finance",0.8514056224899599,1,1,A
1663,4210177123,Journal of Global Operations and Strategic Sourcing,2398-5364,,,,,233,4165,Journal of Global Operations and Strategic Sourcing,['MANAGEMENT'],Journal of Global Operations and Strategic Sourcing,['1400'],88,Management Information Systems,"Business, Management and Accounting",0.9161490683229814,0,3,B
1664,4210200979,Financial Planning Review,2573-8615,,,,,233,1156,,,Financial Planning Review,['2000'],75,Accounting,"Business, Management and Accounting",0.7679558011049724,1,1,A
1665,4210190667,Asian Journal of Accounting Research,2443-4175,Asian Journal of Accounting Research (AJAR),['3501'],,,230,5182,,,Asian Journal of Accounting Research,['1400'],105,Accounting,"Business, Management and Accounting",1.0,0,3,B
1666,2764626604,Defense transportation journal,0011-7625,Defense Transportation Journal,['3509'],,,230,84,,,,,26,Strategy and Management,"Business, Management and Accounting",0.4489795918367347,0,2,B
1667,2898365741,European Journal of Family Business,2444-877X,,,,,229,1533,European Journal of Family Business,['MANAGEMENT' 'BUSINESS'],European Journal of Family Business,['2000' '1400'],184,Organizational Behavior and Human Resource Management,"Business, Management and Accounting",0.9559228650137741,1,3,B
1668,121898668,Monash Business Review,1832-8490,Monash Business Review,['3507'],,,228,256,,,,,5,Organizational Behavior and Human Resource Management,"Business, Management and Accounting",0.8,0,2,B
1669,4394906813,Economics and Environment,2957-0387,,,,,227,160,,,Economics and Environment,['2000'],28,"Management, Monitoring, Policy and Law",Environmental Science,0.6111111111111112,1,0,X
1670,4210186510,Journal of International Business Policy,2522-0691,,,Journal of International Business Policy,IB,227,8865,Journal of International Business Policy,['BUSINESS'],Journal of International Business Policy,['1400'],65,Strategy and Management,"Business, Management and Accounting",0.8148148148148148,0,4,B
1671,4210189864,The Economics and Finance Letters,2312-430X,,,,,226,831,Economics and Finance Letters,"['ECONOMICS' 'BUSINESS, FINANCE']",Economics and Finance Letters,['2000'],34,Accounting,"Business, Management and Accounting",1.0,2,2,A
1672,2739303216,Journal of Tax Reform,2412-8872,,,,,225,963,Journal of Tax Reform,"['BUSINESS, FINANCE']",Journal of Tax Reform,['2000' '1400'],91,Economics and Econometrics,"Economics, Econometrics and Finance",0.8305647840531561,3,2,E
1673,37034968,Journal on Chain and Network Science,1569-1829,Journal on Chain and Network Science,['3507'],,,225,4806,,,Journal on Chain and Network Science,['1400'],51,Strategy and Management,"Business, Management and Accounting",0.8142076502732241,0,3,B
1674,4210205570,Asian Journal of Interdisciplinary Research,2581-8430,,,,,225,525,,,Asian Journal of Interdisciplinary Research,['1400'],7,Organizational Behavior and Human Resource Management,"Business, Management and Accounting",0.42857142857142855,0,2,B
1675,2764557015,Journal of Islamic Economics Banking and Finance,2070-4658,"Journal of Islamic Economics, Banking and Finance",['3502' '3801'],,,225,1318,,,"Journal of Islamic Economics, Banking and Finance",['2000'],180,Accounting,"Business, Management and Accounting",0.8912386706948641,2,2,A
1676,2764682067,Managing Global Transitions,1581-6311,,,,,224,1450,,,Managing Global Transitions,['1400'],16,Economics and Econometrics,"Economics, Econometrics and Finance",1.0,1,1,A
1677,112380952,FIU hospitality review,0739-7011,FIU Hospitality Review,['3504'],,,224,381,,,,,38,"Tourism, Leisure and Hospitality Management","Business, Management and Accounting",0.7126436781609196,0,2,B
1678,4210207210,Capitalism,2576-6392,,,,,223,430,,,Capitalism,['2000'],51,Sociology and Political Science,Social Sciences,0.4649122807017544,1,0,X
1679,4210172500,International Academy of Global Business and Trade,1946-5130,,,,,223,119,,,Journal of Global Business and Trade,['2000' '1400'],18,"General Economics, Econometrics and Finance","Economics, Econometrics and Finance",0.7681159420289855,2,1,E
1680,4210198837,Indian Journal of Corporate Governance,0974-6862,,,,,222,2509,,,Indian Journal of Corporate Governance,['1400'],100,Accounting,"Business, Management and Accounting",1.0,0,2,B
1681,4210179124,Review of Behavioral Economics,2326-6198,Review of Behavioral Economics,['3502' '3801'],,,222,1781,Review of Behavioral Economics,['ECONOMICS'],Review of Behavioral Economics,['2000'],41,Safety Research,Social Sciences,0.41304347826086957,3,1,E
1682,2764560602,International Journal of Business Strategy,1553-9563,International Journal of Business Strategy,['3507'],,,222,158,,,,,13,Management Information Systems,"Business, Management and Accounting",1.0,0,2,B
1683,31381503,International Journal of Innovation and Regional Development,1753-0660,International Journal of Innovation and Regional Development,['3507'],,,222,2541,,,,,56,Management of Technology and Innovation,"Business, Management and Accounting",0.784037558685446,0,2,B
1684,2739275877,Danube,1804-6746,,,,,222,913,,,Danube,['2000'],24,Economics and Econometrics,"Economics, Econometrics and Finance",0.8409090909090909,2,0,E
1685,4210219030,China and WTO Review,2383-8221,,,,,221,278,,,China and WTO Review,['2000'],49,"General Economics, Econometrics and Finance","Economics, Econometrics and Finance",0.5365853658536586,2,0,E
1686,4210223648,Business Management and Education,2029-6169,"Business, Management and Education",['3505' '3507'],,,220,2444,,,Business Management and Education,['2000' '1400'],17,Economics and Econometrics,"Economics, Econometrics and Finance",0.7916666666666666,2,3,B
1687,4210222536,The Southern African Journal of Entrepreneurship and Small Business Management,1015-3977,Southern African Journal of Entrepreneurship and Small Business Management,['3505' '3507'],,,220,2103,,,Southern African Journal of Entrepreneurship and Small Business Management,['2000' '1400'],117,Management of Technology and Innovation,"Business, Management and Accounting",0.9110169491525424,1,4,B
1688,2898402987,Spanish Journal of Marketing - ESIC,2444-9695,,,,,219,7363,Spanish Journal of Marketing-ESIC,['MANAGEMENT' 'BUSINESS'],Spanish Journal of Marketing - ESIC,['1400'],124,Sociology and Political Science,Social Sciences,0.5464190981432361,0,2,B
1689,36644925,European Journal of Purchasing & Supply Management,0969-7012,,,,,219,18104,,,European Journal of Purchasing and Supply Management,['1400'],82,Management Information Systems,"Business, Management and Accounting",0.917910447761194,0,2,B
1690,4210187131,South East European Journal of Economics and Business,2233-1999,,,,,218,1961,South East European Journal of Economics and Business,['ECONOMICS'],South East European Journal of Economics and Business,['2000' '1400'],35,Economics and Econometrics,"Economics, Econometrics and Finance",1.0,3,1,E
1691,2764443954,Higher School of Economics Economic Journal,1813-8691,,,,,218,691,,,HSE Economic Journal,['2000'],58,Development,Social Sciences,0.4774774774774775,1,0,X
1692,174991077,Organization development journal,0889-6402,Organization Development Journal,['3505' '3507'],,,217,4027,,,Organization Development Journal,['1400'],29,Organizational Behavior and Human Resource Management,"Business, Management and Accounting",0.75,0,4,B
1693,4387292505,Touchpoint,1868-6052,,,,,217,10,,,Touchpoint,['1400'],63,Marketing,"Business, Management and Accounting",0.9051724137931034,0,2,B
1694,4210182043,Arthaniti-Journal of Economic Theory and Practice,0976-7479,Arthaniti,['3801' '3802' '3803'],,,216,611,,,Arthaniti: Journal of Economic Theory and Practice,['2000'],24,"General Economics, Econometrics and Finance","Economics, Econometrics and Finance",1.0,5,0,E
1695,4210188833,REGION,2409-5370,,,,,216,1343,,,Region,['2000'],33,Economics and Econometrics,"Economics, Econometrics and Finance",0.7589285714285714,2,0,E
1696,2738214312,The South East Asian Journal of Management,1978-1989,South East Asian Journal of Management,['3505' '3507'],,,216,1770,South East Asian Journal of Management,['MANAGEMENT'],,,23,Organizational Behavior and Human Resource Management,"Business, Management and Accounting",0.6593406593406593,0,4,B
1697,2735620406,Journal of Professions and Organization,2051-8803,Journal of Professions and Organization,['3505' '3507'],Journal of Professions and Organization,"OS/OB,HRM/IR",216,4610,Journal of Professions and Organization,['MANAGEMENT'],Journal of Professions and Organization,['1400'],112,Organizational Behavior and Human Resource Management,"Business, Management and Accounting",0.6907216494845361,0,6,B
1698,4210175456,The ATA Journal of Legal Tax Research,1543-866X,,,,,215,195,ATA Journal of Legal Tax Research,"['BUSINESS, FINANCE']",ATA Journal of Legal Tax Research,['2000' '1400'],108,Accounting,"Business, Management and Accounting",1.0,2,3,B
1699,2764597040,Kobe University economic review.,0454-1111,Kobe University Economic Review,['3801' '3802' '3803'],,,215,362,,,,,22,"General Economics, Econometrics and Finance","Economics, Econometrics and Finance",0.6282051282051282,4,0,E
1700,4210230566,Economics and Culture,2255-7563,,,,,214,740,,,Economics and Culture,['2000' '1400'],14,"Management, Monitoring, Policy and Law",Environmental Science,0.5967741935483871,1,1,A
1701,4210175380,Revista Perspectiva Empresarial,2389-8186,,,,,213,344,Revista Perspectiva Empresarial,['BUSINESS'],,,61,Economics and Econometrics,"Economics, Econometrics and Finance",0.7218543046357616,1,1,A
1702,2798922386,Corporate Governance and Sustainability Review,2519-8971,,,,,212,877,,,Corporate Governance and Sustainability Review,['2000' '1400'],60,Strategy and Management,"Business, Management and Accounting",1.0,1,2,B
1703,11701373,Journal of Globalization and Development,1948-1837,,,,,212,3308,,,Journal of Globalization and Development,['2000'],55,Finance,"Economics, Econometrics and Finance",0.7988505747126436,2,0,E
1704,4210203326,A Economia em Revista - AERE,1413-6090,Economia em Revista,['3801' '3802' '3803'],,,212,106,,,,,83,"General Economics, Econometrics and Finance","Economics, Econometrics and Finance",0.5440414507772021,4,0,E
1705,4210197708,Energy RESEARCH LETTERS,2652-6433,,,,,211,3805,,,Energy Research Letters,['2000'],123,Economics and Econometrics,"Economics, Econometrics and Finance",0.6850393700787402,2,0,E
1706,4210180005,Organizational Cultures An International Journal,2327-8013,,,,,211,301,,,Organizational Cultures,['1400'],13,Organizational Behavior and Human Resource Management,"Business, Management and Accounting",0.6271186440677966,0,2,B
1707,187052734,International Journal of Sustainable Strategic Management,1753-3600,International Journal of Sustainable Strategic Management,['3507'],,,211,961,,,,,50,Marketing,"Business, Management and Accounting",1.0,0,2,B
1708,4210180542,Finance,0752-6180,Finance,['3502'],,,210,1620,,,Finance,['2000'],82,Accounting,"Business, Management and Accounting",1.0,1,2,B
1709,4210186269,Management of Sustainable Development,2066-9380,,,,,210,694,,,Management of Sustainable Development,['2000' '1400'],15,Marketing,"Business, Management and Accounting",0.6415094339622641,1,2,B
1710,205993034,Journal of Human Resource Costing & Accounting,1401-338X,Journal of Human Resource Costing and Accounting,['3501'],,,210,6575,,,,,86,Strategy and Management,"Business, Management and Accounting",1.0,0,2,B
1711,4210202791,Humanistic Management Journal,2366-603X,,,,,208,1940,,,Humanistic Management Journal,['1400'],50,Organizational Behavior and Human Resource Management,"Business, Management and Accounting",0.40540540540540543,0,2,B
1712,4210229174,American J of Finance and Accounting,1752-7767,American Journal of Finance and Accounting,['3501' '3502'],,,208,438,,,,,42,Finance,"Economics, Econometrics and Finance",1.0,1,2,B
1713,127111275,Accounting and the Public Interest,1530-9320,Accounting and the Public Interest,['3501'],,,208,2227,,,Accounting and the Public Interest,['1400'],77,Accounting,"Business, Management and Accounting",0.890625,0,3,B
1714,2764789229,Australian company secretary,1323-9406,Keeping Good Companies,['3507'],,,208,28,,,,,35,Strategy and Management,"Business, Management and Accounting",0.6875,0,2,B
1715,4210186721,Markets Globalization & Development Review,2473-4055,,,,,207,866,,,"Markets, Globalization and Development Review",['1400'],12,Business and International Management,"Business, Management and Accounting",0.40384615384615385,0,2,B
1716,2737293501,Ekonomski vjesnik,0353-359X,,,,,207,315,Ekonomski Vjesnik,['ECONOMICS'],,,47,Economics and Econometrics,"Economics, Econometrics and Finance",0.8024691358024691,2,0,E
1717,4210191735,Journal of Entrepreneurship and Innovation in Emerging Economies,2393-9575,,,,,206,1282,,,Journal of Entrepreneurship and Innovation in Emerging Economies,['2000' '1400'],98,Management of Technology and Innovation,"Business, Management and Accounting",0.8978723404255319,1,2,B
1718,4210171825,American Business Review,0743-2348,,,,,205,1563,,,American Business Review,['1400'],32,Accounting,"Business, Management and Accounting",1.0,0,2,B
1719,4210232289,Annals in Social Responsibility,2056-3515,,,,,205,283,Annals in Social Responsibility,['MANAGEMENT'],,,44,Strategy and Management,"Business, Management and Accounting",0.8842975206611571,0,2,B
1720,4210200097,Zeitschrift für Planung & Unternehmenssteuerung,1613-8392,,,,,205,925,,,Zeitschrift fur Planung und Unternehmenssteuerung,['1400'],97,Strategy and Management,"Business, Management and Accounting",0.891566265060241,0,2,B
1721,4210189231,Public and Municipal Finance,2222-1867,Public and Municipal Finance,['3502' '3507'],,,205,908,,,Public and Municipal Finance,['2000' '1400'],59,"General Economics, Econometrics and Finance","Economics, Econometrics and Finance",0.6789473684210526,2,3,B
1722,4210180758,Entrepreneurship Education,2520-8144,,,,,204,1642,,,Entrepreneurship Education,['2000' '1400'],166,Management of Technology and Innovation,"Business, Management and Accounting",0.7781065088757396,1,2,B
1723,2739286606,International Journal of Management and Economics,2299-9701,,,,,204,1644,International Journal of Management and Economics,['ECONOMICS'],,,21,Finance,"Economics, Econometrics and Finance",1.0,2,0,E
1724,2898493639,Journal of Co-operative Organization and Management,2213-297X,Journal of Co-operative Organization and Management,['3507'],,,203,3297,Journal of Co-operative Organization and Management,['MANAGEMENT'],Journal of Co-operative Organization and Management,['1400'],108,Strategy and Management,"Business, Management and Accounting",1.0,0,4,B
1725,4389158152,Journal of Co-operative Studies,0961-5784,Journal of Co-operative Studies,['3507'],,,202,343,,,,,80,Strategy and Management,"Business, Management and Accounting",0.8444444444444444,0,2,B
1726,4210191712,Malaysian Journal of Economic Studies,1511-4554,Malaysian Journal of Economic Studies,['3801' '3802' '3803'],,,200,1198,Malaysian Journal of Economic Studies,['ECONOMICS'],Malaysian Journal of Economic Studies,['2000'],35,Accounting,"Business, Management and Accounting",0.8333333333333334,5,1,E
1727,4210222027,Corporate Law & Governance Review,2664-1542,,,,,200,501,,,Corporate Law and Governance Review,['2000' '1400'],38,Accounting,"Business, Management and Accounting",1.0,1,2,B
1728,4210191280,International Journal of E-Entrepreneurship and Innovation,1947-8585,,,,,200,905,,,International Journal of E-Entrepreneurship and Innovation,['1400'],46,Management of Technology and Innovation,"Business, Management and Accounting",0.675,0,2,B
1729,4210187713,NMIMS Management Review,0971-1023,,,,,200,357,NMIMS Management Review,['MANAGEMENT'],,,17,Marketing,"Business, Management and Accounting",0.5797101449275363,0,2,B
1730,4210239553,Studies in Microeconomics,2321-0222,,,,,200,616,,,Studies in Microeconomics,['2000'],28,Economics and Econometrics,"Economics, Econometrics and Finance",0.41964285714285715,2,0,E
1731,961765239,Economía chilena,0717-3830,,,,,199,595,,,Economia Chilena,['2000' '1400'],111,"General Economics, Econometrics and Finance","Economics, Econometrics and Finance",1.0,2,1,E
1732,2764516800,Journal of Small Business Strategy,1081-8510,Journal of Small Business Strategy,['3505' '3507'],,,199,1772,,,Journal of Small Business Strategy,['1400'],88,Management of Technology and Innovation,"Business, Management and Accounting",1.0,0,4,B
1733,4210182145,Journal Of Organizational Behavior Research,2528-9705,,,,,198,563,,,Journal Of Organizational Behavior Research,['1400'],32,Organizational Behavior and Human Resource Management,"Business, Management and Accounting",0.8227848101265823,0,2,B
1734,4210195249,International Journal of Strategic Management,1555-2411,International Journal of Strategic Management,['3505' '3507'],,,198,156,,,,,10,"Management, Monitoring, Policy and Law",Environmental Science,0.6,0,2,B
1735,2737541009,International journal of information systems and project management,2182-7788,,,,,197,3812,IJISPM-International Journal of Information Systems and Project Management,['MANAGEMENT'],International Journal of Information Systems and Project Management,['1400'],42,Management Information Systems,"Business, Management and Accounting",0.5625,0,3,B
1736,2764379511,Cuadernos de Economía,0210-0266,,,,,197,965,,,Cuadernos de Economia,['2000'],42,"General Economics, Econometrics and Finance","Economics, Econometrics and Finance",1.0,2,0,E
1737,61971679,The Journal of private enterprise,0890-913X,Journal of Private Enterprise,['3502'],,,197,1000,Journal of Private Enterprise,['ECONOMICS'],Journal of Private Enterprise,['2000' '1400'],32,Economics and Econometrics,"Economics, Econometrics and Finance",0.5348837209302325,3,2,E
1738,2764908861,The Journal of Gambling Business and Economics,1751-7990,The Journal of Gambling Business and Economics,['3801'],,,196,934,,,,,140,Clinical Psychology,Psychology,0.5833333333333334,1,0,X
1739,4404675641,International journal of business science & applied management.,1753-0296,International Journal of Business Science and Applied Management,['3505' '3507' '3509'],,,195,3754,,,International Journal of Business Science and Applied Management,['1400'],20,Information Systems and Management,Decision Sciences,0.5813953488372093,0,4,B
1740,4210196335,"Scientific Papers of the University of Pardubice. Series D, Faculty of Economics and Administration",1211-555X,,,,,195,729,Scientific Papers of the University of Pardubice-Series D-Faculty of Economics and Administration,['ECONOMICS' 'MANAGEMENT' 'BUSINESS'],"Scientific Papers of the University of Pardubice, Series D: Faculty of Economics and Administration",['2000' '1400'],19,"Management, Monitoring, Policy and Law",Environmental Science,0.45614035087719296,2,2,A
1741,4210197148,Estudios de economía,0304-2758,Estudios de Economia,['3801' '3802' '3803'],,,195,1587,Estudios de Economia,['ECONOMICS'],Estudios de Economia,['2000'],20,"General Economics, Econometrics and Finance","Economics, Econometrics and Finance",0.7790697674418605,6,0,E
1742,2764787901,Meditari Accountancy Research,1022-2529,Meditari: accountancy research,['3501'],,,194,3563,,,,,53,Strategy and Management,"Business, Management and Accounting",0.8697916666666666,0,2,B
1743,2764871172,Journal of Derivatives & Hedge Funds,1753-9641,,,,,194,1242,,,Journal of Derivatives and Hedge Funds,['2000'],97,Finance,"Economics, Econometrics and Finance",1.0,2,0,E
1744,4210196821,International Journal of Finance,2520-0852,International Journal of Finance,['3502'],,,193,253,,,,,56,Economics and Econometrics,"Economics, Econometrics and Finance",1.0,1,1,A
1745,2764906195,Manager,1453-0503,,,,,193,185,,,Manager,['1400'],19,Economics and Econometrics,"Economics, Econometrics and Finance",0.8392857142857143,1,1,A
1746,4210218825,Revista de análisis económico,0716-5927,,,,,191,731,,,Revista de Analisis Economico,['2000'],33,"General Economics, Econometrics and Finance","Economics, Econometrics and Finance",1.0,2,0,E
1747,2764684190,IZA Journal of Labor Policy,2193-9004,IZA Journal of Labor Policy,['3801'],,,190,5776,,,IZA Journal of Labor Policy,['2000' '1400'],89,Economics and Econometrics,"Economics, Econometrics and Finance",0.4312977099236641,3,1,E
1748,2764477379,Islamic Economic Studies,1319-1616,Islamic Economic Studies,['3502' '3801'],,,189,3287,,,,,166,Accounting,"Business, Management and Accounting",0.8466453674121406,1,2,B
1749,5407017802,UCJC Business and Society Review (formerly known as Universia Business Review),2659-3270,,,,,188,414,UCJC Business and Society Review,['BUSINESS'],UCJC Business and Society Review,['2000' '1400'],13,"Management, Monitoring, Policy and Law",Environmental Science,0.41379310344827586,1,2,B
1750,97188063,International Journal of Technology and Globalisation,1476-5667,,,,,188,3813,,,International Journal of Technology and Globalisation,['2000'],31,Business and International Management,"Business, Management and Accounting",1.0,1,1,A
1751,4210218074,International Journal of Modelling in Operations Management,2042-4094,International Journal of Modelling in Operations Management,['3507' '3509'],,,187,668,,,,,31,Management Information Systems,"Business, Management and Accounting",0.6290322580645161,0,3,B
1752,4210216864,NIM Marketing Intelligence Review,2628-166X,,,,,187,1177,,,NIM Marketing Intelligence Review,['1400'],44,Sociology and Political Science,Social Sciences,0.46153846153846156,0,1,X
1753,4210181162,Journal of Service Management Research,2511-8676,Journal of Service Management Research,['3506' '3507' '3508'],,,186,684,,,,,45,Marketing,"Business, Management and Accounting",0.5562913907284768,0,4,B
1754,2764392330,Journal of Operations and Supply Chain Management,1984-3046,,,,,186,1611,,,Journal of Operations and Supply Chain Management,['1400'],57,Management Information Systems,"Business, Management and Accounting",0.8554913294797688,0,2,B
1755,2765075093,International journal of institutions and economies/Institutions and economies,1985-7276,,,,,185,486,,,Institutions and Economies,['2000' '1400'],29,Accounting,"Business, Management and Accounting",0.8426966292134831,1,2,B
1756,4210193709,Asia Pacific Journal of Innovation and Entrepreneurship,2071-1395,Asia Pacific Journal of Innovation and Entrepreneurship,['3507'],,,185,5734,Asia Pacific Journal of Innovation and Entrepreneurship,['BUSINESS'],,,81,Management of Technology and Innovation,"Business, Management and Accounting",0.9230769230769231,0,3,B
1757,4210241102,Innovation & Management Review,2515-8961,,,,,185,2947,Innovation & Management Review,['MANAGEMENT'],Innovation and Management Review,['1400'],64,Strategy and Management,"Business, Management and Accounting",0.8944099378881988,0,3,B
1758,2764434733,Low Carbon Economy,2158-7000,Low Carbon Economy,['3801'],,,185,1562,,,,,49,Economics and Econometrics,"Economics, Econometrics and Finance",0.461038961038961,2,0,E
1759,4387283849,Innovation and Green Development,2949-7531,,,,,183,4628,,,Innovation and Green Development,['1400'],95,Economics and Econometrics,"Economics, Econometrics and Finance",0.8044444444444444,1,1,A
1760,4210202311,The International journal of accounting/International journal of accounting,1094-4060,The International Journal of Accounting,['3501'],International Journal of Accounting Information Systems,F&A,182,1245,International Journal of Accounting,"['BUSINESS, FINANCE']",International Journal of Accounting,['2000' '1400'],117,Accounting,"Business, Management and Accounting",1.0,3,4,B
1761,161601701,Journal of Technology Management in China,1746-8779,Journal of Technology Management in China,['3505' '3507'],,,182,3448,,,,,53,Strategy and Management,"Business, Management and Accounting",0.8709677419354839,0,3,B
1762,4210176927,The International Journal of Interdisciplinary Organizational Studies,2324-7649,,,,,182,145,,,International Journal of Interdisciplinary Organizational Studies,['2000' '1400'],6,Artificial Intelligence,Computer Science,0.5862068965517241,1,1,A
1763,2739385614,AD-minister,1692-0279,,,,,182,1142,AD-minister,['BUSINESS'],,,32,Economics and Econometrics,"Economics, Econometrics and Finance",1.0,1,1,A
1764,2737307029,Clío América,1909-941X,,,,,181,675,Clio America,['BUSINESS'],,,90,Economics and Econometrics,"Economics, Econometrics and Finance",0.8181818181818182,1,1,A
1765,4210168278,International Journal of Global Business and Competitiveness,0973-4619,International Journal of Global Business and Competitiveness,['3507' '3509'],,,181,1478,,,,,23,Strategy and Management,"Business, Management and Accounting",1.0,0,3,B
1766,959550399,New Perspectives on Political Economy,1801-0938,New Perspectives on Political Economy,['3502' '3801'],,,180,301,,,,,32,Economics and Econometrics,"Economics, Econometrics and Finance",0.8552631578947368,2,1,E
1767,2737892326,Inquietud Empresarial,0121-1048,,,,,180,213,Inquietud Empresarial,['BUSINESS'],,,75,Economics and Econometrics,"Economics, Econometrics and Finance",0.75,1,1,A
1768,4210217336,Business Informatics,2587-814X,,,,,180,611,,,Business Informatics,['2000' '1400'],41,Management of Technology and Innovation,"Business, Management and Accounting",0.6041666666666666,1,2,B
1769,2764835050,Swedish economic policy review,1400-1829,,,,,180,1472,,,Swedish Economic Policy Review,['2000'],19,Economics and Econometrics,"Economics, Econometrics and Finance",0.8717948717948718,2,0,E
1770,4210193178,Organization Theory,2631-7877,Organization Theory,['3507'],Organization Theory,"OS/OB,HRM/IR",179,5730,Organization Theory,['MANAGEMENT'],Organization Theory,['1400'],107,Organizational Behavior and Human Resource Management,"Business, Management and Accounting",0.825136612021858,0,5,B
1771,4210219179,Consumer Behavior in Tourism and Hospitality,2752-6666,,,,,179,893,,,Consumer Behavior in Tourism and Hospitality,['1400'],97,Sociology and Political Science,Social Sciences,0.41237113402061853,0,1,X
1772,2764469589,Journal of Business Administration Research,1927-9507,Journal of Business Administration Research,['3505' '3507'],,,178,975,,,,,14,Organizational Behavior and Human Resource Management,"Business, Management and Accounting",1.0,0,3,B
1773,4210214005,Latin American Journal of Central Banking,2666-1438,,,,,178,1021,Latin American Journal of Central Banking,"['ECONOMICS' 'BUSINESS, FINANCE']",Latin American Journal of Central Banking,['2000'],61,"General Economics, Econometrics and Finance","Economics, Econometrics and Finance",1.0,3,1,E
1774,2765029640,ESIC MARKET Economic and Business Journal,0212-1867,,,,,178,550,ESIC Market,['BUSINESS'],,,34,Economics and Econometrics,"Economics, Econometrics and Finance",0.5051546391752577,1,1,A
1775,168680943,Annals of economics and finance,1529-7373,Annals of the Economics and Finance,['3502' '3801'],,,178,1671,Annals of Economics and Finance,['ECONOMICS'],Annals of Economics and Finance,['2000'],43,Economics and Econometrics,"Economics, Econometrics and Finance",1.0,4,1,E
1776,4210195752,The Journal of Investment Strategies,2047-1238,The Journal of Investment Strategies,['3502'],,,178,799,Journal of Investment Strategies,"['BUSINESS, FINANCE']",Journal of Investment Strategies,['2000' '1400'],94,Finance,"Economics, Econometrics and Finance",0.8947368421052632,3,3,A
1777,4210231756,Informacijos mokslai,1392-0561,,,,,178,331,,,Informacijos Mokslai,['1400'],12,Economics and Econometrics,"Economics, Econometrics and Finance",0.4897959183673469,1,1,A
1778,4306528663,Rivista internazionale di scienze sociali,0035-676X,,,,,176,215,,,Rivista Internazionale di Scienze Sociali,['2000'],23,Economics and Econometrics,"Economics, Econometrics and Finance",1.0,2,0,E
1779,4210227866,International Journal of Banking and Finance,1675-722X,International Journal of Banking and Finance,['3502'],,,176,1300,,,,,53,Accounting,"Business, Management and Accounting",1.0,0,2,B
1780,4210209416,Green Finance,2643-1092,,,,,176,2655,Green Finance,"['BUSINESS, FINANCE']",Green Finance,['2000'],64,Economics and Econometrics,"Economics, Econometrics and Finance",1.0,3,1,E
1781,121483264,JASSA.,0313-5934,JASSA,['3501' '3502'],,,175,401,,,JASSA,['2000'],24,Finance,"Economics, Econometrics and Finance",1.0,2,2,A
1782,181517389,Spanish Economic Review,1435-5469,Spanish Economic Review,['3801' '3802' '3803'],,,175,3260,,,Spanish Economic Review,['2000'],33,"General Economics, Econometrics and Finance","Economics, Econometrics and Finance",1.0,5,0,E
1783,2737963727,Indonesian Capital Market Review,1979-8997,,,,,175,561,Indonesian Capital Market Review,['ECONOMICS'],,,45,Accounting,"Business, Management and Accounting",1.0,1,1,A
1784,2764519517,Bestuursdinamika,1019-567X,Management Dynamics,['3505' '3507'],,,174,2236,,,,,23,Organizational Behavior and Human Resource Management,"Business, Management and Accounting",1.0,0,3,B
1785,4210211077,Digital Finance,2524-6186,,,,,173,1230,,,Digital Finance,['2000'],62,Information Systems,Computer Science,0.5544554455445545,1,0,X
1786,4210177744,puntOorg International Journal,2499-1333,,,,,172,194,,,PuntOorg International Journal,['1400'],23,Organizational Behavior and Human Resource Management,"Business, Management and Accounting",0.5686274509803921,0,2,B
1787,48312676,MIS Quarterly Executive,1540-1960,,,MIS Quarterly Executive,"MIS,KM",172,6044,MIS Quarterly Executive,['MANAGEMENT'],MIS Quarterly Executive,['2000'],30,Management Information Systems,"Business, Management and Accounting",0.7236842105263158,1,3,B
1788,2738808782,European Journal of Government and Economics,2254-7088,,,,,172,767,,,European Journal of Government and Economics,['2000'],33,Economics and Econometrics,"Economics, Econometrics and Finance",0.9024390243902439,2,0,E
1789,4210206337,Journal of Accounting Business and Management (JABM),0216-423X,"Journal of Accounting, Business and Management",['3501'],,,172,426,,,,,25,Accounting,"Business, Management and Accounting",1.0,0,2,B
1790,90027464,Journal of Time Series Econometrics,1941-1928,Journal of Time Series Econometrics,['3802'],,,171,1117,,,Journal of Time Series Econometrics,['2000'],84,"General Economics, Econometrics and Finance","Economics, Econometrics and Finance",0.9221789883268483,3,0,E
1791,4210224398,International Hospitality Review,2516-8142,International Hospitality Review,['3504'],,,171,2346,,,,,47,Sociology and Political Science,Social Sciences,0.5225806451612903,0,1,X
1792,191007255,International Review of Environmental and Resource Economics,1931-1465,,,,,170,5273,International Review of Environmental and Resource Economics,['ECONOMICS'],International Review of Environmental and Resource Economics,['2000' '1400'],53,Economics and Econometrics,"Economics, Econometrics and Finance",0.8466666666666667,3,1,E
1793,4210207284,JWEE,1821-1283,,,,,170,651,,,Journal of Women's Entrepreneurship and Education,['1400'],82,Management of Technology and Innovation,"Business, Management and Accounting",1.0,0,2,B
1794,73693242,Research Journal of Business Management,1819-1932,,,,,170,2523,,,Research Journal of Business Management,['1400'],20,Organizational Behavior and Human Resource Management,"Business, Management and Accounting",1.0,0,2,B
1795,4306533858,Universidad y Sociedad,,,,,,170,84,,,Universidad y Sociedad,['2000' '1400'],32,Economics and Econometrics,"Economics, Econometrics and Finance",0.6386554621848739,2,1,E
1796,131077017,International Journal of Behavioural Accounting and Finance,1753-1969,International Journal of Behavioural Accounting and Finance,['3501' '3502'],,,169,599,,,,,49,Finance,"Economics, Econometrics and Finance",0.9032258064516129,1,2,B
1797,4210186323,International journal of production management and engineering,2340-4876,,,,,169,1387,,,International Journal of Production Management and Engineering,['1400'],43,Management Information Systems,"Business, Management and Accounting",0.5167785234899329,0,2,B
1798,4210237991,International Journal of Electronic Banking,1753-5239,International Journal of Electronic Banking,['3502'],,,169,955,,,,,45,Management Information Systems,"Business, Management and Accounting",0.7555555555555555,0,2,B
1799,4387279745,Bankers Markets & Investors,2101-9304,"Bankers, Markets & Investors",['3502'],,,169,90,,,,,32,Finance,"Economics, Econometrics and Finance",1.0,1,1,A
1800,4210237103,Indonesian Management and Accounting Research,1411-8858,Indonesian Management and Accounting Research,['3501'],,,168,443,,,,,31,Accounting,"Business, Management and Accounting",1.0,0,2,B
1801,2764345595,Management Research and Practice,2067-2462,,,,,168,1656,Management Research and Practice,['MANAGEMENT'],,,18,Management Information Systems,"Business, Management and Accounting",0.8360655737704918,0,2,B
1802,2764470529,Journal of Insurance Issues,,,,,,168,819,Journal of Insurance Issues,"['BUSINESS, FINANCE']",,,105,Economics and Econometrics,"Economics, Econometrics and Finance",0.8356807511737089,2,1,E
1803,4210235745,Istanbul Business Research,2630-5488,,,,,167,481,Istanbul Business Research,"['BUSINESS, FINANCE']",,,11,Economics and Econometrics,"Economics, Econometrics and Finance",0.625,2,1,E
1804,4210226497,Critical Finance Review,2164-5744,Critical Finance Review,['3502'],Critical Finance Review,F&A,167,5129,Critical Finance Review,"['BUSINESS, FINANCE']",Critical Finance Review,['2000'],70,Finance,"Economics, Econometrics and Finance",1.0,4,2,E
1805,2898418539,International Journal of Innovation Studies,2096-2487,,,,,167,4347,International Journal of Innovation Studies,['MANAGEMENT'],International Journal of Innovation Studies,['1400'],43,Strategy and Management,"Business, Management and Accounting",1.0,0,3,B
1806,4210214729,Economic Trends and Economic Policy,1330-187X,,,,,167,321,,,Privredna Kretanja i Ekonomska Politika,['2000' '1400'],54,Economics and Econometrics,"Economics, Econometrics and Finance",0.9010989010989011,2,1,E
1807,4306521912,Pakistan journal of applied economics,0254-9204,Pakistan Journal of Applied Economics,['3801'],,,167,597,,,,,27,Economics and Econometrics,"Economics, Econometrics and Finance",0.8623853211009175,2,0,E
1808,4210213268,The Journal of Financial Market Infrastructures,2049-5404,,,,,167,800,Journal of Financial Market Infrastructures,"['BUSINESS, FINANCE']",,,93,Finance,"Economics, Econometrics and Finance",1.0,2,1,E
1809,4210207244,WPOM - Working Papers on Operations Management,1989-9068,,,,,165,881,WPOM-Working Papers on Operations Management,['BUSINESS'],,,24,Economics and Econometrics,"Economics, Econometrics and Finance",0.6326530612244898,1,1,A
1810,4210198827,Change Management An International Journal,2327-798X,Change Management,['3507'],,,165,152,,,Change Management,['1400'],9,Management of Technology and Innovation,"Business, Management and Accounting",0.8378378378378378,0,3,B
1811,148936004,The International Journal of Digital Accounting Research,1577-8517,The International Journal of Digital Accounting Research,['3501'],,,165,3609,,,International Journal of Digital Accounting Research,['2000' '1400'],37,Management Information Systems,"Business, Management and Accounting",0.6915887850467289,1,3,B
1812,4210188189,Journal of Entrpreneurial and Organizational Diversity,2281-8642,,,,,165,793,,,Journal of Entrepreneurial and Organizational Diversity,['2000' '1400'],54,Strategy and Management,"Business, Management and Accounting",0.8878504672897196,1,2,B
1813,2764680446,Risk and Decision Analysis,1569-7371,,,,,165,715,,,Risk and Decision Analysis,['2000'],49,Finance,"Economics, Econometrics and Finance",0.86,2,0,E
1814,4210220799,Business and Management Horizons,2326-0297,Business and Management Horizons,['3507'],,,164,610,,,,,14,Accounting,"Business, Management and Accounting",0.4528301886792453,0,2,B
1815,4210188424,PSU Research Review,2398-4007,,,,,163,4000,,,PSU Research Review,['2000' '1400'],19,Accounting,"Business, Management and Accounting",0.8266666666666667,1,2,B
1816,4210179870,Financial and Economic Review,2415-9271,,,,,162,464,,,Financial and Economic Review,['2000' '1400'],25,Finance,"Economics, Econometrics and Finance",0.7857142857142857,2,1,E
1817,4210219378,Journal of Financial Reporting,2380-2146,Journal of Financial Reporting,['3501'],Journal of Financial Reporting,F&A,162,1608,Journal of Financial Reporting,"['BUSINESS, FINANCE']",,,92,Accounting,"Business, Management and Accounting",0.9723502304147466,2,3,B
1818,4210196589,History of Retailing and Consumption,2373-5171,,,,,162,437,,,History of Retailing and Consumption,['2000' '1400'],52,Economics and Econometrics,"Economics, Econometrics and Finance",0.5378787878787878,2,1,E
1819,4210172917,International Review of Business Research Papers,1832-9543,International Review of Business Research Papers,['3501' '3502'],,,162,1496,,,,,24,Accounting,"Business, Management and Accounting",1.0,0,3,B
1820,76900604,International Journal of Strategic Change Management,1740-2859,International Journal of Strategic Change Management,['3503' '3507'],,,161,1036,,,International Journal of Strategic Change Management,['1400'],48,Strategy and Management,"Business, Management and Accounting",1.0,0,4,B
1821,4210226428,Journal of Evolutionary Studies in Business-JESB,2385-7137,,,,,161,493,,,Journal of Evolutionary Studies in Business,['1400'],42,Organizational Behavior and Human Resource Management,"Business, Management and Accounting",1.0,0,2,B
1822,4210219657,American Review of Political Economy,1551-1383,American Review of Political Economy,['3899'],,,160,480,,,,,37,Economics and Econometrics,"Economics, Econometrics and Finance",0.75,2,0,E
1823,4387279325,Management & Sustainability An Arab Review,2752-9819,,,,,160,882,,,Management and Sustainability,['1400'],43,Marketing,"Business, Management and Accounting",0.8425925925925926,0,2,B
1824,2764828350,Australasian journal of regional studies,1324-0935,,,,,160,1162,,,Australasian Journal of Regional Studies,['2000'],36,General Agricultural and Biological Sciences,Agricultural and Biological Sciences,0.5405405405405406,1,0,X
1825,63515265,Logistics Research,1865-035X,Logistics Research,['3509'],,,159,5154,,,Logistics Research,['1400'],39,Management Information Systems,"Business, Management and Accounting",0.8111888111888111,0,3,B
1826,74137692,International Journal of Technoentrepreneurship,1746-5370,International Journal of Technoentrepreneurship,['3503' '3507'],,,158,605,,,International Journal of Technoentrepreneurship,['2000' '1400'],47,Management of Technology and Innovation,"Business, Management and Accounting",0.8938053097345132,1,4,B
1827,4210195480,Virtual Economics,2657-4047,,,,,158,2927,,,Virtual Economics,['2000' '1400'],51,"Management, Monitoring, Policy and Law",Environmental Science,0.5693430656934306,1,1,A
1828,4210184829,Central Bank Review,1303-0701,Central Bank Review,['3502' '3801'],,,158,2145,Central Bank Review,['ECONOMICS'],Central Bank Review,['2000'],68,"General Economics, Econometrics and Finance","Economics, Econometrics and Finance",1.0,4,1,E
1829,4210219827,Food Economics - Acta Agriculturae Scandinavica Section C,1650-7541,Acta Agriculturae Scandinavica Section C: Food Economics,['3801'],,,157,1908,,,,,37,Economics and Econometrics,"Economics, Econometrics and Finance",0.6029411764705882,2,0,E
1830,2764368009,Regional Science Inquiry,1791-5961,,,,,157,425,,,Regional Science Inquiry,['2000'],19,Economics and Econometrics,"Economics, Econometrics and Finance",0.7761194029850746,2,0,E
1831,4210198095,Review of Evolutionary Political Economy,2662-6136,,,,,157,1026,,,Review of Evolutionary Political Economy,['2000'],39,"General Economics, Econometrics and Finance","Economics, Econometrics and Finance",0.7972972972972973,2,0,E
1832,4306508248,Documenti geografici,,,,,,156,75,,,Documenti Geografici,['2000'],59,Economics and Econometrics,"Economics, Econometrics and Finance",0.44808743169398907,2,0,E
1833,160761372,International Journal of IT Standards and Standardization Research,1539-3054,,,,,156,1149,,,International Journal of IT Standards and Standardization Research,['1400'],52,Strategy and Management,"Business, Management and Accounting",0.5952380952380952,0,2,B
1834,2764867013,International Journal of Supply Chain Management,2050-7399,,,,,156,902,,,International Journal of Supply Chain Management,['1400'],43,Management Information Systems,"Business, Management and Accounting",1.0,0,2,B
1835,4210173803,TRANSNATIONAL MARKETING JOURNAL,2041-4684,,,,,155,534,,,Transnational Marketing Journal,['1400'],29,Economics and Econometrics,"Economics, Econometrics and Finance",0.6116504854368932,1,1,A
1836,4210217054,China Accounting and Finance Review,1029-807X,China Accounting and Finance Review,['3501'],,,155,709,,,China Accounting and Finance Review,['2000' '1400'],101,Accounting,"Business, Management and Accounting",1.0,1,3,B
1837,4210191533,Customer Needs and Solutions,2196-291X,Customer Needs and Solutions,['3506'],,,155,2035,,,,,57,Marketing,"Business, Management and Accounting",0.8775510204081632,0,2,B
1838,2738725880,Revista de Economía del Rosario,0123-5362,,,,,155,540,,,Revista de Economia del Rosario,['2000'],19,"General Economics, Econometrics and Finance","Economics, Econometrics and Finance",0.8108108108108109,2,0,E
1839,4210206678,Journal of Forensic Accounting Research,2380-2138,,,,,155,456,,,Journal of Forensic Accounting Research,['1400'],55,Accounting,"Business, Management and Accounting",0.4928571428571429,0,2,B
1840,4210201520,The Japanese Political Economy,2329-194X,The Japanese Political Economy,['3801' '3899' '3803'],,,154,507,Japanese Political Economy,['ECONOMICS'],Japanese Political Economy,['2000'],43,"General Economics, Econometrics and Finance","Economics, Econometrics and Finance",0.5555555555555556,6,0,E
1841,4394735610,ABAC Journal,2730-3543,,,,,154,213,,,ABAC Journal,['2000' '1400'],13,Sociology and Political Science,Social Sciences,0.5471698113207547,1,1,A
1842,2898431940,The Journal of Finance and Data Science,2405-9188,,,,,154,4090,Journal of Finance and Data Science,"['ECONOMICS' 'BUSINESS, FINANCE']",Journal of Finance and Data Science,['2000' '1400'],50,Finance,"Economics, Econometrics and Finance",0.7365269461077845,3,2,E
1843,4210171981,BRICS Journal of Economics,2712-7508,,,,,154,420,,,BRICS Journal of Economics,['2000'],26,"General Economics, Econometrics and Finance","Economics, Econometrics and Finance",0.8202247191011236,2,0,E
1844,4220651888,The Journal of Beta Investment Strategies,2771-6511,,,,,154,101,,,Journal of Beta Investment Strategies,['2000' '1400'],54,Finance,"Economics, Econometrics and Finance",1.0,2,1,E
1845,185653637,Journal of agricultural and resource economics,1068-5502,Journal of Agricultural and Resource Economics,['3801' '3899'],,,154,2306,JOURNAL OF AGRICULTURAL AND RESOURCE ECONOMICS,['ECONOMICS'],Journal of Agricultural and Resource Economics,['2000'],59,Economics and Econometrics,"Economics, Econometrics and Finance",0.6011904761904762,5,0,E
1846,2738087221,Triple Helix Journal,2197-1927,,,,,154,2105,Triple Helix,['MANAGEMENT'],Triple Helix,['2000' '1400'],88,Management of Technology and Innovation,"Business, Management and Accounting",0.8875502008032129,1,3,B
1847,69604123,Review of Marketing Science,1546-5616,Review of Marketing Science,['3506'],,,153,1101,,,Review of Marketing Science,['1400'],61,Marketing,"Business, Management and Accounting",0.782608695652174,0,3,B
1848,4210233850,Journal of Data Information and Management,2524-6356,,,,,153,1580,,,"Journal of Data, Information and Management",['1400'],16,Management Information Systems,"Business, Management and Accounting",0.6666666666666666,0,2,B
1849,4210236543,REVISTA BRASILEIRA DE ALTERNATIVE DISPUTE RESOLUTION,2596-3201,,,,,153,152,,,Revista Brasileira de Alternative Dispute Resolution,['1400'],53,Strategy and Management,"Business, Management and Accounting",0.7532467532467533,0,2,B
1850,2764696955,Issues in Social and Environmental Accounting,1978-0591,Issues in Social and Environmental Accounting,['3501'],,,152,1697,,,,,58,Strategy and Management,"Business, Management and Accounting",1.0,0,2,B
1851,4210219734,National Accounting Review,2689-3010,,,,,152,793,National Accounting Review,"['ECONOMICS' 'BUSINESS, FINANCE']",National Accounting Review,['2000'],20,Economics and Econometrics,"Economics, Econometrics and Finance",1.0,3,1,E
1852,2737251658,Latin American Economic Review,2196-436X,,,,,151,1983,,,Latin American Economic Review,['2000'],18,Sociology and Political Science,Social Sciences,0.75,1,0,X
1853,2764549467,Engineering Management Research,1927-7318,Engineering Management Research,['3507'],,,150,747,,,,,14,Management Information Systems,"Business, Management and Accounting",0.4318181818181818,0,2,B
1854,4210190792,South Asian Journal of Macroeconomics and Public Finance,2277-9787,South Asian Journal of Macroeconomics and Public Finance,['3801'],,,150,748,South Asian Journal of Macroeconomics and Public Finance,['ECONOMICS'],South Asian Journal of Macroeconomics and Public Finance,['2000'],57,"General Economics, Econometrics and Finance","Economics, Econometrics and Finance",1.0,4,0,E
1855,4306525181,Quarterly journal of business and economics,0747-5535,Quarterly Journal of Business and Economics,['3801' '3802' '3803'],,,150,2902,,,,,71,Accounting,"Business, Management and Accounting",1.0,3,1,E
1856,4210175344,Eurasian Journal of Business and Economics,1694-5948,,,,,149,1787,,,Eurasian Journal of Business and Economics,['2000'],22,Economics and Econometrics,"Economics, Econometrics and Finance",1.0,2,0,E
1857,69065261,International Journal of Inventory Research,1746-6962,International Journal of Inventory Research,['3509'],,,148,422,,,,,105,Management Information Systems,"Business, Management and Accounting",1.0,0,2,B
1858,2764417826,The international journal of business and finance research,1931-0269,The International Journal of Business and Finance Research,['3501' '3502'],,,148,863,,,,,58,Accounting,"Business, Management and Accounting",1.0,0,3,B
1859,2764354898,Journal of Comparative International Management,1481-0468,Journal of Comparative International Management,['3505' '3507'],,,148,656,,,,,19,Strategy and Management,"Business, Management and Accounting",1.0,0,3,B
1860,4210240690,Journal of Asian Business and Economic Studies,2515-964X,,,,,147,2862,Journal of Asian Business and Economic Studies,['ECONOMICS' 'BUSINESS'],Journal of Asian Business and Economic Studies,['2000' '1400'],29,Accounting,"Business, Management and Accounting",1.0,2,3,B
1861,4387287911,Green and Low-Carbon Economy,2972-3787,,,,,147,881,,,Green and Low-Carbon Economy,['2000'],30,Economics and Econometrics,"Economics, Econometrics and Finance",0.6288659793814433,2,0,E
1862,4306526010,Review of Business,,Review of Business,['3502' '3507'],,,146,1758,Review of Business,['BUSINESS'],,,7,Economics and Econometrics,"Economics, Econometrics and Finance",0.7666666666666667,1,3,B
1863,4210187992,Public Governance Administration and Finances Law Review,2498-6275,,,,,146,128,,,"Public Governance, Administration and Finances Law Review",['2000'],20,Economics and Econometrics,"Economics, Econometrics and Finance",0.46987951807228917,2,0,E
1864,4210189494,Applied Finance Letters,2253-5799,Applied Finance Letters,['3502'],,,145,355,,,,,49,Economics and Econometrics,"Economics, Econometrics and Finance",1.0,1,1,A
1865,159798607,Journal of Business Valuation and Economic Loss Analysis,1932-9156,,,,,145,646,,,Journal of Business Valuation and Economic Loss Analysis,['2000' '1400'],57,Strategy and Management,"Business, Management and Accounting",1.0,1,2,B
1866,4387281549,International Studies of Economics,2831-3224,,,,,145,196,International Studies of Economics,['ECONOMICS'],International Studies of Economics,['2000'],18,Economics and Econometrics,"Economics, Econometrics and Finance",1.0,3,0,E
1867,4210179226,European Journal of Business Science and Technology,2336-6494,,,,,142,526,,,European Journal of Business Science and Technology,['2000' '1400'],14,Accounting,"Business, Management and Accounting",0.8392857142857143,1,2,B
1868,2736363726,Moneta e credito,0026-9611,,,,,141,151,,,Moneta e Credito,['2000'],53,Economics and Econometrics,"Economics, Econometrics and Finance",0.8320610687022901,2,0,E
1869,4210180908,Financial Internet Quarterly,2719-3454,,,,,141,450,Financial Internet Quarterly,"['ECONOMICS' 'BUSINESS, FINANCE']",,,22,Accounting,"Business, Management and Accounting",1.0,1,2,B
1870,4210225511,Business Informatics,1998-0663,,,,,140,980,Biznes Informatika-Business Informatics,['BUSINESS'],,,45,Management of Technology and Innovation,"Business, Management and Accounting",0.5047619047619047,0,2,B
1871,55985146,International Journal of Services Sciences,1753-1446,International Journal of Services Sciences,['3507' '3509'],,,139,10050,,,,,25,Marketing,"Business, Management and Accounting",0.7011494252873564,0,3,B
1872,35796699,Kredit und Kapital,0023-4591,Kredit und Kapital,['3502' '3801'],,,139,261,,,,,30,Finance,"Economics, Econometrics and Finance",1.0,2,1,E
1873,4210191098,Dynamic Relationships Management Journal,2232-5867,,,,,139,378,,,Dynamic Relationships Management Journal,['2000' '1400'],13,"Management, Monitoring, Policy and Law",Environmental Science,0.7111111111111111,1,1,A
1874,4210190158,Journal of Economic Policy Researches / İktisat Politikası Araştırmaları Dergisi,2148-3876,,,,,138,310,Journal of Economic Policy Researches-Iktisat Politikasi Arastirmalari Dergisi,"['ECONOMICS' 'BUSINESS, FINANCE']",,,18,Economics and Econometrics,"Economics, Econometrics and Finance",1.0,2,1,E
1875,4210168891,International Journal of Supply Chain and Operations Resilience,2052-868X,International Journal of Supply Chain and Operations Resilience,['3507' '3509'],,,138,360,,,,,52,Management Information Systems,"Business, Management and Accounting",0.9171974522292994,0,3,B
1876,2734559656,Journal of Financial Regulation,2053-4833,,,,,138,2298,,,Journal of Financial Regulation,['2000'],55,Finance,"Economics, Econometrics and Finance",1.0,2,0,E
1877,73660788,International Journal of Strategic Business Alliances,1756-6444,International Journal of Strategic Business Alliances,['3503' '3507'],,,137,637,,,,,54,Strategy and Management,"Business, Management and Accounting",1.0,0,3,B
1878,4387283367,International Journal of Economics and Management,1823-836X,,,,,137,672,,,International Journal of Economics and Management,['2000' '1400'],22,Accounting,"Business, Management and Accounting",0.7014925373134329,1,2,B
1879,4210224663,"Analele ştiinţifice ale Universităţii ""Al.I. Cuza"" din Iaşi. Ştiinţe economice",0379-7864,,,,,136,669,,,Analele Stiintifice ale Universitatii Al I Cuza din Iasi - Sectiunea Stiinte Economice,['2000' '1400'],17,"General Economics, Econometrics and Finance","Economics, Econometrics and Finance",1.0,2,1,E
1880,2764798183,South African Actuarial Journal,1680-2179,South African Actuarial Journal,['3502'],,,135,364,South African Actuarial Journal,"['BUSINESS, FINANCE']",,,41,Economics and Econometrics,"Economics, Econometrics and Finance",0.5666666666666667,2,2,A
1881,2738088027,Pakistan journal of commerce and social sciences,1997-8553,,,,,134,231,,,Pakistan Journal of Commerce and Social Sciences,['2000' '1400'],16,Marketing,"Business, Management and Accounting",0.782608695652174,1,2,B
1882,2737496885,Journal of Management and Business Administration Central Europe,2450-7814,,,,,134,1076,,,Journal of Management and Business Administration. Central Europe,['1400'],24,Strategy and Management,"Business, Management and Accounting",1.0,0,2,B
1883,2764478856,Journal of finance and investment analysis,2241-0988,Journal of Finance and Investment Analysis,['3502'],,,132,379,,,,,30,Finance,"Economics, Econometrics and Finance",1.0,1,1,A
1884,2764922153,Central European Journal of Economic Modelling and Econometrics,2080-0886,Central European Journal of Economic Modelling and Econometrics,['3801' '3802' '3803'],,,132,441,Central European Journal of Economic Modelling and Econometrics,['ECONOMICS'],Central European Journal of Economic Modelling and Econometrics,['2000'],40,"General Economics, Econometrics and Finance","Economics, Econometrics and Finance",1.0,6,0,E
1885,4210191152,Journal of Political Institutions and Political Economy,2689-4815,,,,,132,536,,,Journal of Political Institutions and Political Economy,['2000'],23,Political Science and International Relations,Social Sciences,0.4339622641509434,1,0,X
1886,4210229362,Seoul Journal of Business,1226-9816,Seoul Journal of Business,['3507'],,,132,852,,,,,30,Accounting,"Business, Management and Accounting",1.0,0,2,B
1887,4387291481,Human Resources Management and Services,2661-4308,,,,,132,163,,,Human Resources Management and Services,['1400'],12,Organizational Behavior and Human Resource Management,"Business, Management and Accounting",0.6888888888888889,0,2,B
1888,2764620090,The entrepreneurial executive,1087-8955,,,,,131,868,,,Entrepreneurial Executive,['2000' '1400'],30,Management of Technology and Innovation,"Business, Management and Accounting",0.8870967741935484,1,2,B
1889,4210238878,Journal of Government and Economics,2667-3193,,,,,131,836,,,Journal of Government and Economics,['2000'],34,Economics and Econometrics,"Economics, Econometrics and Finance",0.7283950617283951,2,0,E
1890,4210214325,Journal of Global Economic Analysis,2377-2999,,,,,131,2413,Journal of Global Economic Analysis,['ECONOMICS'],Journal of Global Economic Analysis,['2000'],35,"General Economics, Econometrics and Finance","Economics, Econometrics and Finance",0.8404255319148937,3,0,E
1891,2764455783,Journal of Customer Service in Marketing & Management,1069-2533,,,,,130,327,,,Journal of Customer Service in Marketing and Management,['1400'],70,Organizational Behavior and Human Resource Management,"Business, Management and Accounting",0.8848920863309353,0,2,B
1892,83383069,International Journal of Quality and Innovation,1756-6975,International Journal of Quality and Innovation,['3507'],,,129,462,,,,,38,Management Information Systems,"Business, Management and Accounting",1.0,0,2,B
1893,2764691195,Journal of Accounting and Management Information Systems,1583-4387,Journal of Accounting and Management Information Systems,['3501'],,,129,1317,,,,,46,Accounting,"Business, Management and Accounting",0.8807339449541285,0,2,B
1894,154432073,Foundations and Trends® in Technology Information and Operations Management,1571-9545,"Foundations and Trends in Technology, Information and Operations Management",['3509'],,,128,1366,,,,,27,Management Information Systems,"Business, Management and Accounting",1.0,0,2,B
1895,4210198154,Algorithmic Finance,2157-6203,,,,,128,472,Algorithmic Finance,"['BUSINESS, FINANCE']",Algorithmic Finance,['2000'],50,Finance,"Economics, Econometrics and Finance",0.8263473053892215,3,1,E
1896,4210174932,Statistika Statistics and Economy Journal,0322-788X,,,,,126,159,Statistika-Statistics and Economy Journal,['ECONOMICS'],Statistika,['2000'],14,Demography,Social Sciences,0.7142857142857143,2,0,E
1897,4210185081,Revista de Economia Mackenzie,1678-5002,Revista de Economia Mackenzie,['3801' '3802' '3803'],,,126,93,,,,,33,"General Economics, Econometrics and Finance","Economics, Econometrics and Finance",0.5,4,0,E
1898,2764825173,Northwestern journal of international law & business,0196-3228,,,,,126,508,,,Northwestern Journal of International Law and Business,['1400'],17,Political Science and International Relations,Social Sciences,0.559322033898305,0,1,X
1899,4210197808,Journal of Design Business & Society,2055-2106,,,,,125,440,,,"Journal of Design, Business and Society",['1400'],39,Mechanical Engineering,Engineering,0.4117647058823529,0,1,X
1900,73201759,Foundations and Trends® in Entrepreneurship,1551-3114,Foundations and Trends in Entrepreneurship,['3507'],,,125,4657,Foundations and Trends in Entrepreneurship,['BUSINESS'],Foundations and Trends in Entrepreneurship,['2000' '1400'],69,Management of Technology and Innovation,"Business, Management and Accounting",1.0,1,4,B
1901,4210239805,Cuadernos de Administración,1900-7205,,,,,124,522,,,Cuadernos de Administracion,['2000' '1400'],25,Economics and Econometrics,"Economics, Econometrics and Finance",0.7258064516129032,2,1,E
1902,2911234051,The Irish Journal of Management,1649-248X,Irish Journal of Management,['3505' '3507'],,,123,757,Irish Journal of Management,['MANAGEMENT'],,,22,Management of Technology and Innovation,"Business, Management and Accounting",0.8115942028985508,0,4,B
1903,4210199374,Revista Electrónica de Comunicaciones y Trabajos de ASEPUMA,1575-605X,,,,,122,90,,,Recta,['2000'],19,Accounting,"Business, Management and Accounting",0.8478260869565217,1,1,A
1904,4210215428,Italian Journal of Marketing,2662-3323,,,,,122,1359,,,Italian Journal of Marketing,['1400'],43,Sociology and Political Science,Social Sciences,0.6993006993006993,0,1,X
1905,4210169571,Организационная психология,2312-5942,,,,,122,200,,,Organizatsionnaya Psikhologiya,['1400'],17,Organizational Behavior and Human Resource Management,"Business, Management and Accounting",0.7021276595744681,0,2,B
1906,2764844241,Advances in competitiveness research,1077-0097,Advances in Competitiveness Research,['3505' '3507'],,,121,1332,,,,,16,Strategy and Management,"Business, Management and Accounting",1.0,0,3,B
1907,4210180503,Journal für Betriebswirtschaft,0344-9327,,,,,121,3408,,,Journal fur Betriebswirtschaft,['1400'],26,Museology,Arts and Humanities,0.7111111111111111,0,1,X
1908,4306525641,Region et Developpement,,,,,,120,547,Region et Developpement,['ECONOMICS'],,,28,Economics and Econometrics,"Economics, Econometrics and Finance",0.8469387755102041,2,0,E
1909,2736872555,Croatian Economic Survey,1330-4860,,,,,120,610,Croatian Economic Survey,['ECONOMICS'],Croatian Economic Survey,['2000'],18,Finance,"Economics, Econometrics and Finance",0.8181818181818182,3,0,E
1910,4210199421,Journal of CENTRUM Cathedra (JCC) The Business and Economics Research Journal,1851-6599,Journal of Centrum Cathedra,['35' '38'],,,118,517,,,,,17,Management Science and Operations Research,Decision Sciences,0.7166666666666667,1,1,A
1911,4210168022,Journal of Enterprise Transformation,1948-8289,,,,,118,1345,,,Journal of Enterprise Transformation,['1400'],35,Strategy and Management,"Business, Management and Accounting",0.9056603773584906,0,2,B
1912,122019505,The African finance journal,1605-9786,,,,,118,847,,,African Finance Journal,['2000'],28,Information Systems,Computer Science,0.7454545454545455,1,0,X
1913,4210207338,Neuro-Fuzzy Modeling Techniques in Economics,2306-3289,,,,,116,152,,,Neuro-Fuzzy Modeling Techniques in Economics,['2000'],11,Management Science and Operations Research,Decision Sciences,0.5918367346938775,1,0,X
1914,4210176281,Technology Transfer and Entrepreneurship,2213-8099,Technology Transfer and Entrepreneurship,['3507'],,,115,74,,,,,18,"Public Health, Environmental and Occupational Health",Medicine,0.5384615384615384,0,1,X
1915,4210231521,Data Science in Finance and Economics,2769-2140,,,,,114,666,Data Science in Finance and Economics,"['ECONOMICS' 'BUSINESS, FINANCE']",Data Science in Finance and Economics,['2000'],36,Management Science and Operations Research,Decision Sciences,0.7142857142857143,2,1,E
1916,82313154,Topics in Economic Analysis & Policy,1538-0653,,,,,114,2427,,,Topics in Economic Analysis and Policy,['2000'],16,Economics and Econometrics,"Economics, Econometrics and Finance",0.7966101694915254,2,0,E
1917,2764472725,International journal of management and business research,2228-7019,,,,,114,788,,,International Journal of Management and Business Research,['1400'],15,Organizational Behavior and Human Resource Management,"Business, Management and Accounting",0.7894736842105263,0,2,B
1918,2764635209,Southern business review,0884-1373,Southern Business Review,['3507'],,,114,769,,,,,7,Management of Technology and Innovation,"Business, Management and Accounting",0.8148148148148148,0,2,B
1919,4210193175,Knowledge and Performance Management,2543-5507,,,,,113,461,,,Knowledge and Performance Management,['1400'],16,"General Economics, Econometrics and Finance","Economics, Econometrics and Finance",0.41935483870967744,1,1,A
1920,4210226684,International Journal of Economics and Finance Studies,1309-8055,,,,,113,678,,,International Journal of Economics and Finance Studies,['2000'],12,Economics and Econometrics,"Economics, Econometrics and Finance",1.0,2,0,E
1921,2764469874,Journal of Ambulatory Care Marketing,0886-9723,,,,,113,236,,,Journal of Ambulatory Care Marketing,['1400'],14,Economics and Econometrics,"Economics, Econometrics and Finance",0.5,1,1,A
1922,37435690,Capitalism and Society,1932-0213,,,,,112,671,,,Capitalism and Society,['2000'],21,Economics and Econometrics,"Economics, Econometrics and Finance",1.0,2,0,E
1923,4210200021,World Journal of Management,1836-070X,World Journal of Management,['3507'],,,112,384,,,,,12,Organizational Behavior and Human Resource Management,"Business, Management and Accounting",0.6190476190476191,0,2,B
1924,192259762,Topics in Macroeconomics,1534-5998,,,,,111,2925,,,Topics in Macroeconomics,['2000'],42,Economics and Econometrics,"Economics, Econometrics and Finance",1.0,2,0,E
1925,4210192699,Asia-Pacific Journal of Accounting,1029-3574,,,,,110,991,,,Asia-Pacific Journal of Accounting,['2000' '1400'],47,Accounting,"Business, Management and Accounting",1.0,1,2,B
1926,9551102,International journal of central banking,1815-4654,International Journal of Central Banking,['3502' '3801' '3803'],International Journal of Central Banking,Economics,110,1943,International Journal of Central Banking,"['BUSINESS, FINANCE']",International Journal of Central Banking,['2000'],57,"General Economics, Econometrics and Finance","Economics, Econometrics and Finance",1.0,6,2,E
1927,4210179423,RAN Revistas Academia y Negocios,0719-6245,,,,,110,183,,,Revista Academia and Negocios,['1400'],32,Economics and Econometrics,"Economics, Econometrics and Finance",0.7391304347826086,1,1,A
1928,192376792,Contributions in Economic Analysis & Policy,1538-0645,,,,,109,3593,,,Contributions to Economic Analysis and Policy,['2000'],12,Economics and Econometrics,"Economics, Econometrics and Finance",0.7777777777777778,2,0,E
1929,2898448967,Review of Development Finance,1879-9337,Review of Development Finance,['3502'],,,109,6335,Review of Development Finance,"['BUSINESS, FINANCE']",Review of Development Finance,['2000'],31,Accounting,"Business, Management and Accounting",0.8449612403100775,2,3,B
1930,4210211088,Journal of Business and Socio-economic Development,2635-1374,,,,,109,1997,,,Journal of Business and Socio-economic Development,['1400'],17,Economics and Econometrics,"Economics, Econometrics and Finance",1.0,1,1,A
1931,4210216314,Journal of Strategic Contracting and Negotiation,2055-5636,Journal of Strategic Contracting and Negotiation,['3507'],,,109,724,,,,,30,Strategy and Management,"Business, Management and Accounting",0.8640776699029126,0,2,B
1932,68463970,Journal of Business Cycle Research,2509-7962,,,,,109,610,,,Journal of Business Cycle Research,['2000' '1400'],80,"General Economics, Econometrics and Finance","Economics, Econometrics and Finance",1.0,2,1,E
1933,4220650898,Sustainable Technology and Entrepreneurship,2773-0328,,,,,108,2422,,,Sustainable Technology and Entrepreneurship,['2000'],21,Business and International Management,"Business, Management and Accounting",1.0,1,1,A
1934,19770063,Review of Economics and Institutions,2038-1379,"Review of Economics and Institutions: Economia, Societa E Istituzioni",['3801'],,,107,2796,,,,,22,Economics and Econometrics,"Economics, Econometrics and Finance",1.0,2,0,E
1935,4210223722,Journal of Capital Markets Studies,2514-4774,,,,,107,930,,,Journal of Capital Markets Studies,['2000'],33,Finance,"Economics, Econometrics and Finance",1.0,2,0,E
1936,4210203057,China Economic Quarterly International,2666-9331,,,,,106,864,China Economic Quarterly International,['ECONOMICS'],China Economic Quarterly International,['2000'],14,Economics and Econometrics,"Economics, Econometrics and Finance",1.0,3,0,E
1937,4210219052,Journal of Financial Management Markets and Institutions,2282-717X,"Journal of Financial Management, Markets and Institutions",['3502'],,,106,399,,,"Journal of Financial Management, Markets and Institutions",['2000'],31,Finance,"Economics, Econometrics and Finance",1.0,2,1,E
1938,2764937106,IZA Journal of European Labor Studies,2193-9012,,,,,105,2794,,,IZA Journal of European Labor Studies,['2000' '1400'],57,Economics and Econometrics,"Economics, Econometrics and Finance",0.47651006711409394,2,1,E
1939,4210204090,Cleaner Production Letters,2666-7916,,,,,105,1091,,,Cleaner Production Letters,['1400'],26,Strategy and Management,"Business, Management and Accounting",0.7848101265822784,0,2,B
1940,188194957,International Journal of Maritime Economics,1388-1973,,,,,102,3039,,,International Journal of Maritime Economics,['2000'],60,Industrial and Manufacturing Engineering,Engineering,0.46923076923076923,1,0,X
1941,4210211241,Business Management and Economics Engineering,2669-2481,,,,,102,569,Business Management and Economics Engineering,['ECONOMICS' 'MANAGEMENT' 'BUSINESS'],"Business, Management and Economics Engineering",['2000' '1400'],10,"Management, Monitoring, Policy and Law",Environmental Science,0.7368421052631579,2,2,A
1942,2764419056,Journal of global business and technology,1553-5495,,,,,101,880,,,Journal of Global Business and Technology,['1400'],8,Information Systems and Management,Decision Sciences,0.7777777777777778,0,1,X
1943,4404669160,Development and sustainability in economics and finance.,2950-5240,,,,,101,213,,,Development and Sustainability in Economics and Finance,['2000'],34,Economics and Econometrics,"Economics, Econometrics and Finance",0.8795180722891566,2,0,E
1944,4210224827,International Journal of Public Policy and Administration Research,2312-6515,,,,,101,360,,,International Journal of Public Policy and Administration Research,['2000' '1400'],8,Accounting,"Business, Management and Accounting",0.6923076923076923,1,2,B
1945,4210199069,Insurance Markets and Companies,2522-9591,,,,,100,469,,,Insurance Markets and Companies,['2000' '1400'],57,Economics and Econometrics,"Economics, Econometrics and Finance",0.5089285714285714,2,1,E
1946,4210202938,Modern Supply Chain Research and Applications,2631-3871,Modern Supply Chain Research and Applications,['3509'],,,100,1679,,,Modern Supply Chain Research and Applications,['1400'],52,Strategy and Management,"Business, Management and Accounting",0.9242424242424242,0,3,B
1947,4393918960,European Journal of Management Studies,2183-4172,,,,,98,609,,,European Journal of Management Studies,['1400'],12,Strategy and Management,"Business, Management and Accounting",0.8163265306122449,0,2,B
1948,4210198794,Asia and the Global Economy,2667-1115,,,,,98,379,Asia and the Global Economy,['ECONOMICS'],Asia and the Global Economy,['2000'],24,"General Economics, Econometrics and Finance","Economics, Econometrics and Finance",1.0,3,0,E
1949,4210175461,Global Review of Accounting and Finance,1838-1413,Global Review of Accounting and Finance,['3501' '3502'],,,97,328,,,,,22,Accounting,"Business, Management and Accounting",1.0,0,3,B
1950,4210176215,Case Studies in Business and Management,2333-3324,Case Studies in Business and Management,['3507'],,,97,140,,,,,6,Accounting,"Business, Management and Accounting",1.0,0,2,B
1951,4210199953,American International Journal of Contemporary Research,2162-139X,American International Journal of Contemporary Research,['3507'],,,97,1173,,,,,3,Management of Technology and Innovation,"Business, Management and Accounting",0.5833333333333334,0,2,B
1952,4387280895,Journal of Central Banking Law and Institutions,2809-9885,,,,,96,182,,,Journal of Central Banking Law and Institutions,['2000'],19,Accounting,"Business, Management and Accounting",0.49333333333333335,1,1,A
1953,4210215409,Asia Pacific Journal of Advanced Business and Social Studies,2205-6033,Asia Pacific Journal of Advanced Business and Social Studies,['3503' '3507'],,,94,201,,,,,6,"Management, Monitoring, Policy and Law",Environmental Science,0.7,0,2,B
1954,4210235391,Journal of Participation and Employee Ownership,2514-7641,,,,,94,498,,,Journal of Participation and Employee Ownership,['2000' '1400'],42,Strategy and Management,"Business, Management and Accounting",0.768,1,2,B
1955,2764773250,Romanian Journal of Regional Science,1843-8520,,,,,94,359,,,Romanian Journal of Regional Science,['2000'],30,Political Science and International Relations,Social Sciences,0.5454545454545454,1,0,X
1956,179535303,OECD Journal Journal of Business Cycle Measurement and Analysis,1995-2880,,,,,94,570,,,OECD Journal: Journal of Business Cycle Measurement and Analysis,['1400'],48,"General Economics, Econometrics and Finance","Economics, Econometrics and Finance",1.0,1,1,A
1957,4210172931,Journal of Governmental & Nonprofit Accounting,2155-3815,,,,,94,605,,,Journal of Governmental and Nonprofit Accounting,['1400'],24,Accounting,"Business, Management and Accounting",0.6027397260273972,0,2,B
1958,4210177942,IZA Journal of Labor & Development,2193-9020,,,,,93,2519,,,IZA Journal of Labor and Development,['2000' '1400'],37,Economics and Econometrics,"Economics, Econometrics and Finance",0.45081967213114754,2,1,E
1959,4210228474,International Journal of Business and Economic Studies,2718-0247,,,,,92,169,,,International Journal of Business and Economic Studies,['2000' '1400'],13,Economics and Econometrics,"Economics, Econometrics and Finance",1.0,2,1,E
1960,4210225012,Journal of Entrepreneurship and Business Innovation,2332-8851,Journal of entrepreneurship and business innovation,['3507'],,,92,418,,,,,23,Management of Technology and Innovation,"Business, Management and Accounting",1.0,0,2,B
1961,4210201828,International Journal of Small Business and Entrepreneurship Research,2053-5821,International Journal of Small Business and Entrepreneurship Research,['3503' '3507'],,,92,185,,,,,20,Management of Technology and Innovation,"Business, Management and Accounting",0.8035714285714286,0,3,B
1962,4210191200,Applied Economic Analysis,2632-7627,,,,,92,930,Applied Economic Analysis,['ECONOMICS'],Applied Economic Analysis,['2000'],18,Economics and Econometrics,"Economics, Econometrics and Finance",0.8333333333333334,3,0,E
1963,4210197107,Knowledge Management An International Journal,2327-7998,,,,,91,155,,,Knowledge Management,['1400'],17,Communication,Social Sciences,0.43333333333333335,0,1,X
1964,2764581894,Southern African Journal of Accountability and Auditing Research,1028-9011,Southern African Journal of Accountability and Auditing Research,['3501'],,,91,271,Southern African Journal of Accountability and Auditing Research-SAJAAR,"['BUSINESS, FINANCE']",,,26,Accounting,"Business, Management and Accounting",0.813953488372093,1,3,B
1965,4404676715,经济学报.,2095-7254,,,,,90,66,,,China Journal of Economics,['2000'],20,Accounting,"Business, Management and Accounting",1.0,1,1,A
1966,4387997814,Journal of Accounting Ethics & Public Policy,1089-652X,,,,,90,241,,,"Journal of Accounting, Ethics and Public Policy",['1400'],9,Accounting,"Business, Management and Accounting",0.7692307692307693,0,2,B
1967,4210208962,AIS Educator Journal,1935-8156,AIS Educator Journal,['3501'],,,90,370,,,,,58,Accounting,"Business, Management and Accounting",0.8705035971223022,0,2,B
1968,4210237766,Technological Sustainability,2754-1312,,,,,89,807,,,Technological Sustainability,['1400'],16,Strategy and Management,"Business, Management and Accounting",0.7543859649122807,0,2,B
1969,41123332,Journal of Knowledge-based Innovation in China,1756-1418,Journal of Knowledge-Based Innovation in China,['3507'],,,88,804,,,,,30,Strategy and Management,"Business, Management and Accounting",0.8690476190476191,0,2,B
1970,4387281381,Frontiers in Environmental Economics,2813-2823,,,,,88,249,,,Frontiers in Environmental Economics,['2000'],21,Economics and Econometrics,"Economics, Econometrics and Finance",0.8596491228070176,2,0,E
1971,4404676694,Gnlu Journal Of Law And Economics.,2582-2667,,,,,85,10,,,GNLU Journal of Law and Economics,['2000'],13,Economics and Econometrics,"Economics, Econometrics and Finance",0.8378378378378378,2,0,E
1972,4387278420,African Multidisciplinary Tax Journal,2709-8575,,,,,84,29,,,African Multidisciplinary Tax Journal (AMTJ),['1400'],47,Economics and Econometrics,"Economics, Econometrics and Finance",0.9565217391304348,1,1,A
1973,2764902226,American Journal of Economics,2166-4951,American Journal of Economics,['3502' '3801'],,,83,1687,,,,,11,Information Systems and Management,Decision Sciences,0.7555555555555555,1,1,A
1974,4210227337,Strategic Management Review,2688-2612,,,,,83,874,,,Strategic Management Review,['1400'],24,Strategy and Management,"Business, Management and Accounting",1.0,0,2,B
1975,4210212085,Global Business & Economics Anthology,1553-1392,Global Business and Economics Anthology,['3502' '3507'],,,83,59,,,,,9,Economics and Econometrics,"Economics, Econometrics and Finance",1.0,1,2,B
1976,4387284621,Fintech,2955-8506,,,,,82,16,,,FinTech,['2000'],29,Management Information Systems,"Business, Management and Accounting",0.8225806451612904,1,1,A
1977,92800377,OECD Journal Economic Studies,1995-2848,,,,,82,3437,,,OECD Journal: Economic Studies,['2000'],19,Economics and Econometrics,"Economics, Econometrics and Finance",1.0,2,0,E
1978,4210235420,Review of Corporate Finance,2693-9312,,,,,81,902,,,Review of Corporate Finance,['2000' '1400'],20,Accounting,"Business, Management and Accounting",1.0,1,2,B
1979,4404674962,Bank i Kredyt.,0137-5520,,,,,80,35,,,Bank i Kredyt,['2000'],18,Finance,"Economics, Econometrics and Finance",1.0,2,0,E
1980,2765061345,Journal of economic cooperation and development,1308-7800,,,,,80,1091,,,Journal of Economic Cooperation and Development,['2000' '1400'],24,Accounting,"Business, Management and Accounting",1.0,1,2,B
1981,4210192427,The Electronic Journal of Business Research Methods,1477-7029,Electronic Journal of Business Research Methods,['3507'],,,77,2861,,,Electronic Journal of Business Research Methods,['1400'],7,Management Information Systems,"Business, Management and Accounting",0.42857142857142855,0,3,B
1982,4210217165,Journal of Sustainable Marketing,2766-0117,,,,,77,274,,,Journal of Sustainable Marketing,['1400'],45,Marketing,"Business, Management and Accounting",0.8869565217391304,0,2,B
1983,4210235882,ZFW – Advances in Economic Geography,2748-1956,,,,,76,566,ZFW-Advances in Economic Geography,['ECONOMICS'],ZFW - Advances in Economic Geography,['2000'],13,Economics and Econometrics,"Economics, Econometrics and Finance",0.8372093023255814,3,0,E
1984,4306515390,Journal of Business Models,2246-2465,Journal of Business Models,['3503' '3507'],,,76,201,,,Journal of Business Models,['1400'],20,Marketing,"Business, Management and Accounting",1.0,0,4,B
1985,4210235754,Frontiers of Mathematical Finance,2769-6715,,,,,75,155,,,Frontiers of Mathematical Finance,['2000'],53,Finance,"Economics, Econometrics and Finance",0.8833333333333333,2,0,E
1986,98018944,Journal of business market management,1864-0753,Journal of Business Market Management,['3506' '3507'],,,74,1603,,,,,28,Organizational Behavior and Human Resource Management,"Business, Management and Accounting",0.9047619047619048,0,3,B
1987,1008349740,Foundations and Trends® in Accounting,1554-0642,Foundations and Trends in Accounting,['3501'],,,74,2066,,,Foundations and Trends in Accounting,['2000' '1400'],28,Accounting,"Business, Management and Accounting",1.0,1,3,B
1988,82207992,International Commerce Review,1864-5739,,,,,74,494,,,International Commerce Review,['2000' '1400'],4,Marketing,"Business, Management and Accounting",0.7894736842105263,1,2,B
1989,4306513120,Indian Journal of Economics & Business,0972-5784,Indian Journal of Economics and Business,['3801' '3802' '3803'],,,73,503,,,Indian Journal of Economics and Business,['2000' '1400'],11,Finance,"Economics, Econometrics and Finance",1.0,5,1,E
1990,4210172557,Journal of Business and Economic Studies,1063-343X,Journal of Business and Economic Studies,['3801' '3802' '3803'],,,73,420,,,,,5,Accounting,"Business, Management and Accounting",1.0,3,1,E
1991,2737226017,Aestimatio The IEB International Journal of Finance,2173-0164,Aestimatio: the IEB International Journal of Finance,['3502'],,,72,414,,,,,8,Accounting,"Business, Management and Accounting",1.0,0,2,B
1992,4210228768,PharmacoEconomics German Research Articles,1612-3727,,,,,72,187,,,PharmacoEconomics - German Research Articles,['2000'],27,Economics and Econometrics,"Economics, Econometrics and Finance",0.5571428571428572,2,0,E
1993,43156200,Review,0014-9187,Review of the Federal Reserve Bank of St. Louis,['3502' '3801'],,,72,1098,FEDERAL RESERVE BANK OF ST LOUIS REVIEW,"['ECONOMICS' 'BUSINESS, FINANCE']",Federal Reserve Bank of St. Louis Review,['1400'],23,"General Economics, Econometrics and Finance","Economics, Econometrics and Finance",1.0,3,3,A
1994,4210204738,Journal of Marketing Behavior,2326-568X,Journal of Marketing Behavior,['3506'],,,72,568,,,,,17,General Decision Sciences,Decision Sciences,0.5806451612903226,0,1,X
1995,4210226681,Revista RIVAR,0719-4994,,,,,72,251,,,Revista Iberoamericana de Viticultura Agroindustria y Ruralidad,['2000'],22,"Tourism, Leisure and Hospitality Management","Business, Management and Accounting",0.4827586206896552,1,1,A
1996,4210191553,Journal of Law Finance and Accounting,2380-5005,,,,,70,1198,Journal of Law Finance and Accounting,"['BUSINESS, FINANCE']","Journal of Law, Finance, and Accounting",['2000' '1400'],27,Accounting,"Business, Management and Accounting",1.0,2,3,B
1997,4210232799,International Journal of Development and Conflict,2010-2690,,,,,70,148,,,International Journal of Development and Conflict,['2000'],14,Economics and Econometrics,"Economics, Econometrics and Finance",0.5833333333333334,2,0,E
1998,4306522011,P.A. Persona e Amministrazione,,,,,,70,8,,,P.A. Persona e Amministrazione,['2000'],25,Industrial relations,"Business, Management and Accounting",0.5846153846153846,1,1,A
1999,4387285669,Journal of Climate Finance,2949-7280,,,,,69,689,,,Journal of Climate Finance,['2000'],26,Economics and Econometrics,"Economics, Econometrics and Finance",1.0,2,0,E
2000,4210186880,ACRN Journal of Finance and Risk Perspectives,2305-7394,,,,,69,611,,,ACRN Journal of Finance and Risk Perspectives,['2000' '1400'],12,Finance,"Economics, Econometrics and Finance",1.0,2,1,E
2001,4387285363,Journal of Research Innovation and Technologies (JoRIT),2971-8317,,,,,69,84,,,"Journal of Research, Innovation and Technologies",['1400'],6,Information Systems,Computer Science,0.4,0,1,X
2002,4210213499,BANCO Jurnal Manajemen dan Perbankan Syariah,2684-8643,,,,,69,60,,,Banco,['2000' '1400'],41,Sociology and Political Science,Social Sciences,0.4224137931034483,1,1,A
2003,4210202449,International Journal of Standardization Research,2470-8542,,,,,69,177,,,International Journal of Standardization Research,['1400'],10,Strategy and Management,"Business, Management and Accounting",0.8235294117647058,0,2,B
2004,997943089,Foundations and Trends® in Marketing,1555-0753,Foundations and Trends in Marketing,['3506'],,,68,1912,Foundations and Trends in Marketing,['BUSINESS'],Foundations and Trends in Marketing,['2000' '1400'],16,Marketing,"Business, Management and Accounting",0.7966101694915254,1,4,B
2005,2764351440,Accounting & taxation,1944-592X,Accounting & Taxation,['3501'],,,67,311,,,,,22,Accounting,"Business, Management and Accounting",1.0,0,2,B
2006,4210201278,International Journal of Operations and Quantitative Management,1082-1910,International Journal of Operations and Quantitative Management,['3509'],,,67,211,,,International Journal of Operations and Quantitative Management,['1400'],8,Management Information Systems,"Business, Management and Accounting",0.8076923076923077,0,3,B
2007,5406982871,Financial Planning Research Journal,2206-1355,Financial Planning Research Journal,['3502'],,,67,212,,,,,36,Accounting,"Business, Management and Accounting",0.8947368421052632,0,2,B
2008,4210171719,Market Microstructure and Liquidity,2382-6266,Market Microstructure and Liquidity,['3502'],,,67,857,,,,,44,Finance,"Economics, Econometrics and Finance",1.0,1,1,A
2009,4210170639,Global Economy and Finance Journal,1834-5883,Global Economics and Finance Journal,['3502' '3803'],,,66,212,,,,,12,Accounting,"Business, Management and Accounting",1.0,1,2,B
2010,4390296985,International Tax Studies,2590-1117,,,,,65,225,,,International Tax Studies,['2000'],45,Accounting,"Business, Management and Accounting",0.9107142857142857,1,1,A
2011,2764920710,International journal of management and marketing research,1933-3153,International Journal of Management and Marketing Research,['3506' '3507'],,,64,548,,,,,14,Organizational Behavior and Human Resource Management,"Business, Management and Accounting",0.6346153846153846,0,3,B
2012,4387278734,International Journal of Empirical Economics,2810-9430,,,,,64,149,,,International Journal of Empirical Economics,['2000' '1400'],12,Economics and Econometrics,"Economics, Econometrics and Finance",1.0,2,1,E
2013,4210214019,Journal of Hospitality Application and Research,0973-4538,JOHAR: Journal of Hospitality Application and Research,['3504' '3508'],,,64,146,,,,,24,Sociology and Political Science,Social Sciences,0.4915254237288136,0,2,B
2014,4210235487,Betriebswirtschaftliche Forschung und Praxis,0340-5370,BFuP: Betriebswirtschaftliche Forschung und Praxis,['35'],,,63,82,BETRIEBSWIRTSCHAFTLICHE FORSCHUNG UND PRAXIS,['MANAGEMENT' 'BUSINESS'],Betriebswirtschaftliche Forschung und Praxis,['2000' '1400'],4,Social Psychology,Psychology,0.7142857142857143,1,3,B
2015,127013269,Contributions in Macroeconomics,1534-6005,,,,,63,3442,,,Contributions to Macroeconomics,['2000'],29,"General Economics, Econometrics and Finance","Economics, Econometrics and Finance",1.0,2,0,E
2016,4210231152,International Journal of Economics,2518-8437,International Journal of Economics,['3502'],,,63,80,,,,,11,Economics and Econometrics,"Economics, Econometrics and Finance",0.7297297297297297,1,1,A
2017,199780354,The Business lawyer/The business lawyer,0007-6899,,,,,63,3158,,,Business Lawyer,['1400'],10,Strategy and Management,"Business, Management and Accounting",0.7906976744186046,0,2,B
2018,4210176731,ECORFAN Journal Mexico,2007-3682,,,,,62,38,Revista Ecorfan,['BUSINESS'],,,10,Economics and Econometrics,"Economics, Econometrics and Finance",0.7272727272727273,1,1,A
2019,4210217359,Gurukul Business Review,0973-1466,,,,,62,86,Gurukul Business Review-GBR,['BUSINESS'],,,8,Economics and Econometrics,"Economics, Econometrics and Finance",0.84,1,1,A
2020,4210228977,The Journal of Network Theory in Finance,2055-7795,Journal of Network Theory in Finance,['3502'],,,61,514,,,Journal of Network Theory in Finance,['2000'],35,Economics and Econometrics,"Economics, Econometrics and Finance",0.8152173913043478,2,1,E
2021,4306505893,CESifo forum/The EEAG report on the European economy,1615-245X,,,,,60,88,,,CESifo Forum,['2000'],10,Finance,"Economics, Econometrics and Finance",0.8214285714285714,2,0,E
2022,4210238567,Failure and Lessons Learned in Information Technology Management,1088-128X,,,,,60,201,,,Failure and Lessons Learned in Information Technology Management,['1400'],9,Management Information Systems,"Business, Management and Accounting",0.4838709677419355,0,2,B
2023,2764547682,Journal of Financial Management and Analysis,0970-4205,Journal of Financial Management and Analysis,['3502'],,,58,399,,,,,7,Accounting,"Business, Management and Accounting",1.0,0,2,B
2024,4210228534,Journal of Organisational Studies and Innovation,2056-9122,,,,,57,133,Journal of Organisational Studies and Innovation,['MANAGEMENT'],,,6,Strategy and Management,"Business, Management and Accounting",0.4444444444444444,0,2,B
2025,4393920110,Ekonomia,2964-3503,,,,,56,28,,,Ekonomia,['2000'],13,Demography,Social Sciences,0.5581395348837209,1,0,X
2026,2898591975,The Spanish Review of Financial Economics,2173-1268,,,,,56,738,,,Spanish Review of Financial Economics,['2000'],23,Finance,"Economics, Econometrics and Finance",1.0,2,0,E
2027,4210238259,Accounting and Financial Control,2543-5485,,,,,54,284,,,Accounting and Financial Control,['2000' '1400'],14,"General Economics, Econometrics and Finance","Economics, Econometrics and Finance",0.7884615384615384,2,1,E
2028,2764892055,Seoul Journal of Economics,1225-0279,,,,,54,157,Seoul Journal of Economics,['ECONOMICS'],Seoul Journal of Economics,['2000'],8,"General Economics, Econometrics and Finance","Economics, Econometrics and Finance",1.0,3,0,E
2029,4393918861,Turkish journal of islamic economics,2587-2303,,,,,53,90,Turkish Journal of Islamic Economics-TUJISE,['ECONOMICS'],,,39,Accounting,"Business, Management and Accounting",0.7058823529411765,1,1,A
2030,4387281774,Sports Economics Review,2773-1618,,,,,52,120,,,Sports Economics Review,['2000'],39,Economics and Econometrics,"Economics, Econometrics and Finance",0.4431818181818182,2,0,E
2031,2736367431,Economic thought,2049-3509,,,,,52,133,,,Economic Thought,['2000'],23,Economics and Econometrics,"Economics, Econometrics and Finance",0.8545454545454545,2,0,E
2032,2911964755,Journal of applied finance,1534-6668,"Journal of Applied Finance: theory, practice, education",['3501' '3502'],,,51,743,,,,,14,Accounting,"Business, Management and Accounting",1.0,0,3,B
2033,4210215119,GSTF Journal on Business Review,2010-4804,The GSTF Business Review,['3801'],,,51,215,,,,,5,Accounting,"Business, Management and Accounting",0.8,1,1,A
2034,4210184633,SAM Advanced Management Journal,0749-7075,SAM Advanced Management Journal,['3505' '3507'],,,51,1674,,,,,6,Marketing,"Business, Management and Accounting",0.85,0,3,B
2035,149627586,Foundations and Trends® in Microeconomics,1547-9846,Foundations and Trends in Microeconomics,['3803'],,,50,1877,,,Foundations and Trends in Microeconomics,['2000'],6,Economics and Econometrics,"Economics, Econometrics and Finance",0.8461538461538461,3,0,E
2036,4387285873,Progress in Economic Geography,2949-6942,,,,,49,166,,,Progress in Economic Geography,['2000'],12,Economics and Econometrics,"Economics, Econometrics and Finance",0.7073170731707317,2,0,E
2037,2764721843,"Acta Universitatis Carolinae Oeconomica, Czech Economic Review/Acta Universitatis Carolinae. Oeconomica, Czech Economic Review",1802-4696,,,,,49,246,,,Czech Economic Review,['2000'],12,Economics and Econometrics,"Economics, Econometrics and Finance",0.675,2,0,E
2038,145395354,Ekonomiska samfundets tidskrift,0013-3183,Ekonomiska Samfundets Tidskrift,['3801' '3802' '3803'],,,48,21,,,Ekonomiska Samfundets Tidskrift,['2000'],9,Education,Social Sciences,0.5,4,0,E
2039,4210188556,Revista Gestión de las Personas y Tecnología,0718-5693,,,,,47,71,Revista Gestion de las Personas y Tecnologia,['MANAGEMENT'],,,11,Economics and Econometrics,"Economics, Econometrics and Finance",0.5945945945945946,1,1,A
2040,22496144,Foundations and Trends® in Finance,1567-2395,Foundations and Trends in Finance,['3502'],,,46,2658,,,Foundations and Trends in Finance,['2000'],15,Accounting,"Business, Management and Accounting",1.0,1,2,B
2041,5407045253,International Journal of Islamic Finance and Sustainable Development,3030-6442,,,,,46,24,,,International Journal of Islamic Finance and Sustainable Development,['2000' '1400'],30,Accounting,"Business, Management and Accounting",0.7666666666666667,1,2,B
2042,4210226906,Journal of Industry Studies,1320-6095,,,,,45,2777,,,Journal of Industry Studies,['1400'],12,Strategy and Management,"Business, Management and Accounting",0.8,0,2,B
2043,2764870965,International productivity monitor,1492-9759,,,,,44,320,International Productivity Monitor,['ECONOMICS'],,,30,Economics and Econometrics,"Economics, Econometrics and Finance",1.0,2,0,E
2044,47389216,Economic and social review,0012-9984,Economic and Social Review,['3801' '3802' '3803'],,,44,286,ECONOMIC AND SOCIAL REVIEW,['ECONOMICS'],Economic and Social Review,['2000'],6,Finance,"Economics, Econometrics and Finance",0.6190476190476191,6,0,E
2045,4210200284,The Japanese Accounting Review,2185-4785,,,,,44,238,Japanese Accounting Review,"['BUSINESS, FINANCE']",,,32,Accounting,"Business, Management and Accounting",1.0,1,2,B
2046,4306520819,New York economic review,1090-5693,New York Economic Review,['3801' '3802' '3803'],,,43,61,,,,,13,Economics and Econometrics,"Economics, Econometrics and Finance",0.7878787878787878,4,0,E
2047,4387283844,Journal of Accounting and Finance,2962-9861,Journal of Accounting and Finance,['3501' '3502'],,,41,22,,,,,22,Accounting,"Business, Management and Accounting",0.7636363636363637,0,3,B
2048,4387292993,European Management Studies,2956-7602,,,,,41,27,European Management Studies,['MANAGEMENT'],,,5,"Management, Monitoring, Policy and Law",Environmental Science,0.7222222222222222,0,1,X
2049,145337823,Journal of investment management,1545-9144,Journal of Investment Management,['3502'],,,41,125,Journal of Investment Management,"['BUSINESS, FINANCE']",,,6,Accounting,"Business, Management and Accounting",1.0,1,3,B
2050,7397502,Transformations in business & economics,1648-4460,Transformations in Business and Economics,['35' '38'],,,40,331,Transformations in Business & Economics,['ECONOMICS' 'BUSINESS'],Transformations in Business and Economics,['2000' '1400'],5,Political Science and International Relations,Social Sciences,0.6111111111111112,3,3,A
2051,4851118,Advances in Economic Analysis & Policy,1538-0637,,,,,40,2130,,,Advances in Economic Analysis and Policy,['2000'],10,Economics and Econometrics,"Economics, Econometrics and Finance",1.0,2,0,E
2052,21405911,University of Pennsylvania journal of international economic law,1086-7872,,,,,40,104,,,University of Pennsylvania Journal of International Economic Law,['2000'],6,Strategy and Management,"Business, Management and Accounting",0.6666666666666666,1,1,A
2053,5407051071,International Journal of Management and Business,3032-5099,International Journal of Management and Business,['3507'],,,38,0,,,,,9,Demography,Social Sciences,0.59375,0,1,X
2054,4210239166,Revista Venezolana de Análisis de Coyuntura,1315-3617,Revista Venezolana de Analisis de Coyuntura,['3502' '3801' '3899'],,,38,7,,,,,4,Economics and Econometrics,"Economics, Econometrics and Finance",0.4375,3,1,E
2055,4210189591,Division of Labour & Transaction Costs,0219-8711,Division of Labour and Transaction Costs,['3801' '3802' '3803'],,,38,86,,,,,5,Economics and Econometrics,"Economics, Econometrics and Finance",1.0,4,0,E
2056,2737120582,The Economic Research Guardian,2247-8531,,,,,37,121,,,Economic Research Guardian,['2000'],12,Economics and Econometrics,"Economics, Econometrics and Finance",1.0,2,0,E
2057,105841957,Journal of Industrial Organization Education,1935-5041,,,,,36,191,,,Journal of Industrial Organization Education,['1400'],10,Economics and Econometrics,"Economics, Econometrics and Finance",0.6428571428571429,1,1,A
2058,4389157551,Business Performance Review,3005-6810,,,,,36,48,,,Business Performance Review,['2000' '1400'],8,Accounting,"Business, Management and Accounting",1.0,1,2,B
2059,4210211425,Annals of Corporate Governance,2381-6724,,,,,36,392,Annals of Corporate Governance,['MANAGEMENT'],Annals of Corporate Governance,['2000' '1400'],11,Accounting,"Business, Management and Accounting",1.0,1,3,B
2060,4387284188,Revista Brasileira de Economia de Empresas,1676-8000,Brazilian Journal of Business Economics,['3502' '3801'],,,35,0,,,,,5,Information Systems and Management,Decision Sciences,0.5,1,1,A
2061,935516450,Foundations and Trends® in Econometrics,1551-3076,Foundations and Trends in Econometrics,['3802'],,,34,2717,,,Foundations and Trends in Econometrics,['2000'],9,"General Economics, Econometrics and Finance","Economics, Econometrics and Finance",0.7692307692307693,3,0,E
2062,4404669434,Journal of responsible production and consumption.,2977-0114,,,,,33,51,,,Journal of Responsible Production and Consumption,['1400'],14,Marketing,"Business, Management and Accounting",1.0,0,2,B
2063,4210174125,Global Journal of Economics,2251-3612,Global Journal of Economics,['3502' '3801'],,,33,276,,,,,11,"General Economics, Econometrics and Finance","Economics, Econometrics and Finance",1.0,2,1,E
2064,4306504015,Banking and finance review,1947-6140,,,,,33,165,,,Banking and Finance Review,['2000'],15,Accounting,"Business, Management and Accounting",1.0,1,1,A
2065,4210211100,Global Business Perspectives,2194-0061,Global Business Perspectives,['3507'],,,32,629,,,,,4,Management of Technology and Innovation,"Business, Management and Accounting",0.8421052631578947,0,2,B
2066,4210232125,Enterprise modelling and information systems architectures,1860-6059,Enterprise Modelling and Information Systems Architectures,['3503'],,,31,456,,,,,14,Management Information Systems,"Business, Management and Accounting",0.65,0,2,B
2067,178459989,The American bankruptcy law journal,0027-9048,,,,,30,72,,,American Bankruptcy Law Journal,['1400'],17,Accounting,"Business, Management and Accounting",0.6216216216216216,0,2,B
2068,4306528686,RIVISTA ITALIANA DI RAGIONERIA E DI ECONOMIA AZIENDALE,,,,,,29,4,,,Rivista Italiana di Ragioneria e di Economia Aziendale,['1400'],20,Marketing,"Business, Management and Accounting",0.9473684210526315,0,2,B
2069,4210223181,International Journal of Euro-Mediterranean Studies,1855-3362,,,,,29,212,,,International Journal of Euro-Mediterranean Studies,['2000'],3,Accounting,"Business, Management and Accounting",0.5833333333333334,1,1,A
2070,4210224760,Foundations and Trends® in Information Systems,2331-1231,,,,,29,556,,,Foundations and Trends in Information Systems,['1400'],8,Management Information Systems,"Business, Management and Accounting",0.5789473684210527,0,2,B
2071,115276198,The Journal of Wealth Management,1520-4154,The Journal of Wealth Management,['3501' '3502'],,,27,12,,,Journal of Wealth Management,['2000'],4,Accounting,"Business, Management and Accounting",1.0,1,3,B
2072,2764736659,Journal of Economic and Administrative Sciences,1026-4116,Journal of Economic and Administrative Sciences,['3802'],,,26,338,Journal of Economic and Administrative Sciences,['ECONOMICS'],Journal of Economic and Administrative Sciences,['2000' '1400'],5,Economics and Econometrics,"Economics, Econometrics and Finance",1.0,4,1,E
2073,4387286674,Review of Integrative Business and Economics Research,2304-1013,,,,,26,497,,,Review of Integrative Business and Economics Research,['2000' '1400'],2,Economics and Econometrics,"Economics, Econometrics and Finance",0.8333333333333334,2,1,E
2074,4394736147,International Journal of Banking and Finance,2590-423X,,,,,25,16,,,International Journal of Banking and Finance,['2000'],7,Accounting,"Business, Management and Accounting",0.8421052631578947,1,1,A
2075,4394906821,Journal of Sustainable Finance and Accounting,2950-3701,,,,,25,152,,,Journal of Sustainable Finance and Accounting,['2000' '1400'],5,Economics and Econometrics,"Economics, Econometrics and Finance",1.0,2,1,E
2076,35673783,Topics in Theoretical Economics,1534-598X,,,,,25,223,,,Topics in Theoretical Economics,['2000'],13,Economics and Econometrics,"Economics, Econometrics and Finance",0.4857142857142857,2,0,E
2077,2764754140,Journal of international economic studies,0911-1247,Journal of International Economic Studies,['3801' '3802' '3803'],,,23,23,,,,,3,"General Economics, Econometrics and Finance","Economics, Econometrics and Finance",0.7272727272727273,4,0,E
2078,4306515660,Journal of Information Technology Management,,,,,,22,27,,,Journal of Information Technology Management,['1400'],7,Management Information Systems,"Business, Management and Accounting",0.7391304347826086,0,2,B
2079,5248934,Employee relations law journal,0098-8898,,,,,20,23,,,Employee Relations Law Journal,['1400'],4,Public Administration,Social Sciences,0.45454545454545453,0,1,X
2080,2764821879,Journal of international management studies,1993-1034,Journal of International Management Studies,['3505' '3507'],,,19,602,,,,,3,Marketing,"Business, Management and Accounting",0.8571428571428571,0,3,B
2081,4210181410,Insurance Markets and Companies Analyses and Actuarial Computations,2078-2454,Insurance Markets and Companies: Analyses and Actuarial Computations,['3502'],,,18,51,,,,,6,Economics and Econometrics,"Economics, Econometrics and Finance",0.6666666666666666,1,1,A
2082,4306515597,The journal of global business issues,1931-311X,Journal of Global Business Issues,['3505' '3507'],,,17,295,,,,,2,Political Science and International Relations,Social Sciences,0.5,0,2,B
2083,127741993,The Journal of taxation,0022-4863,,,,,17,3,,,Journal of Taxation,['2000' '1400'],5,Accounting,"Business, Management and Accounting",0.8888888888888888,1,2,B
2084,4210216007,Financial Engineering and the Japanese Markets,1380-2011,,,,,17,202,,,Financial Engineering and the Japanese Markets,['2000'],6,Finance,"Economics, Econometrics and Finance",0.8333333333333334,2,0,E
2085,108716211,Competition policy international,1554-0189,,,,,16,40,,,Competition Policy International,['2000'],4,Economics and Econometrics,"Economics, Econometrics and Finance",0.6470588235294118,2,0,E
2086,110831062,Die Weltwirtschaft,0043-2652,,,,,16,20,,,Weltwirtschaft,['2000' '1400'],10,Economics and Econometrics,"Economics, Econometrics and Finance",0.9047619047619048,2,1,E
2087,5406942086,The IUP Journal of Applied Economics,0972-6861,The IUP Journal of Applied Economics,['3502' '3801'],,,16,2,,,,,2,Economics and Econometrics,"Economics, Econometrics and Finance",0.6,2,1,E
2088,5407047483,Journal of Strategy & Innovation,3050-7901,,,,,15,18,,,Journal of Strategy and Innovation,['1400'],3,Strategy and Management,"Business, Management and Accounting",0.45454545454545453,0,2,B
2089,2738702335,PSL quarterly review,2037-3635,,,,,15,157,PSL Quarterly Review,['ECONOMICS'],PSL Quarterly Review,['2000' '1400'],8,Finance,"Economics, Econometrics and Finance",1.0,3,1,E
2090,2764904267,Tamara Journal for Critical Organization Inquiry,1532-5555,Tamara Journal for Critical Organization Inquiry,['3505' '3507'],,,15,265,,,,,6,Organizational Behavior and Human Resource Management,"Business, Management and Accounting",0.9166666666666666,0,3,B
2091,4210180600,Annamalai International Journal of Business Studies and Research,0975-749X,Annamalai International Journal of Business Studies and Research,['35' '38'],,,15,11,,,,,3,Economics and Econometrics,"Economics, Econometrics and Finance",0.75,2,1,E
2092,2765035179,American health & drug benefits,1942-2962,,,,,15,94,,,American Health and Drug Benefits,['1400'],3,Economics and Econometrics,"Economics, Econometrics and Finance",0.6,1,1,A
2093,5407051391,International Journal of Management Perspectives,1996-7187,International Journal of Management Perspectives,['3505' '3507'],,,14,0,,,,,3,Accounting,"Business, Management and Accounting",0.5833333333333334,0,3,B
2094,123945047,Rotman International Journal of Pension Management,1916-9833,Rotman International Journal of Pension Management,['3502' '3802'],,,14,56,,,,,5,Accounting,"Business, Management and Accounting",0.7777777777777778,1,2,B
2095,4404676770,The Journal of energy and development.,0361-4476,,,,,14,7,,,Journal of Energy and Development,['2000'],8,Economics and Econometrics,"Economics, Econometrics and Finance",0.5416666666666666,2,0,E
2096,2764876032,International Journal of Finance and Accounting,2168-4812,International Journal of Finance and Accounting,['3501' '3502'],,,13,136,,,,,4,Accounting,"Business, Management and Accounting",1.0,0,3,B
2097,58203057,The European journal of comparative economics,1824-2979,,,,,13,68,,,European Journal of Comparative Economics,['2000'],4,Finance,"Economics, Econometrics and Finance",0.8333333333333334,2,0,E
2098,4393915770,Information management,0739-9049,,,,,13,336,,,Information Management,['1400'],4,Management Information Systems,"Business, Management and Accounting",0.8333333333333334,0,2,B
2099,2737986789,Essays in economic and business history,0896-226X,Essays in Economic and Business History,['3505' '3801'],,,13,1,,,,,1,Economics and Econometrics,"Economics, Econometrics and Finance",0.8,2,1,E
2100,5407051845,The Journal of Applied Management Accounting Research,1443-9905,Journal of Applied Management Accounting Research,['3501'],,,12,27,,,,,5,Management Information Systems,"Business, Management and Accounting",0.9090909090909091,0,2,B
2101,5407053031,Pennsylvania Economic Review,3067-8080,Pennsylvania Economic Review,['3801' '3802' '3803'],,,12,0,,,,,2,Finance,"Economics, Econometrics and Finance",0.75,4,0,E
2102,131117787,Review of Finance,1572-3097,Review of Finance,['3501' '3502'],Review of Finance,F&A,11,7,Review of Finance,"['ECONOMICS' 'BUSINESS, FINANCE']",Review of Finance,['2000' '1400'],3,Finance,"Economics, Econometrics and Finance",1.0,4,4,A
2103,4306525827,Research and practice in human resource management,0218-5180,Research and Practice in Human Resource Management,['3505' '3507'],,,10,212,,,Research and Practice in Human Resource Management,['1400'],3,Organizational Behavior and Human Resource Management,"Business, Management and Accounting",0.625,0,4,B
2104,4210183868,International journal of Supply and Operations management,2383-1332,,,,,10,1,,,International Journal of Supply and Operations Management,['1400'],4,Management Information Systems,"Business, Management and Accounting",0.9090909090909091,0,2,B
2105,4306513928,International Journal of Contemporary Economics and Administrative Sciences,,,,,,10,21,International Journal of Contemporary Economics and Administrative Sciences,['ECONOMICS'],,,4,Economics and Econometrics,"Economics, Econometrics and Finance",1.0,2,0,E
2106,5406943506,Bank Parikrama - A Journal of Banking and Finance,1019-7044,Bank Parikrama A Journal of Banking and Finance,['3502'],,,10,0,,,,,5,Accounting,"Business, Management and Accounting",0.8823529411764706,0,2,B
2107,4393913256,Pesquisa e Planejamento Econômico,0100-0551,Pesquisa e Planejamento Economico,['3801' '3802' '3803'],,,9,73,,,,,4,Economics and Econometrics,"Economics, Econometrics and Finance",0.8181818181818182,4,0,E
2108,4306514385,"Iranian Journal of Accounting, Auditing and Finance",,,,,,9,5,,,"Iranian Journal of Accounting, Auditing and Finance",['2000' '1400'],4,Accounting,"Business, Management and Accounting",0.875,1,2,B
2109,4393917278,International papers in political economy,1353-1158,International Papers in Political Economy,['3502' '3801'],,,8,9,,,,,2,"General Economics, Econometrics and Finance","Economics, Econometrics and Finance",0.625,2,1,E
2110,12767827,SCMS Journal of Indian Management,0973-3167,,,,,8,97,,,SCMS Journal of Indian Management,['1400'],2,Applied Psychology,Psychology,0.5,0,1,X
2111,4210228621,Journal of Asia Entrepreneurship and Sustainability,1176-8592,Journal of Asia Entrepreneurship and Sustainability,['35'],,,8,251,,,,,3,Management of Technology and Innovation,"Business, Management and Accounting",0.5555555555555556,0,2,B
2112,72471817,Advances in Macroeconomics,1534-6013,,,,,6,312,,,Advances in Macroeconomics,['2000'],3,"General Economics, Econometrics and Finance","Economics, Econometrics and Finance",0.9,2,0,E
2113,2737709537,GECONTEC,2255-5684,,,,,5,4,Gecontec-Revista Internacional de Gestion del Conocimiento y la Tecnologia,['MANAGEMENT'],,,2,Economics and Econometrics,"Economics, Econometrics and Finance",0.5714285714285714,1,1,A
2114,4210192545,North South Business Review,1991-4938,North South Business Review (NSBR),['3507'],,,2,6,,,,,1,Economics and Econometrics,"Economics, Econometrics and Finance",0.6666666666666666,1,1,A
2115,176695132,International journal of government auditing,0047-0724,International Journal of Government Auditing,['3501'],,,2,2,,,,,1,Accounting,"Business, Management and Accounting",0.6,0,2,B
2116,4210240270,International Journal of Applied Business and Economic Research,0972-7302,International Journal of Applied Business and Economic Research,['35' '38'],,,2,2,,,International Journal of Applied Business and Economic Research,['2000' '1400'],1,Accounting,"Business, Management and Accounting",0.75,2,3,B
2117,946317052,Frontiers of Macroeconomics,1534-6021,,,,,1,325,,,Frontiers of Macroeconomics,['2000'],1,Economics and Econometrics,"Economics, Econometrics and Finance",1.0,2,0,E
2118,4210209714,Accounting Finance & Governance Review,0791-9638,Irish Accounting Review,['3501'],,,1,0,,,,,1,Accounting,"Business, Management and Accounting",1.0,0,2,B
2119,5406955999,Journal for Advancement of Marketing Education,1537-5137,Journal for Advancement of Marketing Education,['3506'],,,1,1,,,Journal for Advancement of Marketing Education,['1400'],1,Information Systems and Management,Decision Sciences,0.6666666666666666,0,2,B
